#1 [2026-09-17 23:52:49.332] [INFO ] [P12236:T12244] [phase=none] [hook=none] diagnostics initialized; module=0x00007FF98E580000 size=0x1782000 log=C:\Users\tuerleprince\xiro-benz\runlogs\velocity_init.log previous=C:\Users\tuerleprince\xiro-benz\runlogs\velocity_init.previous.log dump=C:\Users\tuerleprince\xiro-benz\runlogs\velocity_crash.dmp verbose=true
#2 [2026-09-17 23:52:49.437] [INFO ] [P12236:T12244] [phase=none] [hook=none] crash handlers installed
#3 [2026-09-17 23:52:49.491] [DEBUG] [P12236:T12244] [phase=none] [hook=none] stage: dll attach
#4 [2026-09-17 23:52:49.527] [DEBUG] [P12236:T12244] [phase=none] [hook=none] build: development diagnostics
#5 [2026-09-17 23:52:49.545] [DEBUG] [P12236:T12244] [phase=none] [hook=none] stage: crt done, spawning thread
#6 [2026-09-17 23:52:49.567] [DEBUG] [P12236:T18308] [phase=none] [hook=none] stage: thread start
#7 [2026-09-17 23:52:49.586] [INFO ] [P12236:T18308] [phase=none] [hook=none] crash dumps enabled; path=C:\Users\tuerleprince\xiro-benz\runlogs\velocity_crash.dmp
#8 [2026-09-17 23:52:49.680] [DEBUG] [P12236:T18308] [phase=none] [hook=none] stage: coinit
#9 [2026-09-17 23:52:49.698] [DEBUG] [P12236:T18308] [phase=none] [hook=none] stage: config
#10 [2026-09-17 23:52:49.725] [DEBUG] [P12236:T18308] [phase=none] [hook=none] stage: regions
#11 [2026-09-17 23:52:49.743] [DEBUG] [P12236:T18308] [phase=none] [hook=none] stage: logging
#12 [2026-09-17 23:52:49.875] [DEBUG] [P12236:T18308] [phase=none] [hook=none] stage: integrity
#13 [2026-09-17 23:52:49.896] [DEBUG] [P12236:T18308] [phase=none] [hook=none] [hook] prepare name=dbghelp!MiniDumpWriteDump target=0x00000000800671A0 detour=0x00007FF98F0B0EA0
#14 [2026-09-17 23:52:49.914] [DEBUG] [P12236:T18308] [phase=none] [hook=none] [hook] create begin name=dbghelp!MiniDumpWriteDump target=0x00000000800671A0
#15 [2026-09-17 23:52:49.932] [DEBUG] [P12236:T18308] [phase=none] [hook=none] [hook] enable begin name=dbghelp!MiniDumpWriteDump target=0x00000000800671A0
#16 [2026-09-17 23:52:49.950] [INFO ] [P12236:T18308] [phase=none] [hook=none] [hook] enabled name=dbghelp!MiniDumpWriteDump target=0x00000000800671A0 trampoline=0x000000007FFD0000 original_length=14
#17 [2026-09-17 23:52:49.968] [INFO ] [P12236:T18308] [phase=none] [hook=none] Source 2 fatal minidump path hooked
#18 [2026-09-17 23:52:49.986] [DEBUG] [P12236:T18308] [phase=none] [hook=none] [hook] prepare name=kernel32!TerminateProcess target=0x00007FFA8EA00AA0 detour=0x00007FF98F0B0FE0
#19 [2026-09-17 23:52:50.005] [DEBUG] [P12236:T18308] [phase=none] [hook=none] [hook] create begin name=kernel32!TerminateProcess target=0x00007FFA8EA00AA0
#20 [2026-09-17 23:52:50.024] [DEBUG] [P12236:T18308] [phase=none] [hook=none] [hook] enable begin name=kernel32!TerminateProcess target=0x00007FFA8EA00AA0
#21 [2026-09-17 23:52:50.042] [INFO ] [P12236:T18308] [phase=none] [hook=none] [hook] enabled name=kernel32!TerminateProcess target=0x00007FFA8EA00AA0 trampoline=0x00007FFA8E490000 original_length=14
#22 [2026-09-17 23:52:50.060] [INFO ] [P12236:T18308] [phase=none] [hook=none] forced process termination capture hooked
#23 [2026-09-17 23:52:50.089] [DEBUG] [P12236:T18308] [phase=none] [hook=none] stage: addresses
#24 [2026-09-17 23:52:50.108] [INFO ] [P12236:T18308] [phase=none] [hook=none] [modules] client:              0x7ff991240000
#25 [2026-09-17 23:52:50.125] [INFO ] [P12236:T18308] [phase=none] [hook=none] [modules] engine2:             0x7ffa3ba70000
#26 [2026-09-17 23:52:50.144] [INFO ] [P12236:T18308] [phase=none] [hook=none] [modules] server:              0x7ff994930000
#27 [2026-09-17 23:52:50.162] [INFO ] [P12236:T18308] [phase=none] [hook=none] [modules] scene_system:        0x7ff99ad20000
#28 [2026-09-17 23:52:50.180] [INFO ] [P12236:T18308] [phase=none] [hook=none] [modules] material_system2:    0x7ffa3fcb0000
#29 [2026-09-17 23:52:50.197] [INFO ] [P12236:T18308] [phase=none] [hook=none] [modules] render_system_dx11:  0x7ffa3af50000
#30 [2026-09-17 23:52:50.221] [INFO ] [P12236:T18308] [phase=none] [hook=none] [modules] panorama:            0x7ff9f0bb0000
#31 [2026-09-17 23:52:50.239] [INFO ] [P12236:T18308] [phase=none] [hook=none] [modules] game_overlay:        0x7ffa3fe30000
#32 [2026-09-17 23:52:50.275] [INFO ] [P12236:T18308] [phase=none] [hook=none] [modules] schema_system:       0x7ffa404f0000
#33 [2026-09-17 23:52:50.311] [INFO ] [P12236:T18308] [phase=none] [hook=none] [modules] input_system:        0x7ffa461c0000
#34 [2026-09-17 23:52:50.329] [INFO ] [P12236:T18308] [phase=none] [hook=none] [modules] sound_system:        0x7ffa36200000
#35 [2026-09-17 23:52:50.348] [INFO ] [P12236:T18308] [phase=none] [hook=none] [modules] tier0:               0x7ffa3d5f0000
#36 [2026-09-17 23:52:50.367] [INFO ] [P12236:T18308] [phase=none] [hook=none] [modules] particles:           0x7ff99a500000
#37 [2026-09-17 23:52:50.385] [INFO ] [P12236:T18308] [phase=none] [hook=none] [modules] resource_system:     0x7ffa422d0000
#38 [2026-09-17 23:52:50.403] [INFO ] [P12236:T18308] [phase=none] [hook=none] [modules] localize:            0x7ffa44e10000
#39 [2026-09-17 23:52:50.421] [INFO ] [P12236:T18308] [phase=none] [hook=none] [modules] mesh_system:         0x7ffa39e80000
#40 [2026-09-17 23:52:50.439] [INFO ] [P12236:T18308] [phase=none] [hook=none] [modules] file_system_stdio:   0x7ffa3ea00000
#41 [2026-09-17 23:52:50.457] [INFO ] [P12236:T18308] [phase=none] [hook=none] [modules] vphysics2:           0x7ffa368e0000
#42 [2026-09-17 23:52:50.476] [DEBUG] [P12236:T18308] [phase=none] [hook=none] [pattern] resolve request=client.dll:84C0740C488D0D*????????E8????????
#43 [2026-09-17 23:52:50.498] [DEBUG] [P12236:T18308] [phase=none] [hook=none] [pattern] resolved request=client.dll:84C0740C488D0D*????????E8???????? match=0x00007FF991EFC6AB result=0x00007FF993622610 duration_ms=16
#44 [2026-09-17 23:52:50.517] [DEBUG] [P12236:T18308] [phase=none] [hook=none] [pattern] resolve request=client.dll:488B0D*????????8BFBC1EB0E
#45 [2026-09-17 23:52:50.552] [DEBUG] [P12236:T18308] [phase=none] [hook=none] [pattern] resolved request=client.dll:488B0D*????????8BFBC1EB0E match=0x00007FF991C16838 result=0x00007FF99347FC40 duration_ms=47
#46 [2026-09-17 23:52:50.572] [DEBUG] [P12236:T18308] [phase=none] [hook=none] [pattern] resolve request=client.dll:48391D*????????7504B001
#47 [2026-09-17 23:52:50.603] [DEBUG] [P12236:T18308] [phase=none] [hook=none] [pattern] resolved request=client.dll:48391D*????????7504B001 match=0x00007FF991B6EDA9 result=0x00007FF9935E78D0 duration_ms=31
#48 [2026-09-17 23:52:50.621] [DEBUG] [P12236:T18308] [phase=none] [hook=none] [pattern] resolve request=client.dll:488B05*????????448B4044
#49 [2026-09-17 23:52:50.643] [DEBUG] [P12236:T18308] [phase=none] [hook=none] [pattern] resolved request=client.dll:488B05*????????448B4044 match=0x00007FF9914266B8 result=0x00007FF9932F57C0 duration_ms=16
#50 [2026-09-17 23:52:50.662] [DEBUG] [P12236:T18308] [phase=none] [hook=none] [pattern] resolve request=client.dll:488D0D*????????48C1E006
#51 [2026-09-17 23:52:50.709] [DEBUG] [P12236:T18308] [phase=none] [hook=none] [pattern] resolved request=client.dll:488D0D*????????48C1E006 match=0x00007FF991E06243 result=0x00007FF9936121F0 duration_ms=47
#52 [2026-09-17 23:52:50.728] [DEBUG] [P12236:T18308] [phase=none] [hook=none] [pattern] resolve request=client.dll:488B0D*????????4C897010
#53 [2026-09-17 23:52:50.755] [DEBUG] [P12236:T18308] [phase=none] [hook=none] [pattern] resolved request=client.dll:488B0D*????????4C897010 match=0x00007FF9915E7835 result=0x00007FF99360C6C8 duration_ms=32
#54 [2026-09-17 23:52:50.773] [DEBUG] [P12236:T18308] [phase=none] [hook=none] [pattern] resolve request=scenesystem.dll:488B05*????????48C1E104+8
#55 [2026-09-17 23:52:50.792] [DEBUG] [P12236:T18308] [phase=none] [hook=none] [pattern] resolved request=scenesystem.dll:488B05*????????48C1E104+8 match=0x00007FF99AD7601F result=0x00007FF99B6333E8 duration_ms=16
#56 [2026-09-17 23:52:50.810] [DEBUG] [P12236:T18308] [phase=none] [hook=none] [pattern] resolve request=client.dll:488B35*????????44896C24??
#57 [2026-09-17 23:52:50.846] [DEBUG] [P12236:T18308] [phase=none] [hook=none] [pattern] resolved request=client.dll:488B35*????????44896C24?? match=0x00007FF991C0A942 result=0x00007FF9932E9A78 duration_ms=31
#58 [2026-09-17 23:52:50.864] [DEBUG] [P12236:T18308] [phase=none] [hook=none] [pattern] resolve request=client.dll:488B0D*????????488B01FF50??FFC3~
#59 [2026-09-17 23:52:50.907] [DEBUG] [P12236:T18308] [phase=none] [hook=none] [pattern] resolved request=client.dll:488B0D*????????488B01FF50??FFC3~ match=0x00007FF991BBE4C6 result=0x00007FF9932E9B20 duration_ms=31
#60 [2026-09-17 23:52:50.924] [DEBUG] [P12236:T18308] [phase=none] [hook=none] [pattern] resolve request=client.dll:488B0D*????????488D3452~
#61 [2026-09-17 23:52:50.951] [DEBUG] [P12236:T18308] [phase=none] [hook=none] [pattern] resolved request=client.dll:488B0D*????????488D3452~ match=0x00007FF9915E3ED2 result=0x00007FF9935F45A0 duration_ms=31
#62 [2026-09-17 23:52:50.969] [DEBUG] [P12236:T18308] [phase=none] [hook=none] [pattern] resolve request=client.dll:488B0D*????????418BD6E8????????418B5F
#63 [2026-09-17 23:52:50.991] [DEBUG] [P12236:T18308] [phase=none] [hook=none] [pattern] resolved request=client.dll:488B0D*????????418BD6E8????????418B5F match=0x00007FF99158967B result=0x00007FF9934814B0 duration_ms=31
#64 [2026-09-17 23:52:51.009] [DEBUG] [P12236:T18308] [phase=none] [hook=none] [pattern] resolve request=client.dll:488B0D*????????80A5E7000000EF
#65 [2026-09-17 23:52:51.030] [DEBUG] [P12236:T18308] [phase=none] [hook=none] [pattern] resolved request=client.dll:488B0D*????????80A5E7000000EF match=0x00007FF991423A7A result=0x00007FF993831318 duration_ms=15
#66 [2026-09-17 23:52:51.049] [DEBUG] [P12236:T18308] [phase=none] [hook=none] [pattern] resolve request=client.dll:488B0D*????????EB028BC6
#67 [2026-09-17 23:52:51.070] [DEBUG] [P12236:T18308] [phase=none] [hook=none] [pattern] resolved request=client.dll:488B0D*????????EB028BC6 match=0x00007FF9913B1746 result=0x00007FF9937B7BE0 duration_ms=31
#68 [2026-09-17 23:52:51.089] [DEBUG] [P12236:T18308] [phase=none] [hook=none] [pattern] resolve request=client.dll:488D0D*????????488D8424????????41B801000000
#69 [2026-09-17 23:52:51.122] [DEBUG] [P12236:T18308] [phase=none] [hook=none] [pattern] resolved request=client.dll:488D0D*????????488D8424????????41B801000000 match=0x00007FF991A3CF96 result=0x00007FF9932D7DB8 duration_ms=31
#70 [2026-09-17 23:52:51.141] [DEBUG] [P12236:T18308] [phase=none] [hook=none] [pattern] resolve request=client.dll:488B05*????????4885C07471
#71 [2026-09-17 23:52:51.200] [DEBUG] [P12236:T18308] [phase=none] [hook=none] [pattern] resolved request=client.dll:488B05*????????4885C07471 match=0x00007FF991F37A6B result=0x00007FF99367D0B8 duration_ms=62
#72 [2026-09-17 23:52:51.268] [DEBUG] [P12236:T18308] [phase=none] [hook=none] [pattern] resolve request=client.dll:8B3D*????????488B03488BCB
#73 [2026-09-17 23:52:51.311] [DEBUG] [P12236:T18308] [phase=none] [hook=none] [pattern] resolved request=client.dll:8B3D*????????488B03488BCB match=0x00007FF991A3CF29 result=0x00007FF9932775E8 duration_ms=47
#74 [2026-09-17 23:52:51.347] [DEBUG] [P12236:T18308] [phase=none] [hook=none] [pattern] resolve request=client.dll:4C3905*????????410F94C6
#75 [2026-09-17 23:52:51.390] [DEBUG] [P12236:T18308] [phase=none] [hook=none] [pattern] resolved request=client.dll:4C3905*????????410F94C6 match=0x00007FF991C6A0B2 result=0x00007FF9935FEE90 duration_ms=47
#76 [2026-09-17 23:52:51.445] [DEBUG] [P12236:T18308] [phase=none] [hook=none] [pattern] resolve request=client.dll:488B4338488905*????????4183FC03
#77 [2026-09-17 23:52:51.515] [DEBUG] [P12236:T18308] [phase=none] [hook=none] [pattern] resolved request=client.dll:488B4338488905*????????4183FC03 match=0x00007FF991C741B8 result=0x00007FF9935FEE90 duration_ms=63
#78 [2026-09-17 23:52:51.533] [DEBUG] [P12236:T18308] [phase=none] [hook=none] [pattern] resolve request=client.dll:488B1D*????????488BD34C8B81
#79 [2026-09-17 23:52:51.568] [DEBUG] [P12236:T18308] [phase=none] [hook=none] [pattern] resolved request=client.dll:488B1D*????????488BD34C8B81 match=0x00007FF991A6AC9E result=0x00007FF9935D73B8 duration_ms=47
#80 [2026-09-17 23:52:51.586] [DEBUG] [P12236:T18308] [phase=none] [hook=none] [pattern] resolve request=client.dll:4883EC28488B05????????4885C00F8581
#81 [2026-09-17 23:52:51.636] [DEBUG] [P12236:T18308] [phase=none] [hook=none] [pattern] resolved request=client.dll:4883EC28488B05????????4885C00F8581 match=0x00007FF99235DCF0 result=0x00007FF99235DCF0 duration_ms=47
#82 [2026-09-17 23:52:51.654] [DEBUG] [P12236:T18308] [phase=none] [hook=none] [pattern] resolve request=engine2.dll:486315*????????83FA0A7D61
#83 [2026-09-17 23:52:51.677] [DEBUG] [P12236:T18308] [phase=none] [hook=none] [pattern] resolved request=engine2.dll:486315*????????83FA0A7D61 match=0x00007FFA3BC97F43 result=0x00007FFA3C37F35C duration_ms=32
#84 [2026-09-17 23:52:51.695] [DEBUG] [P12236:T18308] [phase=none] [hook=none] [pattern] resolve request=engine2.dll:488D05*????????0F1004C8
#85 [2026-09-17 23:52:51.715] [DEBUG] [P12236:T18308] [phase=none] [hook=none] [pattern] resolved request=engine2.dll:488D05*????????0F1004C8 match=0x00007FFA3BAE50A8 result=0x00007FFA3C380780 duration_ms=16
#86 [2026-09-17 23:52:51.734] [DEBUG] [P12236:T18308] [phase=none] [hook=none] [pattern] resolve request=client.dll:488B0D*????????33D28B5B38
#87 [2026-09-17 23:52:51.755] [DEBUG] [P12236:T18308] [phase=none] [hook=none] [pattern] resolved request=client.dll:488B0D*????????33D28B5B38 match=0x00007FF991444E9A result=0x00007FF9935F42E8 duration_ms=32
#88 [2026-09-17 23:52:51.843] [DEBUG] [P12236:T18308] [phase=none] [hook=none] stage: systems
#89 [2026-09-17 23:52:51.880] [DEBUG] [P12236:T18308] [phase=none] [hook=none] [pattern] resolve request=tier0.dll:40534883EC3080FA060FB6C241B916
#90 [2026-09-17 23:52:51.899] [DEBUG] [P12236:T18308] [phase=none] [hook=none] [pattern] resolved request=tier0.dll:40534883EC3080FA060FB6C241B916 match=0x00007FFA3D800350 result=0x00007FFA3D800350 duration_ms=15
#91 [2026-09-17 23:52:51.917] [DEBUG] [P12236:T18308] [phase=none] [hook=none] [pattern] resolve request=tier0.dll:405741574883EC384C8B01448BFA498BC0488BF948C1E802
#92 [2026-09-17 23:52:51.936] [DEBUG] [P12236:T18308] [phase=none] [hook=none] [pattern] resolved request=tier0.dll:405741574883EC384C8B01448BFA498BC0488BF948C1E802 match=0x00007FFA3D806730 result=0x00007FFA3D806730 duration_ms=16
#93 [2026-09-17 23:52:51.955] [DEBUG] [P12236:T18308] [phase=none] [hook=none] [pattern] resolve request=materialsystem2.dll:48895C24??48896C24??48897424??48897C24??41564881EC????????488B05????????488BF2
#94 [2026-09-17 23:52:51.972] [DEBUG] [P12236:T18308] [phase=none] [hook=none] [pattern] resolved request=materialsystem2.dll:48895C24??48896C24??48897424??48897C24??41564881EC????????488B05????????488BF2 match=0x00007FFA3FCEAFD0 result=0x00007FFA3FCEAFD0 duration_ms=16
#95 [2026-09-17 23:52:52.371] [INFO ] [P12236:T18308] [phase=none] [hook=none] [model_preview] initialized; waiting for C_CSGO_PreviewPlayer scene
#96 [2026-09-17 23:52:52.390] [DEBUG] [P12236:T18308] [phase=none] [hook=none] stage: econ
#97 [2026-09-17 23:52:52.408] [INFO ] [P12236:T18308] [phase=none] [hook=none] [econ] waiting for item schema
#98 [2026-09-17 23:52:55.329] [DEBUG] [P12236:T18308] [phase=none] [hook=none] stage: hooks
#99 [2026-09-17 23:52:55.349] [DEBUG] [P12236:T18308] [phase=none] [hook=none] [pattern] resolve request=filesystem_stdio.dll:00488907488D05*????????488987E0000000~
#100 [2026-09-17 23:52:55.369] [DEBUG] [P12236:T18308] [phase=none] [hook=none] [pattern] resolved request=filesystem_stdio.dll:00488907488D05*????????488987E0000000~ match=0x00007FFA3EA4BB4C result=0x00007FFA3EA4C160 duration_ms=16
#101 [2026-09-17 23:52:55.387] [DEBUG] [P12236:T18308] [phase=none] [hook=none] [pattern] resolve request=tier0.dll:>E8????????448B55B3
#102 [2026-09-17 23:52:55.407] [DEBUG] [P12236:T18308] [phase=none] [hook=none] [pattern] resolved request=tier0.dll:>E8????????448B55B3 match=0x00007FFA3D71BD38 result=0x00007FFA3D718DE0 duration_ms=15
#103 [2026-09-17 23:52:55.425] [DEBUG] [P12236:T18308] [phase=none] [hook=none] [hook] prepare name=service_read target=0x00007FFA3EA4C160 detour=0x00007FF98E591950
#104 [2026-09-17 23:52:55.444] [DEBUG] [P12236:T18308] [phase=none] [hook=none] [hook] prepare name=log_internal target=0x00007FFA3D718DE0 detour=0x00007FF98E59BEA5
#105 [2026-09-17 23:52:55.462] [DEBUG] [P12236:T18308] [phase=none] [hook=none] [hook] create begin name=service_read target=0x00007FFA3EA4C160
#106 [2026-09-17 23:52:55.480] [DEBUG] [P12236:T18308] [phase=none] [hook=none] [hook] enable begin name=service_read target=0x00007FFA3EA4C160
#107 [2026-09-17 23:52:55.499] [INFO ] [P12236:T18308] [phase=none] [hook=none] [hook] enabled name=service_read target=0x00007FFA3EA4C160 trampoline=0x00007FFA3E9F0000 original_length=14
#108 [2026-09-17 23:52:55.517] [DEBUG] [P12236:T18308] [phase=none] [hook=none] [hook] create begin name=log_internal target=0x00007FFA3D718DE0
#109 [2026-09-17 23:52:55.535] [DEBUG] [P12236:T18308] [phase=none] [hook=none] [hook] enable begin name=log_internal target=0x00007FFA3D718DE0
#110 [2026-09-17 23:52:55.553] [INFO ] [P12236:T18308] [phase=none] [hook=none] [hook] enabled name=log_internal target=0x00007FFA3D718DE0 trampoline=0x00007FFA3D500000 original_length=14
#111 [2026-09-17 23:52:55.572] [DEBUG] [P12236:T18308] [phase=none] [hook=none] [pattern] resolve request=rendersystemdx11.dll:>E8????????4183BDC000000000
#112 [2026-09-17 23:52:55.590] [DEBUG] [P12236:T18308] [phase=none] [hook=none] [pattern] resolved request=rendersystemdx11.dll:>E8????????4183BDC000000000 match=0x00007FFA3AFAC112 result=0x00007FFA3AFAE2D0 duration_ms=16
#113 [2026-09-17 23:52:55.609] [DEBUG] [P12236:T18308] [phase=none] [hook=none] [pattern] resolve request=client.dll:48895C241848896C2420574883EC40488BF9
#114 [2026-09-17 23:52:55.650] [DEBUG] [P12236:T18308] [phase=none] [hook=none] [pattern] resolved request=client.dll:48895C241848896C2420574883EC40488BF9 match=0x00007FF991D69E60 result=0x00007FF991D69E60 duration_ms=47
#115 [2026-09-17 23:52:55.669] [DEBUG] [P12236:T18308] [phase=none] [hook=none] [pattern] resolve request=client.dll:FFFFFFFF488D05*????????48890D????????+28~
#116 [2026-09-17 23:52:55.687] [DEBUG] [P12236:T18308] [phase=none] [hook=none] [pattern] resolved request=client.dll:FFFFFFFF488D05*????????48890D????????+28~ match=0x00007FF99132AF78 result=0x00007FF991D623E0 duration_ms=16
#117 [2026-09-17 23:52:55.706] [DEBUG] [P12236:T18308] [phase=none] [hook=none] [pattern] resolve request=client.dll:FFFFFFFF488D05*????????48890D????????+40~
#118 [2026-09-17 23:52:55.724] [DEBUG] [P12236:T18308] [phase=none] [hook=none] [pattern] resolved request=client.dll:FFFFFFFF488D05*????????48890D????????+40~ match=0x00007FF99132AF78 result=0x00007FF991ED8770 duration_ms=31
#119 [2026-09-17 23:52:55.743] [DEBUG] [P12236:T18308] [phase=none] [hook=none] [pattern] resolve request=client.dll:90200000488D05*????????48890733D2+78~
#120 [2026-09-17 23:52:55.763] [DEBUG] [P12236:T18308] [phase=none] [hook=none] [pattern] resolved request=client.dll:90200000488D05*????????48890733D2+78~ match=0x00007FF991BCDAC3 result=0x00007FF991C04670 duration_ms=16
#121 [2026-09-17 23:52:55.781] [DEBUG] [P12236:T18308] [phase=none] [hook=none] [pattern] resolve request=client.dll:90200000488D05*????????48890733D2+80~
#122 [2026-09-17 23:52:55.802] [DEBUG] [P12236:T18308] [phase=none] [hook=none] [pattern] resolved request=client.dll:90200000488D05*????????48890733D2+80~ match=0x00007FF991BCDAC3 result=0x00007FF991C04FB0 duration_ms=32
#123 [2026-09-17 23:52:55.820] [DEBUG] [P12236:T18308] [phase=none] [hook=none] [pattern] resolve request=client.dll:4C8BDC535556574881ECD8000000488D05????????48C7442448????????
#124 [2026-09-17 23:52:55.845] [DEBUG] [P12236:T18308] [phase=none] [hook=none] [pattern] resolved request=client.dll:4C8BDC535556574881ECD8000000488D05????????48C7442448???????? match=0x00007FF991E09840 result=0x00007FF991E09840 duration_ms=16
#125 [2026-09-17 23:52:55.863] [DEBUG] [P12236:T18308] [phase=none] [hook=none] [pattern] resolve request=scenesystem.dll:4585C90F8E????????4C8BDC
#126 [2026-09-17 23:52:55.882] [DEBUG] [P12236:T18308] [phase=none] [hook=none] [pattern] resolved request=scenesystem.dll:4585C90F8E????????4C8BDC match=0x00007FF99AE70750 result=0x00007FF99AE70750 duration_ms=32
#127 [2026-09-17 23:52:55.901] [DEBUG] [P12236:T18308] [phase=none] [hook=none] [pattern] resolve request=scenesystem.dll:>E8????????440F285C2460
#128 [2026-09-17 23:52:55.921] [DEBUG] [P12236:T18308] [phase=none] [hook=none] [pattern] resolved request=scenesystem.dll:>E8????????440F285C2460 match=0x00007FF99AEBD586 result=0x00007FF99AEB9590 duration_ms=16
#129 [2026-09-17 23:52:55.939] [DEBUG] [P12236:T18308] [phase=none] [hook=none] [pattern] resolve request=scenesystem.dll:488BC4488950??488948??555356574154415541564157488DA8????????4881EC????????0F2970??
#130 [2026-09-17 23:52:55.957] [DEBUG] [P12236:T18308] [phase=none] [hook=none] [pattern] resolved request=scenesystem.dll:488BC4488950??488948??555356574154415541564157488DA8????????4881EC????????0F2970?? match=0x00007FF99AD5B8B0 result=0x00007FF99AD5B8B0 duration_ms=15
#131 [2026-09-17 23:52:55.976] [DEBUG] [P12236:T18308] [phase=none] [hook=none] [pattern] resolve request=scenesystem.dll:488D05*????????488907488B7C2448+8~
#132 [2026-09-17 23:52:55.995] [DEBUG] [P12236:T18308] [phase=none] [hook=none] [pattern] resolved request=scenesystem.dll:488D05*????????488907488B7C2448+8~ match=0x00007FF99AD5A15E result=0x00007FF99AD92720 duration_ms=16
#133 [2026-09-17 23:52:56.014] [DEBUG] [P12236:T18308] [phase=none] [hook=none] [pattern] resolve request=client.dll:0000488BEA488BF9>E8????????4533F684C0
#134 [2026-09-17 23:52:56.068] [DEBUG] [P12236:T18308] [phase=none] [hook=none] [pattern] resolved request=client.dll:0000488BEA488BF9>E8????????4533F684C0 match=0x00007FF991D5DA06 result=0x00007FF991DA4260 duration_ms=62
#135 [2026-09-17 23:52:56.104] [DEBUG] [P12236:T18308] [phase=none] [hook=none] [pattern] resolve request=client.dll:>E8????????F30F10BE????????488BCF
#136 [2026-09-17 23:52:56.169] [DEBUG] [P12236:T18308] [phase=none] [hook=none] [pattern] resolved request=client.dll:>E8????????F30F10BE????????488BCF match=0x00007FF991D5DAC2 result=0x00007FF991DA28B0 duration_ms=63
#137 [2026-09-17 23:52:56.215] [DEBUG] [P12236:T18308] [phase=none] [hook=none] [pattern] resolve request=scenesystem.dll:488D05*????????488907488B7C2448+20~
#138 [2026-09-17 23:52:56.301] [DEBUG] [P12236:T18308] [phase=none] [hook=none] [pattern] resolved request=scenesystem.dll:488D05*????????488907488B7C2448+20~ match=0x00007FF99AD5A15E result=0x00007FF99AD90520 duration_ms=78
#139 [2026-09-17 23:52:56.388] [DEBUG] [P12236:T18308] [phase=none] [hook=none] [pattern] resolve request=client.dll:48895C24184889742420574883EC20488D05????????
#140 [2026-09-17 23:52:56.507] [DEBUG] [P12236:T18308] [phase=none] [hook=none] [pattern] resolved request=client.dll:48895C24184889742420574883EC20488D05???????? match=0x00007FF991720BA0 result=0x00007FF991720BA0 duration_ms=125
#141 [2026-09-17 23:52:56.574] [DEBUG] [P12236:T18308] [phase=none] [hook=none] [pattern] resolve request=client.dll:48895C24??48896C24??48897424??48894C24??5741544155415641574883EC20486302
#142 [2026-09-17 23:52:56.616] [DEBUG] [P12236:T18308] [phase=none] [hook=none] [pattern] resolved request=client.dll:48895C24??48896C24??48897424??48894C24??5741544155415641574883EC20486302 match=0x00007FF9914BEA10 result=0x00007FF9914BEA10 duration_ms=47
#143 [2026-09-17 23:52:56.718] [DEBUG] [P12236:T18308] [phase=none] [hook=none] [pattern] resolve request=client.dll:>E8????????0FB64325
#144 [2026-09-17 23:52:56.791] [DEBUG] [P12236:T18308] [phase=none] [hook=none] [pattern] resolved request=client.dll:>E8????????0FB64325 match=0x00007FF9914451E9 result=0x00007FF9913B1420 duration_ms=78
#145 [2026-09-17 23:52:56.844] [DEBUG] [P12236:T18308] [phase=none] [hook=none] [pattern] resolve request=engine2.dll:>E8????????440F289424
#146 [2026-09-17 23:52:56.882] [DEBUG] [P12236:T18308] [phase=none] [hook=none] [pattern] resolved request=engine2.dll:>E8????????440F289424 match=0x00007FFA3BCB1E5B result=0x00007FFA3BCB6620 duration_ms=47
#147 [2026-09-17 23:52:56.970] [DEBUG] [P12236:T18308] [phase=none] [hook=none] [pattern] resolve request=client.dll:A8000000488D05*????????4C89742420+78~
#148 [2026-09-17 23:52:57.009] [DEBUG] [P12236:T18308] [phase=none] [hook=none] [pattern] resolved request=client.dll:A8000000488D05*????????4C89742420+78~ match=0x00007FF991EC7F78 result=0x00007FF991EF2930 duration_ms=47
#149 [2026-09-17 23:52:57.078] [DEBUG] [P12236:T18308] [phase=none] [hook=none] [pattern] resolve request=client.dll:48895C24??48896C24??48897424??574883EC20488BB9????????488BF1
#150 [2026-09-17 23:52:57.132] [DEBUG] [P12236:T18308] [phase=none] [hook=none] [pattern] resolved request=client.dll:48895C24??48896C24??48897424??574883EC20488BB9????????488BF1 match=0x00007FF991D218E0 result=0x00007FF991D218E0 duration_ms=63
#151 [2026-09-17 23:52:57.168] [DEBUG] [P12236:T18308] [phase=none] [hook=none] [pattern] resolve request=client.dll:488BC453574883EC68488BFA
#152 [2026-09-17 23:52:57.202] [DEBUG] [P12236:T18308] [phase=none] [hook=none] [pattern] resolved request=client.dll:488BC453574883EC68488BFA match=0x00007FF991AF8FC0 result=0x00007FF991AF8FC0 duration_ms=31
#153 [2026-09-17 23:52:57.221] [DEBUG] [P12236:T18308] [phase=none] [hook=none] [pattern] resolve request=client.dll:488BC844887C2430>E8????????84C00F849B000000
#154 [2026-09-17 23:52:57.271] [DEBUG] [P12236:T18308] [phase=none] [hook=none] [pattern] resolved request=client.dll:488BC844887C2430>E8????????84C00F849B000000 match=0x00007FF992085043 result=0x00007FF991A43BF0 duration_ms=62
#155 [2026-09-17 23:52:57.290] [DEBUG] [P12236:T18308] [phase=none] [hook=none] [pattern] resolve request=materialsystem2.dll:48895C24084889742410574883EC30488B5920
#156 [2026-09-17 23:52:57.307] [DEBUG] [P12236:T18308] [phase=none] [hook=none] [pattern] resolved request=materialsystem2.dll:48895C24084889742410574883EC30488B5920 match=0x00007FFA3FCC11F0 result=0x00007FFA3FCC11F0 duration_ms=16
#157 [2026-09-17 23:52:57.325] [DEBUG] [P12236:T18308] [phase=none] [hook=none] [pattern] resolve request=client.dll:48895C241048894C24085556574154415541564157488DAC24B0FCFFFF4881EC500400004C8BE9488B0D????????488B01FF90B8000000488BC8488B10FF5238498BCD8945848BF0E8????????498BCDE8????????
#158 [2026-09-17 23:52:57.363] [DEBUG] [P12236:T18308] [phase=none] [hook=none] [pattern] resolved request=client.dll:48895C241048894C24085556574154415541564157488DAC24B0FCFFFF4881EC500400004C8BE9488B0D????????488B01FF90B8000000488BC8488B10FF5238498BCD8945848BF0E8????????498BCDE8???????? match=0x00007FF991DDD440 result=0x00007FF991DDD440 duration_ms=31
#159 [2026-09-17 23:52:57.381] [DEBUG] [P12236:T18308] [phase=none] [hook=none] [pattern] resolve request=client.dll:40534883EC??488BD983FA??75??
#160 [2026-09-17 23:52:57.403] [DEBUG] [P12236:T18308] [phase=none] [hook=none] [pattern] resolved request=client.dll:40534883EC??488BD983FA??75?? match=0x00007FF991CFEED0 result=0x00007FF991CFEED0 duration_ms=15
#161 [2026-09-17 23:52:57.421] [DEBUG] [P12236:T18308] [phase=none] [hook=none] [pattern] resolve request=client.dll:4055535641564157488DAC24????????4881EC????????F20F1042??
#162 [2026-09-17 23:52:57.448] [DEBUG] [P12236:T18308] [phase=none] [hook=none] [pattern] resolved request=client.dll:4055535641564157488DAC24????????4881EC????????F20F1042?? match=0x00007FF992398870 result=0x00007FF992398870 duration_ms=31
#163 [2026-09-17 23:52:57.465] [DEBUG] [P12236:T18308] [phase=none] [hook=none] [pattern] resolve request=client.dll:48895C24??555657415441554881EC????????4963304D8BE0488BEA488BD985F6
#164 [2026-09-17 23:52:57.499] [DEBUG] [P12236:T18308] [phase=none] [hook=none] [pattern] resolved request=client.dll:48895C24??555657415441554881EC????????4963304D8BE0488BEA488BD985F6 match=0x00007FF991CB1FC0 result=0x00007FF991CB1FC0 duration_ms=31
#165 [2026-09-17 23:52:57.517] [DEBUG] [P12236:T18308] [phase=none] [hook=none] [pattern] resolve request=scenesystem.dll:4585C90F84????????5556574883EC30
#166 [2026-09-17 23:52:57.536] [DEBUG] [P12236:T18308] [phase=none] [hook=none] [pattern] resolved request=scenesystem.dll:4585C90F84????????5556574883EC30 match=0x00007FF99AE07590 result=0x00007FF99AE07590 duration_ms=31
#167 [2026-09-17 23:52:57.555] [DEBUG] [P12236:T18308] [phase=none] [hook=none] [pattern] resolve request=client.dll:40555641564881EC20010000
#168 [2026-09-17 23:52:57.578] [DEBUG] [P12236:T18308] [phase=none] [hook=none] [pattern] resolved request=client.dll:40555641564881EC20010000 match=0x00007FF991B1B770 result=0x00007FF991B1B770 duration_ms=15
#169 [2026-09-17 23:52:57.596] [DEBUG] [P12236:T18308] [phase=none] [hook=none] [pattern] resolve request=client.dll:488D05*????????C6411000+B8~
#170 [2026-09-17 23:52:57.640] [DEBUG] [P12236:T18308] [phase=none] [hook=none] [pattern] resolved request=client.dll:488D05*????????C6411000+B8~ match=0x00007FF991D862DA result=0x00007FF991D934C0 duration_ms=47
#171 [2026-09-17 23:52:57.658] [DEBUG] [P12236:T18308] [phase=none] [hook=none] [pattern] resolve request=client.dll:4883EC??488B0D????????488D15????????4533C94533C0488B01FF50304885C074??488B0D????????488BD04C8B0141FF50404883C4??
#172 [2026-09-17 23:52:57.702] [DEBUG] [P12236:T18308] [phase=none] [hook=none] [pattern] resolved request=client.dll:4883EC??488B0D????????488D15????????4533C94533C0488B01FF50304885C074??488B0D????????488BD04C8B0141FF50404883C4?? match=0x00007FF991D935C0 result=0x00007FF991D935C0 duration_ms=47
#173 [2026-09-17 23:52:57.721] [DEBUG] [P12236:T18308] [phase=none] [hook=none] [pattern] resolve request=client.dll:>E8????????4D8BC58BD3
#174 [2026-09-17 23:52:57.747] [DEBUG] [P12236:T18308] [phase=none] [hook=none] [pattern] resolved request=client.dll:>E8????????4D8BC58BD3 match=0x00007FF991EF18D9 result=0x00007FF991EF4EA0 duration_ms=31
#175 [2026-09-17 23:52:57.766] [DEBUG] [P12236:T18308] [phase=none] [hook=none] [pattern] resolve request=client.dll:CCCC48895C2408574883EC20C6410800488D05*????????488901488BD9+20~
#176 [2026-09-17 23:52:57.796] [DEBUG] [P12236:T18308] [phase=none] [hook=none] [pattern] resolved request=client.dll:CCCC48895C2408574883EC20C6410800488D05*????????488901488BD9+20~ match=0x00007FF991D5849E result=0x00007FF991D78A40 duration_ms=31
#177 [2026-09-17 23:52:57.818] [DEBUG] [P12236:T18308] [phase=none] [hook=none] [pattern] resolve request=client.dll:B001488BD7498BCD>E8????????BAFFFFFFFF
#178 [2026-09-17 23:52:57.842] [DEBUG] [P12236:T18308] [phase=none] [hook=none] [pattern] resolved request=client.dll:B001488BD7498BCD>E8????????BAFFFFFFFF match=0x00007FF99239829F result=0x00007FF9923950C0 duration_ms=16
#179 [2026-09-17 23:52:57.861] [DEBUG] [P12236:T18308] [phase=none] [hook=none] [pattern] resolve request=client.dll:5C24284889442420>E8????????488B5C2460
#180 [2026-09-17 23:52:57.882] [DEBUG] [P12236:T18308] [phase=none] [hook=none] [pattern] resolved request=client.dll:5C24284889442420>E8????????488B5C2460 match=0x00007FF991F0E518 result=0x00007FF991F0E540 duration_ms=32
#181 [2026-09-17 23:52:57.918] [DEBUG] [P12236:T18308] [phase=none] [hook=none] [pattern] resolve request=client.dll:85D20F88????????48894C24??5556
#182 [2026-09-17 23:52:57.995] [DEBUG] [P12236:T18308] [phase=none] [hook=none] [pattern] resolved request=client.dll:85D20F88????????48894C24??5556 match=0x00007FF99239A2F0 result=0x00007FF99239A2F0 duration_ms=78
#183 [2026-09-17 23:52:58.094] [DEBUG] [P12236:T18308] [phase=none] [hook=none] [pattern] resolve request=engine2.dll:40554157488D6C24??4881EC????????4533FF
#184 [2026-09-17 23:52:58.169] [DEBUG] [P12236:T18308] [phase=none] [hook=none] [pattern] resolved request=engine2.dll:40554157488D6C24??4881EC????????4533FF match=0x00007FFA3BB74120 result=0x00007FFA3BB74120 duration_ms=78
#185 [2026-09-17 23:52:58.242] [DEBUG] [P12236:T18308] [phase=none] [hook=none] [hook] prepare name=cmd_interpreter target=0x00007FFA3AFAE2D0 detour=0x00007FF98E582833
#186 [2026-09-17 23:52:58.294] [DEBUG] [P12236:T18308] [phase=none] [hook=none] [hook] create begin name=cmd_interpreter target=0x00007FFA3AFAE2D0
#187 [2026-09-17 23:52:58.347] [DEBUG] [P12236:T18308] [phase=none] [hook=none] [hook] enable begin name=cmd_interpreter target=0x00007FFA3AFAE2D0
#188 [2026-09-17 23:52:58.364] [INFO ] [P12236:T18308] [phase=none] [hook=none] [hook] enabled name=cmd_interpreter target=0x00007FFA3AFAE2D0 trampoline=0x00007FFA3AF40000 original_length=15
#189 [2026-09-17 23:52:58.385] [DEBUG] [P12236:T18308] [phase=none] [hook=none] [hook] prepare name=frame_stage_notify target=0x00007FF991D69E60 detour=0x00007FF98E5856FF
#190 [2026-09-17 23:52:58.404] [DEBUG] [P12236:T18308] [phase=none] [hook=none] [hook] create begin name=frame_stage_notify target=0x00007FF991D69E60
#191 [2026-09-17 23:52:58.424] [DEBUG] [P12236:T18308] [phase=none] [hook=none] [hook] enable begin name=frame_stage_notify target=0x00007FF991D69E60
#192 [2026-09-17 23:52:58.448] [INFO ] [P12236:T18308] [phase=none] [hook=none] [hook] enabled name=frame_stage_notify target=0x00007FF991D69E60 trampoline=0x00007FF98E570000 original_length=15
#193 [2026-09-17 23:52:58.468] [DEBUG] [P12236:T18308] [phase=none] [hook=none] [hook] prepare name=create_move target=0x00007FF991D623E0 detour=0x00007FF98E593BD3
#194 [2026-09-17 23:52:58.487] [DEBUG] [P12236:T18308] [phase=none] [hook=none] [hook] create begin name=create_move target=0x00007FF991D623E0
#195 [2026-09-17 23:52:58.510] [DEBUG] [P12236:T18308] [phase=none] [hook=none] [hook] enable begin name=create_move target=0x00007FF991D623E0
#196 [2026-09-17 23:52:58.529] [INFO ] [P12236:T18308] [phase=none] [hook=none] [hook] enabled name=create_move target=0x00007FF991D623E0 trampoline=0x00007FF98E560000 original_length=15
#197 [2026-09-17 23:52:58.548] [DEBUG] [P12236:T18308] [phase=none] [hook=none] [hook] prepare name=handle_view_angles target=0x00007FF991ED8770 detour=0x00007FF98E5844DA
#198 [2026-09-17 23:52:58.567] [DEBUG] [P12236:T18308] [phase=none] [hook=none] [hook] create begin name=handle_view_angles target=0x00007FF991ED8770
#199 [2026-09-17 23:52:58.588] [DEBUG] [P12236:T18308] [phase=none] [hook=none] [hook] enable begin name=handle_view_angles target=0x00007FF991ED8770
#200 [2026-09-17 23:52:58.606] [INFO ] [P12236:T18308] [phase=none] [hook=none] [hook] enabled name=handle_view_angles target=0x00007FF991ED8770 trampoline=0x00007FF98E550000 original_length=14
#201 [2026-09-17 23:52:58.624] [DEBUG] [P12236:T18308] [phase=none] [hook=none] [hook] prepare name=add_entity target=0x00007FF991C04670 detour=0x00007FF98E5861CC
#202 [2026-09-17 23:52:58.643] [DEBUG] [P12236:T18308] [phase=none] [hook=none] [hook] create begin name=add_entity target=0x00007FF991C04670
#203 [2026-09-17 23:52:58.663] [DEBUG] [P12236:T18308] [phase=none] [hook=none] [hook] enable begin name=add_entity target=0x00007FF991C04670
#204 [2026-09-17 23:52:58.682] [INFO ] [P12236:T18308] [phase=none] [hook=none] [hook] enabled name=add_entity target=0x00007FF991C04670 trampoline=0x00007FF98E540000 original_length=16
#205 [2026-09-17 23:52:58.700] [DEBUG] [P12236:T18308] [phase=none] [hook=none] [hook] prepare name=remove_entity target=0x00007FF991C04FB0 detour=0x00007FF98E588166
#206 [2026-09-17 23:52:58.719] [DEBUG] [P12236:T18308] [phase=none] [hook=none] [hook] create begin name=remove_entity target=0x00007FF991C04FB0
#207 [2026-09-17 23:52:58.740] [DEBUG] [P12236:T18308] [phase=none] [hook=none] [hook] enable begin name=remove_entity target=0x00007FF991C04FB0
#208 [2026-09-17 23:52:58.759] [INFO ] [P12236:T18308] [phase=none] [hook=none] [hook] enabled name=remove_entity target=0x00007FF991C04FB0 trampoline=0x00007FF98E530000 original_length=16
#209 [2026-09-17 23:52:58.778] [DEBUG] [P12236:T18308] [phase=none] [hook=none] [hook] prepare name=render_view target=0x00007FF991E09840 detour=0x00007FF98E584854
#210 [2026-09-17 23:52:58.796] [DEBUG] [P12236:T18308] [phase=none] [hook=none] [hook] create begin name=render_view target=0x00007FF991E09840
#211 [2026-09-17 23:52:58.816] [DEBUG] [P12236:T18308] [phase=none] [hook=none] [hook] enable begin name=render_view target=0x00007FF991E09840
#212 [2026-09-17 23:52:58.834] [INFO ] [P12236:T18308] [phase=none] [hook=none] [hook] enabled name=render_view target=0x00007FF991E09840 trampoline=0x00007FF98E520000 original_length=14
#213 [2026-09-17 23:52:58.852] [DEBUG] [P12236:T18308] [phase=none] [hook=none] [hook] prepare name=draw_skybox_array target=0x00007FF99AE70750 detour=0x00007FF98E5974BD
#214 [2026-09-17 23:52:58.870] [DEBUG] [P12236:T18308] [phase=none] [hook=none] [hook] create begin name=draw_skybox_array target=0x00007FF99AE70750
#215 [2026-09-17 23:52:58.891] [DEBUG] [P12236:T18308] [phase=none] [hook=none] [hook] enable begin name=draw_skybox_array target=0x00007FF99AE70750
#216 [2026-09-17 23:52:58.910] [INFO ] [P12236:T18308] [phase=none] [hook=none] [hook] enabled name=draw_skybox_array target=0x00007FF99AE70750 trampoline=0x00007FF994920000 original_length=15
#245 [2026-09-17 23:52:58.928] [DEBUG] [P12236:T18308] [phase=none] [hook=none] [hook] prepare name=light_scene_object target=0x00007FF99AEB9590 detour=0x00007FF98E581FBE
#274 [2026-09-17 23:52:58.945] [DEBUG] [P12236:T18308] [phase=none] [hook=none] [hook] create begin name=light_scene_object target=0x00007FF99AEB9590
#318 [2026-09-17 23:52:58.964] [DEBUG] [P12236:T15604] [phase=frame_stage_notify] [hook=frame_stage_notify] [frame_stage] begin stage=1 this=0x00007FF9936073C0
#407 [2026-09-17 23:52:58.999] [DEBUG] [P12236:T15604] [phase=frame_stage_notify] [hook=frame_stage_notify] [frame_stage] entity list refreshed
#447 [2026-09-17 23:52:59.052] [DEBUG] [P12236:T15604] [phase=frame_stage_notify] [hook=frame_stage_notify] [frame_stage] original begin
#448 [2026-09-17 23:52:59.071] [DEBUG] [P12236:T15604] [phase=frame_stage_notify] [hook=frame_stage_notify] [frame_stage] original end
#449 [2026-09-17 23:52:59.088] [DEBUG] [P12236:T15604] [phase=frame_stage_notify] [hook=frame_stage_notify] [frame_stage] end stage=1
#450 [2026-09-17 23:52:59.107] [DEBUG] [P12236:T15604] [phase=none] [hook=frame_stage_notify] hook leave name=frame_stage_notify duration_ms=140
#451 [2026-09-17 23:52:59.125] [DEBUG] [P12236:T15604] [phase=none] [hook=frame_stage_notify] hook enter name=frame_stage_notify arg0=0x00007FF9936073C0 arg1=0x0000000000000002 arg2=0x0000000000000000 arg3=0x0000000000000000
#452 [2026-09-17 23:52:59.144] [DEBUG] [P12236:T15604] [phase=frame_stage_notify] [hook=frame_stage_notify] [frame_stage] begin stage=2 this=0x00007FF9936073C0
#453 [2026-09-17 23:52:59.162] [DEBUG] [P12236:T15604] [phase=frame_stage_notify] [hook=frame_stage_notify] [frame_stage] entity list refreshed
#454 [2026-09-17 23:52:59.180] [DEBUG] [P12236:T15604] [phase=frame_stage_notify] [hook=frame_stage_notify] [frame_stage] original begin
#455 [2026-09-17 23:52:59.198] [DEBUG] [P12236:T15604] [phase=frame_stage_notify] [hook=frame_stage_notify] [frame_stage] original end
#456 [2026-09-17 23:52:59.217] [DEBUG] [P12236:T15604] [phase=frame_stage_notify] [hook=frame_stage_notify] [frame_stage] end stage=2
#457 [2026-09-17 23:52:59.235] [DEBUG] [P12236:T15604] [phase=none] [hook=frame_stage_notify] hook leave name=frame_stage_notify duration_ms=109
#458 [2026-09-17 23:52:59.254] [DEBUG] [P12236:T15604] [phase=none] [hook=frame_stage_notify] hook enter name=frame_stage_notify arg0=0x00007FF9936073C0 arg1=0x0000000000000003 arg2=0x0000000000000000 arg3=0x0000000000000000
#459 [2026-09-17 23:52:59.272] [DEBUG] [P12236:T15604] [phase=frame_stage_notify] [hook=frame_stage_notify] [frame_stage] begin stage=3 this=0x00007FF9936073C0
#460 [2026-09-17 23:52:59.290] [DEBUG] [P12236:T15604] [phase=frame_stage_notify] [hook=frame_stage_notify] [frame_stage] entity list refreshed
#461 [2026-09-17 23:52:59.326] [DEBUG] [P12236:T15604] [phase=frame_stage_notify] [hook=frame_stage_notify] [frame_stage] original begin
#462 [2026-09-17 23:52:59.363] [DEBUG] [P12236:T15604] [phase=frame_stage_notify] [hook=frame_stage_notify] [frame_stage] original end
#463 [2026-09-17 23:52:59.400] [DEBUG] [P12236:T15604] [phase=frame_stage_notify] [hook=frame_stage_notify] [frame_stage] end stage=3
#464 [2026-09-17 23:52:59.436] [DEBUG] [P12236:T15604] [phase=none] [hook=frame_stage_notify] hook leave name=frame_stage_notify duration_ms=172
#465 [2026-09-17 23:52:59.473] [DEBUG] [P12236:T15604] [phase=none] [hook=frame_stage_notify] hook enter name=frame_stage_notify arg0=0x00007FF9936073C0 arg1=0x0000000000000001 arg2=0x0000000000000000 arg3=0x0000000000000000
#466 [2026-09-17 23:52:59.492] [DEBUG] [P12236:T15604] [phase=frame_stage_notify] [hook=frame_stage_notify] [frame_stage] begin stage=1 this=0x00007FF9936073C0
#467 [2026-09-17 23:52:59.527] [DEBUG] [P12236:T15604] [phase=frame_stage_notify] [hook=frame_stage_notify] [frame_stage] entity list refreshed
#468 [2026-09-17 23:52:59.582] [DEBUG] [P12236:T15604] [phase=frame_stage_notify] [hook=frame_stage_notify] [frame_stage] original begin
#469 [2026-09-17 23:52:59.601] [DEBUG] [P12236:T15604] [phase=frame_stage_notify] [hook=frame_stage_notify] [frame_stage] original end
#470 [2026-09-17 23:52:59.620] [DEBUG] [P12236:T15604] [phase=frame_stage_notify] [hook=frame_stage_notify] [frame_stage] end stage=1
#471 [2026-09-17 23:52:59.637] [DEBUG] [P12236:T15604] [phase=none] [hook=frame_stage_notify] hook leave name=frame_stage_notify duration_ms=157
#472 [2026-09-17 23:52:59.657] [DEBUG] [P12236:T15604] [phase=none] [hook=frame_stage_notify] hook enter name=frame_stage_notify arg0=0x00007FF9936073C0 arg1=0x0000000000000002 arg2=0x0000000000000000 arg3=0x0000000000000000
#473 [2026-09-17 23:52:59.675] [DEBUG] [P12236:T15604] [phase=frame_stage_notify] [hook=frame_stage_notify] [frame_stage] begin stage=2 this=0x00007FF9936073C0
#474 [2026-09-17 23:52:59.693] [DEBUG] [P12236:T15604] [phase=frame_stage_notify] [hook=frame_stage_notify] [frame_stage] entity list refreshed
#475 [2026-09-17 23:52:59.712] [DEBUG] [P12236:T15604] [phase=frame_stage_notify] [hook=frame_stage_notify] [frame_stage] original begin
#476 [2026-09-17 23:52:59.730] [DEBUG] [P12236:T15604] [phase=frame_stage_notify] [hook=frame_stage_notify] [frame_stage] original end
#477 [2026-09-17 23:52:59.748] [DEBUG] [P12236:T15604] [phase=frame_stage_notify] [hook=frame_stage_notify] [frame_stage] end stage=2
#478 [2026-09-17 23:52:59.766] [DEBUG] [P12236:T15604] [phase=none] [hook=frame_stage_notify] hook leave name=frame_stage_notify duration_ms=110
#479 [2026-09-17 23:52:59.785] [DEBUG] [P12236:T15604] [phase=none] [hook=frame_stage_notify] hook enter name=frame_stage_notify arg0=0x00007FF9936073C0 arg1=0x0000000000000003 arg2=0x0000000000000000 arg3=0x0000000000000000
#480 [2026-09-17 23:52:59.804] [DEBUG] [P12236:T15604] [phase=frame_stage_notify] [hook=frame_stage_notify] [frame_stage] begin stage=3 this=0x00007FF9936073C0
#481 [2026-09-17 23:52:59.822] [DEBUG] [P12236:T15604] [phase=frame_stage_notify] [hook=frame_stage_notify] [frame_stage] entity list refreshed
#482 [2026-09-17 23:52:59.841] [DEBUG] [P12236:T15604] [phase=frame_stage_notify] [hook=frame_stage_notify] [frame_stage] original begin
#483 [2026-09-17 23:52:59.859] [DEBUG] [P12236:T15604] [phase=frame_stage_notify] [hook=frame_stage_notify] [frame_stage] original end
#484 [2026-09-17 23:52:59.877] [DEBUG] [P12236:T15604] [phase=frame_stage_notify] [hook=frame_stage_notify] [frame_stage] end stage=3
#485 [2026-09-17 23:52:59.895] [DEBUG] [P12236:T15604] [phase=none] [hook=frame_stage_notify] hook leave name=frame_stage_notify duration_ms=125
#486 [2026-09-17 23:52:59.918] [DEBUG] [P12236:T18300] [phase=none] [hook=present] hook enter name=present arg0=0x00000242DB990F50 arg1=0x0000000000000000 arg2=0x0000000000000200 arg3=0x0000000000000000
#501 [2026-09-17 23:52:59.937] [DEBUG] [P12236:T18300] [phase=present] [hook=present] [present] begin swap_chain=0x00000242DB990F50 sync=0 flags=0x200 ready=1
#502 [2026-09-17 23:52:59.955] [DEBUG] [P12236:T18300] [phase=render: present] [hook=present] render frame begin index=1 swap_chain=0x00000242DB990F50 initialized=false
#503 [2026-09-17 23:53:00.011] [DEBUG] [P12236:T15604] [phase=none] [hook=frame_stage_notify] hook enter name=frame_stage_notify arg0=0x00007FF9936073C0 arg1=0x0000000000000003 arg2=0x0000000000000000 arg3=0x0000000000000000
#504 [2026-09-17 23:53:00.029] [DEBUG] [P12236:T15604] [phase=frame_stage_notify] [hook=frame_stage_notify] [frame_stage] begin stage=3 this=0x00007FF9936073C0
#505 [2026-09-17 23:53:00.048] [DEBUG] [P12236:T15604] [phase=frame_stage_notify] [hook=frame_stage_notify] [frame_stage] entity list refreshed
#507 [2026-09-17 23:53:00.066] [DEBUG] [P12236:T15604] [phase=frame_stage_notify] [hook=frame_stage_notify] [frame_stage] original begin
#508 [2026-09-17 23:53:00.084] [DEBUG] [P12236:T15604] [phase=frame_stage_notify] [hook=frame_stage_notify] [frame_stage] original end
#513 [2026-09-17 23:53:00.102] [DEBUG] [P12236:T15604] [phase=frame_stage_notify] [hook=frame_stage_notify] [frame_stage] end stage=3
#514 [2026-09-17 23:53:00.120] [DEBUG] [P12236:T15604] [phase=none] [hook=frame_stage_notify] hook leave name=frame_stage_notify duration_ms=109
#515 [2026-09-17 23:53:00.138] [DEBUG] [P12236:T15604] [phase=none] [hook=frame_stage_notify] hook enter name=frame_stage_notify arg0=0x00007FF9936073C0 arg1=0x0000000000000001 arg2=0x0000000000000000 arg3=0x0000000000000000
#516 [2026-09-17 23:53:00.157] [DEBUG] [P12236:T15604] [phase=frame_stage_notify] [hook=frame_stage_notify] [frame_stage] begin stage=1 this=0x00007FF9936073C0
#517 [2026-09-17 23:53:00.176] [DEBUG] [P12236:T15604] [phase=frame_stage_notify] [hook=frame_stage_notify] [frame_stage] entity list refreshed
#518 [2026-09-17 23:53:00.193] [DEBUG] [P12236:T15604] [phase=frame_stage_notify] [hook=frame_stage_notify] [frame_stage] original begin
#519 [2026-09-17 23:53:00.212] [DEBUG] [P12236:T15604] [phase=frame_stage_notify] [hook=frame_stage_notify] [frame_stage] original end
#520 [2026-09-17 23:53:00.230] [DEBUG] [P12236:T15604] [phase=frame_stage_notify] [hook=frame_stage_notify] [frame_stage] end stage=1
#521 [2026-09-17 23:53:00.249] [DEBUG] [P12236:T15604] [phase=none] [hook=frame_stage_notify] hook leave name=frame_stage_notify duration_ms=109
#522 [2026-09-17 23:53:00.268] [DEBUG] [P12236:T15604] [phase=none] [hook=frame_stage_notify] hook enter name=frame_stage_notify arg0=0x00007FF9936073C0 arg1=0x0000000000000002 arg2=0x0000000000000000 arg3=0x0000000000000000
#523 [2026-09-17 23:53:00.286] [DEBUG] [P12236:T15604] [phase=frame_stage_notify] [hook=frame_stage_notify] [frame_stage] begin stage=2 this=0x00007FF9936073C0
#524 [2026-09-17 23:53:00.305] [DEBUG] [P12236:T15604] [phase=frame_stage_notify] [hook=frame_stage_notify] [frame_stage] entity list refreshed
#525 [2026-09-17 23:53:00.323] [DEBUG] [P12236:T15604] [phase=frame_stage_notify] [hook=frame_stage_notify] [frame_stage] original begin
#526 [2026-09-17 23:53:00.342] [DEBUG] [P12236:T15604] [phase=frame_stage_notify] [hook=frame_stage_notify] [frame_stage] original end
#527 [2026-09-17 23:53:00.360] [DEBUG] [P12236:T15604] [phase=frame_stage_notify] [hook=frame_stage_notify] [frame_stage] end stage=2
#528 [2026-09-17 23:53:00.379] [DEBUG] [P12236:T15604] [phase=none] [hook=frame_stage_notify] hook leave name=frame_stage_notify duration_ms=125
#529 [2026-09-17 23:53:00.415] [DEBUG] [P12236:T15604] [phase=none] [hook=frame_stage_notify] hook enter name=frame_stage_notify arg0=0x00007FF9936073C0 arg1=0x0000000000000003 arg2=0x0000000000000000 arg3=0x0000000000000000
#530 [2026-09-17 23:53:00.432] [DEBUG] [P12236:T15604] [phase=frame_stage_notify] [hook=frame_stage_notify] [frame_stage] begin stage=3 this=0x00007FF9936073C0
#531 [2026-09-17 23:53:00.451] [DEBUG] [P12236:T15604] [phase=frame_stage_notify] [hook=frame_stage_notify] [frame_stage] entity list refreshed
#532 [2026-09-17 23:53:00.469] [DEBUG] [P12236:T15604] [phase=frame_stage_notify] [hook=frame_stage_notify] [frame_stage] original begin
#533 [2026-09-17 23:53:00.486] [DEBUG] [P12236:T15604] [phase=frame_stage_notify] [hook=frame_stage_notify] [frame_stage] original end
#534 [2026-09-17 23:53:00.515] [DEBUG] [P12236:T15604] [phase=frame_stage_notify] [hook=frame_stage_notify] [frame_stage] end stage=3
#535 [2026-09-17 23:53:00.534] [DEBUG] [P12236:T15604] [phase=none] [hook=frame_stage_notify] hook leave name=frame_stage_notify duration_ms=109
#536 [2026-09-17 23:53:00.574] [DEBUG] [P12236:T15604] [phase=none] [hook=frame_stage_notify] hook enter name=frame_stage_notify arg0=0x00007FF9936073C0 arg1=0x0000000000000001 arg2=0x0000000000000000 arg3=0x0000000000000000
#537 [2026-09-17 23:53:00.592] [DEBUG] [P12236:T15604] [phase=frame_stage_notify] [hook=frame_stage_notify] [frame_stage] begin stage=1 this=0x00007FF9936073C0
#538 [2026-09-17 23:53:00.611] [DEBUG] [P12236:T15604] [phase=frame_stage_notify] [hook=frame_stage_notify] [frame_stage] entity list refreshed
#539 [2026-09-17 23:53:00.629] [DEBUG] [P12236:T15604] [phase=frame_stage_notify] [hook=frame_stage_notify] [frame_stage] original begin
#540 [2026-09-17 23:53:00.647] [DEBUG] [P12236:T15604] [phase=frame_stage_notify] [hook=frame_stage_notify] [frame_stage] original end
#541 [2026-09-17 23:53:00.665] [DEBUG] [P12236:T15604] [phase=frame_stage_notify] [hook=frame_stage_notify] [frame_stage] end stage=1
#542 [2026-09-17 23:53:00.702] [DEBUG] [P12236:T15604] [phase=none] [hook=frame_stage_notify] hook leave name=frame_stage_notify duration_ms=125
#543 [2026-09-17 23:53:00.739] [DEBUG] [P12236:T15604] [phase=none] [hook=frame_stage_notify] hook enter name=frame_stage_notify arg0=0x00007FF9936073C0 arg1=0x0000000000000002 arg2=0x0000000000000000 arg3=0x0000000000000000
#544 [2026-09-17 23:53:00.759] [DEBUG] [P12236:T15604] [phase=frame_stage_notify] [hook=frame_stage_notify] [frame_stage] begin stage=2 this=0x00007FF9936073C0
#545 [2026-09-17 23:53:00.777] [DEBUG] [P12236:T15604] [phase=frame_stage_notify] [hook=frame_stage_notify] [frame_stage] entity list refreshed
#546 [2026-09-17 23:53:00.796] [DEBUG] [P12236:T15604] [phase=frame_stage_notify] [hook=frame_stage_notify] [frame_stage] original begin
#547 [2026-09-17 23:53:00.814] [DEBUG] [P12236:T15604] [phase=frame_stage_notify] [hook=frame_stage_notify] [frame_stage] original end
#548 [2026-09-17 23:53:00.832] [DEBUG] [P12236:T15604] [phase=frame_stage_notify] [hook=frame_stage_notify] [frame_stage] end stage=2
#549 [2026-09-17 23:53:00.851] [DEBUG] [P12236:T15604] [phase=none] [hook=frame_stage_notify] hook leave name=frame_stage_notify duration_ms=109
#550 [2026-09-17 23:53:00.886] [DEBUG] [P12236:T15604] [phase=none] [hook=frame_stage_notify] hook enter name=frame_stage_notify arg0=0x00007FF9936073C0 arg1=0x0000000000000003 arg2=0x0000000000000000 arg3=0x0000000000000000
#551 [2026-09-17 23:53:00.904] [DEBUG] [P12236:T15604] [phase=frame_stage_notify] [hook=frame_stage_notify] [frame_stage] begin stage=3 this=0x00007FF9936073C0
#552 [2026-09-17 23:53:00.922] [DEBUG] [P12236:T15604] [phase=frame_stage_notify] [hook=frame_stage_notify] [frame_stage] entity list refreshed
#553 [2026-09-17 23:53:00.940] [DEBUG] [P12236:T15604] [phase=frame_stage_notify] [hook=frame_stage_notify] [frame_stage] original begin
#554 [2026-09-17 23:53:00.959] [DEBUG] [P12236:T15604] [phase=frame_stage_notify] [hook=frame_stage_notify] [frame_stage] original end
#555 [2026-09-17 23:53:00.977] [DEBUG] [P12236:T15604] [phase=frame_stage_notify] [hook=frame_stage_notify] [frame_stage] end stage=3
#556 [2026-09-17 23:53:00.995] [DEBUG] [P12236:T15604] [phase=none] [hook=frame_stage_notify] hook leave name=frame_stage_notify duration_ms=109
#557 [2026-09-17 23:53:01.013] [DEBUG] [P12236:T15604] [phase=none] [hook=frame_stage_notify] hook enter name=frame_stage_notify arg0=0x00007FF9936073C0 arg1=0x0000000000000001 arg2=0x0000000000000000 arg3=0x0000000000000000
#558 [2026-09-17 23:53:01.032] [DEBUG] [P12236:T15604] [phase=frame_stage_notify] [hook=frame_stage_notify] [frame_stage] begin stage=1 this=0x00007FF9936073C0
#559 [2026-09-17 23:53:01.050] [DEBUG] [P12236:T15604] [phase=frame_stage_notify] [hook=frame_stage_notify] [frame_stage] entity list refreshed
#560 [2026-09-17 23:53:01.069] [DEBUG] [P12236:T15604] [phase=frame_stage_notify] [hook=frame_stage_notify] [frame_stage] original begin
#561 [2026-09-17 23:53:01.088] [DEBUG] [P12236:T15604] [phase=frame_stage_notify] [hook=frame_stage_notify] [frame_stage] original end
#562 [2026-09-17 23:53:01.105] [DEBUG] [P12236:T15604] [phase=frame_stage_notify] [hook=frame_stage_notify] [frame_stage] end stage=1
#563 [2026-09-17 23:53:01.124] [DEBUG] [P12236:T15604] [phase=none] [hook=frame_stage_notify] hook leave name=frame_stage_notify duration_ms=109
#564 [2026-09-17 23:53:01.142] [DEBUG] [P12236:T15604] [phase=none] [hook=frame_stage_notify] hook enter name=frame_stage_notify arg0=0x00007FF9936073C0 arg1=0x0000000000000002 arg2=0x0000000000000000 arg3=0x0000000000000000
#565 [2026-09-17 23:53:01.160] [DEBUG] [P12236:T15604] [phase=frame_stage_notify] [hook=frame_stage_notify] [frame_stage] begin stage=2 this=0x00007FF9936073C0
#566 [2026-09-17 23:53:01.180] [DEBUG] [P12236:T15604] [phase=frame_stage_notify] [hook=frame_stage_notify] [frame_stage] entity list refreshed
#567 [2026-09-17 23:53:01.198] [DEBUG] [P12236:T15604] [phase=frame_stage_notify] [hook=frame_stage_notify] [frame_stage] original begin
#568 [2026-09-17 23:53:01.233] [DEBUG] [P12236:T15604] [phase=frame_stage_notify] [hook=frame_stage_notify] [frame_stage] original end
#569 [2026-09-17 23:53:01.285] [DEBUG] [P12236:T15604] [phase=frame_stage_notify] [hook=frame_stage_notify] [frame_stage] end stage=2
#570 [2026-09-17 23:53:01.305] [DEBUG] [P12236:T15604] [phase=none] [hook=frame_stage_notify] hook leave name=frame_stage_notify duration_ms=172
#571 [2026-09-17 23:53:01.322] [DEBUG] [P12236:T15604] [phase=none] [hook=frame_stage_notify] hook enter name=frame_stage_notify arg0=0x00007FF9936073C0 arg1=0x0000000000000003 arg2=0x0000000000000000 arg3=0x0000000000000000
#572 [2026-09-17 23:53:01.340] [DEBUG] [P12236:T15604] [phase=frame_stage_notify] [hook=frame_stage_notify] [frame_stage] begin stage=3 this=0x00007FF9936073C0
#573 [2026-09-17 23:53:01.360] [DEBUG] [P12236:T15604] [phase=frame_stage_notify] [hook=frame_stage_notify] [frame_stage] entity list refreshed
#574 [2026-09-17 23:53:01.378] [DEBUG] [P12236:T15604] [phase=frame_stage_notify] [hook=frame_stage_notify] [frame_stage] original begin
#575 [2026-09-17 23:53:01.397] [DEBUG] [P12236:T15604] [phase=frame_stage_notify] [hook=frame_stage_notify] [frame_stage] original end
#576 [2026-09-17 23:53:01.414] [DEBUG] [P12236:T15604] [phase=frame_stage_notify] [hook=frame_stage_notify] [frame_stage] end stage=3
#577 [2026-09-17 23:53:01.432] [DEBUG] [P12236:T15604] [phase=none] [hook=frame_stage_notify] hook leave name=frame_stage_notify duration_ms=110
#578 [2026-09-17 23:53:01.454] [DEBUG] [P12236:T18300] [phase=none] [hook=present] hook enter name=present arg0=0x00000242DB990F50 arg1=0x0000000000000000 arg2=0x0000000000000200 arg3=0x0000000000000000
#579 [2026-09-17 23:53:01.489] [DEBUG] [P12236:T18300] [phase=present] [hook=present] [present] begin swap_chain=0x00000242DB990F50 sync=0 flags=0x200 ready=1
#580 [2026-09-17 23:53:01.526] [DEBUG] [P12236:T18300] [phase=render: present] [hook=present] render frame begin index=2 swap_chain=0x00000242DB990F50 initialized=true
#581 [2026-09-17 23:53:01.564] [DEBUG] [P12236:T18300] [phase=render: ImGui submit] [hook=present] render frame end index=2 gameplay_ready=true menu_open=false
#582 [2026-09-17 23:53:01.616] [DEBUG] [P12236:T18300] [phase=present] [hook=present] [present] rendering context updated
#863 [2026-09-17 23:53:01.668] [DEBUG] [P12236:T15604] [phase=frame_stage_notify] [hook=frame_stage_notify] [frame_stage] view/frame-data update end
#866 [2026-09-17 23:53:01.686] [DEBUG] [P12236:T15604] [phase=frame_stage_notify] [hook=frame_stage_notify] [frame_stage] end stage=12
#867 [2026-09-17 23:53:01.709] [DEBUG] [P12236:T15604] [phase=frame_stage_notify] [hook=frame_stage_notify] [frame_stage] begin stage=1 this=0x00007FF9936073C0
#868 [2026-09-17 23:53:01.728] [DEBUG] [P12236:T15604] [phase=frame_stage_notify] [hook=frame_stage_notify] [frame_stage] entity list refreshed
#869 [2026-09-17 23:53:01.747] [DEBUG] [P12236:T15604] [phase=frame_stage_notify] [hook=frame_stage_notify] [frame_stage] original begin
#870 [2026-09-17 23:53:01.766] [DEBUG] [P12236:T15604] [phase=frame_stage_notify] [hook=frame_stage_notify] [frame_stage] original end
#871 [2026-09-17 23:53:01.784] [DEBUG] [P12236:T15604] [phase=frame_stage_notify] [hook=frame_stage_notify] [frame_stage] end stage=1
#872 [2026-09-17 23:53:01.802] [DEBUG] [P12236:T15604] [phase=frame_stage_notify] [hook=frame_stage_notify] [frame_stage] begin stage=2 this=0x00007FF9936073C0
#873 [2026-09-17 23:53:01.821] [DEBUG] [P12236:T15604] [phase=frame_stage_notify] [hook=frame_stage_notify] [frame_stage] entity list refreshed
#874 [2026-09-17 23:53:01.839] [DEBUG] [P12236:T15604] [phase=frame_stage_notify] [hook=frame_stage_notify] [frame_stage] original begin
#875 [2026-09-17 23:53:01.858] [DEBUG] [P12236:T15604] [phase=frame_stage_notify] [hook=frame_stage_notify] [frame_stage] original end
#876 [2026-09-17 23:53:01.876] [DEBUG] [P12236:T15604] [phase=frame_stage_notify] [hook=frame_stage_notify] [frame_stage] end stage=2
#877 [2026-09-17 23:53:01.895] [DEBUG] [P12236:T15604] [phase=frame_stage_notify] [hook=frame_stage_notify] [frame_stage] begin stage=3 this=0x00007FF9936073C0
#878 [2026-09-17 23:53:01.914] [DEBUG] [P12236:T15604] [phase=frame_stage_notify] [hook=frame_stage_notify] [frame_stage] entity list refreshed
#879 [2026-09-17 23:53:01.932] [DEBUG] [P12236:T15604] [phase=frame_stage_notify] [hook=frame_stage_notify] [frame_stage] original begin
#880 [2026-09-17 23:53:01.950] [DEBUG] [P12236:T15604] [phase=frame_stage_notify] [hook=frame_stage_notify] [frame_stage] original end
#881 [2026-09-17 23:53:01.969] [DEBUG] [P12236:T15604] [phase=frame_stage_notify] [hook=frame_stage_notify] [frame_stage] end stage=3
#882 [2026-09-17 23:53:01.987] [DEBUG] [P12236:T15604] [phase=frame_stage_notify] [hook=frame_stage_notify] [frame_stage] begin stage=1 this=0x00007FF9936073C0
#883 [2026-09-17 23:53:02.006] [DEBUG] [P12236:T15604] [phase=frame_stage_notify] [hook=frame_stage_notify] [frame_stage] entity list refreshed
#884 [2026-09-17 23:53:02.023] [DEBUG] [P12236:T15604] [phase=frame_stage_notify] [hook=frame_stage_notify] [frame_stage] original begin
#885 [2026-09-17 23:53:02.059] [DEBUG] [P12236:T15604] [phase=frame_stage_notify] [hook=frame_stage_notify] [frame_stage] original end
#886 [2026-09-17 23:53:02.095] [DEBUG] [P12236:T15604] [phase=frame_stage_notify] [hook=frame_stage_notify] [frame_stage] end stage=1
#887 [2026-09-17 23:53:02.131] [DEBUG] [P12236:T15604] [phase=frame_stage_notify] [hook=frame_stage_notify] [frame_stage] begin stage=2 this=0x00007FF9936073C0
#888 [2026-09-17 23:53:02.150] [DEBUG] [P12236:T15604] [phase=frame_stage_notify] [hook=frame_stage_notify] [frame_stage] entity list refreshed
#889 [2026-09-17 23:53:02.169] [DEBUG] [P12236:T15604] [phase=frame_stage_notify] [hook=frame_stage_notify] [frame_stage] original begin
#890 [2026-09-17 23:53:02.188] [DEBUG] [P12236:T15604] [phase=frame_stage_notify] [hook=frame_stage_notify] [frame_stage] original end
#891 [2026-09-17 23:53:02.205] [DEBUG] [P12236:T15604] [phase=frame_stage_notify] [hook=frame_stage_notify] [frame_stage] end stage=2
#892 [2026-09-17 23:53:02.223] [DEBUG] [P12236:T15604] [phase=frame_stage_notify] [hook=frame_stage_notify] [frame_stage] begin stage=3 this=0x00007FF9936073C0
#893 [2026-09-17 23:53:02.242] [DEBUG] [P12236:T15604] [phase=frame_stage_notify] [hook=frame_stage_notify] [frame_stage] entity list refreshed
#894 [2026-09-17 23:53:02.261] [DEBUG] [P12236:T15604] [phase=frame_stage_notify] [hook=frame_stage_notify] [frame_stage] original begin
#895 [2026-09-17 23:53:02.279] [DEBUG] [P12236:T15604] [phase=frame_stage_notify] [hook=frame_stage_notify] [frame_stage] original end
#896 [2026-09-17 23:53:02.297] [DEBUG] [P12236:T15604] [phase=frame_stage_notify] [hook=frame_stage_notify] [frame_stage] end stage=3
#897 [2026-09-17 23:53:02.316] [DEBUG] [P12236:T15604] [phase=frame_stage_notify] [hook=frame_stage_notify] [frame_stage] begin stage=12 this=0x00007FF9936073C0
#898 [2026-09-17 23:53:02.334] [DEBUG] [P12236:T15604] [phase=frame_stage_notify] [hook=frame_stage_notify] [frame_stage] entity list refreshed
#899 [2026-09-17 23:53:02.352] [DEBUG] [P12236:T15604] [phase=frame_stage_notify] [hook=frame_stage_notify] [frame_stage] original begin
#900 [2026-09-17 23:53:02.371] [DEBUG] [P12236:T15604] [phase=frame_stage_notify] [hook=frame_stage_notify] [frame_stage] original end
#901 [2026-09-17 23:53:02.389] [DEBUG] [P12236:T15604] [phase=frame_stage_notify] [hook=frame_stage_notify] [frame_stage] view/frame-data update begin
#902 [2026-09-17 23:53:02.408] [DEBUG] [P12236:T15604] [phase=frame_stage_notify] [hook=frame_stage_notify] [frame_stage] view/frame-data update end
#903 [2026-09-17 23:53:02.427] [DEBUG] [P12236:T15604] [phase=frame_stage_notify] [hook=frame_stage_notify] [frame_stage] end stage=12
#904 [2026-09-17 23:53:02.480] [DEBUG] [P12236:T18300] [phase=present] [hook=present] [present] begin swap_chain=0x00000242DB990F50 sync=0 flags=0x200 ready=1
#905 [2026-09-17 23:53:02.499] [DEBUG] [P12236:T18300] [phase=render: present] [hook=present] render frame begin index=3 swap_chain=0x00000242DB990F50 initialized=true
#913 [2026-09-17 23:53:02.518] [DEBUG] [P12236:T18300] [phase=render: ImGui submit] [hook=present] render frame end index=3 gameplay_ready=true menu_open=false
#914 [2026-09-17 23:53:02.537] [DEBUG] [P12236:T18300] [phase=present] [hook=present] [present] rendering context updated
#915 [2026-09-17 23:53:02.554] [DEBUG] [P12236:T18300] [phase=present] [hook=present] [present] forwarding to original
#916 [2026-09-17 23:53:02.578] [DEBUG] [P12236:T18300] [phase=present] [hook=present] [present] begin swap_chain=0x00000242DB990F50 sync=0 flags=0x200 ready=1
#962 [2026-09-17 23:53:02.596] [DEBUG] [P12236:T18300] [phase=render: present] [hook=present] render frame begin index=4 swap_chain=0x00000242DB990F50 initialized=true
#970 [2026-09-17 23:53:02.630] [DEBUG] [P12236:T15604] [phase=frame_stage_notify] [hook=frame_stage_notify] [pattern] resolved request=client.dll:488BD94533C0488B0D????????BA01000000>E8????????8B0B match=0x00007FF991D25567 result=0x00007FF991CE3840 duration_ms=32
#971 [2026-09-17 23:53:02.649] [DEBUG] [P12236:T15604] [phase=frame_stage_notify] [hook=frame_stage_notify] [pattern] resolve request=client.dll:40534883EC20488BD985D2741A488B05????????F30F104830
#972 [2026-09-17 23:53:02.670] [DEBUG] [P12236:T15604] [phase=frame_stage_notify] [hook=frame_stage_notify] [pattern] resolved request=client.dll:40534883EC20488BD985D2741A488B05????????F30F104830 match=0x00007FF991984B50 result=0x00007FF991984B50 duration_ms=16
#973 [2026-09-17 23:53:02.688] [DEBUG] [P12236:T15604] [phase=frame_stage_notify] [hook=frame_stage_notify] [frame_stage] dlight end
#977 [2026-09-17 23:53:02.706] [DEBUG] [P12236:T15604] [phase=frame_stage_notify] [hook=frame_stage_notify] [frame_stage] original begin
#978 [2026-09-17 23:53:02.724] [DEBUG] [P12236:T15604] [phase=frame_stage_notify] [hook=frame_stage_notify] [frame_stage] original end
#979 [2026-09-17 23:53:02.741] [DEBUG] [P12236:T15604] [phase=frame_stage_notify] [hook=frame_stage_notify] [frame_stage] end stage=6
#980 [2026-09-17 23:53:02.762] [DEBUG] [P12236:T15604] [phase=frame_stage_notify] [hook=frame_stage_notify] [frame_stage] begin stage=7 this=0x00007FF9936073C0
#981 [2026-09-17 23:53:02.780] [DEBUG] [P12236:T15604] [phase=frame_stage_notify] [hook=frame_stage_notify] [frame_stage] agents begin
#982 [2026-09-17 23:53:02.799] [DEBUG] [P12236:T15604] [phase=frame_stage_notify] [hook=frame_stage_notify] [frame_stage] agents end; gloves begin
#983 [2026-09-17 23:53:02.817] [DEBUG] [P12236:T15604] [phase=frame_stage_notify] [hook=frame_stage_notify] [frame_stage] gloves end; knives begin
#984 [2026-09-17 23:53:02.835] [DEBUG] [P12236:T15604] [phase=frame_stage_notify] [hook=frame_stage_notify] [frame_stage] knives end; world begin
#985 [2026-09-17 23:53:02.854] [DEBUG] [P12236:T15604] [phase=frame_stage_notify] [hook=frame_stage_notify] [frame_stage] scene end; weather begin
#986 [2026-09-17 23:53:02.872] [DEBUG] [P12236:T15604] [phase=frame_stage_notify] [hook=frame_stage_notify] [frame_stage] weather end; other begin
#987 [2026-09-17 23:53:02.890] [DEBUG] [P12236:T15604] [phase=frame_stage_notify] [hook=frame_stage_notify] [frame_stage] other end; impacts begin
#988 [2026-09-17 23:53:02.909] [DEBUG] [P12236:T15604] [phase=frame_stage_notify] [hook=frame_stage_notify] [frame_stage] impacts end
#989 [2026-09-17 23:53:02.926] [DEBUG] [P12236:T15604] [phase=frame_stage_notify] [hook=frame_stage_notify] [frame_stage] original begin
#990 [2026-09-17 23:53:02.944] [DEBUG] [P12236:T15604] [phase=frame_stage_notify] [hook=frame_stage_notify] [frame_stage] original end
#991 [2026-09-17 23:53:02.964] [DEBUG] [P12236:T15604] [phase=frame_stage_notify] [hook=frame_stage_notify] [frame_stage] end stage=7
#992 [2026-09-17 23:53:02.984] [DEBUG] [P12236:T15604] [phase=frame_stage_notify] [hook=frame_stage_notify] [frame_stage] begin stage=8 this=0x00007FF9936073C0
#993 [2026-09-17 23:53:03.002] [DEBUG] [P12236:T15604] [phase=frame_stage_notify] [hook=frame_stage_notify] [frame_stage] original begin
#994 [2026-09-17 23:53:03.021] [DEBUG] [P12236:T15604] [phase=frame_stage_notify] [hook=frame_stage_notify] [frame_stage] original end
#995 [2026-09-17 23:53:03.040] [DEBUG] [P12236:T15604] [phase=frame_stage_notify] [hook=frame_stage_notify] [frame_stage] end stage=8
#996 [2026-09-17 23:53:03.058] [DEBUG] [P12236:T15604] [phase=frame_stage_notify] [hook=frame_stage_notify] [frame_stage] begin stage=3 this=0x00007FF9936073C0
#997 [2026-09-17 23:53:03.077] [DEBUG] [P12236:T15604] [phase=frame_stage_notify] [hook=frame_stage_notify] [frame_stage] original begin
#998 [2026-09-17 23:53:03.096] [DEBUG] [P12236:T15604] [phase=frame_stage_notify] [hook=frame_stage_notify] [frame_stage] original end
#999 [2026-09-17 23:53:03.115] [DEBUG] [P12236:T15604] [phase=frame_stage_notify] [hook=frame_stage_notify] [frame_stage] end stage=3
#1000 [2026-09-17 23:53:03.140] [DEBUG] [P12236:T15604] [phase=frame_stage_notify] [hook=frame_stage_notify] [frame_stage] begin stage=12 this=0x00007FF9936073C0
#1001 [2026-09-17 23:53:03.159] [DEBUG] [P12236:T15604] [phase=frame_stage_notify] [hook=frame_stage_notify] [frame_stage] original begin
#1002 [2026-09-17 23:53:03.177] [DEBUG] [P12236:T15604] [phase=frame_stage_notify] [hook=frame_stage_notify] [frame_stage] original end
#1003 [2026-09-17 23:53:03.195] [DEBUG] [P12236:T15604] [phase=frame_stage_notify] [hook=frame_stage_notify] [frame_stage] view/frame-data update begin
#1004 [2026-09-17 23:53:03.213] [DEBUG] [P12236:T15604] [phase=frame_stage_notify] [hook=frame_stage_notify] [frame_stage] view/frame-data update end
#1005 [2026-09-17 23:53:03.232] [DEBUG] [P12236:T15604] [phase=frame_stage_notify] [hook=frame_stage_notify] [frame_stage] end stage=12
#1006 [2026-09-17 23:53:03.262] [DEBUG] [P12236:T18300] [phase=present] [hook=present] [present] begin swap_chain=0x00000242DB990F50 sync=0 flags=0x200 ready=1
#1107 [2026-09-17 23:53:03.281] [DEBUG] [P12236:T18300] [phase=render: present] [hook=present] render frame begin index=5 swap_chain=0x00000242DB990F50 initialized=true
#1108 [2026-09-17 23:53:03.301] [DEBUG] [P12236:T18300] [phase=render: ImGui submit] [hook=present] render frame end index=5 gameplay_ready=true menu_open=false
#1109 [2026-09-17 23:53:03.319] [DEBUG] [P12236:T18300] [phase=present] [hook=present] [present] rendering context updated
#1110 [2026-09-17 23:53:03.338] [DEBUG] [P12236:T18300] [phase=present] [hook=present] [present] forwarding to original
#1111 [2026-09-17 23:53:03.358] [DEBUG] [P12236:T18300] [phase=present] [hook=present] [present] begin swap_chain=0x00000242DB990F50 sync=0 flags=0x200 ready=1
#1206 [2026-09-17 23:53:03.377] [DEBUG] [P12236:T18300] [phase=render: present] [hook=present] render frame begin index=6 swap_chain=0x00000242DB990F50 initialized=true
#1213 [2026-09-17 23:53:03.413] [DEBUG] [P12236:T18300] [phase=render: ImGui submit] [hook=present] render frame end index=6 gameplay_ready=true menu_open=false
#1214 [2026-09-17 23:53:03.431] [DEBUG] [P12236:T18300] [phase=present] [hook=present] [present] rendering context updated
#1215 [2026-09-17 23:53:03.449] [DEBUG] [P12236:T18300] [phase=present] [hook=present] [present] forwarding to original
#1216 [2026-09-17 23:53:03.468] [DEBUG] [P12236:T18300] [phase=present] [hook=present] [present] begin swap_chain=0x00000242DB990F50 sync=0 flags=0x200 ready=1
#1325 [2026-09-17 23:53:03.487] [DEBUG] [P12236:T18300] [phase=render: present] [hook=present] render frame begin index=7 swap_chain=0x00000242DB990F50 initialized=true
#1326 [2026-09-17 23:53:03.506] [DEBUG] [P12236:T18300] [phase=render: ImGui submit] [hook=present] render frame end index=7 gameplay_ready=true menu_open=false
#1327 [2026-09-17 23:53:03.525] [DEBUG] [P12236:T18300] [phase=present] [hook=present] [present] rendering context updated
#1328 [2026-09-17 23:53:03.543] [DEBUG] [P12236:T18300] [phase=present] [hook=present] [present] forwarding to original
#1329 [2026-09-17 23:53:03.565] [DEBUG] [P12236:T18300] [phase=present] [hook=present] [present] begin swap_chain=0x00000242DB990F50 sync=0 flags=0x200 ready=1
#1430 [2026-09-17 23:53:03.584] [DEBUG] [P12236:T18300] [phase=render: present] [hook=present] render frame begin index=8 swap_chain=0x00000242DB990F50 initialized=true
#1431 [2026-09-17 23:53:03.603] [DEBUG] [P12236:T18300] [phase=render: ImGui submit] [hook=present] render frame end index=8 gameplay_ready=true menu_open=false
#1432 [2026-09-17 23:53:03.621] [DEBUG] [P12236:T18300] [phase=present] [hook=present] [present] rendering context updated
#1433 [2026-09-17 23:53:03.639] [DEBUG] [P12236:T18300] [phase=present] [hook=present] [present] forwarding to original
#1434 [2026-09-17 23:53:03.658] [DEBUG] [P12236:T18300] [phase=present] [hook=present] [present] begin swap_chain=0x00000242DB990F50 sync=0 flags=0x200 ready=1
#1496 [2026-09-17 23:53:03.694] [DEBUG] [P12236:T15604] [phase=frame_stage_notify] [hook=frame_stage_notify] [frame_stage] original begin
#1499 [2026-09-17 23:53:03.747] [DEBUG] [P12236:T15604] [phase=frame_stage_notify] [hook=frame_stage_notify] [frame_stage] original end
#1500 [2026-09-17 23:53:03.770] [DEBUG] [P12236:T15604] [phase=frame_stage_notify] [hook=frame_stage_notify] [frame_stage] end stage=1
#1501 [2026-09-17 23:53:03.789] [DEBUG] [P12236:T15604] [phase=frame_stage_notify] [hook=frame_stage_notify] [frame_stage] begin stage=2 this=0x00007FF9936073C0
#1502 [2026-09-17 23:53:03.808] [DEBUG] [P12236:T15604] [phase=frame_stage_notify] [hook=frame_stage_notify] [frame_stage] original begin
#1503 [2026-09-17 23:53:03.827] [DEBUG] [P12236:T15604] [phase=frame_stage_notify] [hook=frame_stage_notify] [frame_stage] original end
#1504 [2026-09-17 23:53:03.846] [DEBUG] [P12236:T15604] [phase=frame_stage_notify] [hook=frame_stage_notify] [frame_stage] end stage=2
#1505 [2026-09-17 23:53:03.864] [DEBUG] [P12236:T15604] [phase=frame_stage_notify] [hook=frame_stage_notify] [frame_stage] begin stage=5 this=0x00007FF9936073C0
#1506 [2026-09-17 23:53:03.883] [DEBUG] [P12236:T15604] [phase=frame_stage_notify] [hook=frame_stage_notify] [frame_stage] original begin
#1507 [2026-09-17 23:53:03.902] [DEBUG] [P12236:T15604] [phase=frame_stage_notify] [hook=frame_stage_notify] [frame_stage] original end
#1508 [2026-09-17 23:53:03.921] [DEBUG] [P12236:T15604] [phase=frame_stage_notify] [hook=frame_stage_notify] [frame_stage] end stage=5
#1509 [2026-09-17 23:53:03.940] [DEBUG] [P12236:T15604] [phase=frame_stage_notify] [hook=frame_stage_notify] [frame_stage] begin stage=6 this=0x00007FF9936073C0
#1510 [2026-09-17 23:53:03.958] [DEBUG] [P12236:T15604] [phase=frame_stage_notify] [hook=frame_stage_notify] [frame_stage] guns begin
#1511 [2026-09-17 23:53:03.977] [DEBUG] [P12236:T15604] [phase=frame_stage_notify] [hook=frame_stage_notify] [frame_stage] guns end
#1512 [2026-09-17 23:53:03.995] [DEBUG] [P12236:T15604] [phase=frame_stage_notify] [hook=frame_stage_notify] [frame_stage] dlight begin
#1513 [2026-09-17 23:53:04.014] [DEBUG] [P12236:T15604] [phase=frame_stage_notify] [hook=frame_stage_notify] [frame_stage] dlight end
#1514 [2026-09-17 23:53:04.032] [DEBUG] [P12236:T15604] [phase=frame_stage_notify] [hook=frame_stage_notify] [frame_stage] original begin
#1515 [2026-09-17 23:53:04.052] [DEBUG] [P12236:T15604] [phase=frame_stage_notify] [hook=frame_stage_notify] [frame_stage] original end
#1516 [2026-09-17 23:53:04.070] [DEBUG] [P12236:T15604] [phase=frame_stage_notify] [hook=frame_stage_notify] [frame_stage] post-network feature updates begin
#1517 [2026-09-17 23:53:04.088] [DEBUG] [P12236:T15604] [phase=frame_stage_notify] [hook=frame_stage_notify] [frame_stage] post-network feature updates end
#1518 [2026-09-17 23:53:04.106] [DEBUG] [P12236:T15604] [phase=frame_stage_notify] [hook=frame_stage_notify] [frame_stage] end stage=6
#1519 [2026-09-17 23:53:04.124] [DEBUG] [P12236:T15604] [phase=frame_stage_notify] [hook=frame_stage_notify] [frame_stage] begin stage=7 this=0x00007FF9936073C0
#1520 [2026-09-17 23:53:04.141] [DEBUG] [P12236:T15604] [phase=frame_stage_notify] [hook=frame_stage_notify] [frame_stage] agents begin
#1521 [2026-09-17 23:53:04.160] [DEBUG] [P12236:T15604] [phase=frame_stage_notify] [hook=frame_stage_notify] [frame_stage] agents end; gloves begin
#1522 [2026-09-17 23:53:04.179] [DEBUG] [P12236:T15604] [phase=frame_stage_notify] [hook=frame_stage_notify] [frame_stage] gloves end; knives begin
#1523 [2026-09-17 23:53:04.198] [DEBUG] [P12236:T15604] [phase=frame_stage_notify] [hook=frame_stage_notify] [frame_stage] knives end; world begin
#1524 [2026-09-17 23:53:04.217] [DEBUG] [P12236:T15604] [phase=frame_stage_notify] [hook=frame_stage_notify] [frame_stage] scene end; weather begin
#1525 [2026-09-17 23:53:04.236] [DEBUG] [P12236:T15604] [phase=frame_stage_notify] [hook=frame_stage_notify] [frame_stage] weather end; other begin
#1526 [2026-09-17 23:53:04.254] [DEBUG] [P12236:T15604] [phase=frame_stage_notify] [hook=frame_stage_notify] [frame_stage] other end; impacts begin
#1527 [2026-09-17 23:53:04.273] [DEBUG] [P12236:T15604] [phase=frame_stage_notify] [hook=frame_stage_notify] [frame_stage] impacts end
#1528 [2026-09-17 23:53:04.291] [DEBUG] [P12236:T15604] [phase=frame_stage_notify] [hook=frame_stage_notify] [frame_stage] original begin
#1529 [2026-09-17 23:53:04.309] [DEBUG] [P12236:T15604] [phase=frame_stage_notify] [hook=frame_stage_notify] [frame_stage] original end
#1530 [2026-09-17 23:53:04.328] [DEBUG] [P12236:T15604] [phase=frame_stage_notify] [hook=frame_stage_notify] [frame_stage] end stage=7
#1531 [2026-09-17 23:53:04.347] [DEBUG] [P12236:T15604] [phase=frame_stage_notify] [hook=frame_stage_notify] [frame_stage] begin stage=8 this=0x00007FF9936073C0
#1532 [2026-09-17 23:53:04.365] [DEBUG] [P12236:T15604] [phase=frame_stage_notify] [hook=frame_stage_notify] [frame_stage] original begin
#1533 [2026-09-17 23:53:04.384] [DEBUG] [P12236:T15604] [phase=frame_stage_notify] [hook=frame_stage_notify] [frame_stage] original end
#1534 [2026-09-17 23:53:04.402] [DEBUG] [P12236:T15604] [phase=frame_stage_notify] [hook=frame_stage_notify] [frame_stage] end stage=8
#1535 [2026-09-17 23:53:04.420] [DEBUG] [P12236:T15604] [phase=frame_stage_notify] [hook=frame_stage_notify] [frame_stage] begin stage=3 this=0x00007FF9936073C0
#1536 [2026-09-17 23:53:04.438] [DEBUG] [P12236:T15604] [phase=frame_stage_notify] [hook=frame_stage_notify] [frame_stage] original begin
#1537 [2026-09-17 23:53:04.455] [DEBUG] [P12236:T15604] [phase=frame_stage_notify] [hook=frame_stage_notify] [frame_stage] original end
#1538 [2026-09-17 23:53:04.473] [DEBUG] [P12236:T15604] [phase=frame_stage_notify] [hook=frame_stage_notify] [frame_stage] end stage=3
#1539 [2026-09-17 23:53:04.498] [DEBUG] [P12236:T15604] [phase=frame_stage_notify] [hook=frame_stage_notify] [frame_stage] begin stage=12 this=0x00007FF9936073C0
#1540 [2026-09-17 23:53:04.516] [DEBUG] [P12236:T15604] [phase=frame_stage_notify] [hook=frame_stage_notify] [frame_stage] original begin
#1541 [2026-09-17 23:53:04.535] [DEBUG] [P12236:T15604] [phase=frame_stage_notify] [hook=frame_stage_notify] [frame_stage] original end
#1542 [2026-09-17 23:53:04.553] [DEBUG] [P12236:T15604] [phase=frame_stage_notify] [hook=frame_stage_notify] [frame_stage] view/frame-data update begin
#1543 [2026-09-17 23:53:04.571] [DEBUG] [P12236:T15604] [phase=frame_stage_notify] [hook=frame_stage_notify] [frame_stage] view/frame-data update end
#1544 [2026-09-17 23:53:04.590] [DEBUG] [P12236:T15604] [phase=frame_stage_notify] [hook=frame_stage_notify] [frame_stage] end stage=12
#1545 [2026-09-17 23:53:04.610] [DEBUG] [P12236:T18300] [phase=present] [hook=present] [present] begin swap_chain=0x00000242DB990F50 sync=0 flags=0x200 ready=1
#1646 [2026-09-17 23:53:04.629] [DEBUG] [P12236:T18300] [phase=present] [hook=present] [present] rendering context updated
#1647 [2026-09-17 23:53:04.648] [DEBUG] [P12236:T18300] [phase=present] [hook=present] [present] forwarding to original
#1648 [2026-09-17 23:53:04.668] [DEBUG] [P12236:T18300] [phase=present] [hook=present] [present] begin swap_chain=0x00000242DB990F50 sync=0 flags=0x200 ready=1
#1733 [2026-09-17 23:53:04.686] [DEBUG] [P12236:T18300] [phase=present] [hook=present] [present] rendering context updated
#1734 [2026-09-17 23:53:04.704] [DEBUG] [P12236:T18300] [phase=present] [hook=present] [present] forwarding to original
#1735 [2026-09-17 23:53:04.723] [DEBUG] [P12236:T18300] [phase=present] [hook=present] [present] begin swap_chain=0x00000242DB990F50 sync=0 flags=0x200 ready=1
#1814 [2026-09-17 23:53:04.741] [DEBUG] [P12236:T18300] [phase=present] [hook=present] [present] rendering context updated
#1815 [2026-09-17 23:53:04.776] [DEBUG] [P12236:T18300] [phase=present] [hook=present] [present] forwarding to original
#1816 [2026-09-17 23:53:04.813] [DEBUG] [P12236:T18300] [phase=present] [hook=present] [present] begin swap_chain=0x00000242DB990F50 sync=0 flags=0x200 ready=1
#1817 [2026-09-17 23:53:04.849] [DEBUG] [P12236:T18300] [phase=present] [hook=present] [present] rendering context updated
#1818 [2026-09-17 23:53:04.885] [DEBUG] [P12236:T18300] [phase=present] [hook=present] [present] forwarding to original
#1927 [2026-09-17 23:53:04.903] [DEBUG] [P12236:T18300] [phase=present] [hook=present] [present] begin swap_chain=0x00000242DB990F50 sync=0 flags=0x200 ready=1
#1988 [2026-09-17 23:53:04.922] [DEBUG] [P12236:T18300] [phase=present] [hook=present] [present] rendering context updated
#1989 [2026-09-17 23:53:04.941] [DEBUG] [P12236:T18300] [phase=present] [hook=present] [present] forwarding to original
#1990 [2026-09-17 23:53:04.961] [DEBUG] [P12236:T18300] [phase=present] [hook=present] [present] begin swap_chain=0x00000242DB990F50 sync=0 flags=0x200 ready=1
#1991 [2026-09-17 23:53:04.980] [DEBUG] [P12236:T18300] [phase=present] [hook=present] [present] rendering context updated
#1992 [2026-09-17 23:53:04.998] [DEBUG] [P12236:T18300] [phase=present] [hook=present] [present] forwarding to original
#1993 [2026-09-17 23:53:05.076] [DEBUG] [P12236:T15604] [phase=frame_stage_notify] [hook=frame_stage_notify] [frame_stage] begin stage=0 this=0x00007FF9936073C0
#1994 [2026-09-17 23:53:05.096] [DEBUG] [P12236:T15604] [phase=frame_stage_notify] [hook=frame_stage_notify] [frame_stage] original begin
#1995 [2026-09-17 23:53:05.115] [DEBUG] [P12236:T15604] [phase=frame_stage_notify] [hook=frame_stage_notify] [frame_stage] original end
#1996 [2026-09-17 23:53:05.133] [DEBUG] [P12236:T15604] [phase=frame_stage_notify] [hook=frame_stage_notify] [frame_stage] end stage=0
#1997 [2026-09-17 23:53:05.152] [DEBUG] [P12236:T15604] [phase=frame_stage_notify] [hook=frame_stage_notify] [frame_stage] begin stage=11 this=0x00007FF9936073C0
#1998 [2026-09-17 23:53:05.171] [DEBUG] [P12236:T15604] [phase=frame_stage_notify] [hook=frame_stage_notify] [frame_stage] original begin
#1999 [2026-09-17 23:53:05.188] [DEBUG] [P12236:T15604] [phase=frame_stage_notify] [hook=frame_stage_notify] [frame_stage] original end
#2000 [2026-09-17 23:53:05.208] [DEBUG] [P12236:T15604] [phase=frame_stage_notify] [hook=frame_stage_notify] [frame_stage] end stage=11
#2001 [2026-09-17 23:53:05.228] [DEBUG] [P12236:T15604] [phase=frame_stage_notify] [hook=frame_stage_notify] [frame_stage] begin stage=0 this=0x00007FF9936073C0
#2002 [2026-09-17 23:53:05.246] [DEBUG] [P12236:T15604] [phase=frame_stage_notify] [hook=frame_stage_notify] [frame_stage] original begin
#2003 [2026-09-17 23:53:05.264] [DEBUG] [P12236:T15604] [phase=frame_stage_notify] [hook=frame_stage_notify] [frame_stage] original end
#2004 [2026-09-17 23:53:05.282] [DEBUG] [P12236:T15604] [phase=frame_stage_notify] [hook=frame_stage_notify] [frame_stage] end stage=0
#2005 [2026-09-17 23:53:05.302] [DEBUG] [P12236:T15604] [phase=frame_stage_notify] [hook=frame_stage_notify] [frame_stage] begin stage=11 this=0x00007FF9936073C0
#2006 [2026-09-17 23:53:05.319] [DEBUG] [P12236:T15604] [phase=frame_stage_notify] [hook=frame_stage_notify] [frame_stage] original begin
#2007 [2026-09-17 23:53:05.338] [DEBUG] [P12236:T15604] [phase=frame_stage_notify] [hook=frame_stage_notify] [frame_stage] original end
#2008 [2026-09-17 23:53:05.356] [DEBUG] [P12236:T15604] [phase=frame_stage_notify] [hook=frame_stage_notify] [frame_stage] end stage=11
#2009 [2026-09-17 23:53:05.376] [DEBUG] [P12236:T15604] [phase=frame_stage_notify] [hook=frame_stage_notify] [frame_stage] begin stage=0 this=0x00007FF9936073C0
#2010 [2026-09-17 23:53:05.394] [DEBUG] [P12236:T15604] [phase=frame_stage_notify] [hook=frame_stage_notify] [frame_stage] original begin
#2011 [2026-09-17 23:53:05.413] [DEBUG] [P12236:T15604] [phase=frame_stage_notify] [hook=frame_stage_notify] [frame_stage] original end
#2012 [2026-09-17 23:53:05.431] [DEBUG] [P12236:T15604] [phase=frame_stage_notify] [hook=frame_stage_notify] [frame_stage] end stage=0
#2013 [2026-09-17 23:53:05.451] [DEBUG] [P12236:T15604] [phase=frame_stage_notify] [hook=frame_stage_notify] [frame_stage] begin stage=11 this=0x00007FF9936073C0
#2014 [2026-09-17 23:53:05.469] [DEBUG] [P12236:T15604] [phase=frame_stage_notify] [hook=frame_stage_notify] [frame_stage] original begin
#2015 [2026-09-17 23:53:05.488] [DEBUG] [P12236:T15604] [phase=frame_stage_notify] [hook=frame_stage_notify] [frame_stage] original end
#2016 [2026-09-17 23:53:05.505] [DEBUG] [P12236:T15604] [phase=frame_stage_notify] [hook=frame_stage_notify] [frame_stage] end stage=11
#2017 [2026-09-17 23:53:05.523] [DEBUG] [P12236:T15604] [phase=frame_stage_notify] [hook=frame_stage_notify] [frame_stage] begin stage=0 this=0x00007FF9936073C0
#2018 [2026-09-17 23:53:05.541] [DEBUG] [P12236:T15604] [phase=frame_stage_notify] [hook=frame_stage_notify] [frame_stage] original begin
#2019 [2026-09-17 23:53:05.561] [DEBUG] [P12236:T15604] [phase=frame_stage_notify] [hook=frame_stage_notify] [frame_stage] original end
#2020 [2026-09-17 23:53:05.579] [DEBUG] [P12236:T15604] [phase=frame_stage_notify] [hook=frame_stage_notify] [frame_stage] end stage=0
#2021 [2026-09-17 23:53:05.598] [DEBUG] [P12236:T15604] [phase=frame_stage_notify] [hook=frame_stage_notify] [frame_stage] begin stage=11 this=0x00007FF9936073C0
#2022 [2026-09-17 23:53:05.616] [DEBUG] [P12236:T15604] [phase=frame_stage_notify] [hook=frame_stage_notify] [frame_stage] original begin
#2023 [2026-09-17 23:53:05.635] [DEBUG] [P12236:T15604] [phase=frame_stage_notify] [hook=frame_stage_notify] [frame_stage] original end
#2024 [2026-09-17 23:53:05.654] [DEBUG] [P12236:T15604] [phase=frame_stage_notify] [hook=frame_stage_notify] [frame_stage] end stage=11
#2025 [2026-09-17 23:53:05.672] [DEBUG] [P12236:T15604] [phase=frame_stage_notify] [hook=frame_stage_notify] [frame_stage] begin stage=0 this=0x00007FF9936073C0
#2026 [2026-09-17 23:53:05.691] [DEBUG] [P12236:T15604] [phase=frame_stage_notify] [hook=frame_stage_notify] [frame_stage] original begin
#2027 [2026-09-17 23:53:05.710] [DEBUG] [P12236:T15604] [phase=frame_stage_notify] [hook=frame_stage_notify] [frame_stage] original end
#2028 [2026-09-17 23:53:05.729] [DEBUG] [P12236:T15604] [phase=frame_stage_notify] [hook=frame_stage_notify] [frame_stage] end stage=0
#2029 [2026-09-17 23:53:05.748] [DEBUG] [P12236:T15604] [phase=frame_stage_notify] [hook=frame_stage_notify] [frame_stage] begin stage=11 this=0x00007FF9936073C0
#2030 [2026-09-17 23:53:05.767] [DEBUG] [P12236:T15604] [phase=frame_stage_notify] [hook=frame_stage_notify] [frame_stage] original begin
#2031 [2026-09-17 23:53:05.786] [DEBUG] [P12236:T15604] [phase=frame_stage_notify] [hook=frame_stage_notify] [frame_stage] original end
#2032 [2026-09-17 23:53:05.804] [DEBUG] [P12236:T15604] [phase=frame_stage_notify] [hook=frame_stage_notify] [frame_stage] end stage=11
#2033 [2026-09-17 23:53:05.822] [DEBUG] [P12236:T15604] [phase=frame_stage_notify] [hook=frame_stage_notify] [frame_stage] begin stage=0 this=0x00007FF9936073C0
#2034 [2026-09-17 23:53:05.841] [DEBUG] [P12236:T15604] [phase=frame_stage_notify] [hook=frame_stage_notify] [frame_stage] original begin
#2035 [2026-09-17 23:53:05.859] [DEBUG] [P12236:T15604] [phase=frame_stage_notify] [hook=frame_stage_notify] [frame_stage] original end
#2036 [2026-09-17 23:53:05.877] [DEBUG] [P12236:T15604] [phase=frame_stage_notify] [hook=frame_stage_notify] [frame_stage] end stage=0
#2037 [2026-09-17 23:53:05.896] [DEBUG] [P12236:T15604] [phase=frame_stage_notify] [hook=frame_stage_notify] [frame_stage] begin stage=10 this=0x00007FF9936073C0
#2038 [2026-09-17 23:53:05.914] [DEBUG] [P12236:T15604] [phase=frame_stage_notify] [hook=frame_stage_notify] [frame_stage] original begin
#2039 [2026-09-17 23:53:05.932] [DEBUG] [P12236:T15604] [phase=frame_stage_notify] [hook=frame_stage_notify] [frame_stage] original end
#2040 [2026-09-17 23:53:05.951] [DEBUG] [P12236:T15604] [phase=frame_stage_notify] [hook=frame_stage_notify] [frame_stage] end stage=10
#2041 [2026-09-17 23:53:05.970] [DEBUG] [P12236:T15604] [phase=frame_stage_notify] [hook=frame_stage_notify] [frame_stage] begin stage=11 this=0x00007FF9936073C0
#2042 [2026-09-17 23:53:05.989] [DEBUG] [P12236:T15604] [phase=frame_stage_notify] [hook=frame_stage_notify] [frame_stage] original begin
#2043 [2026-09-17 23:53:06.008] [DEBUG] [P12236:T15604] [phase=frame_stage_notify] [hook=frame_stage_notify] [frame_stage] original end
#2044 [2026-09-17 23:53:06.027] [DEBUG] [P12236:T15604] [phase=frame_stage_notify] [hook=frame_stage_notify] [frame_stage] end stage=11
#2045 [2026-09-17 23:53:06.044] [DEBUG] [P12236:T15604] [phase=frame_stage_notify] [hook=frame_stage_notify] [frame_stage] begin stage=1 this=0x00007FF9936073C0
#2046 [2026-09-17 23:53:06.063] [DEBUG] [P12236:T15604] [phase=frame_stage_notify] [hook=frame_stage_notify] [frame_stage] original begin
#2047 [2026-09-17 23:53:06.081] [DEBUG] [P12236:T15604] [phase=frame_stage_notify] [hook=frame_stage_notify] [frame_stage] original end
#2048 [2026-09-17 23:53:06.100] [DEBUG] [P12236:T15604] [phase=frame_stage_notify] [hook=frame_stage_notify] [frame_stage] end stage=1
#2049 [2026-09-17 23:53:06.119] [DEBUG] [P12236:T15604] [phase=frame_stage_notify] [hook=frame_stage_notify] [frame_stage] begin stage=2 this=0x00007FF9936073C0
#2050 [2026-09-17 23:53:06.156] [DEBUG] [P12236:T15604] [phase=frame_stage_notify] [hook=frame_stage_notify] [frame_stage] original begin
#2051 [2026-09-17 23:53:06.175] [DEBUG] [P12236:T15604] [phase=frame_stage_notify] [hook=frame_stage_notify] [frame_stage] original end
#2052 [2026-09-17 23:53:06.194] [DEBUG] [P12236:T15604] [phase=frame_stage_notify] [hook=frame_stage_notify] [frame_stage] end stage=2
#2053 [2026-09-17 23:53:06.212] [DEBUG] [P12236:T15604] [phase=frame_stage_notify] [hook=frame_stage_notify] [frame_stage] begin stage=5 this=0x00007FF9936073C0
#2054 [2026-09-17 23:53:06.232] [DEBUG] [P12236:T15604] [phase=frame_stage_notify] [hook=frame_stage_notify] [frame_stage] original begin
#2055 [2026-09-17 23:53:06.250] [DEBUG] [P12236:T15604] [phase=frame_stage_notify] [hook=frame_stage_notify] [frame_stage] original end
#2056 [2026-09-17 23:53:06.267] [DEBUG] [P12236:T15604] [phase=frame_stage_notify] [hook=frame_stage_notify] [frame_stage] end stage=5
#2057 [2026-09-17 23:53:06.287] [DEBUG] [P12236:T15604] [phase=frame_stage_notify] [hook=frame_stage_notify] [frame_stage] begin stage=6 this=0x00007FF9936073C0
#2058 [2026-09-17 23:53:06.305] [DEBUG] [P12236:T15604] [phase=frame_stage_notify] [hook=frame_stage_notify] [frame_stage] guns begin
#2059 [2026-09-17 23:53:06.323] [DEBUG] [P12236:T15604] [phase=frame_stage_notify] [hook=frame_stage_notify] [frame_stage] guns end
#2060 [2026-09-17 23:53:06.342] [DEBUG] [P12236:T15604] [phase=frame_stage_notify] [hook=frame_stage_notify] [frame_stage] dlight begin
#2061 [2026-09-17 23:53:06.361] [DEBUG] [P12236:T15604] [phase=frame_stage_notify] [hook=frame_stage_notify] [frame_stage] dlight end
#2062 [2026-09-17 23:53:06.380] [DEBUG] [P12236:T15604] [phase=frame_stage_notify] [hook=frame_stage_notify] [frame_stage] original begin
#2063 [2026-09-17 23:53:06.398] [DEBUG] [P12236:T15604] [phase=frame_stage_notify] [hook=frame_stage_notify] [frame_stage] original end
#2064 [2026-09-17 23:53:06.418] [DEBUG] [P12236:T15604] [phase=frame_stage_notify] [hook=frame_stage_notify] [frame_stage] post-network feature updates begin
#2065 [2026-09-17 23:53:06.437] [DEBUG] [P12236:T15604] [phase=frame_stage_notify] [hook=frame_stage_notify] [frame_stage] post-network feature updates end
#2066 [2026-09-17 23:53:06.455] [DEBUG] [P12236:T15604] [phase=frame_stage_notify] [hook=frame_stage_notify] [frame_stage] end stage=6
#2067 [2026-09-17 23:53:06.474] [DEBUG] [P12236:T15604] [phase=frame_stage_notify] [hook=frame_stage_notify] [frame_stage] begin stage=7 this=0x00007FF9936073C0
#2068 [2026-09-17 23:53:06.492] [DEBUG] [P12236:T15604] [phase=frame_stage_notify] [hook=frame_stage_notify] [frame_stage] agents begin
#2069 [2026-09-17 23:53:06.511] [DEBUG] [P12236:T15604] [phase=frame_stage_notify] [hook=frame_stage_notify] [frame_stage] agents end; gloves begin
#2070 [2026-09-17 23:53:06.529] [DEBUG] [P12236:T15604] [phase=frame_stage_notify] [hook=frame_stage_notify] [frame_stage] gloves end; knives begin
#2071 [2026-09-17 23:53:06.547] [DEBUG] [P12236:T15604] [phase=frame_stage_notify] [hook=frame_stage_notify] [frame_stage] knives end; world begin
#2072 [2026-09-17 23:53:06.567] [DEBUG] [P12236:T15604] [phase=frame_stage_notify] [hook=frame_stage_notify] [frame_stage] scene end; weather begin
#2073 [2026-09-17 23:53:06.586] [DEBUG] [P12236:T15604] [phase=frame_stage_notify] [hook=frame_stage_notify] [frame_stage] weather end; other begin
#2074 [2026-09-17 23:53:06.604] [DEBUG] [P12236:T15604] [phase=frame_stage_notify] [hook=frame_stage_notify] [frame_stage] other end; impacts begin
#2075 [2026-09-17 23:53:06.622] [DEBUG] [P12236:T15604] [phase=frame_stage_notify] [hook=frame_stage_notify] [frame_stage] impacts end
#2076 [2026-09-17 23:53:06.641] [DEBUG] [P12236:T15604] [phase=frame_stage_notify] [hook=frame_stage_notify] [frame_stage] original begin
#2077 [2026-09-17 23:53:06.659] [DEBUG] [P12236:T15604] [phase=frame_stage_notify] [hook=frame_stage_notify] [frame_stage] original end
#2078 [2026-09-17 23:53:06.678] [DEBUG] [P12236:T15604] [phase=frame_stage_notify] [hook=frame_stage_notify] [frame_stage] end stage=7
#2079 [2026-09-17 23:53:06.697] [DEBUG] [P12236:T15604] [phase=frame_stage_notify] [hook=frame_stage_notify] [frame_stage] begin stage=8 this=0x00007FF9936073C0
#2080 [2026-09-17 23:53:06.715] [DEBUG] [P12236:T15604] [phase=frame_stage_notify] [hook=frame_stage_notify] [frame_stage] original begin
#2081 [2026-09-17 23:53:06.734] [DEBUG] [P12236:T15604] [phase=frame_stage_notify] [hook=frame_stage_notify] [frame_stage] original end
#2082 [2026-09-17 23:53:06.752] [DEBUG] [P12236:T15604] [phase=frame_stage_notify] [hook=frame_stage_notify] [frame_stage] end stage=8
#2083 [2026-09-17 23:53:06.771] [DEBUG] [P12236:T15604] [phase=frame_stage_notify] [hook=frame_stage_notify] [frame_stage] begin stage=3 this=0x00007FF9936073C0
#2084 [2026-09-17 23:53:06.789] [DEBUG] [P12236:T15604] [phase=frame_stage_notify] [hook=frame_stage_notify] [frame_stage] original begin
#2085 [2026-09-17 23:53:06.808] [DEBUG] [P12236:T15604] [phase=frame_stage_notify] [hook=frame_stage_notify] [frame_stage] original end
#2086 [2026-09-17 23:53:06.827] [DEBUG] [P12236:T15604] [phase=frame_stage_notify] [hook=frame_stage_notify] [frame_stage] end stage=3
#2087 [2026-09-17 23:53:06.846] [DEBUG] [P12236:T15604] [phase=frame_stage_notify] [hook=frame_stage_notify] [frame_stage] begin stage=12 this=0x00007FF9936073C0
#2088 [2026-09-17 23:53:06.865] [DEBUG] [P12236:T15604] [phase=frame_stage_notify] [hook=frame_stage_notify] [frame_stage] original begin
#2089 [2026-09-17 23:53:06.883] [DEBUG] [P12236:T15604] [phase=frame_stage_notify] [hook=frame_stage_notify] [frame_stage] original end
#2090 [2026-09-17 23:53:06.902] [DEBUG] [P12236:T15604] [phase=frame_stage_notify] [hook=frame_stage_notify] [frame_stage] view/frame-data update begin
#2091 [2026-09-17 23:53:06.921] [DEBUG] [P12236:T15604] [phase=frame_stage_notify] [hook=frame_stage_notify] [frame_stage] view/frame-data update end
#2092 [2026-09-17 23:53:06.939] [DEBUG] [P12236:T15604] [phase=frame_stage_notify] [hook=frame_stage_notify] [frame_stage] end stage=12
#2093 [2026-09-17 23:53:06.960] [DEBUG] [P12236:T18300] [phase=present] [hook=present] [present] begin swap_chain=0x00000242DB990F50 sync=0 flags=0x200 ready=1
#2202 [2026-09-17 23:53:06.978] [DEBUG] [P12236:T18300] [phase=present] [hook=present] [present] rendering context updated
#2203 [2026-09-17 23:53:06.996] [DEBUG] [P12236:T18300] [phase=present] [hook=present] [present] forwarding to original
#2204 [2026-09-17 23:53:07.024] [DEBUG] [P12236:T18300] [phase=present] [hook=present] [present] begin swap_chain=0x00000242DB990F50 sync=0 flags=0x200 ready=1
#2289 [2026-09-17 23:53:07.042] [DEBUG] [P12236:T18300] [phase=present] [hook=present] [present] rendering context updated
#2290 [2026-09-17 23:53:07.061] [DEBUG] [P12236:T18300] [phase=present] [hook=present] [present] forwarding to original
#2291 [2026-09-17 23:53:07.079] [DEBUG] [P12236:T18300] [phase=present] [hook=present] [present] begin swap_chain=0x00000242DB990F50 sync=0 flags=0x200 ready=1
#2368 [2026-09-17 23:53:07.097] [DEBUG] [P12236:T18300] [phase=present] [hook=present] [present] rendering context updated
#2369 [2026-09-17 23:53:07.116] [DEBUG] [P12236:T18300] [phase=present] [hook=present] [present] forwarding to original
#2370 [2026-09-17 23:53:07.136] [DEBUG] [P12236:T18300] [phase=present] [hook=present] [present] begin swap_chain=0x00000242DB990F50 sync=0 flags=0x200 ready=1
#2455 [2026-09-17 23:53:07.155] [DEBUG] [P12236:T18300] [phase=present] [hook=present] [present] rendering context updated
#2456 [2026-09-17 23:53:07.173] [DEBUG] [P12236:T18300] [phase=present] [hook=present] [present] forwarding to original
#2457 [2026-09-17 23:53:07.192] [DEBUG] [P12236:T18300] [phase=present] [hook=present] [present] begin swap_chain=0x00000242DB990F50 sync=0 flags=0x200 ready=1
#2542 [2026-09-17 23:53:07.210] [DEBUG] [P12236:T18300] [phase=present] [hook=present] [present] rendering context updated
#2543 [2026-09-17 23:53:07.247] [DEBUG] [P12236:T18300] [phase=present] [hook=present] [present] forwarding to original
#2544 [2026-09-17 23:53:07.267] [DEBUG] [P12236:T18300] [phase=present] [hook=present] [present] begin swap_chain=0x00000242DB990F50 sync=0 flags=0x200 ready=1
#2629 [2026-09-17 23:53:07.302] [DEBUG] [P12236:T18300] [phase=present] [hook=present] [present] rendering context updated
#2630 [2026-09-17 23:53:07.374] [DEBUG] [P12236:T18300] [phase=present] [hook=present] [present] forwarding to original
#2631 [2026-09-17 23:53:07.448] [DEBUG] [P12236:T18300] [phase=present] [hook=present] [present] begin swap_chain=0x00000242DB990F50 sync=0 flags=0x200 ready=1
#2740 [2026-09-17 23:53:07.466] [DEBUG] [P12236:T18300] [phase=present] [hook=present] [present] rendering context updated
#2741 [2026-09-17 23:53:07.486] [DEBUG] [P12236:T18300] [phase=present] [hook=present] [present] forwarding to original
#2742 [2026-09-17 23:53:07.505] [DEBUG] [P12236:T18300] [phase=present] [hook=present] [present] begin swap_chain=0x00000242DB990F50 sync=0 flags=0x200 ready=1
#2819 [2026-09-17 23:53:07.523] [DEBUG] [P12236:T18300] [phase=present] [hook=present] [present] rendering context updated
#2820 [2026-09-17 23:53:07.541] [DEBUG] [P12236:T18300] [phase=present] [hook=present] [present] forwarding to original
#2821 [2026-09-17 23:53:07.562] [DEBUG] [P12236:T18300] [phase=present] [hook=present] [present] begin swap_chain=0x00000242DB990F50 sync=0 flags=0x200 ready=1
#2906 [2026-09-17 23:53:07.580] [DEBUG] [P12236:T18300] [phase=present] [hook=present] [present] rendering context updated
#2907 [2026-09-17 23:53:07.599] [DEBUG] [P12236:T18300] [phase=present] [hook=present] [present] forwarding to original
#2908 [2026-09-17 23:53:07.618] [DEBUG] [P12236:T18300] [phase=present] [hook=present] [present] begin swap_chain=0x00000242DB990F50 sync=0 flags=0x200 ready=1
#2995 [2026-09-17 23:53:07.636] [DEBUG] [P12236:T18300] [phase=present] [hook=present] [present] rendering context updated
#2996 [2026-09-17 23:53:07.654] [DEBUG] [P12236:T18300] [phase=present] [hook=present] [present] forwarding to original
#2997 [2026-09-17 23:53:07.674] [DEBUG] [P12236:T18300] [phase=present] [hook=present] [present] begin swap_chain=0x00000242DB990F50 sync=0 flags=0x200 ready=1
#3074 [2026-09-17 23:53:07.692] [DEBUG] [P12236:T18300] [phase=present] [hook=present] [present] rendering context updated
#3075 [2026-09-17 23:53:07.711] [DEBUG] [P12236:T18300] [phase=present] [hook=present] [present] forwarding to original
#3076 [2026-09-17 23:53:07.731] [DEBUG] [P12236:T18300] [phase=present] [hook=present] [present] begin swap_chain=0x00000242DB990F50 sync=0 flags=0x200 ready=1
#3101 [2026-09-17 23:53:07.749] [DEBUG] [P12236:T15604] [phase=frame_stage_notify] [hook=frame_stage_notify] [frame_stage] begin stage=0 this=0x00007FF9936073C0
#3104 [2026-09-17 23:53:07.768] [DEBUG] [P12236:T15604] [phase=frame_stage_notify] [hook=frame_stage_notify] [frame_stage] original begin
#3105 [2026-09-17 23:53:07.786] [DEBUG] [P12236:T15604] [phase=frame_stage_notify] [hook=frame_stage_notify] [frame_stage] original end
#3106 [2026-09-17 23:53:07.804] [DEBUG] [P12236:T15604] [phase=frame_stage_notify] [hook=frame_stage_notify] [frame_stage] end stage=0
#3107 [2026-09-17 23:53:07.822] [DEBUG] [P12236:T15604] [phase=frame_stage_notify] [hook=frame_stage_notify] [frame_stage] begin stage=10 this=0x00007FF9936073C0
#3108 [2026-09-17 23:53:07.841] [DEBUG] [P12236:T15604] [phase=frame_stage_notify] [hook=frame_stage_notify] [frame_stage] original begin
#3109 [2026-09-17 23:53:07.859] [DEBUG] [P12236:T15604] [phase=frame_stage_notify] [hook=frame_stage_notify] [frame_stage] original end
#3110 [2026-09-17 23:53:07.876] [DEBUG] [P12236:T15604] [phase=frame_stage_notify] [hook=frame_stage_notify] [frame_stage] end stage=10
#3111 [2026-09-17 23:53:07.896] [DEBUG] [P12236:T15604] [phase=frame_stage_notify] [hook=frame_stage_notify] [frame_stage] begin stage=11 this=0x00007FF9936073C0
#3112 [2026-09-17 23:53:07.915] [DEBUG] [P12236:T15604] [phase=frame_stage_notify] [hook=frame_stage_notify] [frame_stage] original begin
#3113 [2026-09-17 23:53:07.935] [DEBUG] [P12236:T15604] [phase=frame_stage_notify] [hook=frame_stage_notify] [frame_stage] original end
#3114 [2026-09-17 23:53:07.954] [DEBUG] [P12236:T15604] [phase=frame_stage_notify] [hook=frame_stage_notify] [frame_stage] end stage=11
#3115 [2026-09-17 23:53:07.972] [DEBUG] [P12236:T15604] [phase=frame_stage_notify] [hook=frame_stage_notify] [frame_stage] begin stage=1 this=0x00007FF9936073C0
#3116 [2026-09-17 23:53:07.990] [DEBUG] [P12236:T15604] [phase=frame_stage_notify] [hook=frame_stage_notify] [frame_stage] original begin
#3117 [2026-09-17 23:53:08.009] [DEBUG] [P12236:T15604] [phase=frame_stage_notify] [hook=frame_stage_notify] [frame_stage] original end
#3118 [2026-09-17 23:53:08.028] [DEBUG] [P12236:T15604] [phase=frame_stage_notify] [hook=frame_stage_notify] [frame_stage] end stage=1
#3119 [2026-09-17 23:53:08.047] [DEBUG] [P12236:T15604] [phase=frame_stage_notify] [hook=frame_stage_notify] [frame_stage] begin stage=2 this=0x00007FF9936073C0
#3120 [2026-09-17 23:53:08.065] [DEBUG] [P12236:T15604] [phase=frame_stage_notify] [hook=frame_stage_notify] [frame_stage] original begin
#3121 [2026-09-17 23:53:08.082] [DEBUG] [P12236:T15604] [phase=frame_stage_notify] [hook=frame_stage_notify] [frame_stage] original end
#3122 [2026-09-17 23:53:08.100] [DEBUG] [P12236:T15604] [phase=frame_stage_notify] [hook=frame_stage_notify] [frame_stage] end stage=2
#3123 [2026-09-17 23:53:08.119] [DEBUG] [P12236:T15604] [phase=frame_stage_notify] [hook=frame_stage_notify] [frame_stage] begin stage=5 this=0x00007FF9936073C0
#3124 [2026-09-17 23:53:08.137] [DEBUG] [P12236:T15604] [phase=frame_stage_notify] [hook=frame_stage_notify] [frame_stage] original begin
#3125 [2026-09-17 23:53:08.156] [DEBUG] [P12236:T15604] [phase=frame_stage_notify] [hook=frame_stage_notify] [frame_stage] original end
#3126 [2026-09-17 23:53:08.174] [DEBUG] [P12236:T15604] [phase=frame_stage_notify] [hook=frame_stage_notify] [frame_stage] end stage=5
#3127 [2026-09-17 23:53:08.193] [DEBUG] [P12236:T15604] [phase=frame_stage_notify] [hook=frame_stage_notify] [frame_stage] begin stage=6 this=0x00007FF9936073C0
#3128 [2026-09-17 23:53:08.212] [DEBUG] [P12236:T15604] [phase=frame_stage_notify] [hook=frame_stage_notify] [frame_stage] guns begin
#3129 [2026-09-17 23:53:08.231] [DEBUG] [P12236:T15604] [phase=frame_stage_notify] [hook=frame_stage_notify] [frame_stage] guns end
#3130 [2026-09-17 23:53:08.249] [DEBUG] [P12236:T15604] [phase=frame_stage_notify] [hook=frame_stage_notify] [frame_stage] dlight begin
#3131 [2026-09-17 23:53:08.267] [DEBUG] [P12236:T15604] [phase=frame_stage_notify] [hook=frame_stage_notify] [frame_stage] dlight end
#3132 [2026-09-17 23:53:08.285] [DEBUG] [P12236:T15604] [phase=frame_stage_notify] [hook=frame_stage_notify] [frame_stage] original begin
#3133 [2026-09-17 23:53:08.303] [DEBUG] [P12236:T15604] [phase=frame_stage_notify] [hook=frame_stage_notify] [frame_stage] original end
#3134 [2026-09-17 23:53:08.321] [DEBUG] [P12236:T15604] [phase=frame_stage_notify] [hook=frame_stage_notify] [frame_stage] post-network feature updates begin
#3135 [2026-09-17 23:53:08.339] [DEBUG] [P12236:T15604] [phase=frame_stage_notify] [hook=frame_stage_notify] [frame_stage] post-network feature updates end
#3136 [2026-09-17 23:53:08.357] [DEBUG] [P12236:T15604] [phase=frame_stage_notify] [hook=frame_stage_notify] [frame_stage] end stage=6
#3137 [2026-09-17 23:53:08.376] [DEBUG] [P12236:T15604] [phase=frame_stage_notify] [hook=frame_stage_notify] [frame_stage] begin stage=7 this=0x00007FF9936073C0
#3138 [2026-09-17 23:53:08.394] [DEBUG] [P12236:T15604] [phase=frame_stage_notify] [hook=frame_stage_notify] [frame_stage] agents begin
#3139 [2026-09-17 23:53:08.412] [DEBUG] [P12236:T15604] [phase=frame_stage_notify] [hook=frame_stage_notify] [frame_stage] agents end; gloves begin
#3140 [2026-09-17 23:53:08.431] [DEBUG] [P12236:T15604] [phase=frame_stage_notify] [hook=frame_stage_notify] [frame_stage] gloves end; knives begin
#3141 [2026-09-17 23:53:08.450] [DEBUG] [P12236:T15604] [phase=frame_stage_notify] [hook=frame_stage_notify] [frame_stage] knives end; world begin
#3142 [2026-09-17 23:53:08.469] [DEBUG] [P12236:T15604] [phase=frame_stage_notify] [hook=frame_stage_notify] [frame_stage] scene end; weather begin
#3143 [2026-09-17 23:53:08.488] [DEBUG] [P12236:T15604] [phase=frame_stage_notify] [hook=frame_stage_notify] [frame_stage] weather end; other begin
#3144 [2026-09-17 23:53:08.507] [DEBUG] [P12236:T15604] [phase=frame_stage_notify] [hook=frame_stage_notify] [frame_stage] other end; impacts begin
#3145 [2026-09-17 23:53:08.543] [DEBUG] [P12236:T15604] [phase=frame_stage_notify] [hook=frame_stage_notify] [frame_stage] impacts end
#3146 [2026-09-17 23:53:08.578] [DEBUG] [P12236:T15604] [phase=frame_stage_notify] [hook=frame_stage_notify] [frame_stage] original begin
#3147 [2026-09-17 23:53:08.630] [DEBUG] [P12236:T15604] [phase=frame_stage_notify] [hook=frame_stage_notify] [frame_stage] original end
#3148 [2026-09-17 23:53:08.648] [DEBUG] [P12236:T15604] [phase=frame_stage_notify] [hook=frame_stage_notify] [frame_stage] end stage=7
#3149 [2026-09-17 23:53:08.666] [DEBUG] [P12236:T15604] [phase=frame_stage_notify] [hook=frame_stage_notify] [frame_stage] begin stage=8 this=0x00007FF9936073C0
#3150 [2026-09-17 23:53:08.684] [DEBUG] [P12236:T15604] [phase=frame_stage_notify] [hook=frame_stage_notify] [frame_stage] original begin
#3151 [2026-09-17 23:53:08.702] [DEBUG] [P12236:T15604] [phase=frame_stage_notify] [hook=frame_stage_notify] [frame_stage] original end
#3152 [2026-09-17 23:53:08.721] [DEBUG] [P12236:T15604] [phase=frame_stage_notify] [hook=frame_stage_notify] [frame_stage] end stage=8
#3153 [2026-09-17 23:53:08.739] [DEBUG] [P12236:T15604] [phase=frame_stage_notify] [hook=frame_stage_notify] [frame_stage] begin stage=3 this=0x00007FF9936073C0
#3154 [2026-09-17 23:53:08.758] [DEBUG] [P12236:T15604] [phase=frame_stage_notify] [hook=frame_stage_notify] [frame_stage] original begin
#3155 [2026-09-17 23:53:08.776] [DEBUG] [P12236:T15604] [phase=frame_stage_notify] [hook=frame_stage_notify] [frame_stage] original end
#3156 [2026-09-17 23:53:08.795] [DEBUG] [P12236:T15604] [phase=frame_stage_notify] [hook=frame_stage_notify] [frame_stage] end stage=3
#3157 [2026-09-17 23:53:08.816] [DEBUG] [P12236:T15604] [phase=frame_stage_notify] [hook=frame_stage_notify] [frame_stage] begin stage=12 this=0x00007FF9936073C0
#3158 [2026-09-17 23:53:08.835] [DEBUG] [P12236:T15604] [phase=frame_stage_notify] [hook=frame_stage_notify] [frame_stage] original begin
#3159 [2026-09-17 23:53:08.854] [DEBUG] [P12236:T15604] [phase=frame_stage_notify] [hook=frame_stage_notify] [frame_stage] original end
#3160 [2026-09-17 23:53:08.872] [DEBUG] [P12236:T15604] [phase=frame_stage_notify] [hook=frame_stage_notify] [frame_stage] view/frame-data update begin
#3161 [2026-09-17 23:53:08.889] [DEBUG] [P12236:T15604] [phase=frame_stage_notify] [hook=frame_stage_notify] [frame_stage] view/frame-data update end
#3162 [2026-09-17 23:53:08.907] [DEBUG] [P12236:T15604] [phase=frame_stage_notify] [hook=frame_stage_notify] [frame_stage] end stage=12
#3163 [2026-09-17 23:53:08.928] [DEBUG] [P12236:T18300] [phase=present] [hook=present] [present] begin swap_chain=0x00000242DB990F50 sync=0 flags=0x200 ready=1
#3272 [2026-09-17 23:53:08.947] [DEBUG] [P12236:T18300] [phase=present] [hook=present] [present] rendering context updated
#3273 [2026-09-17 23:53:08.965] [DEBUG] [P12236:T18300] [phase=present] [hook=present] [present] forwarding to original
#3274 [2026-09-17 23:53:08.986] [DEBUG] [P12236:T18300] [phase=present] [hook=present] [present] begin swap_chain=0x00000242DB990F50 sync=0 flags=0x200 ready=1
#3359 [2026-09-17 23:53:09.005] [DEBUG] [P12236:T18300] [phase=present] [hook=present] [present] rendering context updated
#3360 [2026-09-17 23:53:09.024] [DEBUG] [P12236:T18300] [phase=present] [hook=present] [present] forwarding to original
#3361 [2026-09-17 23:53:09.043] [DEBUG] [P12236:T18300] [phase=present] [hook=present] [present] begin swap_chain=0x00000242DB990F50 sync=0 flags=0x200 ready=1
#3438 [2026-09-17 23:53:09.062] [DEBUG] [P12236:T18300] [phase=present] [hook=present] [present] rendering context updated
#3439 [2026-09-17 23:53:09.081] [DEBUG] [P12236:T18300] [phase=present] [hook=present] [present] forwarding to original
#3440 [2026-09-17 23:53:09.100] [DEBUG] [P12236:T18300] [phase=present] [hook=present] [present] begin swap_chain=0x00000242DB990F50 sync=0 flags=0x200 ready=1
#3525 [2026-09-17 23:53:09.119] [DEBUG] [P12236:T18300] [phase=present] [hook=present] [present] rendering context updated
#3526 [2026-09-17 23:53:09.138] [DEBUG] [P12236:T18300] [phase=present] [hook=present] [present] forwarding to original
#3527 [2026-09-17 23:53:09.157] [DEBUG] [P12236:T18300] [phase=present] [hook=present] [present] begin swap_chain=0x00000242DB990F50 sync=0 flags=0x200 ready=1
#3606 [2026-09-17 23:53:09.176] [DEBUG] [P12236:T18300] [phase=present] [hook=present] [present] rendering context updated
#3613 [2026-09-17 23:53:09.194] [DEBUG] [P12236:T18300] [phase=present] [hook=present] [present] forwarding to original
#3614 [2026-09-17 23:53:09.214] [DEBUG] [P12236:T18300] [phase=present] [hook=present] [present] begin swap_chain=0x00000242DB990F50 sync=0 flags=0x200 ready=1
#3691 [2026-09-17 23:53:09.233] [DEBUG] [P12236:T18300] [phase=present] [hook=present] [present] rendering context updated
#3692 [2026-09-17 23:53:09.252] [DEBUG] [P12236:T18300] [phase=present] [hook=present] [present] forwarding to original
#3693 [2026-09-17 23:53:09.271] [DEBUG] [P12236:T18300] [phase=present] [hook=present] [present] begin swap_chain=0x00000242DB990F50 sync=0 flags=0x200 ready=1
#3779 [2026-09-17 23:53:09.309] [DEBUG] [P12236:T18300] [phase=present] [hook=present] [present] rendering context updated
#3780 [2026-09-17 23:53:09.362] [DEBUG] [P12236:T18300] [phase=present] [hook=present] [present] forwarding to original
#3781 [2026-09-17 23:53:09.384] [DEBUG] [P12236:T15604] [phase=frame_stage_notify] [hook=frame_stage_notify] [frame_stage] begin stage=0 this=0x00007FF9936073C0
#3785 [2026-09-17 23:53:09.402] [DEBUG] [P12236:T15604] [phase=frame_stage_notify] [hook=frame_stage_notify] [frame_stage] original begin
#3786 [2026-09-17 23:53:09.420] [DEBUG] [P12236:T15604] [phase=frame_stage_notify] [hook=frame_stage_notify] [frame_stage] original end
#3787 [2026-09-17 23:53:09.438] [DEBUG] [P12236:T15604] [phase=frame_stage_notify] [hook=frame_stage_notify] [frame_stage] end stage=0
#3788 [2026-09-17 23:53:09.457] [DEBUG] [P12236:T15604] [phase=frame_stage_notify] [hook=frame_stage_notify] [frame_stage] begin stage=11 this=0x00007FF9936073C0
#3789 [2026-09-17 23:53:09.475] [DEBUG] [P12236:T15604] [phase=frame_stage_notify] [hook=frame_stage_notify] [frame_stage] original begin
#3790 [2026-09-17 23:53:09.495] [DEBUG] [P12236:T15604] [phase=frame_stage_notify] [hook=frame_stage_notify] [frame_stage] original end
#3791 [2026-09-17 23:53:09.513] [DEBUG] [P12236:T15604] [phase=frame_stage_notify] [hook=frame_stage_notify] [frame_stage] end stage=11
#3792 [2026-09-17 23:53:09.531] [DEBUG] [P12236:T15604] [phase=frame_stage_notify] [hook=frame_stage_notify] [frame_stage] begin stage=0 this=0x00007FF9936073C0
#3793 [2026-09-17 23:53:09.549] [DEBUG] [P12236:T15604] [phase=frame_stage_notify] [hook=frame_stage_notify] [frame_stage] original begin
#3794 [2026-09-17 23:53:09.567] [DEBUG] [P12236:T15604] [phase=frame_stage_notify] [hook=frame_stage_notify] [frame_stage] original end
#3795 [2026-09-17 23:53:09.585] [DEBUG] [P12236:T15604] [phase=frame_stage_notify] [hook=frame_stage_notify] [frame_stage] end stage=0
#3796 [2026-09-17 23:53:09.604] [DEBUG] [P12236:T15604] [phase=frame_stage_notify] [hook=frame_stage_notify] [frame_stage] begin stage=11 this=0x00007FF9936073C0
#3797 [2026-09-17 23:53:09.623] [DEBUG] [P12236:T15604] [phase=frame_stage_notify] [hook=frame_stage_notify] [frame_stage] original begin
#3798 [2026-09-17 23:53:09.642] [DEBUG] [P12236:T15604] [phase=frame_stage_notify] [hook=frame_stage_notify] [frame_stage] original end
#3799 [2026-09-17 23:53:09.660] [DEBUG] [P12236:T15604] [phase=frame_stage_notify] [hook=frame_stage_notify] [frame_stage] end stage=11
#3800 [2026-09-17 23:53:09.679] [DEBUG] [P12236:T15604] [phase=frame_stage_notify] [hook=frame_stage_notify] [frame_stage] begin stage=0 this=0x00007FF9936073C0
#3801 [2026-09-17 23:53:09.696] [DEBUG] [P12236:T15604] [phase=frame_stage_notify] [hook=frame_stage_notify] [frame_stage] original begin
#3802 [2026-09-17 23:53:09.716] [DEBUG] [P12236:T15604] [phase=frame_stage_notify] [hook=frame_stage_notify] [frame_stage] original end
#3803 [2026-09-17 23:53:09.735] [DEBUG] [P12236:T15604] [phase=frame_stage_notify] [hook=frame_stage_notify] [frame_stage] end stage=0
#3804 [2026-09-17 23:53:09.754] [DEBUG] [P12236:T15604] [phase=frame_stage_notify] [hook=frame_stage_notify] [frame_stage] begin stage=11 this=0x00007FF9936073C0
#3805 [2026-09-17 23:53:09.773] [DEBUG] [P12236:T15604] [phase=frame_stage_notify] [hook=frame_stage_notify] [frame_stage] original begin
#3806 [2026-09-17 23:53:09.791] [DEBUG] [P12236:T15604] [phase=frame_stage_notify] [hook=frame_stage_notify] [frame_stage] original end
#3807 [2026-09-17 23:53:09.810] [DEBUG] [P12236:T15604] [phase=frame_stage_notify] [hook=frame_stage_notify] [frame_stage] end stage=11
#3808 [2026-09-17 23:53:09.828] [DEBUG] [P12236:T15604] [phase=frame_stage_notify] [hook=frame_stage_notify] [frame_stage] begin stage=0 this=0x00007FF9936073C0
#3809 [2026-09-17 23:53:09.847] [DEBUG] [P12236:T15604] [phase=frame_stage_notify] [hook=frame_stage_notify] [frame_stage] original begin
#3810 [2026-09-17 23:53:09.866] [DEBUG] [P12236:T15604] [phase=frame_stage_notify] [hook=frame_stage_notify] [frame_stage] original end
#3811 [2026-09-17 23:53:09.885] [DEBUG] [P12236:T15604] [phase=frame_stage_notify] [hook=frame_stage_notify] [frame_stage] end stage=0
#3812 [2026-09-17 23:53:09.904] [DEBUG] [P12236:T15604] [phase=frame_stage_notify] [hook=frame_stage_notify] [frame_stage] begin stage=11 this=0x00007FF9936073C0
#3813 [2026-09-17 23:53:09.923] [DEBUG] [P12236:T15604] [phase=frame_stage_notify] [hook=frame_stage_notify] [frame_stage] original begin
#3814 [2026-09-17 23:53:09.941] [DEBUG] [P12236:T15604] [phase=frame_stage_notify] [hook=frame_stage_notify] [frame_stage] original end
#3815 [2026-09-17 23:53:09.960] [DEBUG] [P12236:T15604] [phase=frame_stage_notify] [hook=frame_stage_notify] [frame_stage] end stage=11
#3816 [2026-09-17 23:53:09.979] [DEBUG] [P12236:T15604] [phase=frame_stage_notify] [hook=frame_stage_notify] [frame_stage] begin stage=0 this=0x00007FF9936073C0
#3817 [2026-09-17 23:53:09.998] [DEBUG] [P12236:T15604] [phase=frame_stage_notify] [hook=frame_stage_notify] [frame_stage] original begin
#3818 [2026-09-17 23:53:10.015] [DEBUG] [P12236:T15604] [phase=frame_stage_notify] [hook=frame_stage_notify] [frame_stage] original end
#3819 [2026-09-17 23:53:10.034] [DEBUG] [P12236:T15604] [phase=frame_stage_notify] [hook=frame_stage_notify] [frame_stage] end stage=0
#3820 [2026-09-17 23:53:10.052] [DEBUG] [P12236:T15604] [phase=frame_stage_notify] [hook=frame_stage_notify] [frame_stage] begin stage=11 this=0x00007FF9936073C0
#3821 [2026-09-17 23:53:10.071] [DEBUG] [P12236:T15604] [phase=frame_stage_notify] [hook=frame_stage_notify] [frame_stage] original begin
#3822 [2026-09-17 23:53:10.090] [DEBUG] [P12236:T15604] [phase=frame_stage_notify] [hook=frame_stage_notify] [frame_stage] original end
#3823 [2026-09-17 23:53:10.108] [DEBUG] [P12236:T15604] [phase=frame_stage_notify] [hook=frame_stage_notify] [frame_stage] end stage=11
#3824 [2026-09-17 23:53:10.127] [DEBUG] [P12236:T15604] [phase=frame_stage_notify] [hook=frame_stage_notify] [frame_stage] begin stage=0 this=0x00007FF9936073C0
#3825 [2026-09-17 23:53:10.146] [DEBUG] [P12236:T15604] [phase=frame_stage_notify] [hook=frame_stage_notify] [frame_stage] original begin
#3826 [2026-09-17 23:53:10.164] [DEBUG] [P12236:T15604] [phase=frame_stage_notify] [hook=frame_stage_notify] [frame_stage] original end
#3827 [2026-09-17 23:53:10.183] [DEBUG] [P12236:T15604] [phase=frame_stage_notify] [hook=frame_stage_notify] [frame_stage] end stage=0
#3828 [2026-09-17 23:53:10.201] [DEBUG] [P12236:T15604] [phase=frame_stage_notify] [hook=frame_stage_notify] [frame_stage] begin stage=10 this=0x00007FF9936073C0
#3829 [2026-09-17 23:53:10.219] [DEBUG] [P12236:T15604] [phase=frame_stage_notify] [hook=frame_stage_notify] [frame_stage] original begin
#3830 [2026-09-17 23:53:10.256] [DEBUG] [P12236:T15604] [phase=frame_stage_notify] [hook=frame_stage_notify] [frame_stage] original end
#3831 [2026-09-17 23:53:10.294] [DEBUG] [P12236:T15604] [phase=frame_stage_notify] [hook=frame_stage_notify] [frame_stage] end stage=10
#3832 [2026-09-17 23:53:10.313] [DEBUG] [P12236:T15604] [phase=frame_stage_notify] [hook=frame_stage_notify] [frame_stage] begin stage=11 this=0x00007FF9936073C0
#3833 [2026-09-17 23:53:10.332] [DEBUG] [P12236:T15604] [phase=frame_stage_notify] [hook=frame_stage_notify] [frame_stage] original begin
#3834 [2026-09-17 23:53:10.351] [DEBUG] [P12236:T15604] [phase=frame_stage_notify] [hook=frame_stage_notify] [frame_stage] original end
#3835 [2026-09-17 23:53:10.370] [DEBUG] [P12236:T15604] [phase=frame_stage_notify] [hook=frame_stage_notify] [frame_stage] end stage=11
#3836 [2026-09-17 23:53:10.388] [DEBUG] [P12236:T15604] [phase=frame_stage_notify] [hook=frame_stage_notify] [frame_stage] begin stage=1 this=0x00007FF9936073C0
#3837 [2026-09-17 23:53:10.407] [DEBUG] [P12236:T15604] [phase=frame_stage_notify] [hook=frame_stage_notify] [frame_stage] original begin
#3838 [2026-09-17 23:53:10.426] [DEBUG] [P12236:T15604] [phase=frame_stage_notify] [hook=frame_stage_notify] [frame_stage] original end
#3839 [2026-09-17 23:53:10.445] [DEBUG] [P12236:T15604] [phase=frame_stage_notify] [hook=frame_stage_notify] [frame_stage] end stage=1
#3840 [2026-09-17 23:53:10.463] [DEBUG] [P12236:T15604] [phase=frame_stage_notify] [hook=frame_stage_notify] [frame_stage] begin stage=2 this=0x00007FF9936073C0
#3841 [2026-09-17 23:53:10.482] [DEBUG] [P12236:T15604] [phase=frame_stage_notify] [hook=frame_stage_notify] [frame_stage] original begin
#3842 [2026-09-17 23:53:10.500] [DEBUG] [P12236:T15604] [phase=frame_stage_notify] [hook=frame_stage_notify] [frame_stage] original end
#3843 [2026-09-17 23:53:10.519] [DEBUG] [P12236:T15604] [phase=frame_stage_notify] [hook=frame_stage_notify] [frame_stage] end stage=2
#3844 [2026-09-17 23:53:10.537] [DEBUG] [P12236:T15604] [phase=frame_stage_notify] [hook=frame_stage_notify] [frame_stage] begin stage=5 this=0x00007FF9936073C0
#3845 [2026-09-17 23:53:10.555] [DEBUG] [P12236:T15604] [phase=frame_stage_notify] [hook=frame_stage_notify] [frame_stage] original begin
#3846 [2026-09-17 23:53:10.573] [DEBUG] [P12236:T15604] [phase=frame_stage_notify] [hook=frame_stage_notify] [frame_stage] original end
#3847 [2026-09-17 23:53:10.594] [DEBUG] [P12236:T15604] [phase=frame_stage_notify] [hook=frame_stage_notify] [frame_stage] end stage=5
#3848 [2026-09-17 23:53:10.613] [DEBUG] [P12236:T15604] [phase=frame_stage_notify] [hook=frame_stage_notify] [frame_stage] begin stage=6 this=0x00007FF9936073C0
#3849 [2026-09-17 23:53:10.632] [DEBUG] [P12236:T15604] [phase=frame_stage_notify] [hook=frame_stage_notify] [frame_stage] guns begin
#3850 [2026-09-17 23:53:10.651] [DEBUG] [P12236:T15604] [phase=frame_stage_notify] [hook=frame_stage_notify] [frame_stage] guns end
#3851 [2026-09-17 23:53:10.670] [DEBUG] [P12236:T15604] [phase=frame_stage_notify] [hook=frame_stage_notify] [frame_stage] dlight begin
#3852 [2026-09-17 23:53:10.688] [DEBUG] [P12236:T15604] [phase=frame_stage_notify] [hook=frame_stage_notify] [frame_stage] dlight end
#3853 [2026-09-17 23:53:10.706] [DEBUG] [P12236:T15604] [phase=frame_stage_notify] [hook=frame_stage_notify] [frame_stage] original begin
#3854 [2026-09-17 23:53:10.724] [DEBUG] [P12236:T15604] [phase=frame_stage_notify] [hook=frame_stage_notify] [frame_stage] original end
#3855 [2026-09-17 23:53:10.742] [DEBUG] [P12236:T15604] [phase=frame_stage_notify] [hook=frame_stage_notify] [frame_stage] post-network feature updates begin
#3856 [2026-09-17 23:53:10.761] [DEBUG] [P12236:T15604] [phase=frame_stage_notify] [hook=frame_stage_notify] [frame_stage] post-network feature updates end
#3857 [2026-09-17 23:53:10.779] [DEBUG] [P12236:T15604] [phase=frame_stage_notify] [hook=frame_stage_notify] [frame_stage] end stage=6
#3858 [2026-09-17 23:53:10.797] [DEBUG] [P12236:T15604] [phase=frame_stage_notify] [hook=frame_stage_notify] [frame_stage] begin stage=7 this=0x00007FF9936073C0
#3859 [2026-09-17 23:53:10.816] [DEBUG] [P12236:T15604] [phase=frame_stage_notify] [hook=frame_stage_notify] [frame_stage] agents begin
#3860 [2026-09-17 23:53:10.833] [DEBUG] [P12236:T15604] [phase=frame_stage_notify] [hook=frame_stage_notify] [frame_stage] agents end; gloves begin
#3861 [2026-09-17 23:53:10.853] [DEBUG] [P12236:T15604] [phase=frame_stage_notify] [hook=frame_stage_notify] [frame_stage] gloves end; knives begin
#3862 [2026-09-17 23:53:10.872] [DEBUG] [P12236:T15604] [phase=frame_stage_notify] [hook=frame_stage_notify] [frame_stage] knives end; world begin
#3863 [2026-09-17 23:53:10.891] [DEBUG] [P12236:T15604] [phase=frame_stage_notify] [hook=frame_stage_notify] [frame_stage] scene end; weather begin
#3864 [2026-09-17 23:53:10.909] [DEBUG] [P12236:T15604] [phase=frame_stage_notify] [hook=frame_stage_notify] [frame_stage] weather end; other begin
#3865 [2026-09-17 23:53:10.944] [DEBUG] [P12236:T15604] [phase=frame_stage_notify] [hook=frame_stage_notify] [frame_stage] other end; impacts begin
#3866 [2026-09-17 23:53:10.962] [DEBUG] [P12236:T15604] [phase=frame_stage_notify] [hook=frame_stage_notify] [frame_stage] impacts end
#3867 [2026-09-17 23:53:10.981] [DEBUG] [P12236:T15604] [phase=frame_stage_notify] [hook=frame_stage_notify] [frame_stage] original begin
#3868 [2026-09-17 23:53:10.999] [DEBUG] [P12236:T15604] [phase=frame_stage_notify] [hook=frame_stage_notify] [frame_stage] original end
#3869 [2026-09-17 23:53:11.019] [DEBUG] [P12236:T15604] [phase=frame_stage_notify] [hook=frame_stage_notify] [frame_stage] end stage=7
#3870 [2026-09-17 23:53:11.037] [DEBUG] [P12236:T15604] [phase=frame_stage_notify] [hook=frame_stage_notify] [frame_stage] begin stage=8 this=0x00007FF9936073C0
#3871 [2026-09-17 23:53:11.055] [DEBUG] [P12236:T15604] [phase=frame_stage_notify] [hook=frame_stage_notify] [frame_stage] original begin
#3872 [2026-09-17 23:53:11.074] [DEBUG] [P12236:T15604] [phase=frame_stage_notify] [hook=frame_stage_notify] [frame_stage] original end
#3873 [2026-09-17 23:53:11.093] [DEBUG] [P12236:T15604] [phase=frame_stage_notify] [hook=frame_stage_notify] [frame_stage] end stage=8
#3874 [2026-09-17 23:53:11.111] [DEBUG] [P12236:T15604] [phase=frame_stage_notify] [hook=frame_stage_notify] [frame_stage] begin stage=3 this=0x00007FF9936073C0
#3875 [2026-09-17 23:53:11.129] [DEBUG] [P12236:T15604] [phase=frame_stage_notify] [hook=frame_stage_notify] [frame_stage] original begin
#3876 [2026-09-17 23:53:11.147] [DEBUG] [P12236:T15604] [phase=frame_stage_notify] [hook=frame_stage_notify] [frame_stage] original end
#3877 [2026-09-17 23:53:11.165] [DEBUG] [P12236:T15604] [phase=frame_stage_notify] [hook=frame_stage_notify] [frame_stage] end stage=3
#3878 [2026-09-17 23:53:11.185] [DEBUG] [P12236:T15604] [phase=frame_stage_notify] [hook=frame_stage_notify] [frame_stage] begin stage=12 this=0x00007FF9936073C0
#3879 [2026-09-17 23:53:11.204] [DEBUG] [P12236:T15604] [phase=frame_stage_notify] [hook=frame_stage_notify] [frame_stage] original begin
#3880 [2026-09-17 23:53:11.222] [DEBUG] [P12236:T15604] [phase=frame_stage_notify] [hook=frame_stage_notify] [frame_stage] original end
#3881 [2026-09-17 23:53:11.241] [DEBUG] [P12236:T15604] [phase=frame_stage_notify] [hook=frame_stage_notify] [frame_stage] view/frame-data update begin
#3882 [2026-09-17 23:53:11.260] [DEBUG] [P12236:T15604] [phase=frame_stage_notify] [hook=frame_stage_notify] [frame_stage] view/frame-data update end
#3883 [2026-09-17 23:53:11.279] [DEBUG] [P12236:T15604] [phase=frame_stage_notify] [hook=frame_stage_notify] [frame_stage] end stage=12
#3884 [2026-09-17 23:53:11.306] [DEBUG] [P12236:T15604] [phase=frame_stage_notify] [hook=frame_stage_notify] [frame_stage] begin stage=0 this=0x00007FF9936073C0
#3888 [2026-09-17 23:53:11.324] [DEBUG] [P12236:T15604] [phase=frame_stage_notify] [hook=frame_stage_notify] [frame_stage] original begin
#3889 [2026-09-17 23:53:11.342] [DEBUG] [P12236:T15604] [phase=frame_stage_notify] [hook=frame_stage_notify] [frame_stage] original end
#3890 [2026-09-17 23:53:11.361] [DEBUG] [P12236:T15604] [phase=frame_stage_notify] [hook=frame_stage_notify] [frame_stage] end stage=0
#3891 [2026-09-17 23:53:11.381] [DEBUG] [P12236:T15604] [phase=frame_stage_notify] [hook=frame_stage_notify] [frame_stage] begin stage=11 this=0x00007FF9936073C0
#3892 [2026-09-17 23:53:11.399] [DEBUG] [P12236:T15604] [phase=frame_stage_notify] [hook=frame_stage_notify] [frame_stage] original begin
#3893 [2026-09-17 23:53:11.417] [DEBUG] [P12236:T15604] [phase=frame_stage_notify] [hook=frame_stage_notify] [frame_stage] original end
#3894 [2026-09-17 23:53:11.436] [DEBUG] [P12236:T15604] [phase=frame_stage_notify] [hook=frame_stage_notify] [frame_stage] end stage=11
#3895 [2026-09-17 23:53:11.455] [DEBUG] [P12236:T15604] [phase=frame_stage_notify] [hook=frame_stage_notify] [frame_stage] begin stage=0 this=0x00007FF9936073C0
#3896 [2026-09-17 23:53:11.474] [DEBUG] [P12236:T15604] [phase=frame_stage_notify] [hook=frame_stage_notify] [frame_stage] original begin
#3897 [2026-09-17 23:53:11.492] [DEBUG] [P12236:T15604] [phase=frame_stage_notify] [hook=frame_stage_notify] [frame_stage] original end
#3898 [2026-09-17 23:53:11.511] [DEBUG] [P12236:T15604] [phase=frame_stage_notify] [hook=frame_stage_notify] [frame_stage] end stage=0
#3899 [2026-09-17 23:53:11.530] [DEBUG] [P12236:T15604] [phase=frame_stage_notify] [hook=frame_stage_notify] [frame_stage] begin stage=11 this=0x00007FF9936073C0
#3900 [2026-09-17 23:53:11.549] [DEBUG] [P12236:T15604] [phase=frame_stage_notify] [hook=frame_stage_notify] [frame_stage] original begin
#3901 [2026-09-17 23:53:11.584] [DEBUG] [P12236:T15604] [phase=frame_stage_notify] [hook=frame_stage_notify] [frame_stage] original end
#3902 [2026-09-17 23:53:11.603] [DEBUG] [P12236:T15604] [phase=frame_stage_notify] [hook=frame_stage_notify] [frame_stage] end stage=11
#3903 [2026-09-17 23:53:11.621] [DEBUG] [P12236:T15604] [phase=frame_stage_notify] [hook=frame_stage_notify] [frame_stage] begin stage=0 this=0x00007FF9936073C0
#3904 [2026-09-17 23:53:11.640] [DEBUG] [P12236:T15604] [phase=frame_stage_notify] [hook=frame_stage_notify] [frame_stage] original begin
#3905 [2026-09-17 23:53:11.658] [DEBUG] [P12236:T15604] [phase=frame_stage_notify] [hook=frame_stage_notify] [frame_stage] original end
#3906 [2026-09-17 23:53:11.678] [DEBUG] [P12236:T15604] [phase=frame_stage_notify] [hook=frame_stage_notify] [frame_stage] end stage=0
#3907 [2026-09-17 23:53:11.697] [DEBUG] [P12236:T15604] [phase=frame_stage_notify] [hook=frame_stage_notify] [frame_stage] begin stage=11 this=0x00007FF9936073C0
#3908 [2026-09-17 23:53:11.715] [DEBUG] [P12236:T15604] [phase=frame_stage_notify] [hook=frame_stage_notify] [frame_stage] original begin
#3909 [2026-09-17 23:53:11.734] [DEBUG] [P12236:T15604] [phase=frame_stage_notify] [hook=frame_stage_notify] [frame_stage] original end
#3910 [2026-09-17 23:53:11.752] [DEBUG] [P12236:T15604] [phase=frame_stage_notify] [hook=frame_stage_notify] [frame_stage] end stage=11
#3911 [2026-09-17 23:53:11.771] [DEBUG] [P12236:T15604] [phase=frame_stage_notify] [hook=frame_stage_notify] [frame_stage] begin stage=0 this=0x00007FF9936073C0
#3912 [2026-09-17 23:53:11.789] [DEBUG] [P12236:T15604] [phase=frame_stage_notify] [hook=frame_stage_notify] [frame_stage] original begin
#3913 [2026-09-17 23:53:11.807] [DEBUG] [P12236:T15604] [phase=frame_stage_notify] [hook=frame_stage_notify] [frame_stage] original end
#3914 [2026-09-17 23:53:11.825] [DEBUG] [P12236:T15604] [phase=frame_stage_notify] [hook=frame_stage_notify] [frame_stage] end stage=0
#3915 [2026-09-17 23:53:11.845] [DEBUG] [P12236:T15604] [phase=frame_stage_notify] [hook=frame_stage_notify] [frame_stage] begin stage=11 this=0x00007FF9936073C0
#3916 [2026-09-17 23:53:11.864] [DEBUG] [P12236:T15604] [phase=frame_stage_notify] [hook=frame_stage_notify] [frame_stage] original begin
#3917 [2026-09-17 23:53:11.883] [DEBUG] [P12236:T15604] [phase=frame_stage_notify] [hook=frame_stage_notify] [frame_stage] original end
#3918 [2026-09-17 23:53:11.902] [DEBUG] [P12236:T15604] [phase=frame_stage_notify] [hook=frame_stage_notify] [frame_stage] end stage=11
#3919 [2026-09-17 23:53:11.921] [DEBUG] [P12236:T15604] [phase=frame_stage_notify] [hook=frame_stage_notify] [frame_stage] begin stage=0 this=0x00007FF9936073C0
#3920 [2026-09-17 23:53:11.940] [DEBUG] [P12236:T15604] [phase=frame_stage_notify] [hook=frame_stage_notify] [frame_stage] original begin
#3921 [2026-09-17 23:53:11.958] [DEBUG] [P12236:T15604] [phase=frame_stage_notify] [hook=frame_stage_notify] [frame_stage] original end
#3922 [2026-09-17 23:53:11.977] [DEBUG] [P12236:T15604] [phase=frame_stage_notify] [hook=frame_stage_notify] [frame_stage] end stage=0
#3923 [2026-09-17 23:53:11.996] [DEBUG] [P12236:T15604] [phase=frame_stage_notify] [hook=frame_stage_notify] [frame_stage] begin stage=11 this=0x00007FF9936073C0
#3924 [2026-09-17 23:53:12.014] [DEBUG] [P12236:T15604] [phase=frame_stage_notify] [hook=frame_stage_notify] [frame_stage] original begin
#3925 [2026-09-17 23:53:12.032] [DEBUG] [P12236:T15604] [phase=frame_stage_notify] [hook=frame_stage_notify] [frame_stage] original end
#3926 [2026-09-17 23:53:12.050] [DEBUG] [P12236:T15604] [phase=frame_stage_notify] [hook=frame_stage_notify] [frame_stage] end stage=11
#3927 [2026-09-17 23:53:12.068] [DEBUG] [P12236:T15604] [phase=frame_stage_notify] [hook=frame_stage_notify] [frame_stage] begin stage=0 this=0x00007FF9936073C0
#3928 [2026-09-17 23:53:12.088] [DEBUG] [P12236:T15604] [phase=frame_stage_notify] [hook=frame_stage_notify] [frame_stage] original begin
#3929 [2026-09-17 23:53:12.106] [DEBUG] [P12236:T15604] [phase=frame_stage_notify] [hook=frame_stage_notify] [frame_stage] original end
#3930 [2026-09-17 23:53:12.125] [DEBUG] [P12236:T15604] [phase=frame_stage_notify] [hook=frame_stage_notify] [frame_stage] end stage=0
#3931 [2026-09-17 23:53:12.144] [DEBUG] [P12236:T15604] [phase=frame_stage_notify] [hook=frame_stage_notify] [frame_stage] begin stage=11 this=0x00007FF9936073C0
#3932 [2026-09-17 23:53:12.162] [DEBUG] [P12236:T15604] [phase=frame_stage_notify] [hook=frame_stage_notify] [frame_stage] original begin
#3933 [2026-09-17 23:53:12.181] [DEBUG] [P12236:T15604] [phase=frame_stage_notify] [hook=frame_stage_notify] [frame_stage] original end
#3934 [2026-09-17 23:53:12.199] [DEBUG] [P12236:T15604] [phase=frame_stage_notify] [hook=frame_stage_notify] [frame_stage] end stage=11
#3935 [2026-09-17 23:53:12.218] [DEBUG] [P12236:T15604] [phase=frame_stage_notify] [hook=frame_stage_notify] [frame_stage] begin stage=0 this=0x00007FF9936073C0
#3936 [2026-09-17 23:53:12.237] [DEBUG] [P12236:T15604] [phase=frame_stage_notify] [hook=frame_stage_notify] [frame_stage] original begin
#3937 [2026-09-17 23:53:12.255] [DEBUG] [P12236:T15604] [phase=frame_stage_notify] [hook=frame_stage_notify] [frame_stage] original end
#3938 [2026-09-17 23:53:12.274] [DEBUG] [P12236:T15604] [phase=frame_stage_notify] [hook=frame_stage_notify] [frame_stage] end stage=0
#3939 [2026-09-17 23:53:12.293] [DEBUG] [P12236:T15604] [phase=frame_stage_notify] [hook=frame_stage_notify] [frame_stage] begin stage=10 this=0x00007FF9936073C0
#3940 [2026-09-17 23:53:12.311] [DEBUG] [P12236:T15604] [phase=frame_stage_notify] [hook=frame_stage_notify] [frame_stage] original begin
#3941 [2026-09-17 23:53:12.330] [DEBUG] [P12236:T15604] [phase=frame_stage_notify] [hook=frame_stage_notify] [frame_stage] original end
#3942 [2026-09-17 23:53:12.349] [DEBUG] [P12236:T15604] [phase=frame_stage_notify] [hook=frame_stage_notify] [frame_stage] end stage=10
#3943 [2026-09-17 23:53:12.367] [DEBUG] [P12236:T15604] [phase=frame_stage_notify] [hook=frame_stage_notify] [frame_stage] begin stage=11 this=0x00007FF9936073C0
#3944 [2026-09-17 23:53:12.386] [DEBUG] [P12236:T15604] [phase=frame_stage_notify] [hook=frame_stage_notify] [frame_stage] original begin
#3945 [2026-09-17 23:53:12.404] [DEBUG] [P12236:T15604] [phase=frame_stage_notify] [hook=frame_stage_notify] [frame_stage] original end
#3946 [2026-09-17 23:53:12.423] [DEBUG] [P12236:T15604] [phase=frame_stage_notify] [hook=frame_stage_notify] [frame_stage] end stage=11
#3947 [2026-09-17 23:53:12.441] [DEBUG] [P12236:T15604] [phase=frame_stage_notify] [hook=frame_stage_notify] [frame_stage] begin stage=1 this=0x00007FF9936073C0
#3948 [2026-09-17 23:53:12.459] [DEBUG] [P12236:T15604] [phase=frame_stage_notify] [hook=frame_stage_notify] [frame_stage] original begin
#3949 [2026-09-17 23:53:12.477] [DEBUG] [P12236:T15604] [phase=frame_stage_notify] [hook=frame_stage_notify] [frame_stage] original end
#3950 [2026-09-17 23:53:12.497] [DEBUG] [P12236:T15604] [phase=frame_stage_notify] [hook=frame_stage_notify] [frame_stage] end stage=1
#3951 [2026-09-17 23:53:12.516] [DEBUG] [P12236:T15604] [phase=frame_stage_notify] [hook=frame_stage_notify] [frame_stage] begin stage=2 this=0x00007FF9936073C0
#3952 [2026-09-17 23:53:12.535] [DEBUG] [P12236:T15604] [phase=frame_stage_notify] [hook=frame_stage_notify] [frame_stage] original begin
#3953 [2026-09-17 23:53:12.553] [DEBUG] [P12236:T15604] [phase=frame_stage_notify] [hook=frame_stage_notify] [frame_stage] original end
#3954 [2026-09-17 23:53:12.572] [DEBUG] [P12236:T15604] [phase=frame_stage_notify] [hook=frame_stage_notify] [frame_stage] end stage=2
#3955 [2026-09-17 23:53:12.590] [DEBUG] [P12236:T15604] [phase=frame_stage_notify] [hook=frame_stage_notify] [frame_stage] begin stage=5 this=0x00007FF9936073C0
#3956 [2026-09-17 23:53:12.608] [DEBUG] [P12236:T15604] [phase=frame_stage_notify] [hook=frame_stage_notify] [frame_stage] original begin
#3957 [2026-09-17 23:53:12.627] [DEBUG] [P12236:T15604] [phase=frame_stage_notify] [hook=frame_stage_notify] [frame_stage] original end
#3958 [2026-09-17 23:53:12.645] [DEBUG] [P12236:T15604] [phase=frame_stage_notify] [hook=frame_stage_notify] [frame_stage] end stage=5
#3959 [2026-09-17 23:53:12.664] [DEBUG] [P12236:T15604] [phase=frame_stage_notify] [hook=frame_stage_notify] [frame_stage] begin stage=6 this=0x00007FF9936073C0
#3960 [2026-09-17 23:53:12.682] [DEBUG] [P12236:T15604] [phase=frame_stage_notify] [hook=frame_stage_notify] [frame_stage] guns begin
#3961 [2026-09-17 23:53:12.700] [DEBUG] [P12236:T15604] [phase=frame_stage_notify] [hook=frame_stage_notify] [frame_stage] guns end
#3962 [2026-09-17 23:53:12.718] [DEBUG] [P12236:T15604] [phase=frame_stage_notify] [hook=frame_stage_notify] [frame_stage] dlight begin
#3963 [2026-09-17 23:53:12.736] [DEBUG] [P12236:T15604] [phase=frame_stage_notify] [hook=frame_stage_notify] [frame_stage] dlight end
#3964 [2026-09-17 23:53:12.755] [DEBUG] [P12236:T15604] [phase=frame_stage_notify] [hook=frame_stage_notify] [frame_stage] original begin
#3965 [2026-09-17 23:53:12.773] [DEBUG] [P12236:T15604] [phase=frame_stage_notify] [hook=frame_stage_notify] [frame_stage] original end
#3966 [2026-09-17 23:53:12.792] [DEBUG] [P12236:T15604] [phase=frame_stage_notify] [hook=frame_stage_notify] [frame_stage] post-network feature updates begin
#3967 [2026-09-17 23:53:12.811] [DEBUG] [P12236:T15604] [phase=frame_stage_notify] [hook=frame_stage_notify] [frame_stage] post-network feature updates end
#3968 [2026-09-17 23:53:12.829] [DEBUG] [P12236:T15604] [phase=frame_stage_notify] [hook=frame_stage_notify] [frame_stage] end stage=6
#3969 [2026-09-17 23:53:12.847] [DEBUG] [P12236:T15604] [phase=frame_stage_notify] [hook=frame_stage_notify] [frame_stage] begin stage=7 this=0x00007FF9936073C0
#3970 [2026-09-17 23:53:12.865] [DEBUG] [P12236:T15604] [phase=frame_stage_notify] [hook=frame_stage_notify] [frame_stage] agents begin
#3971 [2026-09-17 23:53:12.884] [DEBUG] [P12236:T15604] [phase=frame_stage_notify] [hook=frame_stage_notify] [frame_stage] agents end; gloves begin
#3972 [2026-09-17 23:53:12.902] [DEBUG] [P12236:T15604] [phase=frame_stage_notify] [hook=frame_stage_notify] [frame_stage] gloves end; knives begin
#3973 [2026-09-17 23:53:12.921] [DEBUG] [P12236:T15604] [phase=frame_stage_notify] [hook=frame_stage_notify] [frame_stage] knives end; world begin
#3974 [2026-09-17 23:53:12.956] [DEBUG] [P12236:T15604] [phase=frame_stage_notify] [hook=frame_stage_notify] [frame_stage] scene end; weather begin
#3975 [2026-09-17 23:53:12.974] [DEBUG] [P12236:T15604] [phase=frame_stage_notify] [hook=frame_stage_notify] [frame_stage] weather end; other begin
#3976 [2026-09-17 23:53:12.992] [DEBUG] [P12236:T15604] [phase=frame_stage_notify] [hook=frame_stage_notify] [frame_stage] other end; impacts begin
#3977 [2026-09-17 23:53:13.011] [DEBUG] [P12236:T15604] [phase=frame_stage_notify] [hook=frame_stage_notify] [frame_stage] impacts end
#3978 [2026-09-17 23:53:13.030] [DEBUG] [P12236:T15604] [phase=frame_stage_notify] [hook=frame_stage_notify] [frame_stage] original begin
#3979 [2026-09-17 23:53:13.050] [DEBUG] [P12236:T15604] [phase=frame_stage_notify] [hook=frame_stage_notify] [frame_stage] original end
#3980 [2026-09-17 23:53:13.069] [DEBUG] [P12236:T15604] [phase=frame_stage_notify] [hook=frame_stage_notify] [frame_stage] end stage=7
#3981 [2026-09-17 23:53:13.088] [DEBUG] [P12236:T15604] [phase=frame_stage_notify] [hook=frame_stage_notify] [frame_stage] begin stage=8 this=0x00007FF9936073C0
#3982 [2026-09-17 23:53:13.107] [DEBUG] [P12236:T15604] [phase=frame_stage_notify] [hook=frame_stage_notify] [frame_stage] original begin
#3983 [2026-09-17 23:53:13.125] [DEBUG] [P12236:T15604] [phase=frame_stage_notify] [hook=frame_stage_notify] [frame_stage] original end
#3984 [2026-09-17 23:53:13.144] [DEBUG] [P12236:T15604] [phase=frame_stage_notify] [hook=frame_stage_notify] [frame_stage] end stage=8
#3985 [2026-09-17 23:53:13.162] [DEBUG] [P12236:T15604] [phase=frame_stage_notify] [hook=frame_stage_notify] [frame_stage] begin stage=3 this=0x00007FF9936073C0
#3986 [2026-09-17 23:53:13.180] [DEBUG] [P12236:T15604] [phase=frame_stage_notify] [hook=frame_stage_notify] [frame_stage] original begin
#3987 [2026-09-17 23:53:13.199] [DEBUG] [P12236:T15604] [phase=frame_stage_notify] [hook=frame_stage_notify] [frame_stage] original end
#3988 [2026-09-17 23:53:13.217] [DEBUG] [P12236:T15604] [phase=frame_stage_notify] [hook=frame_stage_notify] [frame_stage] end stage=3
#3989 [2026-09-17 23:53:13.236] [DEBUG] [P12236:T15604] [phase=frame_stage_notify] [hook=frame_stage_notify] [frame_stage] begin stage=12 this=0x00007FF9936073C0
#3990 [2026-09-17 23:53:13.254] [DEBUG] [P12236:T15604] [phase=frame_stage_notify] [hook=frame_stage_notify] [frame_stage] original begin
#3991 [2026-09-17 23:53:13.272] [DEBUG] [P12236:T15604] [phase=frame_stage_notify] [hook=frame_stage_notify] [frame_stage] original end
#3992 [2026-09-17 23:53:13.291] [DEBUG] [P12236:T15604] [phase=frame_stage_notify] [hook=frame_stage_notify] [frame_stage] view/frame-data update begin
#3993 [2026-09-17 23:53:13.310] [DEBUG] [P12236:T15604] [phase=frame_stage_notify] [hook=frame_stage_notify] [frame_stage] view/frame-data update end
#3994 [2026-09-17 23:53:13.329] [DEBUG] [P12236:T15604] [phase=frame_stage_notify] [hook=frame_stage_notify] [frame_stage] end stage=12
#3995 [2026-09-17 23:53:13.358] [DEBUG] [P12236:T15604] [phase=frame_stage_notify] [hook=frame_stage_notify] [frame_stage] begin stage=0 this=0x00007FF9936073C0
#3999 [2026-09-17 23:53:13.376] [DEBUG] [P12236:T15604] [phase=frame_stage_notify] [hook=frame_stage_notify] [frame_stage] original begin
#4000 [2026-09-17 23:53:13.394] [DEBUG] [P12236:T15604] [phase=frame_stage_notify] [hook=frame_stage_notify] [frame_stage] original end
#4001 [2026-09-17 23:53:13.413] [DEBUG] [P12236:T15604] [phase=frame_stage_notify] [hook=frame_stage_notify] [frame_stage] end stage=0
#4002 [2026-09-17 23:53:13.432] [DEBUG] [P12236:T15604] [phase=frame_stage_notify] [hook=frame_stage_notify] [frame_stage] begin stage=11 this=0x00007FF9936073C0
#4003 [2026-09-17 23:53:13.450] [DEBUG] [P12236:T15604] [phase=frame_stage_notify] [hook=frame_stage_notify] [frame_stage] original begin
#4004 [2026-09-17 23:53:13.468] [DEBUG] [P12236:T15604] [phase=frame_stage_notify] [hook=frame_stage_notify] [frame_stage] original end
#4005 [2026-09-17 23:53:13.486] [DEBUG] [P12236:T15604] [phase=frame_stage_notify] [hook=frame_stage_notify] [frame_stage] end stage=11
#4006 [2026-09-17 23:53:13.504] [DEBUG] [P12236:T15604] [phase=frame_stage_notify] [hook=frame_stage_notify] [frame_stage] begin stage=0 this=0x00007FF9936073C0
#4007 [2026-09-17 23:53:13.522] [DEBUG] [P12236:T15604] [phase=frame_stage_notify] [hook=frame_stage_notify] [frame_stage] original begin
#4008 [2026-09-17 23:53:13.540] [DEBUG] [P12236:T15604] [phase=frame_stage_notify] [hook=frame_stage_notify] [frame_stage] original end
#4009 [2026-09-17 23:53:13.559] [DEBUG] [P12236:T15604] [phase=frame_stage_notify] [hook=frame_stage_notify] [frame_stage] end stage=0
#4010 [2026-09-17 23:53:13.577] [DEBUG] [P12236:T15604] [phase=frame_stage_notify] [hook=frame_stage_notify] [frame_stage] begin stage=11 this=0x00007FF9936073C0
#4011 [2026-09-17 23:53:13.612] [DEBUG] [P12236:T15604] [phase=frame_stage_notify] [hook=frame_stage_notify] [frame_stage] original begin
#4012 [2026-09-17 23:53:13.631] [DEBUG] [P12236:T15604] [phase=frame_stage_notify] [hook=frame_stage_notify] [frame_stage] original end
#4013 [2026-09-17 23:53:13.668] [DEBUG] [P12236:T15604] [phase=frame_stage_notify] [hook=frame_stage_notify] [frame_stage] end stage=11
#4014 [2026-09-17 23:53:13.719] [DEBUG] [P12236:T15604] [phase=frame_stage_notify] [hook=frame_stage_notify] [frame_stage] begin stage=0 this=0x00007FF9936073C0
#4015 [2026-09-17 23:53:13.738] [DEBUG] [P12236:T15604] [phase=frame_stage_notify] [hook=frame_stage_notify] [frame_stage] original begin
#4016 [2026-09-17 23:53:13.757] [DEBUG] [P12236:T15604] [phase=frame_stage_notify] [hook=frame_stage_notify] [frame_stage] original end
#4017 [2026-09-17 23:53:13.775] [DEBUG] [P12236:T15604] [phase=frame_stage_notify] [hook=frame_stage_notify] [frame_stage] end stage=0
#4018 [2026-09-17 23:53:13.794] [DEBUG] [P12236:T15604] [phase=frame_stage_notify] [hook=frame_stage_notify] [frame_stage] begin stage=11 this=0x00007FF9936073C0
#4019 [2026-09-17 23:53:13.813] [DEBUG] [P12236:T15604] [phase=frame_stage_notify] [hook=frame_stage_notify] [frame_stage] original begin
#4020 [2026-09-17 23:53:13.831] [DEBUG] [P12236:T15604] [phase=frame_stage_notify] [hook=frame_stage_notify] [frame_stage] original end
#4021 [2026-09-17 23:53:13.849] [DEBUG] [P12236:T15604] [phase=frame_stage_notify] [hook=frame_stage_notify] [frame_stage] end stage=11
#4022 [2026-09-17 23:53:13.867] [DEBUG] [P12236:T15604] [phase=none] [hook=frame_stage_notify] hook enter name=frame_stage_notify arg0=0x00007FF9936073C0 arg1=0x0000000000000000 arg2=0x0000000000000000 arg3=0x0000000000000000
#4023 [2026-09-17 23:53:13.886] [DEBUG] [P12236:T15604] [phase=frame_stage_notify] [hook=frame_stage_notify] [frame_stage] begin stage=0 this=0x00007FF9936073C0
#4024 [2026-09-17 23:53:13.905] [DEBUG] [P12236:T15604] [phase=frame_stage_notify] [hook=frame_stage_notify] [frame_stage] original begin
#4025 [2026-09-17 23:53:13.923] [DEBUG] [P12236:T15604] [phase=frame_stage_notify] [hook=frame_stage_notify] [frame_stage] original end
#4026 [2026-09-17 23:53:13.941] [DEBUG] [P12236:T15604] [phase=frame_stage_notify] [hook=frame_stage_notify] [frame_stage] end stage=0
#4027 [2026-09-17 23:53:13.960] [DEBUG] [P12236:T15604] [phase=none] [hook=frame_stage_notify] hook leave name=frame_stage_notify duration_ms=94
#4028 [2026-09-17 23:53:13.978] [DEBUG] [P12236:T15604] [phase=frame_stage_notify] [hook=frame_stage_notify] [frame_stage] begin stage=11 this=0x00007FF9936073C0
#4029 [2026-09-17 23:53:13.996] [DEBUG] [P12236:T15604] [phase=frame_stage_notify] [hook=frame_stage_notify] [frame_stage] original begin
#4030 [2026-09-17 23:53:14.020] [DEBUG] [P12236:T15604] [phase=frame_stage_notify] [hook=frame_stage_notify] [frame_stage] original end
#4031 [2026-09-17 23:53:14.039] [DEBUG] [P12236:T15604] [phase=frame_stage_notify] [hook=frame_stage_notify] [frame_stage] end stage=11
#4032 [2026-09-17 23:53:14.057] [DEBUG] [P12236:T15604] [phase=frame_stage_notify] [hook=frame_stage_notify] [frame_stage] begin stage=0 this=0x00007FF9936073C0
#4033 [2026-09-17 23:53:14.074] [DEBUG] [P12236:T15604] [phase=frame_stage_notify] [hook=frame_stage_notify] [frame_stage] original begin
#4034 [2026-09-17 23:53:14.092] [DEBUG] [P12236:T15604] [phase=frame_stage_notify] [hook=frame_stage_notify] [frame_stage] original end
#4035 [2026-09-17 23:53:14.110] [DEBUG] [P12236:T15604] [phase=frame_stage_notify] [hook=frame_stage_notify] [frame_stage] end stage=0
#4036 [2026-09-17 23:53:14.129] [DEBUG] [P12236:T15604] [phase=frame_stage_notify] [hook=frame_stage_notify] [frame_stage] begin stage=11 this=0x00007FF9936073C0
#4037 [2026-09-17 23:53:14.147] [DEBUG] [P12236:T15604] [phase=frame_stage_notify] [hook=frame_stage_notify] [frame_stage] original begin
#4038 [2026-09-17 23:53:14.166] [DEBUG] [P12236:T15604] [phase=frame_stage_notify] [hook=frame_stage_notify] [frame_stage] original end
#4039 [2026-09-17 23:53:14.185] [DEBUG] [P12236:T15604] [phase=frame_stage_notify] [hook=frame_stage_notify] [frame_stage] end stage=11
#4040 [2026-09-17 23:53:14.204] [DEBUG] [P12236:T15604] [phase=frame_stage_notify] [hook=frame_stage_notify] [frame_stage] begin stage=0 this=0x00007FF9936073C0
#4041 [2026-09-17 23:53:14.223] [DEBUG] [P12236:T15604] [phase=frame_stage_notify] [hook=frame_stage_notify] [frame_stage] original begin
#4042 [2026-09-17 23:53:14.241] [DEBUG] [P12236:T15604] [phase=frame_stage_notify] [hook=frame_stage_notify] [frame_stage] original end
#4043 [2026-09-17 23:53:14.260] [DEBUG] [P12236:T15604] [phase=frame_stage_notify] [hook=frame_stage_notify] [frame_stage] end stage=0
#4044 [2026-09-17 23:53:14.279] [DEBUG] [P12236:T15604] [phase=frame_stage_notify] [hook=frame_stage_notify] [frame_stage] begin stage=10 this=0x00007FF9936073C0
#4045 [2026-09-17 23:53:14.315] [DEBUG] [P12236:T15604] [phase=frame_stage_notify] [hook=frame_stage_notify] [frame_stage] original begin
#4046 [2026-09-17 23:53:14.353] [DEBUG] [P12236:T15604] [phase=frame_stage_notify] [hook=frame_stage_notify] [frame_stage] original end
#4047 [2026-09-17 23:53:14.421] [DEBUG] [P12236:T15604] [phase=frame_stage_notify] [hook=frame_stage_notify] [frame_stage] end stage=10
#4048 [2026-09-17 23:53:14.440] [DEBUG] [P12236:T15604] [phase=frame_stage_notify] [hook=frame_stage_notify] [frame_stage] begin stage=11 this=0x00007FF9936073C0
#4049 [2026-09-17 23:53:14.458] [DEBUG] [P12236:T15604] [phase=frame_stage_notify] [hook=frame_stage_notify] [frame_stage] original begin
#4050 [2026-09-17 23:53:14.476] [DEBUG] [P12236:T15604] [phase=frame_stage_notify] [hook=frame_stage_notify] [frame_stage] original end
#4051 [2026-09-17 23:53:14.495] [DEBUG] [P12236:T15604] [phase=frame_stage_notify] [hook=frame_stage_notify] [frame_stage] end stage=11
#4052 [2026-09-17 23:53:14.512] [DEBUG] [P12236:T15604] [phase=frame_stage_notify] [hook=frame_stage_notify] [frame_stage] begin stage=1 this=0x00007FF9936073C0
#4053 [2026-09-17 23:53:14.531] [DEBUG] [P12236:T15604] [phase=frame_stage_notify] [hook=frame_stage_notify] [frame_stage] original begin
#4054 [2026-09-17 23:53:14.549] [DEBUG] [P12236:T15604] [phase=frame_stage_notify] [hook=frame_stage_notify] [frame_stage] original end
#4055 [2026-09-17 23:53:14.568] [DEBUG] [P12236:T15604] [phase=frame_stage_notify] [hook=frame_stage_notify] [frame_stage] end stage=1
#4056 [2026-09-17 23:53:14.586] [DEBUG] [P12236:T15604] [phase=frame_stage_notify] [hook=frame_stage_notify] [frame_stage] begin stage=2 this=0x00007FF9936073C0
#4057 [2026-09-17 23:53:14.604] [DEBUG] [P12236:T15604] [phase=frame_stage_notify] [hook=frame_stage_notify] [frame_stage] original begin
#4058 [2026-09-17 23:53:14.622] [DEBUG] [P12236:T15604] [phase=frame_stage_notify] [hook=frame_stage_notify] [frame_stage] original end
#4059 [2026-09-17 23:53:14.640] [DEBUG] [P12236:T15604] [phase=frame_stage_notify] [hook=frame_stage_notify] [frame_stage] end stage=2
#4060 [2026-09-17 23:53:14.659] [DEBUG] [P12236:T15604] [phase=frame_stage_notify] [hook=frame_stage_notify] [frame_stage] begin stage=5 this=0x00007FF9936073C0
#4061 [2026-09-17 23:53:14.678] [DEBUG] [P12236:T15604] [phase=frame_stage_notify] [hook=frame_stage_notify] [frame_stage] original begin
#4062 [2026-09-17 23:53:14.696] [DEBUG] [P12236:T15604] [phase=frame_stage_notify] [hook=frame_stage_notify] [frame_stage] original end
#4063 [2026-09-17 23:53:14.714] [DEBUG] [P12236:T15604] [phase=frame_stage_notify] [hook=frame_stage_notify] [frame_stage] end stage=5
#4064 [2026-09-17 23:53:14.732] [DEBUG] [P12236:T15604] [phase=frame_stage_notify] [hook=frame_stage_notify] [frame_stage] begin stage=6 this=0x00007FF9936073C0
#4065 [2026-09-17 23:53:14.751] [DEBUG] [P12236:T15604] [phase=frame_stage_notify] [hook=frame_stage_notify] [frame_stage] guns begin
#4066 [2026-09-17 23:53:14.770] [DEBUG] [P12236:T15604] [phase=frame_stage_notify] [hook=frame_stage_notify] [frame_stage] guns end
#4067 [2026-09-17 23:53:14.788] [DEBUG] [P12236:T15604] [phase=frame_stage_notify] [hook=frame_stage_notify] [frame_stage] dlight begin
#4068 [2026-09-17 23:53:14.807] [DEBUG] [P12236:T15604] [phase=frame_stage_notify] [hook=frame_stage_notify] [frame_stage] dlight end
#4069 [2026-09-17 23:53:14.826] [DEBUG] [P12236:T15604] [phase=frame_stage_notify] [hook=frame_stage_notify] [frame_stage] original begin
#4070 [2026-09-17 23:53:14.844] [DEBUG] [P12236:T15604] [phase=frame_stage_notify] [hook=frame_stage_notify] [frame_stage] original end
#4071 [2026-09-17 23:53:14.863] [DEBUG] [P12236:T15604] [phase=frame_stage_notify] [hook=frame_stage_notify] [frame_stage] post-network feature updates begin
#4072 [2026-09-17 23:53:14.881] [DEBUG] [P12236:T15604] [phase=frame_stage_notify] [hook=frame_stage_notify] [frame_stage] post-network feature updates end
#4073 [2026-09-17 23:53:14.900] [DEBUG] [P12236:T15604] [phase=frame_stage_notify] [hook=frame_stage_notify] [frame_stage] end stage=6
#4074 [2026-09-17 23:53:14.918] [DEBUG] [P12236:T15604] [phase=frame_stage_notify] [hook=frame_stage_notify] [frame_stage] begin stage=7 this=0x00007FF9936073C0
#4075 [2026-09-17 23:53:14.936] [DEBUG] [P12236:T15604] [phase=frame_stage_notify] [hook=frame_stage_notify] [frame_stage] agents begin
#4076 [2026-09-17 23:53:14.955] [DEBUG] [P12236:T15604] [phase=frame_stage_notify] [hook=frame_stage_notify] [frame_stage] agents end; gloves begin
#4077 [2026-09-17 23:53:14.973] [DEBUG] [P12236:T15604] [phase=frame_stage_notify] [hook=frame_stage_notify] [frame_stage] gloves end; knives begin
#4078 [2026-09-17 23:53:14.992] [DEBUG] [P12236:T15604] [phase=frame_stage_notify] [hook=frame_stage_notify] [frame_stage] knives end; world begin
#4079 [2026-09-17 23:53:15.012] [DEBUG] [P12236:T15604] [phase=frame_stage_notify] [hook=frame_stage_notify] [frame_stage] scene end; weather begin
#4080 [2026-09-17 23:53:15.029] [DEBUG] [P12236:T15604] [phase=frame_stage_notify] [hook=frame_stage_notify] [frame_stage] weather end; other begin
#4081 [2026-09-17 23:53:15.047] [DEBUG] [P12236:T15604] [phase=frame_stage_notify] [hook=frame_stage_notify] [frame_stage] other end; impacts begin
#4082 [2026-09-17 23:53:15.065] [DEBUG] [P12236:T15604] [phase=frame_stage_notify] [hook=frame_stage_notify] [frame_stage] impacts end
#4083 [2026-09-17 23:53:15.084] [DEBUG] [P12236:T15604] [phase=frame_stage_notify] [hook=frame_stage_notify] [frame_stage] original begin
#4084 [2026-09-17 23:53:15.103] [DEBUG] [P12236:T15604] [phase=frame_stage_notify] [hook=frame_stage_notify] [frame_stage] original end
#4085 [2026-09-17 23:53:15.121] [DEBUG] [P12236:T15604] [phase=frame_stage_notify] [hook=frame_stage_notify] [frame_stage] end stage=7
#4086 [2026-09-17 23:53:15.139] [DEBUG] [P12236:T15604] [phase=frame_stage_notify] [hook=frame_stage_notify] [frame_stage] begin stage=8 this=0x00007FF9936073C0
#4087 [2026-09-17 23:53:15.157] [DEBUG] [P12236:T15604] [phase=frame_stage_notify] [hook=frame_stage_notify] [frame_stage] original begin
#4088 [2026-09-17 23:53:15.175] [DEBUG] [P12236:T15604] [phase=frame_stage_notify] [hook=frame_stage_notify] [frame_stage] original end
#4089 [2026-09-17 23:53:15.193] [DEBUG] [P12236:T15604] [phase=frame_stage_notify] [hook=frame_stage_notify] [frame_stage] end stage=8
#4090 [2026-09-17 23:53:15.211] [DEBUG] [P12236:T15604] [phase=frame_stage_notify] [hook=frame_stage_notify] [frame_stage] begin stage=3 this=0x00007FF9936073C0
#4091 [2026-09-17 23:53:15.230] [DEBUG] [P12236:T15604] [phase=frame_stage_notify] [hook=frame_stage_notify] [frame_stage] original begin
#4092 [2026-09-17 23:53:15.249] [DEBUG] [P12236:T15604] [phase=frame_stage_notify] [hook=frame_stage_notify] [frame_stage] original end
#4093 [2026-09-17 23:53:15.268] [DEBUG] [P12236:T15604] [phase=frame_stage_notify] [hook=frame_stage_notify] [frame_stage] end stage=3
#4094 [2026-09-17 23:53:15.297] [DEBUG] [P12236:T15604] [phase=frame_stage_notify] [hook=frame_stage_notify] [frame_stage] begin stage=12 this=0x00007FF9936073C0
#4095 [2026-09-17 23:53:15.316] [DEBUG] [P12236:T15604] [phase=frame_stage_notify] [hook=frame_stage_notify] [frame_stage] original begin
#4096 [2026-09-17 23:53:15.334] [DEBUG] [P12236:T15604] [phase=frame_stage_notify] [hook=frame_stage_notify] [frame_stage] original end
#4097 [2026-09-17 23:53:15.353] [DEBUG] [P12236:T15604] [phase=frame_stage_notify] [hook=frame_stage_notify] [frame_stage] view/frame-data update begin
#4098 [2026-09-17 23:53:15.370] [DEBUG] [P12236:T15604] [phase=frame_stage_notify] [hook=frame_stage_notify] [frame_stage] view/frame-data update end
#4099 [2026-09-17 23:53:15.389] [DEBUG] [P12236:T15604] [phase=frame_stage_notify] [hook=frame_stage_notify] [frame_stage] end stage=12
#4100 [2026-09-17 23:53:15.412] [DEBUG] [P12236:T15604] [phase=frame_stage_notify] [hook=frame_stage_notify] [frame_stage] begin stage=0 this=0x00007FF9936073C0
#4104 [2026-09-17 23:53:15.431] [DEBUG] [P12236:T15604] [phase=frame_stage_notify] [hook=frame_stage_notify] [frame_stage] original begin
#4105 [2026-09-17 23:53:15.449] [DEBUG] [P12236:T15604] [phase=frame_stage_notify] [hook=frame_stage_notify] [frame_stage] original end
#4106 [2026-09-17 23:53:15.468] [DEBUG] [P12236:T15604] [phase=frame_stage_notify] [hook=frame_stage_notify] [frame_stage] end stage=0
#4107 [2026-09-17 23:53:15.487] [DEBUG] [P12236:T15604] [phase=frame_stage_notify] [hook=frame_stage_notify] [frame_stage] begin stage=11 this=0x00007FF9936073C0
#4108 [2026-09-17 23:53:15.505] [DEBUG] [P12236:T15604] [phase=frame_stage_notify] [hook=frame_stage_notify] [frame_stage] original begin
#4109 [2026-09-17 23:53:15.523] [DEBUG] [P12236:T15604] [phase=frame_stage_notify] [hook=frame_stage_notify] [frame_stage] original end
#4110 [2026-09-17 23:53:15.542] [DEBUG] [P12236:T15604] [phase=frame_stage_notify] [hook=frame_stage_notify] [frame_stage] end stage=11
#4111 [2026-09-17 23:53:15.561] [DEBUG] [P12236:T15604] [phase=frame_stage_notify] [hook=frame_stage_notify] [frame_stage] begin stage=0 this=0x00007FF9936073C0
#4112 [2026-09-17 23:53:15.579] [DEBUG] [P12236:T15604] [phase=frame_stage_notify] [hook=frame_stage_notify] [frame_stage] original begin
#4113 [2026-09-17 23:53:15.598] [DEBUG] [P12236:T15604] [phase=frame_stage_notify] [hook=frame_stage_notify] [frame_stage] original end
#4114 [2026-09-17 23:53:15.616] [DEBUG] [P12236:T15604] [phase=frame_stage_notify] [hook=frame_stage_notify] [frame_stage] end stage=0
#4115 [2026-09-17 23:53:15.635] [DEBUG] [P12236:T15604] [phase=frame_stage_notify] [hook=frame_stage_notify] [frame_stage] begin stage=11 this=0x00007FF9936073C0
#4116 [2026-09-17 23:53:15.653] [DEBUG] [P12236:T15604] [phase=frame_stage_notify] [hook=frame_stage_notify] [frame_stage] original begin
#4117 [2026-09-17 23:53:15.692] [DEBUG] [P12236:T15604] [phase=frame_stage_notify] [hook=frame_stage_notify] [frame_stage] original end
#4118 [2026-09-17 23:53:15.711] [DEBUG] [P12236:T15604] [phase=frame_stage_notify] [hook=frame_stage_notify] [frame_stage] end stage=11
#4119 [2026-09-17 23:53:15.729] [DEBUG] [P12236:T15604] [phase=frame_stage_notify] [hook=frame_stage_notify] [frame_stage] begin stage=0 this=0x00007FF9936073C0
#4120 [2026-09-17 23:53:15.747] [DEBUG] [P12236:T15604] [phase=frame_stage_notify] [hook=frame_stage_notify] [frame_stage] original begin
#4121 [2026-09-17 23:53:15.766] [DEBUG] [P12236:T15604] [phase=frame_stage_notify] [hook=frame_stage_notify] [frame_stage] original end
#4122 [2026-09-17 23:53:15.783] [DEBUG] [P12236:T15604] [phase=frame_stage_notify] [hook=frame_stage_notify] [frame_stage] end stage=0
#4123 [2026-09-17 23:53:15.802] [DEBUG] [P12236:T15604] [phase=frame_stage_notify] [hook=frame_stage_notify] [frame_stage] begin stage=11 this=0x00007FF9936073C0
#4124 [2026-09-17 23:53:15.821] [DEBUG] [P12236:T15604] [phase=frame_stage_notify] [hook=frame_stage_notify] [frame_stage] original begin
#4125 [2026-09-17 23:53:15.839] [DEBUG] [P12236:T15604] [phase=frame_stage_notify] [hook=frame_stage_notify] [frame_stage] original end
#4126 [2026-09-17 23:53:15.857] [DEBUG] [P12236:T15604] [phase=frame_stage_notify] [hook=frame_stage_notify] [frame_stage] end stage=11
#4127 [2026-09-17 23:53:15.876] [DEBUG] [P12236:T15604] [phase=frame_stage_notify] [hook=frame_stage_notify] [frame_stage] begin stage=0 this=0x00007FF9936073C0
#4128 [2026-09-17 23:53:15.894] [DEBUG] [P12236:T15604] [phase=frame_stage_notify] [hook=frame_stage_notify] [frame_stage] original begin
#4129 [2026-09-17 23:53:15.913] [DEBUG] [P12236:T15604] [phase=frame_stage_notify] [hook=frame_stage_notify] [frame_stage] original end
#4130 [2026-09-17 23:53:15.931] [DEBUG] [P12236:T15604] [phase=frame_stage_notify] [hook=frame_stage_notify] [frame_stage] end stage=0
#4131 [2026-09-17 23:53:15.950] [DEBUG] [P12236:T15604] [phase=frame_stage_notify] [hook=frame_stage_notify] [frame_stage] begin stage=11 this=0x00007FF9936073C0
#4132 [2026-09-17 23:53:15.969] [DEBUG] [P12236:T15604] [phase=frame_stage_notify] [hook=frame_stage_notify] [frame_stage] original begin
#4133 [2026-09-17 23:53:15.988] [DEBUG] [P12236:T15604] [phase=frame_stage_notify] [hook=frame_stage_notify] [frame_stage] original end
#4134 [2026-09-17 23:53:16.006] [DEBUG] [P12236:T15604] [phase=frame_stage_notify] [hook=frame_stage_notify] [frame_stage] end stage=11
#4135 [2026-09-17 23:53:16.024] [DEBUG] [P12236:T15604] [phase=frame_stage_notify] [hook=frame_stage_notify] [frame_stage] begin stage=0 this=0x00007FF9936073C0
#4136 [2026-09-17 23:53:16.042] [DEBUG] [P12236:T15604] [phase=frame_stage_notify] [hook=frame_stage_notify] [frame_stage] original begin
#4137 [2026-09-17 23:53:16.077] [DEBUG] [P12236:T15604] [phase=frame_stage_notify] [hook=frame_stage_notify] [frame_stage] original end
#4138 [2026-09-17 23:53:16.114] [DEBUG] [P12236:T15604] [phase=frame_stage_notify] [hook=frame_stage_notify] [frame_stage] end stage=0
#4139 [2026-09-17 23:53:16.150] [DEBUG] [P12236:T15604] [phase=frame_stage_notify] [hook=frame_stage_notify] [frame_stage] begin stage=11 this=0x00007FF9936073C0
#4140 [2026-09-17 23:53:16.187] [DEBUG] [P12236:T15604] [phase=frame_stage_notify] [hook=frame_stage_notify] [frame_stage] original begin
#4141 [2026-09-17 23:53:16.223] [DEBUG] [P12236:T15604] [phase=frame_stage_notify] [hook=frame_stage_notify] [frame_stage] original end
#4142 [2026-09-17 23:53:16.259] [DEBUG] [P12236:T15604] [phase=frame_stage_notify] [hook=frame_stage_notify] [frame_stage] end stage=11
#4143 [2026-09-17 23:53:16.295] [DEBUG] [P12236:T15604] [phase=frame_stage_notify] [hook=frame_stage_notify] [frame_stage] begin stage=0 this=0x00007FF9936073C0
#4144 [2026-09-17 23:53:16.315] [DEBUG] [P12236:T15604] [phase=frame_stage_notify] [hook=frame_stage_notify] [frame_stage] original begin
#4145 [2026-09-17 23:53:16.334] [DEBUG] [P12236:T15604] [phase=frame_stage_notify] [hook=frame_stage_notify] [frame_stage] original end
#4146 [2026-09-17 23:53:16.352] [DEBUG] [P12236:T15604] [phase=frame_stage_notify] [hook=frame_stage_notify] [frame_stage] end stage=0
#4147 [2026-09-17 23:53:16.371] [DEBUG] [P12236:T15604] [phase=frame_stage_notify] [hook=frame_stage_notify] [frame_stage] begin stage=10 this=0x00007FF9936073C0
#4148 [2026-09-17 23:53:16.388] [DEBUG] [P12236:T15604] [phase=frame_stage_notify] [hook=frame_stage_notify] [frame_stage] original begin
#4149 [2026-09-17 23:53:16.406] [DEBUG] [P12236:T15604] [phase=frame_stage_notify] [hook=frame_stage_notify] [frame_stage] original end
#4150 [2026-09-17 23:53:16.424] [DEBUG] [P12236:T15604] [phase=frame_stage_notify] [hook=frame_stage_notify] [frame_stage] end stage=10
#4151 [2026-09-17 23:53:16.444] [DEBUG] [P12236:T15604] [phase=frame_stage_notify] [hook=frame_stage_notify] [frame_stage] begin stage=11 this=0x00007FF9936073C0
#4152 [2026-09-17 23:53:16.462] [DEBUG] [P12236:T15604] [phase=frame_stage_notify] [hook=frame_stage_notify] [frame_stage] original begin
#4153 [2026-09-17 23:53:16.481] [DEBUG] [P12236:T15604] [phase=frame_stage_notify] [hook=frame_stage_notify] [frame_stage] original end
#4154 [2026-09-17 23:53:16.499] [DEBUG] [P12236:T15604] [phase=frame_stage_notify] [hook=frame_stage_notify] [frame_stage] end stage=11
#4155 [2026-09-17 23:53:16.517] [DEBUG] [P12236:T15604] [phase=frame_stage_notify] [hook=frame_stage_notify] [frame_stage] begin stage=1 this=0x00007FF9936073C0
#4156 [2026-09-17 23:53:16.535] [DEBUG] [P12236:T15604] [phase=frame_stage_notify] [hook=frame_stage_notify] [frame_stage] original begin
#4157 [2026-09-17 23:53:16.553] [DEBUG] [P12236:T15604] [phase=frame_stage_notify] [hook=frame_stage_notify] [frame_stage] original end
#4158 [2026-09-17 23:53:16.572] [DEBUG] [P12236:T15604] [phase=frame_stage_notify] [hook=frame_stage_notify] [frame_stage] end stage=1
#4159 [2026-09-17 23:53:16.590] [DEBUG] [P12236:T15604] [phase=frame_stage_notify] [hook=frame_stage_notify] [frame_stage] begin stage=2 this=0x00007FF9936073C0
#4160 [2026-09-17 23:53:16.608] [DEBUG] [P12236:T15604] [phase=frame_stage_notify] [hook=frame_stage_notify] [frame_stage] original begin
#4161 [2026-09-17 23:53:16.627] [DEBUG] [P12236:T15604] [phase=frame_stage_notify] [hook=frame_stage_notify] [frame_stage] original end
#4162 [2026-09-17 23:53:16.645] [DEBUG] [P12236:T15604] [phase=frame_stage_notify] [hook=frame_stage_notify] [frame_stage] end stage=2
#4163 [2026-09-17 23:53:16.663] [DEBUG] [P12236:T15604] [phase=frame_stage_notify] [hook=frame_stage_notify] [frame_stage] begin stage=5 this=0x00007FF9936073C0
#4164 [2026-09-17 23:53:16.681] [DEBUG] [P12236:T15604] [phase=frame_stage_notify] [hook=frame_stage_notify] [frame_stage] original begin
#4165 [2026-09-17 23:53:16.699] [DEBUG] [P12236:T15604] [phase=frame_stage_notify] [hook=frame_stage_notify] [frame_stage] original end
#4166 [2026-09-17 23:53:16.717] [DEBUG] [P12236:T15604] [phase=frame_stage_notify] [hook=frame_stage_notify] [frame_stage] end stage=5
#4167 [2026-09-17 23:53:16.735] [DEBUG] [P12236:T15604] [phase=frame_stage_notify] [hook=frame_stage_notify] [frame_stage] begin stage=6 this=0x00007FF9936073C0
#4168 [2026-09-17 23:53:16.754] [DEBUG] [P12236:T15604] [phase=frame_stage_notify] [hook=frame_stage_notify] [frame_stage] guns begin
#4169 [2026-09-17 23:53:16.773] [DEBUG] [P12236:T15604] [phase=frame_stage_notify] [hook=frame_stage_notify] [frame_stage] guns end
#4170 [2026-09-17 23:53:16.791] [DEBUG] [P12236:T15604] [phase=frame_stage_notify] [hook=frame_stage_notify] [frame_stage] dlight begin
#4171 [2026-09-17 23:53:16.827] [DEBUG] [P12236:T15604] [phase=frame_stage_notify] [hook=frame_stage_notify] [frame_stage] dlight end
#4172 [2026-09-17 23:53:16.847] [DEBUG] [P12236:T15604] [phase=frame_stage_notify] [hook=frame_stage_notify] [frame_stage] original begin
#4173 [2026-09-17 23:53:16.865] [DEBUG] [P12236:T15604] [phase=frame_stage_notify] [hook=frame_stage_notify] [frame_stage] original end
#4174 [2026-09-17 23:53:16.883] [DEBUG] [P12236:T15604] [phase=frame_stage_notify] [hook=frame_stage_notify] [frame_stage] post-network feature updates begin
#4175 [2026-09-17 23:53:16.902] [DEBUG] [P12236:T15604] [phase=frame_stage_notify] [hook=frame_stage_notify] [frame_stage] post-network feature updates end
#4176 [2026-09-17 23:53:16.921] [DEBUG] [P12236:T15604] [phase=frame_stage_notify] [hook=frame_stage_notify] [frame_stage] end stage=6
#4177 [2026-09-17 23:53:16.938] [DEBUG] [P12236:T15604] [phase=frame_stage_notify] [hook=frame_stage_notify] [frame_stage] begin stage=7 this=0x00007FF9936073C0
#4178 [2026-09-17 23:53:16.956] [DEBUG] [P12236:T15604] [phase=frame_stage_notify] [hook=frame_stage_notify] [frame_stage] agents begin
#4179 [2026-09-17 23:53:16.974] [DEBUG] [P12236:T15604] [phase=frame_stage_notify] [hook=frame_stage_notify] [frame_stage] agents end; gloves begin
#4180 [2026-09-17 23:53:16.993] [DEBUG] [P12236:T15604] [phase=frame_stage_notify] [hook=frame_stage_notify] [frame_stage] gloves end; knives begin
#4181 [2026-09-17 23:53:17.011] [DEBUG] [P12236:T15604] [phase=frame_stage_notify] [hook=frame_stage_notify] [frame_stage] knives end; world begin
#4182 [2026-09-17 23:53:17.029] [DEBUG] [P12236:T15604] [phase=frame_stage_notify] [hook=frame_stage_notify] [frame_stage] scene end; weather begin
#4183 [2026-09-17 23:53:17.047] [DEBUG] [P12236:T15604] [phase=frame_stage_notify] [hook=frame_stage_notify] [frame_stage] weather end; other begin
#4184 [2026-09-17 23:53:17.065] [DEBUG] [P12236:T15604] [phase=frame_stage_notify] [hook=frame_stage_notify] [frame_stage] other end; impacts begin
#4185 [2026-09-17 23:53:17.083] [DEBUG] [P12236:T15604] [phase=frame_stage_notify] [hook=frame_stage_notify] [frame_stage] impacts end
#4186 [2026-09-17 23:53:17.103] [DEBUG] [P12236:T15604] [phase=frame_stage_notify] [hook=frame_stage_notify] [frame_stage] original begin
#4187 [2026-09-17 23:53:17.121] [DEBUG] [P12236:T15604] [phase=frame_stage_notify] [hook=frame_stage_notify] [frame_stage] original end
#4188 [2026-09-17 23:53:17.139] [DEBUG] [P12236:T15604] [phase=frame_stage_notify] [hook=frame_stage_notify] [frame_stage] end stage=7
#4189 [2026-09-17 23:53:17.157] [DEBUG] [P12236:T15604] [phase=frame_stage_notify] [hook=frame_stage_notify] [frame_stage] begin stage=8 this=0x00007FF9936073C0
#4190 [2026-09-17 23:53:17.175] [DEBUG] [P12236:T15604] [phase=frame_stage_notify] [hook=frame_stage_notify] [frame_stage] original begin
#4191 [2026-09-17 23:53:17.194] [DEBUG] [P12236:T15604] [phase=frame_stage_notify] [hook=frame_stage_notify] [frame_stage] original end
#4192 [2026-09-17 23:53:17.212] [DEBUG] [P12236:T15604] [phase=frame_stage_notify] [hook=frame_stage_notify] [frame_stage] end stage=8
#4193 [2026-09-17 23:53:17.231] [DEBUG] [P12236:T15604] [phase=frame_stage_notify] [hook=frame_stage_notify] [frame_stage] begin stage=3 this=0x00007FF9936073C0
#4194 [2026-09-17 23:53:17.249] [DEBUG] [P12236:T15604] [phase=frame_stage_notify] [hook=frame_stage_notify] [frame_stage] original begin
#4195 [2026-09-17 23:53:17.267] [DEBUG] [P12236:T15604] [phase=frame_stage_notify] [hook=frame_stage_notify] [frame_stage] original end
#4196 [2026-09-17 23:53:17.285] [DEBUG] [P12236:T15604] [phase=frame_stage_notify] [hook=frame_stage_notify] [frame_stage] end stage=3
#4197 [2026-09-17 23:53:17.304] [DEBUG] [P12236:T15604] [phase=frame_stage_notify] [hook=frame_stage_notify] [frame_stage] begin stage=12 this=0x00007FF9936073C0
#4198 [2026-09-17 23:53:17.323] [DEBUG] [P12236:T15604] [phase=frame_stage_notify] [hook=frame_stage_notify] [frame_stage] original begin
#4199 [2026-09-17 23:53:17.358] [DEBUG] [P12236:T15604] [phase=frame_stage_notify] [hook=frame_stage_notify] [frame_stage] original end
#4200 [2026-09-17 23:53:17.377] [DEBUG] [P12236:T15604] [phase=frame_stage_notify] [hook=frame_stage_notify] [frame_stage] view/frame-data update begin
#4201 [2026-09-17 23:53:17.395] [DEBUG] [P12236:T15604] [phase=frame_stage_notify] [hook=frame_stage_notify] [frame_stage] view/frame-data update end
#4202 [2026-09-17 23:53:17.414] [DEBUG] [P12236:T15604] [phase=frame_stage_notify] [hook=frame_stage_notify] [frame_stage] end stage=12
#4203 [2026-09-17 23:53:17.438] [DEBUG] [P12236:T18300] [phase=present] [hook=present] [present] begin swap_chain=0x00000242DB990F50 sync=0 flags=0x200 ready=1
#4312 [2026-09-17 23:53:17.457] [DEBUG] [P12236:T18300] [phase=present] [hook=present] [present] rendering context updated
#4313 [2026-09-17 23:53:17.476] [DEBUG] [P12236:T18300] [phase=present] [hook=present] [present] forwarding to original
#4314 [2026-09-17 23:53:17.494] [DEBUG] [P12236:T15604] [phase=frame_stage_notify] [hook=frame_stage_notify] [frame_stage] begin stage=0 this=0x00007FF9936073C0
#4318 [2026-09-17 23:53:17.513] [DEBUG] [P12236:T15604] [phase=frame_stage_notify] [hook=frame_stage_notify] [frame_stage] original begin
#4319 [2026-09-17 23:53:17.532] [DEBUG] [P12236:T15604] [phase=frame_stage_notify] [hook=frame_stage_notify] [frame_stage] original end
#4320 [2026-09-17 23:53:17.551] [DEBUG] [P12236:T15604] [phase=frame_stage_notify] [hook=frame_stage_notify] [frame_stage] end stage=0
#4321 [2026-09-17 23:53:17.570] [DEBUG] [P12236:T15604] [phase=frame_stage_notify] [hook=frame_stage_notify] [frame_stage] begin stage=11 this=0x00007FF9936073C0
#4322 [2026-09-17 23:53:17.588] [DEBUG] [P12236:T15604] [phase=frame_stage_notify] [hook=frame_stage_notify] [frame_stage] original begin
#4323 [2026-09-17 23:53:17.606] [DEBUG] [P12236:T15604] [phase=frame_stage_notify] [hook=frame_stage_notify] [frame_stage] original end
#4324 [2026-09-17 23:53:17.623] [DEBUG] [P12236:T15604] [phase=frame_stage_notify] [hook=frame_stage_notify] [frame_stage] end stage=11
#4325 [2026-09-17 23:53:17.642] [DEBUG] [P12236:T15604] [phase=frame_stage_notify] [hook=frame_stage_notify] [frame_stage] begin stage=0 this=0x00007FF9936073C0
#4326 [2026-09-17 23:53:17.661] [DEBUG] [P12236:T15604] [phase=frame_stage_notify] [hook=frame_stage_notify] [frame_stage] original begin
#4327 [2026-09-17 23:53:17.680] [DEBUG] [P12236:T15604] [phase=frame_stage_notify] [hook=frame_stage_notify] [frame_stage] original end
#4328 [2026-09-17 23:53:17.698] [DEBUG] [P12236:T15604] [phase=frame_stage_notify] [hook=frame_stage_notify] [frame_stage] end stage=0
#4329 [2026-09-17 23:53:17.716] [DEBUG] [P12236:T15604] [phase=frame_stage_notify] [hook=frame_stage_notify] [frame_stage] begin stage=11 this=0x00007FF9936073C0
#4330 [2026-09-17 23:53:17.735] [DEBUG] [P12236:T15604] [phase=frame_stage_notify] [hook=frame_stage_notify] [frame_stage] original begin
#4331 [2026-09-17 23:53:17.753] [DEBUG] [P12236:T15604] [phase=frame_stage_notify] [hook=frame_stage_notify] [frame_stage] original end
#4332 [2026-09-17 23:53:17.772] [DEBUG] [P12236:T15604] [phase=frame_stage_notify] [hook=frame_stage_notify] [frame_stage] end stage=11
#4333 [2026-09-17 23:53:17.790] [DEBUG] [P12236:T15604] [phase=frame_stage_notify] [hook=frame_stage_notify] [frame_stage] begin stage=0 this=0x00007FF9936073C0
#4334 [2026-09-17 23:53:17.808] [DEBUG] [P12236:T15604] [phase=frame_stage_notify] [hook=frame_stage_notify] [frame_stage] original begin
#4335 [2026-09-17 23:53:17.827] [DEBUG] [P12236:T15604] [phase=frame_stage_notify] [hook=frame_stage_notify] [frame_stage] original end
#4336 [2026-09-17 23:53:17.844] [DEBUG] [P12236:T15604] [phase=frame_stage_notify] [hook=frame_stage_notify] [frame_stage] end stage=0
#4337 [2026-09-17 23:53:17.864] [DEBUG] [P12236:T15604] [phase=frame_stage_notify] [hook=frame_stage_notify] [frame_stage] begin stage=10 this=0x00007FF9936073C0
#4338 [2026-09-17 23:53:17.882] [DEBUG] [P12236:T15604] [phase=frame_stage_notify] [hook=frame_stage_notify] [frame_stage] original begin
#4339 [2026-09-17 23:53:17.900] [DEBUG] [P12236:T15604] [phase=frame_stage_notify] [hook=frame_stage_notify] [frame_stage] original end
#4340 [2026-09-17 23:53:17.918] [DEBUG] [P12236:T15604] [phase=frame_stage_notify] [hook=frame_stage_notify] [frame_stage] end stage=10
#4341 [2026-09-17 23:53:17.935] [DEBUG] [P12236:T15604] [phase=frame_stage_notify] [hook=frame_stage_notify] [frame_stage] begin stage=11 this=0x00007FF9936073C0
#4342 [2026-09-17 23:53:17.954] [DEBUG] [P12236:T15604] [phase=frame_stage_notify] [hook=frame_stage_notify] [frame_stage] original begin
#4343 [2026-09-17 23:53:17.973] [DEBUG] [P12236:T15604] [phase=frame_stage_notify] [hook=frame_stage_notify] [frame_stage] original end
#4344 [2026-09-17 23:53:17.991] [DEBUG] [P12236:T15604] [phase=frame_stage_notify] [hook=frame_stage_notify] [frame_stage] end stage=11
#4345 [2026-09-17 23:53:18.010] [DEBUG] [P12236:T15604] [phase=frame_stage_notify] [hook=frame_stage_notify] [frame_stage] begin stage=1 this=0x00007FF9936073C0
#4346 [2026-09-17 23:53:18.028] [DEBUG] [P12236:T15604] [phase=frame_stage_notify] [hook=frame_stage_notify] [frame_stage] original begin
#4347 [2026-09-17 23:53:18.046] [DEBUG] [P12236:T15604] [phase=frame_stage_notify] [hook=frame_stage_notify] [frame_stage] original end
#4348 [2026-09-17 23:53:18.064] [DEBUG] [P12236:T15604] [phase=frame_stage_notify] [hook=frame_stage_notify] [frame_stage] end stage=1
#4349 [2026-09-17 23:53:18.082] [DEBUG] [P12236:T15604] [phase=frame_stage_notify] [hook=frame_stage_notify] [frame_stage] begin stage=2 this=0x00007FF9936073C0
#4350 [2026-09-17 23:53:18.101] [DEBUG] [P12236:T15604] [phase=frame_stage_notify] [hook=frame_stage_notify] [frame_stage] original begin
#4351 [2026-09-17 23:53:18.119] [DEBUG] [P12236:T15604] [phase=frame_stage_notify] [hook=frame_stage_notify] [frame_stage] original end
#4352 [2026-09-17 23:53:18.138] [DEBUG] [P12236:T15604] [phase=frame_stage_notify] [hook=frame_stage_notify] [frame_stage] end stage=2
#4353 [2026-09-17 23:53:18.156] [DEBUG] [P12236:T15604] [phase=frame_stage_notify] [hook=frame_stage_notify] [frame_stage] begin stage=5 this=0x00007FF9936073C0
#4354 [2026-09-17 23:53:18.175] [DEBUG] [P12236:T15604] [phase=frame_stage_notify] [hook=frame_stage_notify] [frame_stage] original begin
#4355 [2026-09-17 23:53:18.193] [DEBUG] [P12236:T15604] [phase=frame_stage_notify] [hook=frame_stage_notify] [frame_stage] original end
#4356 [2026-09-17 23:53:18.212] [DEBUG] [P12236:T15604] [phase=frame_stage_notify] [hook=frame_stage_notify] [frame_stage] end stage=5
#4357 [2026-09-17 23:53:18.231] [DEBUG] [P12236:T15604] [phase=frame_stage_notify] [hook=frame_stage_notify] [frame_stage] begin stage=6 this=0x00007FF9936073C0
#4358 [2026-09-17 23:53:18.250] [DEBUG] [P12236:T15604] [phase=frame_stage_notify] [hook=frame_stage_notify] [frame_stage] guns begin
#4359 [2026-09-17 23:53:18.268] [DEBUG] [P12236:T15604] [phase=frame_stage_notify] [hook=frame_stage_notify] [frame_stage] guns end
#4360 [2026-09-17 23:53:18.287] [DEBUG] [P12236:T15604] [phase=frame_stage_notify] [hook=frame_stage_notify] [frame_stage] dlight begin
#4361 [2026-09-17 23:53:18.306] [DEBUG] [P12236:T15604] [phase=frame_stage_notify] [hook=frame_stage_notify] [frame_stage] dlight end
#4362 [2026-09-17 23:53:18.324] [DEBUG] [P12236:T15604] [phase=frame_stage_notify] [hook=frame_stage_notify] [frame_stage] original begin
#4363 [2026-09-17 23:53:18.342] [DEBUG] [P12236:T15604] [phase=frame_stage_notify] [hook=frame_stage_notify] [frame_stage] original end
#4364 [2026-09-17 23:53:18.361] [DEBUG] [P12236:T15604] [phase=frame_stage_notify] [hook=frame_stage_notify] [frame_stage] post-network feature updates begin
#4365 [2026-09-17 23:53:18.379] [DEBUG] [P12236:T15604] [phase=frame_stage_notify] [hook=frame_stage_notify] [frame_stage] post-network feature updates end
#4366 [2026-09-17 23:53:18.398] [DEBUG] [P12236:T15604] [phase=frame_stage_notify] [hook=frame_stage_notify] [frame_stage] end stage=6
#4367 [2026-09-17 23:53:18.417] [DEBUG] [P12236:T15604] [phase=frame_stage_notify] [hook=frame_stage_notify] [frame_stage] begin stage=7 this=0x00007FF9936073C0
#4368 [2026-09-17 23:53:18.436] [DEBUG] [P12236:T15604] [phase=frame_stage_notify] [hook=frame_stage_notify] [frame_stage] agents begin
#4369 [2026-09-17 23:53:18.454] [DEBUG] [P12236:T15604] [phase=frame_stage_notify] [hook=frame_stage_notify] [frame_stage] agents end; gloves begin
#4370 [2026-09-17 23:53:18.477] [DEBUG] [P12236:T15604] [phase=frame_stage_notify] [hook=frame_stage_notify] [frame_stage] gloves end; knives begin
#4371 [2026-09-17 23:53:18.549] [DEBUG] [P12236:T15604] [phase=frame_stage_notify] [hook=frame_stage_notify] [frame_stage] knives end; world begin
#4372 [2026-09-17 23:53:18.617] [DEBUG] [P12236:T15604] [phase=frame_stage_notify] [hook=frame_stage_notify] [frame_stage] scene end; weather begin
#4373 [2026-09-17 23:53:18.687] [DEBUG] [P12236:T15604] [phase=frame_stage_notify] [hook=frame_stage_notify] [frame_stage] weather end; other begin
#4374 [2026-09-17 23:53:18.705] [DEBUG] [P12236:T15604] [phase=frame_stage_notify] [hook=frame_stage_notify] [frame_stage] other end; impacts begin
#4375 [2026-09-17 23:53:18.724] [DEBUG] [P12236:T15604] [phase=frame_stage_notify] [hook=frame_stage_notify] [frame_stage] impacts end
#4376 [2026-09-17 23:53:18.742] [DEBUG] [P12236:T15604] [phase=frame_stage_notify] [hook=frame_stage_notify] [frame_stage] original begin
#4377 [2026-09-17 23:53:18.761] [DEBUG] [P12236:T15604] [phase=frame_stage_notify] [hook=frame_stage_notify] [frame_stage] original end
#4378 [2026-09-17 23:53:18.780] [DEBUG] [P12236:T15604] [phase=frame_stage_notify] [hook=frame_stage_notify] [frame_stage] end stage=7
#4379 [2026-09-17 23:53:18.799] [DEBUG] [P12236:T15604] [phase=frame_stage_notify] [hook=frame_stage_notify] [frame_stage] begin stage=8 this=0x00007FF9936073C0
#4380 [2026-09-17 23:53:18.817] [DEBUG] [P12236:T15604] [phase=frame_stage_notify] [hook=frame_stage_notify] [frame_stage] original begin
#4381 [2026-09-17 23:53:18.835] [DEBUG] [P12236:T15604] [phase=frame_stage_notify] [hook=frame_stage_notify] [frame_stage] original end
#4382 [2026-09-17 23:53:18.853] [DEBUG] [P12236:T15604] [phase=frame_stage_notify] [hook=frame_stage_notify] [frame_stage] end stage=8
#4383 [2026-09-17 23:53:18.873] [DEBUG] [P12236:T15604] [phase=frame_stage_notify] [hook=frame_stage_notify] [frame_stage] begin stage=3 this=0x00007FF9936073C0
#4384 [2026-09-17 23:53:18.891] [DEBUG] [P12236:T15604] [phase=frame_stage_notify] [hook=frame_stage_notify] [frame_stage] original begin
#4385 [2026-09-17 23:53:18.909] [DEBUG] [P12236:T15604] [phase=frame_stage_notify] [hook=frame_stage_notify] [frame_stage] original end
#4386 [2026-09-17 23:53:18.927] [DEBUG] [P12236:T15604] [phase=frame_stage_notify] [hook=frame_stage_notify] [frame_stage] end stage=3
#4387 [2026-09-17 23:53:18.946] [DEBUG] [P12236:T15604] [phase=frame_stage_notify] [hook=frame_stage_notify] [frame_stage] begin stage=12 this=0x00007FF9936073C0
#4388 [2026-09-17 23:53:18.965] [DEBUG] [P12236:T15604] [phase=frame_stage_notify] [hook=frame_stage_notify] [frame_stage] original begin
#4389 [2026-09-17 23:53:18.983] [DEBUG] [P12236:T15604] [phase=frame_stage_notify] [hook=frame_stage_notify] [frame_stage] original end
#4390 [2026-09-17 23:53:19.001] [DEBUG] [P12236:T15604] [phase=frame_stage_notify] [hook=frame_stage_notify] [frame_stage] view/frame-data update begin
#4391 [2026-09-17 23:53:19.020] [DEBUG] [P12236:T15604] [phase=frame_stage_notify] [hook=frame_stage_notify] [frame_stage] view/frame-data update end
#4392 [2026-09-17 23:53:19.038] [DEBUG] [P12236:T15604] [phase=frame_stage_notify] [hook=frame_stage_notify] [frame_stage] end stage=12
#4393 [2026-09-17 23:53:19.063] [DEBUG] [P12236:T15604] [phase=frame_stage_notify] [hook=frame_stage_notify] [frame_stage] begin stage=0 this=0x00007FF9936073C0
#4397 [2026-09-17 23:53:19.082] [DEBUG] [P12236:T15604] [phase=frame_stage_notify] [hook=frame_stage_notify] [frame_stage] original begin
#4398 [2026-09-17 23:53:19.100] [DEBUG] [P12236:T15604] [phase=frame_stage_notify] [hook=frame_stage_notify] [frame_stage] original end
#4399 [2026-09-17 23:53:19.119] [DEBUG] [P12236:T15604] [phase=frame_stage_notify] [hook=frame_stage_notify] [frame_stage] end stage=0
#4400 [2026-09-17 23:53:19.138] [DEBUG] [P12236:T15604] [phase=frame_stage_notify] [hook=frame_stage_notify] [frame_stage] begin stage=11 this=0x00007FF9936073C0
#4401 [2026-09-17 23:53:19.156] [DEBUG] [P12236:T15604] [phase=frame_stage_notify] [hook=frame_stage_notify] [frame_stage] original begin
#4402 [2026-09-17 23:53:19.174] [DEBUG] [P12236:T15604] [phase=frame_stage_notify] [hook=frame_stage_notify] [frame_stage] original end
#4403 [2026-09-17 23:53:19.193] [DEBUG] [P12236:T15604] [phase=frame_stage_notify] [hook=frame_stage_notify] [frame_stage] end stage=11
#4404 [2026-09-17 23:53:19.212] [DEBUG] [P12236:T15604] [phase=frame_stage_notify] [hook=frame_stage_notify] [frame_stage] begin stage=0 this=0x00007FF9936073C0
#4405 [2026-09-17 23:53:19.229] [DEBUG] [P12236:T15604] [phase=frame_stage_notify] [hook=frame_stage_notify] [frame_stage] original begin
#4406 [2026-09-17 23:53:19.248] [DEBUG] [P12236:T15604] [phase=frame_stage_notify] [hook=frame_stage_notify] [frame_stage] original end
#4407 [2026-09-17 23:53:19.266] [DEBUG] [P12236:T15604] [phase=frame_stage_notify] [hook=frame_stage_notify] [frame_stage] end stage=0
#4408 [2026-09-17 23:53:19.284] [DEBUG] [P12236:T15604] [phase=frame_stage_notify] [hook=frame_stage_notify] [frame_stage] begin stage=11 this=0x00007FF9936073C0
#4409 [2026-09-17 23:53:19.303] [DEBUG] [P12236:T15604] [phase=frame_stage_notify] [hook=frame_stage_notify] [frame_stage] original begin
#4410 [2026-09-17 23:53:19.322] [DEBUG] [P12236:T15604] [phase=frame_stage_notify] [hook=frame_stage_notify] [frame_stage] original end
#4411 [2026-09-17 23:53:19.339] [DEBUG] [P12236:T15604] [phase=frame_stage_notify] [hook=frame_stage_notify] [frame_stage] end stage=11
#4412 [2026-09-17 23:53:19.358] [DEBUG] [P12236:T15604] [phase=frame_stage_notify] [hook=frame_stage_notify] [frame_stage] begin stage=0 this=0x00007FF9936073C0
#4413 [2026-09-17 23:53:19.376] [DEBUG] [P12236:T15604] [phase=frame_stage_notify] [hook=frame_stage_notify] [frame_stage] original begin
#4414 [2026-09-17 23:53:19.395] [DEBUG] [P12236:T15604] [phase=frame_stage_notify] [hook=frame_stage_notify] [frame_stage] original end
#4415 [2026-09-17 23:53:19.414] [DEBUG] [P12236:T15604] [phase=frame_stage_notify] [hook=frame_stage_notify] [frame_stage] end stage=0
#4416 [2026-09-17 23:53:19.433] [DEBUG] [P12236:T15604] [phase=frame_stage_notify] [hook=frame_stage_notify] [frame_stage] begin stage=11 this=0x00007FF9936073C0
#4417 [2026-09-17 23:53:19.451] [DEBUG] [P12236:T15604] [phase=frame_stage_notify] [hook=frame_stage_notify] [frame_stage] original begin
#4418 [2026-09-17 23:53:19.470] [DEBUG] [P12236:T15604] [phase=frame_stage_notify] [hook=frame_stage_notify] [frame_stage] original end
#4419 [2026-09-17 23:53:19.488] [DEBUG] [P12236:T15604] [phase=frame_stage_notify] [hook=frame_stage_notify] [frame_stage] end stage=11
#4420 [2026-09-17 23:53:19.507] [DEBUG] [P12236:T15604] [phase=frame_stage_notify] [hook=frame_stage_notify] [frame_stage] begin stage=0 this=0x00007FF9936073C0
#4421 [2026-09-17 23:53:19.526] [DEBUG] [P12236:T15604] [phase=frame_stage_notify] [hook=frame_stage_notify] [frame_stage] original begin
#4422 [2026-09-17 23:53:19.545] [DEBUG] [P12236:T15604] [phase=frame_stage_notify] [hook=frame_stage_notify] [frame_stage] original end
#4423 [2026-09-17 23:53:19.563] [DEBUG] [P12236:T15604] [phase=frame_stage_notify] [hook=frame_stage_notify] [frame_stage] end stage=0
#4424 [2026-09-17 23:53:19.582] [DEBUG] [P12236:T15604] [phase=frame_stage_notify] [hook=frame_stage_notify] [frame_stage] begin stage=11 this=0x00007FF9936073C0
#4425 [2026-09-17 23:53:19.602] [DEBUG] [P12236:T15604] [phase=frame_stage_notify] [hook=frame_stage_notify] [frame_stage] original begin
#4426 [2026-09-17 23:53:19.621] [DEBUG] [P12236:T15604] [phase=frame_stage_notify] [hook=frame_stage_notify] [frame_stage] original end
#4427 [2026-09-17 23:53:19.639] [DEBUG] [P12236:T15604] [phase=frame_stage_notify] [hook=frame_stage_notify] [frame_stage] end stage=11
#4428 [2026-09-17 23:53:19.658] [DEBUG] [P12236:T15604] [phase=frame_stage_notify] [hook=frame_stage_notify] [frame_stage] begin stage=0 this=0x00007FF9936073C0
#4429 [2026-09-17 23:53:19.676] [DEBUG] [P12236:T15604] [phase=frame_stage_notify] [hook=frame_stage_notify] [frame_stage] original begin
#4430 [2026-09-17 23:53:19.694] [DEBUG] [P12236:T15604] [phase=frame_stage_notify] [hook=frame_stage_notify] [frame_stage] original end
#4431 [2026-09-17 23:53:19.712] [DEBUG] [P12236:T15604] [phase=frame_stage_notify] [hook=frame_stage_notify] [frame_stage] end stage=0
#4432 [2026-09-17 23:53:19.729] [DEBUG] [P12236:T15604] [phase=frame_stage_notify] [hook=frame_stage_notify] [frame_stage] begin stage=11 this=0x00007FF9936073C0
#4433 [2026-09-17 23:53:19.766] [DEBUG] [P12236:T15604] [phase=frame_stage_notify] [hook=frame_stage_notify] [frame_stage] original begin
#4434 [2026-09-17 23:53:19.785] [DEBUG] [P12236:T15604] [phase=frame_stage_notify] [hook=frame_stage_notify] [frame_stage] original end
#4435 [2026-09-17 23:53:19.803] [DEBUG] [P12236:T15604] [phase=frame_stage_notify] [hook=frame_stage_notify] [frame_stage] end stage=11
#4436 [2026-09-17 23:53:19.821] [DEBUG] [P12236:T15604] [phase=frame_stage_notify] [hook=frame_stage_notify] [frame_stage] begin stage=0 this=0x00007FF9936073C0
#4437 [2026-09-17 23:53:19.839] [DEBUG] [P12236:T15604] [phase=frame_stage_notify] [hook=frame_stage_notify] [frame_stage] original begin
#4438 [2026-09-17 23:53:19.858] [DEBUG] [P12236:T15604] [phase=frame_stage_notify] [hook=frame_stage_notify] [frame_stage] original end
#4439 [2026-09-17 23:53:19.877] [DEBUG] [P12236:T15604] [phase=frame_stage_notify] [hook=frame_stage_notify] [frame_stage] end stage=0
#4440 [2026-09-17 23:53:19.895] [DEBUG] [P12236:T15604] [phase=frame_stage_notify] [hook=frame_stage_notify] [frame_stage] begin stage=11 this=0x00007FF9936073C0
#4441 [2026-09-17 23:53:19.914] [DEBUG] [P12236:T15604] [phase=frame_stage_notify] [hook=frame_stage_notify] [frame_stage] original begin
#4442 [2026-09-17 23:53:19.932] [DEBUG] [P12236:T15604] [phase=frame_stage_notify] [hook=frame_stage_notify] [frame_stage] original end
#4443 [2026-09-17 23:53:19.950] [DEBUG] [P12236:T15604] [phase=frame_stage_notify] [hook=frame_stage_notify] [frame_stage] end stage=11
#4444 [2026-09-17 23:53:19.985] [DEBUG] [P12236:T15604] [phase=frame_stage_notify] [hook=frame_stage_notify] [frame_stage] begin stage=0 this=0x00007FF9936073C0
#4445 [2026-09-17 23:53:20.004] [DEBUG] [P12236:T15604] [phase=frame_stage_notify] [hook=frame_stage_notify] [frame_stage] original begin
#4446 [2026-09-17 23:53:20.022] [DEBUG] [P12236:T15604] [phase=frame_stage_notify] [hook=frame_stage_notify] [frame_stage] original end
#4447 [2026-09-17 23:53:20.041] [DEBUG] [P12236:T15604] [phase=frame_stage_notify] [hook=frame_stage_notify] [frame_stage] end stage=0
#4448 [2026-09-17 23:53:20.060] [DEBUG] [P12236:T15604] [phase=frame_stage_notify] [hook=frame_stage_notify] [frame_stage] begin stage=10 this=0x00007FF9936073C0
#4449 [2026-09-17 23:53:20.079] [DEBUG] [P12236:T15604] [phase=frame_stage_notify] [hook=frame_stage_notify] [frame_stage] original begin
#4450 [2026-09-17 23:53:20.098] [DEBUG] [P12236:T15604] [phase=frame_stage_notify] [hook=frame_stage_notify] [frame_stage] original end
#4451 [2026-09-17 23:53:20.117] [DEBUG] [P12236:T15604] [phase=frame_stage_notify] [hook=frame_stage_notify] [frame_stage] end stage=10
#4452 [2026-09-17 23:53:20.135] [DEBUG] [P12236:T15604] [phase=frame_stage_notify] [hook=frame_stage_notify] [frame_stage] begin stage=11 this=0x00007FF9936073C0
#4453 [2026-09-17 23:53:20.154] [DEBUG] [P12236:T15604] [phase=frame_stage_notify] [hook=frame_stage_notify] [frame_stage] original begin
#4454 [2026-09-17 23:53:20.172] [DEBUG] [P12236:T15604] [phase=frame_stage_notify] [hook=frame_stage_notify] [frame_stage] original end
#4455 [2026-09-17 23:53:20.189] [DEBUG] [P12236:T15604] [phase=frame_stage_notify] [hook=frame_stage_notify] [frame_stage] end stage=11
#4456 [2026-09-17 23:53:20.208] [DEBUG] [P12236:T15604] [phase=frame_stage_notify] [hook=frame_stage_notify] [frame_stage] begin stage=1 this=0x00007FF9936073C0
#4457 [2026-09-17 23:53:20.226] [DEBUG] [P12236:T15604] [phase=frame_stage_notify] [hook=frame_stage_notify] [frame_stage] original begin
#4458 [2026-09-17 23:53:20.244] [DEBUG] [P12236:T15604] [phase=frame_stage_notify] [hook=frame_stage_notify] [frame_stage] original end
#4459 [2026-09-17 23:53:20.262] [DEBUG] [P12236:T15604] [phase=frame_stage_notify] [hook=frame_stage_notify] [frame_stage] end stage=1
#4460 [2026-09-17 23:53:20.280] [DEBUG] [P12236:T15604] [phase=frame_stage_notify] [hook=frame_stage_notify] [frame_stage] begin stage=2 this=0x00007FF9936073C0
#4461 [2026-09-17 23:53:20.299] [DEBUG] [P12236:T15604] [phase=frame_stage_notify] [hook=frame_stage_notify] [frame_stage] original begin
#4462 [2026-09-17 23:53:20.317] [DEBUG] [P12236:T15604] [phase=frame_stage_notify] [hook=frame_stage_notify] [frame_stage] original end
#4463 [2026-09-17 23:53:20.335] [DEBUG] [P12236:T15604] [phase=frame_stage_notify] [hook=frame_stage_notify] [frame_stage] end stage=2
#4464 [2026-09-17 23:53:20.353] [DEBUG] [P12236:T15604] [phase=frame_stage_notify] [hook=frame_stage_notify] [frame_stage] begin stage=5 this=0x00007FF9936073C0
#4465 [2026-09-17 23:53:20.371] [DEBUG] [P12236:T15604] [phase=frame_stage_notify] [hook=frame_stage_notify] [frame_stage] original begin
#4466 [2026-09-17 23:53:20.389] [DEBUG] [P12236:T15604] [phase=frame_stage_notify] [hook=frame_stage_notify] [frame_stage] original end
#4467 [2026-09-17 23:53:20.409] [DEBUG] [P12236:T15604] [phase=frame_stage_notify] [hook=frame_stage_notify] [frame_stage] end stage=5
#4468 [2026-09-17 23:53:20.428] [DEBUG] [P12236:T15604] [phase=frame_stage_notify] [hook=frame_stage_notify] [frame_stage] begin stage=6 this=0x00007FF9936073C0
#4469 [2026-09-17 23:53:20.446] [DEBUG] [P12236:T15604] [phase=frame_stage_notify] [hook=frame_stage_notify] [frame_stage] guns begin
#4470 [2026-09-17 23:53:20.465] [DEBUG] [P12236:T15604] [phase=frame_stage_notify] [hook=frame_stage_notify] [frame_stage] guns end
#4471 [2026-09-17 23:53:20.483] [DEBUG] [P12236:T15604] [phase=frame_stage_notify] [hook=frame_stage_notify] [frame_stage] dlight begin
#4472 [2026-09-17 23:53:20.502] [DEBUG] [P12236:T15604] [phase=frame_stage_notify] [hook=frame_stage_notify] [frame_stage] dlight end
#4473 [2026-09-17 23:53:20.521] [DEBUG] [P12236:T15604] [phase=frame_stage_notify] [hook=frame_stage_notify] [frame_stage] original begin
#4474 [2026-09-17 23:53:20.540] [DEBUG] [P12236:T15604] [phase=frame_stage_notify] [hook=frame_stage_notify] [frame_stage] original end
#4475 [2026-09-17 23:53:20.558] [DEBUG] [P12236:T15604] [phase=frame_stage_notify] [hook=frame_stage_notify] [frame_stage] post-network feature updates begin
#4476 [2026-09-17 23:53:20.576] [DEBUG] [P12236:T15604] [phase=frame_stage_notify] [hook=frame_stage_notify] [frame_stage] post-network feature updates end
#4477 [2026-09-17 23:53:20.595] [DEBUG] [P12236:T15604] [phase=frame_stage_notify] [hook=frame_stage_notify] [frame_stage] end stage=6
#4478 [2026-09-17 23:53:20.613] [DEBUG] [P12236:T15604] [phase=frame_stage_notify] [hook=frame_stage_notify] [frame_stage] begin stage=7 this=0x00007FF9936073C0
#4479 [2026-09-17 23:53:20.631] [DEBUG] [P12236:T15604] [phase=frame_stage_notify] [hook=frame_stage_notify] [frame_stage] agents begin
#4480 [2026-09-17 23:53:20.649] [DEBUG] [P12236:T15604] [phase=frame_stage_notify] [hook=frame_stage_notify] [frame_stage] agents end; gloves begin
#4481 [2026-09-17 23:53:20.667] [DEBUG] [P12236:T15604] [phase=frame_stage_notify] [hook=frame_stage_notify] [frame_stage] gloves end; knives begin
#4482 [2026-09-17 23:53:20.685] [DEBUG] [P12236:T15604] [phase=frame_stage_notify] [hook=frame_stage_notify] [frame_stage] knives end; world begin
#4483 [2026-09-17 23:53:20.704] [DEBUG] [P12236:T15604] [phase=frame_stage_notify] [hook=frame_stage_notify] [frame_stage] scene end; weather begin
#4484 [2026-09-17 23:53:20.722] [DEBUG] [P12236:T15604] [phase=frame_stage_notify] [hook=frame_stage_notify] [frame_stage] weather end; other begin
#4485 [2026-09-17 23:53:20.741] [DEBUG] [P12236:T15604] [phase=frame_stage_notify] [hook=frame_stage_notify] [frame_stage] other end; impacts begin
#4486 [2026-09-17 23:53:20.759] [DEBUG] [P12236:T15604] [phase=frame_stage_notify] [hook=frame_stage_notify] [frame_stage] impacts end
#4487 [2026-09-17 23:53:20.777] [DEBUG] [P12236:T15604] [phase=frame_stage_notify] [hook=frame_stage_notify] [frame_stage] original begin
#4488 [2026-09-17 23:53:20.813] [DEBUG] [P12236:T15604] [phase=frame_stage_notify] [hook=frame_stage_notify] [frame_stage] original end
#4489 [2026-09-17 23:53:20.831] [DEBUG] [P12236:T15604] [phase=frame_stage_notify] [hook=frame_stage_notify] [frame_stage] end stage=7
#4490 [2026-09-17 23:53:20.850] [DEBUG] [P12236:T15604] [phase=frame_stage_notify] [hook=frame_stage_notify] [frame_stage] begin stage=8 this=0x00007FF9936073C0
#4491 [2026-09-17 23:53:20.868] [DEBUG] [P12236:T15604] [phase=frame_stage_notify] [hook=frame_stage_notify] [frame_stage] original begin
#4492 [2026-09-17 23:53:20.889] [DEBUG] [P12236:T15604] [phase=frame_stage_notify] [hook=frame_stage_notify] [frame_stage] original end
#4493 [2026-09-17 23:53:20.906] [DEBUG] [P12236:T15604] [phase=frame_stage_notify] [hook=frame_stage_notify] [frame_stage] end stage=8
#4494 [2026-09-17 23:53:20.925] [DEBUG] [P12236:T15604] [phase=frame_stage_notify] [hook=frame_stage_notify] [frame_stage] begin stage=3 this=0x00007FF9936073C0
#4495 [2026-09-17 23:53:20.943] [DEBUG] [P12236:T15604] [phase=frame_stage_notify] [hook=frame_stage_notify] [frame_stage] original begin
#4496 [2026-09-17 23:53:20.961] [DEBUG] [P12236:T15604] [phase=frame_stage_notify] [hook=frame_stage_notify] [frame_stage] original end
#4497 [2026-09-17 23:53:20.980] [DEBUG] [P12236:T15604] [phase=frame_stage_notify] [hook=frame_stage_notify] [frame_stage] end stage=3
#4498 [2026-09-17 23:53:20.999] [DEBUG] [P12236:T15604] [phase=frame_stage_notify] [hook=frame_stage_notify] [frame_stage] begin stage=12 this=0x00007FF9936073C0
#4499 [2026-09-17 23:53:21.018] [DEBUG] [P12236:T15604] [phase=frame_stage_notify] [hook=frame_stage_notify] [frame_stage] original begin
#4500 [2026-09-17 23:53:21.036] [DEBUG] [P12236:T15604] [phase=frame_stage_notify] [hook=frame_stage_notify] [frame_stage] original end
#4501 [2026-09-17 23:53:21.055] [DEBUG] [P12236:T15604] [phase=frame_stage_notify] [hook=frame_stage_notify] [frame_stage] view/frame-data update begin
#4502 [2026-09-17 23:53:21.072] [DEBUG] [P12236:T15604] [phase=frame_stage_notify] [hook=frame_stage_notify] [frame_stage] view/frame-data update end
#4503 [2026-09-17 23:53:21.091] [DEBUG] [P12236:T15604] [phase=frame_stage_notify] [hook=frame_stage_notify] [frame_stage] end stage=12
#4504 [2026-09-17 23:53:21.129] [DEBUG] [P12236:T15604] [phase=frame_stage_notify] [hook=frame_stage_notify] [frame_stage] begin stage=0 this=0x00007FF9936073C0
#4508 [2026-09-17 23:53:21.148] [DEBUG] [P12236:T15604] [phase=frame_stage_notify] [hook=frame_stage_notify] [frame_stage] original begin
#4509 [2026-09-17 23:53:21.166] [DEBUG] [P12236:T15604] [phase=frame_stage_notify] [hook=frame_stage_notify] [frame_stage] original end
#4510 [2026-09-17 23:53:21.185] [DEBUG] [P12236:T15604] [phase=frame_stage_notify] [hook=frame_stage_notify] [frame_stage] end stage=0
#4511 [2026-09-17 23:53:21.204] [DEBUG] [P12236:T15604] [phase=frame_stage_notify] [hook=frame_stage_notify] [frame_stage] begin stage=11 this=0x00007FF9936073C0
#4512 [2026-09-17 23:53:21.206] [DEBUG] [P12236:T15604] [phase=frame_stage_notify] [hook=frame_stage_notify] [frame_stage] original begin
#4513 [2026-09-17 23:53:21.225] [DEBUG] [P12236:T15604] [phase=frame_stage_notify] [hook=frame_stage_notify] [frame_stage] original end
#4514 [2026-09-17 23:53:21.243] [DEBUG] [P12236:T15604] [phase=frame_stage_notify] [hook=frame_stage_notify] [frame_stage] end stage=11
#4515 [2026-09-17 23:53:21.262] [DEBUG] [P12236:T15604] [phase=frame_stage_notify] [hook=frame_stage_notify] [frame_stage] begin stage=0 this=0x00007FF9936073C0
#4516 [2026-09-17 23:53:21.281] [DEBUG] [P12236:T15604] [phase=frame_stage_notify] [hook=frame_stage_notify] [frame_stage] original begin
#4517 [2026-09-17 23:53:21.300] [DEBUG] [P12236:T15604] [phase=frame_stage_notify] [hook=frame_stage_notify] [frame_stage] original end
#4518 [2026-09-17 23:53:21.319] [DEBUG] [P12236:T15604] [phase=frame_stage_notify] [hook=frame_stage_notify] [frame_stage] end stage=0
#4519 [2026-09-17 23:53:21.338] [DEBUG] [P12236:T15604] [phase=frame_stage_notify] [hook=frame_stage_notify] [frame_stage] begin stage=11 this=0x00007FF9936073C0
#4520 [2026-09-17 23:53:21.357] [DEBUG] [P12236:T15604] [phase=frame_stage_notify] [hook=frame_stage_notify] [frame_stage] original begin
#4521 [2026-09-17 23:53:21.375] [DEBUG] [P12236:T15604] [phase=frame_stage_notify] [hook=frame_stage_notify] [frame_stage] original end
#4522 [2026-09-17 23:53:21.393] [DEBUG] [P12236:T15604] [phase=frame_stage_notify] [hook=frame_stage_notify] [frame_stage] end stage=11
#4523 [2026-09-17 23:53:21.412] [DEBUG] [P12236:T15604] [phase=frame_stage_notify] [hook=frame_stage_notify] [frame_stage] begin stage=0 this=0x00007FF9936073C0
#4524 [2026-09-17 23:53:21.431] [DEBUG] [P12236:T15604] [phase=frame_stage_notify] [hook=frame_stage_notify] [frame_stage] original begin
#4525 [2026-09-17 23:53:21.450] [DEBUG] [P12236:T15604] [phase=frame_stage_notify] [hook=frame_stage_notify] [frame_stage] original end
#4526 [2026-09-17 23:53:21.469] [DEBUG] [P12236:T15604] [phase=frame_stage_notify] [hook=frame_stage_notify] [frame_stage] end stage=0
#4527 [2026-09-17 23:53:21.488] [DEBUG] [P12236:T15604] [phase=frame_stage_notify] [hook=frame_stage_notify] [frame_stage] begin stage=11 this=0x00007FF9936073C0
#4528 [2026-09-17 23:53:21.507] [DEBUG] [P12236:T15604] [phase=frame_stage_notify] [hook=frame_stage_notify] [frame_stage] original begin
#4529 [2026-09-17 23:53:21.526] [DEBUG] [P12236:T15604] [phase=frame_stage_notify] [hook=frame_stage_notify] [frame_stage] original end
#4530 [2026-09-17 23:53:21.545] [DEBUG] [P12236:T15604] [phase=frame_stage_notify] [hook=frame_stage_notify] [frame_stage] end stage=11
#4531 [2026-09-17 23:53:21.563] [DEBUG] [P12236:T15604] [phase=frame_stage_notify] [hook=frame_stage_notify] [frame_stage] begin stage=0 this=0x00007FF9936073C0
#4532 [2026-09-17 23:53:21.581] [DEBUG] [P12236:T15604] [phase=frame_stage_notify] [hook=frame_stage_notify] [frame_stage] original begin
#4533 [2026-09-17 23:53:21.599] [DEBUG] [P12236:T15604] [phase=frame_stage_notify] [hook=frame_stage_notify] [frame_stage] original end
#4534 [2026-09-17 23:53:21.618] [DEBUG] [P12236:T15604] [phase=frame_stage_notify] [hook=frame_stage_notify] [frame_stage] end stage=0
#4535 [2026-09-17 23:53:21.637] [DEBUG] [P12236:T15604] [phase=frame_stage_notify] [hook=frame_stage_notify] [frame_stage] begin stage=11 this=0x00007FF9936073C0
#4536 [2026-09-17 23:53:21.655] [DEBUG] [P12236:T15604] [phase=frame_stage_notify] [hook=frame_stage_notify] [frame_stage] original begin
#4537 [2026-09-17 23:53:21.674] [DEBUG] [P12236:T15604] [phase=frame_stage_notify] [hook=frame_stage_notify] [frame_stage] original end
#4538 [2026-09-17 23:53:21.691] [DEBUG] [P12236:T15604] [phase=frame_stage_notify] [hook=frame_stage_notify] [frame_stage] end stage=11
#4539 [2026-09-17 23:53:21.710] [DEBUG] [P12236:T15604] [phase=frame_stage_notify] [hook=frame_stage_notify] [frame_stage] begin stage=0 this=0x00007FF9936073C0
#4540 [2026-09-17 23:53:21.728] [DEBUG] [P12236:T15604] [phase=frame_stage_notify] [hook=frame_stage_notify] [frame_stage] original begin
#4541 [2026-09-17 23:53:21.746] [DEBUG] [P12236:T15604] [phase=frame_stage_notify] [hook=frame_stage_notify] [frame_stage] original end
#4542 [2026-09-17 23:53:21.765] [DEBUG] [P12236:T15604] [phase=frame_stage_notify] [hook=frame_stage_notify] [frame_stage] end stage=0
#4543 [2026-09-17 23:53:21.783] [DEBUG] [P12236:T15604] [phase=frame_stage_notify] [hook=frame_stage_notify] [frame_stage] begin stage=11 this=0x00007FF9936073C0
#4544 [2026-09-17 23:53:21.801] [DEBUG] [P12236:T15604] [phase=frame_stage_notify] [hook=frame_stage_notify] [frame_stage] original begin
#4545 [2026-09-17 23:53:21.820] [DEBUG] [P12236:T15604] [phase=frame_stage_notify] [hook=frame_stage_notify] [frame_stage] original end
#4546 [2026-09-17 23:53:21.838] [DEBUG] [P12236:T15604] [phase=frame_stage_notify] [hook=frame_stage_notify] [frame_stage] end stage=11
#4547 [2026-09-17 23:53:21.857] [DEBUG] [P12236:T15604] [phase=frame_stage_notify] [hook=frame_stage_notify] [frame_stage] begin stage=0 this=0x00007FF9936073C0
#4548 [2026-09-17 23:53:21.874] [DEBUG] [P12236:T15604] [phase=frame_stage_notify] [hook=frame_stage_notify] [frame_stage] original begin
#4549 [2026-09-17 23:53:21.892] [DEBUG] [P12236:T15604] [phase=frame_stage_notify] [hook=frame_stage_notify] [frame_stage] original end
#4550 [2026-09-17 23:53:21.910] [DEBUG] [P12236:T15604] [phase=frame_stage_notify] [hook=frame_stage_notify] [frame_stage] end stage=0
#4551 [2026-09-17 23:53:21.930] [DEBUG] [P12236:T15604] [phase=frame_stage_notify] [hook=frame_stage_notify] [frame_stage] begin stage=10 this=0x00007FF9936073C0
#4552 [2026-09-17 23:53:21.948] [DEBUG] [P12236:T15604] [phase=frame_stage_notify] [hook=frame_stage_notify] [frame_stage] original begin
#4553 [2026-09-17 23:53:21.967] [DEBUG] [P12236:T15604] [phase=frame_stage_notify] [hook=frame_stage_notify] [frame_stage] original end
#4554 [2026-09-17 23:53:21.986] [DEBUG] [P12236:T15604] [phase=frame_stage_notify] [hook=frame_stage_notify] [frame_stage] end stage=10
#4555 [2026-09-17 23:53:22.004] [DEBUG] [P12236:T15604] [phase=frame_stage_notify] [hook=frame_stage_notify] [frame_stage] begin stage=11 this=0x00007FF9936073C0
#4556 [2026-09-17 23:53:22.022] [DEBUG] [P12236:T15604] [phase=frame_stage_notify] [hook=frame_stage_notify] [frame_stage] original begin
#4557 [2026-09-17 23:53:22.040] [DEBUG] [P12236:T15604] [phase=frame_stage_notify] [hook=frame_stage_notify] [frame_stage] original end
#4558 [2026-09-17 23:53:22.058] [DEBUG] [P12236:T15604] [phase=frame_stage_notify] [hook=frame_stage_notify] [frame_stage] end stage=11
#4559 [2026-09-17 23:53:22.076] [DEBUG] [P12236:T15604] [phase=frame_stage_notify] [hook=frame_stage_notify] [frame_stage] begin stage=1 this=0x00007FF9936073C0
#4560 [2026-09-17 23:53:22.095] [DEBUG] [P12236:T15604] [phase=frame_stage_notify] [hook=frame_stage_notify] [frame_stage] original begin
#4561 [2026-09-17 23:53:22.112] [DEBUG] [P12236:T15604] [phase=frame_stage_notify] [hook=frame_stage_notify] [frame_stage] original end
#4562 [2026-09-17 23:53:22.130] [DEBUG] [P12236:T15604] [phase=frame_stage_notify] [hook=frame_stage_notify] [frame_stage] end stage=1
#4563 [2026-09-17 23:53:22.148] [DEBUG] [P12236:T15604] [phase=frame_stage_notify] [hook=frame_stage_notify] [frame_stage] begin stage=2 this=0x00007FF9936073C0
#4564 [2026-09-17 23:53:22.168] [DEBUG] [P12236:T15604] [phase=frame_stage_notify] [hook=frame_stage_notify] [frame_stage] original begin
#4565 [2026-09-17 23:53:22.187] [DEBUG] [P12236:T15604] [phase=frame_stage_notify] [hook=frame_stage_notify] [frame_stage] original end
#4566 [2026-09-17 23:53:22.204] [DEBUG] [P12236:T15604] [phase=frame_stage_notify] [hook=frame_stage_notify] [frame_stage] end stage=2
#4567 [2026-09-17 23:53:22.222] [DEBUG] [P12236:T15604] [phase=frame_stage_notify] [hook=frame_stage_notify] [frame_stage] begin stage=5 this=0x00007FF9936073C0
#4568 [2026-09-17 23:53:22.241] [DEBUG] [P12236:T15604] [phase=frame_stage_notify] [hook=frame_stage_notify] [frame_stage] original begin
#4569 [2026-09-17 23:53:22.258] [DEBUG] [P12236:T15604] [phase=frame_stage_notify] [hook=frame_stage_notify] [frame_stage] original end
#4570 [2026-09-17 23:53:22.278] [DEBUG] [P12236:T15604] [phase=frame_stage_notify] [hook=frame_stage_notify] [frame_stage] end stage=5
#4571 [2026-09-17 23:53:22.297] [DEBUG] [P12236:T15604] [phase=frame_stage_notify] [hook=frame_stage_notify] [frame_stage] begin stage=6 this=0x00007FF9936073C0
#4572 [2026-09-17 23:53:22.315] [DEBUG] [P12236:T15604] [phase=frame_stage_notify] [hook=frame_stage_notify] [frame_stage] guns begin
#4573 [2026-09-17 23:53:22.332] [DEBUG] [P12236:T15604] [phase=frame_stage_notify] [hook=frame_stage_notify] [frame_stage] guns end
#4574 [2026-09-17 23:53:22.350] [DEBUG] [P12236:T15604] [phase=frame_stage_notify] [hook=frame_stage_notify] [frame_stage] dlight begin
#4575 [2026-09-17 23:53:22.369] [DEBUG] [P12236:T15604] [phase=frame_stage_notify] [hook=frame_stage_notify] [frame_stage] dlight end
#4576 [2026-09-17 23:53:22.388] [DEBUG] [P12236:T15604] [phase=frame_stage_notify] [hook=frame_stage_notify] [frame_stage] original begin
#4577 [2026-09-17 23:53:22.406] [DEBUG] [P12236:T15604] [phase=frame_stage_notify] [hook=frame_stage_notify] [frame_stage] original end
#4578 [2026-09-17 23:53:22.424] [DEBUG] [P12236:T15604] [phase=frame_stage_notify] [hook=frame_stage_notify] [frame_stage] post-network feature updates begin
#4579 [2026-09-17 23:53:22.442] [DEBUG] [P12236:T15604] [phase=frame_stage_notify] [hook=frame_stage_notify] [frame_stage] post-network feature updates end
#4580 [2026-09-17 23:53:22.461] [DEBUG] [P12236:T15604] [phase=frame_stage_notify] [hook=frame_stage_notify] [frame_stage] end stage=6
#4581 [2026-09-17 23:53:22.480] [DEBUG] [P12236:T15604] [phase=frame_stage_notify] [hook=frame_stage_notify] [frame_stage] begin stage=7 this=0x00007FF9936073C0
#4582 [2026-09-17 23:53:22.517] [DEBUG] [P12236:T15604] [phase=frame_stage_notify] [hook=frame_stage_notify] [frame_stage] agents begin
#4583 [2026-09-17 23:53:22.536] [DEBUG] [P12236:T15604] [phase=frame_stage_notify] [hook=frame_stage_notify] [frame_stage] agents end; gloves begin
#4584 [2026-09-17 23:53:22.554] [DEBUG] [P12236:T15604] [phase=frame_stage_notify] [hook=frame_stage_notify] [frame_stage] gloves end; knives begin
#4585 [2026-09-17 23:53:22.572] [DEBUG] [P12236:T15604] [phase=frame_stage_notify] [hook=frame_stage_notify] [frame_stage] knives end; world begin
#4586 [2026-09-17 23:53:22.591] [DEBUG] [P12236:T15604] [phase=frame_stage_notify] [hook=frame_stage_notify] [frame_stage] scene end; weather begin
#4587 [2026-09-17 23:53:22.609] [DEBUG] [P12236:T15604] [phase=frame_stage_notify] [hook=frame_stage_notify] [frame_stage] weather end; other begin
#4588 [2026-09-17 23:53:22.628] [DEBUG] [P12236:T15604] [phase=frame_stage_notify] [hook=frame_stage_notify] [frame_stage] other end; impacts begin
#4589 [2026-09-17 23:53:22.646] [DEBUG] [P12236:T15604] [phase=frame_stage_notify] [hook=frame_stage_notify] [frame_stage] impacts end
#4590 [2026-09-17 23:53:22.665] [DEBUG] [P12236:T15604] [phase=frame_stage_notify] [hook=frame_stage_notify] [frame_stage] original begin
#4591 [2026-09-17 23:53:22.683] [DEBUG] [P12236:T15604] [phase=frame_stage_notify] [hook=frame_stage_notify] [frame_stage] original end
#4592 [2026-09-17 23:53:22.702] [DEBUG] [P12236:T15604] [phase=frame_stage_notify] [hook=frame_stage_notify] [frame_stage] end stage=7
#4593 [2026-09-17 23:53:22.721] [DEBUG] [P12236:T15604] [phase=frame_stage_notify] [hook=frame_stage_notify] [frame_stage] begin stage=8 this=0x00007FF9936073C0
#4594 [2026-09-17 23:53:22.740] [DEBUG] [P12236:T15604] [phase=frame_stage_notify] [hook=frame_stage_notify] [frame_stage] original begin
#4595 [2026-09-17 23:53:22.758] [DEBUG] [P12236:T15604] [phase=frame_stage_notify] [hook=frame_stage_notify] [frame_stage] original end
#4596 [2026-09-17 23:53:22.776] [DEBUG] [P12236:T15604] [phase=frame_stage_notify] [hook=frame_stage_notify] [frame_stage] end stage=8
#4597 [2026-09-17 23:53:22.794] [DEBUG] [P12236:T15604] [phase=frame_stage_notify] [hook=frame_stage_notify] [frame_stage] begin stage=3 this=0x00007FF9936073C0
#4598 [2026-09-17 23:53:22.813] [DEBUG] [P12236:T15604] [phase=frame_stage_notify] [hook=frame_stage_notify] [frame_stage] original begin
#4599 [2026-09-17 23:53:22.831] [DEBUG] [P12236:T15604] [phase=frame_stage_notify] [hook=frame_stage_notify] [frame_stage] original end
#4600 [2026-09-17 23:53:22.850] [DEBUG] [P12236:T15604] [phase=frame_stage_notify] [hook=frame_stage_notify] [frame_stage] end stage=3
#4601 [2026-09-17 23:53:22.868] [DEBUG] [P12236:T15604] [phase=frame_stage_notify] [hook=frame_stage_notify] [frame_stage] begin stage=12 this=0x00007FF9936073C0
#4602 [2026-09-17 23:53:22.886] [DEBUG] [P12236:T15604] [phase=frame_stage_notify] [hook=frame_stage_notify] [frame_stage] original begin
#4603 [2026-09-17 23:53:22.904] [DEBUG] [P12236:T15604] [phase=frame_stage_notify] [hook=frame_stage_notify] [frame_stage] original end
#4604 [2026-09-17 23:53:22.922] [DEBUG] [P12236:T15604] [phase=frame_stage_notify] [hook=frame_stage_notify] [frame_stage] view/frame-data update begin
#4605 [2026-09-17 23:53:22.941] [DEBUG] [P12236:T15604] [phase=frame_stage_notify] [hook=frame_stage_notify] [frame_stage] view/frame-data update end
#4606 [2026-09-17 23:53:22.960] [DEBUG] [P12236:T15604] [phase=frame_stage_notify] [hook=frame_stage_notify] [frame_stage] end stage=12
#4607 [2026-09-17 23:53:22.982] [DEBUG] [P12236:T15604] [phase=frame_stage_notify] [hook=frame_stage_notify] [frame_stage] begin stage=0 this=0x00007FF9936073C0
#4611 [2026-09-17 23:53:23.000] [DEBUG] [P12236:T15604] [phase=frame_stage_notify] [hook=frame_stage_notify] [frame_stage] original begin
#4612 [2026-09-17 23:53:23.019] [DEBUG] [P12236:T15604] [phase=frame_stage_notify] [hook=frame_stage_notify] [frame_stage] original end
#4613 [2026-09-17 23:53:23.038] [DEBUG] [P12236:T15604] [phase=frame_stage_notify] [hook=frame_stage_notify] [frame_stage] end stage=0
#4614 [2026-09-17 23:53:23.057] [DEBUG] [P12236:T15604] [phase=frame_stage_notify] [hook=frame_stage_notify] [frame_stage] begin stage=11 this=0x00007FF9936073C0
#4615 [2026-09-17 23:53:23.075] [DEBUG] [P12236:T15604] [phase=frame_stage_notify] [hook=frame_stage_notify] [frame_stage] original begin
#4616 [2026-09-17 23:53:23.092] [DEBUG] [P12236:T15604] [phase=frame_stage_notify] [hook=frame_stage_notify] [frame_stage] original end
#4617 [2026-09-17 23:53:23.111] [DEBUG] [P12236:T15604] [phase=frame_stage_notify] [hook=frame_stage_notify] [frame_stage] end stage=11
#4618 [2026-09-17 23:53:23.129] [DEBUG] [P12236:T15604] [phase=frame_stage_notify] [hook=frame_stage_notify] [frame_stage] begin stage=0 this=0x00007FF9936073C0
#4619 [2026-09-17 23:53:23.147] [DEBUG] [P12236:T15604] [phase=frame_stage_notify] [hook=frame_stage_notify] [frame_stage] original begin
#4620 [2026-09-17 23:53:23.165] [DEBUG] [P12236:T15604] [phase=frame_stage_notify] [hook=frame_stage_notify] [frame_stage] original end
#4621 [2026-09-17 23:53:23.183] [DEBUG] [P12236:T15604] [phase=frame_stage_notify] [hook=frame_stage_notify] [frame_stage] end stage=0
#4622 [2026-09-17 23:53:23.203] [DEBUG] [P12236:T15604] [phase=frame_stage_notify] [hook=frame_stage_notify] [frame_stage] begin stage=11 this=0x00007FF9936073C0
#4623 [2026-09-17 23:53:23.220] [DEBUG] [P12236:T15604] [phase=frame_stage_notify] [hook=frame_stage_notify] [frame_stage] original begin
#4624 [2026-09-17 23:53:23.238] [DEBUG] [P12236:T15604] [phase=frame_stage_notify] [hook=frame_stage_notify] [frame_stage] original end
#4625 [2026-09-17 23:53:23.257] [DEBUG] [P12236:T15604] [phase=frame_stage_notify] [hook=frame_stage_notify] [frame_stage] end stage=11
#4626 [2026-09-17 23:53:23.279] [DEBUG] [P12236:T15604] [phase=frame_stage_notify] [hook=frame_stage_notify] [frame_stage] begin stage=0 this=0x00007FF9936073C0
#4627 [2026-09-17 23:53:23.296] [DEBUG] [P12236:T15604] [phase=frame_stage_notify] [hook=frame_stage_notify] [frame_stage] original begin
#4628 [2026-09-17 23:53:23.315] [DEBUG] [P12236:T15604] [phase=frame_stage_notify] [hook=frame_stage_notify] [frame_stage] original end
#4629 [2026-09-17 23:53:23.333] [DEBUG] [P12236:T15604] [phase=frame_stage_notify] [hook=frame_stage_notify] [frame_stage] end stage=0
#4630 [2026-09-17 23:53:23.352] [DEBUG] [P12236:T15604] [phase=frame_stage_notify] [hook=frame_stage_notify] [frame_stage] begin stage=11 this=0x00007FF9936073C0
#4631 [2026-09-17 23:53:23.370] [DEBUG] [P12236:T15604] [phase=frame_stage_notify] [hook=frame_stage_notify] [frame_stage] original begin
#4632 [2026-09-17 23:53:23.406] [DEBUG] [P12236:T15604] [phase=frame_stage_notify] [hook=frame_stage_notify] [frame_stage] original end
#4633 [2026-09-17 23:53:23.425] [DEBUG] [P12236:T15604] [phase=frame_stage_notify] [hook=frame_stage_notify] [frame_stage] end stage=11
#4634 [2026-09-17 23:53:23.443] [DEBUG] [P12236:T15604] [phase=frame_stage_notify] [hook=frame_stage_notify] [frame_stage] begin stage=0 this=0x00007FF9936073C0
#4635 [2026-09-17 23:53:23.460] [DEBUG] [P12236:T15604] [phase=frame_stage_notify] [hook=frame_stage_notify] [frame_stage] original begin
#4636 [2026-09-17 23:53:23.478] [DEBUG] [P12236:T15604] [phase=frame_stage_notify] [hook=frame_stage_notify] [frame_stage] original end
#4637 [2026-09-17 23:53:23.497] [DEBUG] [P12236:T15604] [phase=frame_stage_notify] [hook=frame_stage_notify] [frame_stage] end stage=0
#4638 [2026-09-17 23:53:23.515] [DEBUG] [P12236:T15604] [phase=frame_stage_notify] [hook=frame_stage_notify] [frame_stage] begin stage=11 this=0x00007FF9936073C0
#4639 [2026-09-17 23:53:23.534] [DEBUG] [P12236:T15604] [phase=frame_stage_notify] [hook=frame_stage_notify] [frame_stage] original begin
#4640 [2026-09-17 23:53:23.552] [DEBUG] [P12236:T15604] [phase=frame_stage_notify] [hook=frame_stage_notify] [frame_stage] original end
#4641 [2026-09-17 23:53:23.570] [DEBUG] [P12236:T15604] [phase=frame_stage_notify] [hook=frame_stage_notify] [frame_stage] end stage=11
#4642 [2026-09-17 23:53:23.589] [DEBUG] [P12236:T15604] [phase=frame_stage_notify] [hook=frame_stage_notify] [frame_stage] begin stage=0 this=0x00007FF9936073C0
#4643 [2026-09-17 23:53:23.608] [DEBUG] [P12236:T15604] [phase=frame_stage_notify] [hook=frame_stage_notify] [frame_stage] original begin
#4644 [2026-09-17 23:53:23.626] [DEBUG] [P12236:T15604] [phase=frame_stage_notify] [hook=frame_stage_notify] [frame_stage] original end
#4645 [2026-09-17 23:53:23.645] [DEBUG] [P12236:T15604] [phase=frame_stage_notify] [hook=frame_stage_notify] [frame_stage] end stage=0
#4646 [2026-09-17 23:53:23.664] [DEBUG] [P12236:T15604] [phase=frame_stage_notify] [hook=frame_stage_notify] [frame_stage] begin stage=11 this=0x00007FF9936073C0
#4647 [2026-09-17 23:53:23.682] [DEBUG] [P12236:T15604] [phase=frame_stage_notify] [hook=frame_stage_notify] [frame_stage] original begin
#4648 [2026-09-17 23:53:23.701] [DEBUG] [P12236:T15604] [phase=frame_stage_notify] [hook=frame_stage_notify] [frame_stage] original end
#4649 [2026-09-17 23:53:23.719] [DEBUG] [P12236:T15604] [phase=frame_stage_notify] [hook=frame_stage_notify] [frame_stage] end stage=11
#4650 [2026-09-17 23:53:23.738] [DEBUG] [P12236:T15604] [phase=frame_stage_notify] [hook=frame_stage_notify] [frame_stage] begin stage=0 this=0x00007FF9936073C0
#4651 [2026-09-17 23:53:23.755] [DEBUG] [P12236:T15604] [phase=frame_stage_notify] [hook=frame_stage_notify] [frame_stage] original begin
#4652 [2026-09-17 23:53:23.773] [DEBUG] [P12236:T15604] [phase=frame_stage_notify] [hook=frame_stage_notify] [frame_stage] original end
#4653 [2026-09-17 23:53:23.792] [DEBUG] [P12236:T15604] [phase=frame_stage_notify] [hook=frame_stage_notify] [frame_stage] end stage=0
#4654 [2026-09-17 23:53:23.811] [DEBUG] [P12236:T15604] [phase=frame_stage_notify] [hook=frame_stage_notify] [frame_stage] begin stage=11 this=0x00007FF9936073C0
#4655 [2026-09-17 23:53:23.830] [DEBUG] [P12236:T15604] [phase=frame_stage_notify] [hook=frame_stage_notify] [frame_stage] original begin
#4656 [2026-09-17 23:53:23.865] [DEBUG] [P12236:T15604] [phase=frame_stage_notify] [hook=frame_stage_notify] [frame_stage] original end
#4657 [2026-09-17 23:53:23.884] [DEBUG] [P12236:T15604] [phase=frame_stage_notify] [hook=frame_stage_notify] [frame_stage] end stage=11
#4658 [2026-09-17 23:53:23.903] [DEBUG] [P12236:T15604] [phase=frame_stage_notify] [hook=frame_stage_notify] [frame_stage] begin stage=0 this=0x00007FF9936073C0
#4659 [2026-09-17 23:53:23.921] [DEBUG] [P12236:T15604] [phase=frame_stage_notify] [hook=frame_stage_notify] [frame_stage] original begin
#4660 [2026-09-17 23:53:23.940] [DEBUG] [P12236:T15604] [phase=frame_stage_notify] [hook=frame_stage_notify] [frame_stage] original end
#4661 [2026-09-17 23:53:23.959] [DEBUG] [P12236:T15604] [phase=frame_stage_notify] [hook=frame_stage_notify] [frame_stage] end stage=0
#4662 [2026-09-17 23:53:23.978] [DEBUG] [P12236:T15604] [phase=frame_stage_notify] [hook=frame_stage_notify] [frame_stage] begin stage=10 this=0x00007FF9936073C0
#4663 [2026-09-17 23:53:23.996] [DEBUG] [P12236:T15604] [phase=frame_stage_notify] [hook=frame_stage_notify] [frame_stage] original begin
#4664 [2026-09-17 23:53:24.015] [DEBUG] [P12236:T15604] [phase=frame_stage_notify] [hook=frame_stage_notify] [frame_stage] original end
#4665 [2026-09-17 23:53:24.033] [DEBUG] [P12236:T15604] [phase=frame_stage_notify] [hook=frame_stage_notify] [frame_stage] end stage=10
#4666 [2026-09-17 23:53:24.052] [DEBUG] [P12236:T15604] [phase=frame_stage_notify] [hook=frame_stage_notify] [frame_stage] begin stage=11 this=0x00007FF9936073C0
#4667 [2026-09-17 23:53:24.070] [DEBUG] [P12236:T15604] [phase=frame_stage_notify] [hook=frame_stage_notify] [frame_stage] original begin
#4668 [2026-09-17 23:53:24.089] [DEBUG] [P12236:T15604] [phase=frame_stage_notify] [hook=frame_stage_notify] [frame_stage] original end
#4669 [2026-09-17 23:53:24.108] [DEBUG] [P12236:T15604] [phase=frame_stage_notify] [hook=frame_stage_notify] [frame_stage] end stage=11
#4670 [2026-09-17 23:53:24.126] [DEBUG] [P12236:T15604] [phase=frame_stage_notify] [hook=frame_stage_notify] [frame_stage] begin stage=1 this=0x00007FF9936073C0
#4671 [2026-09-17 23:53:24.145] [DEBUG] [P12236:T15604] [phase=frame_stage_notify] [hook=frame_stage_notify] [frame_stage] original begin
#4672 [2026-09-17 23:53:24.180] [DEBUG] [P12236:T15604] [phase=frame_stage_notify] [hook=frame_stage_notify] [frame_stage] original end
#4673 [2026-09-17 23:53:24.232] [DEBUG] [P12236:T15604] [phase=frame_stage_notify] [hook=frame_stage_notify] [frame_stage] end stage=1
#4674 [2026-09-17 23:53:24.303] [DEBUG] [P12236:T15604] [phase=frame_stage_notify] [hook=frame_stage_notify] [frame_stage] begin stage=2 this=0x00007FF9936073C0
#4675 [2026-09-17 23:53:24.321] [DEBUG] [P12236:T15604] [phase=frame_stage_notify] [hook=frame_stage_notify] [frame_stage] original begin
#4676 [2026-09-17 23:53:24.339] [DEBUG] [P12236:T15604] [phase=frame_stage_notify] [hook=frame_stage_notify] [frame_stage] original end
#4677 [2026-09-17 23:53:24.358] [DEBUG] [P12236:T15604] [phase=frame_stage_notify] [hook=frame_stage_notify] [frame_stage] end stage=2
#4678 [2026-09-17 23:53:24.377] [DEBUG] [P12236:T15604] [phase=frame_stage_notify] [hook=frame_stage_notify] [frame_stage] begin stage=5 this=0x00007FF9936073C0
#4679 [2026-09-17 23:53:24.395] [DEBUG] [P12236:T15604] [phase=frame_stage_notify] [hook=frame_stage_notify] [frame_stage] original begin
#4680 [2026-09-17 23:53:24.414] [DEBUG] [P12236:T15604] [phase=frame_stage_notify] [hook=frame_stage_notify] [frame_stage] original end
#4681 [2026-09-17 23:53:24.432] [DEBUG] [P12236:T15604] [phase=frame_stage_notify] [hook=frame_stage_notify] [frame_stage] end stage=5
#4682 [2026-09-17 23:53:24.450] [DEBUG] [P12236:T15604] [phase=frame_stage_notify] [hook=frame_stage_notify] [frame_stage] begin stage=6 this=0x00007FF9936073C0
#4683 [2026-09-17 23:53:24.469] [DEBUG] [P12236:T15604] [phase=frame_stage_notify] [hook=frame_stage_notify] [frame_stage] guns begin
#4684 [2026-09-17 23:53:24.488] [DEBUG] [P12236:T15604] [phase=frame_stage_notify] [hook=frame_stage_notify] [frame_stage] guns end
#4685 [2026-09-17 23:53:24.506] [DEBUG] [P12236:T15604] [phase=frame_stage_notify] [hook=frame_stage_notify] [frame_stage] dlight begin
#4686 [2026-09-17 23:53:24.525] [DEBUG] [P12236:T15604] [phase=frame_stage_notify] [hook=frame_stage_notify] [frame_stage] dlight end
#4687 [2026-09-17 23:53:24.543] [DEBUG] [P12236:T15604] [phase=frame_stage_notify] [hook=frame_stage_notify] [frame_stage] original begin
#4688 [2026-09-17 23:53:24.566] [DEBUG] [P12236:T15604] [phase=frame_stage_notify] [hook=frame_stage_notify] [frame_stage] original end
#4689 [2026-09-17 23:53:24.585] [DEBUG] [P12236:T15604] [phase=frame_stage_notify] [hook=frame_stage_notify] [frame_stage] post-network feature updates begin
#4690 [2026-09-17 23:53:24.604] [DEBUG] [P12236:T15604] [phase=frame_stage_notify] [hook=frame_stage_notify] [frame_stage] post-network feature updates end
#4691 [2026-09-17 23:53:24.623] [DEBUG] [P12236:T15604] [phase=frame_stage_notify] [hook=frame_stage_notify] [frame_stage] end stage=6
#4692 [2026-09-17 23:53:24.643] [DEBUG] [P12236:T15604] [phase=frame_stage_notify] [hook=frame_stage_notify] [frame_stage] begin stage=7 this=0x00007FF9936073C0
#4693 [2026-09-17 23:53:24.661] [DEBUG] [P12236:T15604] [phase=frame_stage_notify] [hook=frame_stage_notify] [frame_stage] agents begin
#4694 [2026-09-17 23:53:24.679] [DEBUG] [P12236:T15604] [phase=frame_stage_notify] [hook=frame_stage_notify] [frame_stage] agents end; gloves begin
#4695 [2026-09-17 23:53:24.697] [DEBUG] [P12236:T15604] [phase=frame_stage_notify] [hook=frame_stage_notify] [frame_stage] gloves end; knives begin
#4696 [2026-09-17 23:53:24.716] [DEBUG] [P12236:T15604] [phase=frame_stage_notify] [hook=frame_stage_notify] [frame_stage] knives end; world begin
#4697 [2026-09-17 23:53:24.735] [DEBUG] [P12236:T15604] [phase=frame_stage_notify] [hook=frame_stage_notify] [frame_stage] scene end; weather begin
#4698 [2026-09-17 23:53:24.754] [DEBUG] [P12236:T15604] [phase=frame_stage_notify] [hook=frame_stage_notify] [frame_stage] weather end; other begin
#4699 [2026-09-17 23:53:24.772] [DEBUG] [P12236:T15604] [phase=frame_stage_notify] [hook=frame_stage_notify] [frame_stage] other end; impacts begin
#4700 [2026-09-17 23:53:24.789] [DEBUG] [P12236:T15604] [phase=frame_stage_notify] [hook=frame_stage_notify] [frame_stage] impacts end
#4701 [2026-09-17 23:53:24.807] [DEBUG] [P12236:T15604] [phase=frame_stage_notify] [hook=frame_stage_notify] [frame_stage] original begin
#4702 [2026-09-17 23:53:24.826] [DEBUG] [P12236:T15604] [phase=frame_stage_notify] [hook=frame_stage_notify] [frame_stage] original end
#4703 [2026-09-17 23:53:24.844] [DEBUG] [P12236:T15604] [phase=frame_stage_notify] [hook=frame_stage_notify] [frame_stage] end stage=7
#4704 [2026-09-17 23:53:24.863] [DEBUG] [P12236:T15604] [phase=frame_stage_notify] [hook=frame_stage_notify] [frame_stage] begin stage=8 this=0x00007FF9936073C0
#4705 [2026-09-17 23:53:24.881] [DEBUG] [P12236:T15604] [phase=frame_stage_notify] [hook=frame_stage_notify] [frame_stage] original begin
#4706 [2026-09-17 23:53:24.899] [DEBUG] [P12236:T15604] [phase=frame_stage_notify] [hook=frame_stage_notify] [frame_stage] original end
#4707 [2026-09-17 23:53:24.917] [DEBUG] [P12236:T15604] [phase=frame_stage_notify] [hook=frame_stage_notify] [frame_stage] end stage=8
#4708 [2026-09-17 23:53:24.936] [DEBUG] [P12236:T15604] [phase=frame_stage_notify] [hook=frame_stage_notify] [frame_stage] begin stage=3 this=0x00007FF9936073C0
#4709 [2026-09-17 23:53:24.954] [DEBUG] [P12236:T15604] [phase=frame_stage_notify] [hook=frame_stage_notify] [frame_stage] original begin
#4710 [2026-09-17 23:53:24.990] [DEBUG] [P12236:T15604] [phase=frame_stage_notify] [hook=frame_stage_notify] [frame_stage] original end
#4711 [2026-09-17 23:53:25.043] [DEBUG] [P12236:T15604] [phase=frame_stage_notify] [hook=frame_stage_notify] [frame_stage] end stage=3
#4712 [2026-09-17 23:53:25.063] [DEBUG] [P12236:T15604] [phase=frame_stage_notify] [hook=frame_stage_notify] [frame_stage] begin stage=12 this=0x00007FF9936073C0
#4713 [2026-09-17 23:53:25.081] [DEBUG] [P12236:T15604] [phase=frame_stage_notify] [hook=frame_stage_notify] [frame_stage] original begin
#4714 [2026-09-17 23:53:25.099] [DEBUG] [P12236:T15604] [phase=frame_stage_notify] [hook=frame_stage_notify] [frame_stage] original end
#4715 [2026-09-17 23:53:25.117] [DEBUG] [P12236:T15604] [phase=frame_stage_notify] [hook=frame_stage_notify] [frame_stage] view/frame-data update begin
#4716 [2026-09-17 23:53:25.135] [DEBUG] [P12236:T15604] [phase=frame_stage_notify] [hook=frame_stage_notify] [frame_stage] view/frame-data update end
#4717 [2026-09-17 23:53:25.154] [DEBUG] [P12236:T15604] [phase=frame_stage_notify] [hook=frame_stage_notify] [frame_stage] end stage=12
#4718 [2026-09-17 23:53:25.177] [DEBUG] [P12236:T15604] [phase=frame_stage_notify] [hook=frame_stage_notify] [frame_stage] begin stage=0 this=0x00007FF9936073C0
#4722 [2026-09-17 23:53:25.195] [DEBUG] [P12236:T15604] [phase=frame_stage_notify] [hook=frame_stage_notify] [frame_stage] original begin
#4723 [2026-09-17 23:53:25.232] [DEBUG] [P12236:T15604] [phase=frame_stage_notify] [hook=frame_stage_notify] [frame_stage] original end
#4724 [2026-09-17 23:53:25.251] [DEBUG] [P12236:T15604] [phase=frame_stage_notify] [hook=frame_stage_notify] [frame_stage] end stage=0
#4725 [2026-09-17 23:53:25.270] [DEBUG] [P12236:T15604] [phase=frame_stage_notify] [hook=frame_stage_notify] [frame_stage] begin stage=11 this=0x00007FF9936073C0
#4726 [2026-09-17 23:53:25.288] [DEBUG] [P12236:T15604] [phase=frame_stage_notify] [hook=frame_stage_notify] [frame_stage] original begin
#4727 [2026-09-17 23:53:25.306] [DEBUG] [P12236:T15604] [phase=frame_stage_notify] [hook=frame_stage_notify] [frame_stage] original end
#4728 [2026-09-17 23:53:25.324] [DEBUG] [P12236:T15604] [phase=frame_stage_notify] [hook=frame_stage_notify] [frame_stage] end stage=11
#4729 [2026-09-17 23:53:25.343] [DEBUG] [P12236:T15604] [phase=frame_stage_notify] [hook=frame_stage_notify] [frame_stage] begin stage=0 this=0x00007FF9936073C0
#4730 [2026-09-17 23:53:25.361] [DEBUG] [P12236:T15604] [phase=frame_stage_notify] [hook=frame_stage_notify] [frame_stage] original begin
#4731 [2026-09-17 23:53:25.380] [DEBUG] [P12236:T15604] [phase=frame_stage_notify] [hook=frame_stage_notify] [frame_stage] original end
#4732 [2026-09-17 23:53:25.398] [DEBUG] [P12236:T15604] [phase=frame_stage_notify] [hook=frame_stage_notify] [frame_stage] end stage=0
#4733 [2026-09-17 23:53:25.417] [DEBUG] [P12236:T15604] [phase=frame_stage_notify] [hook=frame_stage_notify] [frame_stage] begin stage=11 this=0x00007FF9936073C0
#4734 [2026-09-17 23:53:25.436] [DEBUG] [P12236:T15604] [phase=frame_stage_notify] [hook=frame_stage_notify] [frame_stage] original begin
#4735 [2026-09-17 23:53:25.454] [DEBUG] [P12236:T15604] [phase=frame_stage_notify] [hook=frame_stage_notify] [frame_stage] original end
#4736 [2026-09-17 23:53:25.473] [DEBUG] [P12236:T15604] [phase=frame_stage_notify] [hook=frame_stage_notify] [frame_stage] end stage=11
#4737 [2026-09-17 23:53:25.493] [DEBUG] [P12236:T15604] [phase=frame_stage_notify] [hook=frame_stage_notify] [frame_stage] begin stage=0 this=0x00007FF9936073C0
#4738 [2026-09-17 23:53:25.511] [DEBUG] [P12236:T15604] [phase=frame_stage_notify] [hook=frame_stage_notify] [frame_stage] original begin
#4739 [2026-09-17 23:53:25.529] [DEBUG] [P12236:T15604] [phase=frame_stage_notify] [hook=frame_stage_notify] [frame_stage] original end
#4740 [2026-09-17 23:53:25.548] [DEBUG] [P12236:T15604] [phase=frame_stage_notify] [hook=frame_stage_notify] [frame_stage] end stage=0
#4741 [2026-09-17 23:53:25.567] [DEBUG] [P12236:T15604] [phase=frame_stage_notify] [hook=frame_stage_notify] [frame_stage] begin stage=11 this=0x00007FF9936073C0
#4742 [2026-09-17 23:53:25.585] [DEBUG] [P12236:T15604] [phase=frame_stage_notify] [hook=frame_stage_notify] [frame_stage] original begin
#4743 [2026-09-17 23:53:25.605] [DEBUG] [P12236:T15604] [phase=frame_stage_notify] [hook=frame_stage_notify] [frame_stage] original end
#4744 [2026-09-17 23:53:25.624] [DEBUG] [P12236:T15604] [phase=frame_stage_notify] [hook=frame_stage_notify] [frame_stage] end stage=11
#4745 [2026-09-17 23:53:25.642] [DEBUG] [P12236:T15604] [phase=frame_stage_notify] [hook=frame_stage_notify] [frame_stage] begin stage=0 this=0x00007FF9936073C0
#4746 [2026-09-17 23:53:25.660] [DEBUG] [P12236:T15604] [phase=frame_stage_notify] [hook=frame_stage_notify] [frame_stage] original begin
#4747 [2026-09-17 23:53:25.680] [DEBUG] [P12236:T15604] [phase=frame_stage_notify] [hook=frame_stage_notify] [frame_stage] original end
#4748 [2026-09-17 23:53:25.698] [DEBUG] [P12236:T15604] [phase=frame_stage_notify] [hook=frame_stage_notify] [frame_stage] end stage=0
#4749 [2026-09-17 23:53:25.718] [DEBUG] [P12236:T15604] [phase=frame_stage_notify] [hook=frame_stage_notify] [frame_stage] begin stage=11 this=0x00007FF9936073C0
#4750 [2026-09-17 23:53:25.736] [DEBUG] [P12236:T15604] [phase=frame_stage_notify] [hook=frame_stage_notify] [frame_stage] original begin
#4751 [2026-09-17 23:53:25.754] [DEBUG] [P12236:T15604] [phase=frame_stage_notify] [hook=frame_stage_notify] [frame_stage] original end
#4752 [2026-09-17 23:53:25.773] [DEBUG] [P12236:T15604] [phase=frame_stage_notify] [hook=frame_stage_notify] [frame_stage] end stage=11
#4753 [2026-09-17 23:53:25.790] [DEBUG] [P12236:T15604] [phase=frame_stage_notify] [hook=frame_stage_notify] [frame_stage] begin stage=0 this=0x00007FF9936073C0
#4754 [2026-09-17 23:53:25.808] [DEBUG] [P12236:T15604] [phase=frame_stage_notify] [hook=frame_stage_notify] [frame_stage] original begin
#4755 [2026-09-17 23:53:25.827] [DEBUG] [P12236:T15604] [phase=frame_stage_notify] [hook=frame_stage_notify] [frame_stage] original end
#4756 [2026-09-17 23:53:25.845] [DEBUG] [P12236:T15604] [phase=frame_stage_notify] [hook=frame_stage_notify] [frame_stage] end stage=0
#4757 [2026-09-17 23:53:25.864] [DEBUG] [P12236:T15604] [phase=frame_stage_notify] [hook=frame_stage_notify] [frame_stage] begin stage=11 this=0x00007FF9936073C0
#4758 [2026-09-17 23:53:25.882] [DEBUG] [P12236:T15604] [phase=frame_stage_notify] [hook=frame_stage_notify] [frame_stage] original begin
#4759 [2026-09-17 23:53:25.900] [DEBUG] [P12236:T15604] [phase=frame_stage_notify] [hook=frame_stage_notify] [frame_stage] original end
#4760 [2026-09-17 23:53:25.918] [DEBUG] [P12236:T15604] [phase=frame_stage_notify] [hook=frame_stage_notify] [frame_stage] end stage=11
#4761 [2026-09-17 23:53:25.937] [DEBUG] [P12236:T15604] [phase=frame_stage_notify] [hook=frame_stage_notify] [frame_stage] begin stage=0 this=0x00007FF9936073C0
#4762 [2026-09-17 23:53:25.955] [DEBUG] [P12236:T15604] [phase=frame_stage_notify] [hook=frame_stage_notify] [frame_stage] original begin
#4763 [2026-09-17 23:53:25.973] [DEBUG] [P12236:T15604] [phase=frame_stage_notify] [hook=frame_stage_notify] [frame_stage] original end
#4764 [2026-09-17 23:53:25.991] [DEBUG] [P12236:T15604] [phase=frame_stage_notify] [hook=frame_stage_notify] [frame_stage] end stage=0
#4765 [2026-09-17 23:53:26.010] [DEBUG] [P12236:T15604] [phase=frame_stage_notify] [hook=frame_stage_notify] [frame_stage] begin stage=10 this=0x00007FF9936073C0
#4766 [2026-09-17 23:53:26.029] [DEBUG] [P12236:T15604] [phase=frame_stage_notify] [hook=frame_stage_notify] [frame_stage] original begin
#4767 [2026-09-17 23:53:26.048] [DEBUG] [P12236:T15604] [phase=frame_stage_notify] [hook=frame_stage_notify] [frame_stage] original end
#4768 [2026-09-17 23:53:26.067] [DEBUG] [P12236:T15604] [phase=frame_stage_notify] [hook=frame_stage_notify] [frame_stage] end stage=10
#4769 [2026-09-17 23:53:26.085] [DEBUG] [P12236:T15604] [phase=frame_stage_notify] [hook=frame_stage_notify] [frame_stage] begin stage=11 this=0x00007FF9936073C0
#4770 [2026-09-17 23:53:26.103] [DEBUG] [P12236:T15604] [phase=frame_stage_notify] [hook=frame_stage_notify] [frame_stage] original begin
#4771 [2026-09-17 23:53:26.122] [DEBUG] [P12236:T15604] [phase=frame_stage_notify] [hook=frame_stage_notify] [frame_stage] original end
#4772 [2026-09-17 23:53:26.140] [DEBUG] [P12236:T15604] [phase=frame_stage_notify] [hook=frame_stage_notify] [frame_stage] end stage=11
#4773 [2026-09-17 23:53:26.159] [DEBUG] [P12236:T15604] [phase=frame_stage_notify] [hook=frame_stage_notify] [frame_stage] begin stage=1 this=0x00007FF9936073C0
#4774 [2026-09-17 23:53:26.178] [DEBUG] [P12236:T15604] [phase=frame_stage_notify] [hook=frame_stage_notify] [frame_stage] original begin
#4775 [2026-09-17 23:53:26.196] [DEBUG] [P12236:T15604] [phase=frame_stage_notify] [hook=frame_stage_notify] [frame_stage] original end
#4776 [2026-09-17 23:53:26.214] [DEBUG] [P12236:T15604] [phase=frame_stage_notify] [hook=frame_stage_notify] [frame_stage] end stage=1
#4777 [2026-09-17 23:53:26.232] [DEBUG] [P12236:T15604] [phase=frame_stage_notify] [hook=frame_stage_notify] [frame_stage] begin stage=2 this=0x00007FF9936073C0
#4778 [2026-09-17 23:53:26.251] [DEBUG] [P12236:T15604] [phase=frame_stage_notify] [hook=frame_stage_notify] [frame_stage] original begin
#4779 [2026-09-17 23:53:26.270] [DEBUG] [P12236:T15604] [phase=frame_stage_notify] [hook=frame_stage_notify] [frame_stage] original end
#4780 [2026-09-17 23:53:26.289] [DEBUG] [P12236:T15604] [phase=frame_stage_notify] [hook=frame_stage_notify] [frame_stage] end stage=2
#4781 [2026-09-17 23:53:26.307] [DEBUG] [P12236:T15604] [phase=frame_stage_notify] [hook=frame_stage_notify] [frame_stage] begin stage=5 this=0x00007FF9936073C0
#4782 [2026-09-17 23:53:26.325] [DEBUG] [P12236:T15604] [phase=frame_stage_notify] [hook=frame_stage_notify] [frame_stage] original begin
#4783 [2026-09-17 23:53:26.345] [DEBUG] [P12236:T15604] [phase=frame_stage_notify] [hook=frame_stage_notify] [frame_stage] original end
#4784 [2026-09-17 23:53:26.363] [DEBUG] [P12236:T15604] [phase=frame_stage_notify] [hook=frame_stage_notify] [frame_stage] end stage=5
#4785 [2026-09-17 23:53:26.381] [DEBUG] [P12236:T15604] [phase=frame_stage_notify] [hook=frame_stage_notify] [frame_stage] begin stage=6 this=0x00007FF9936073C0
#4786 [2026-09-17 23:53:26.416] [DEBUG] [P12236:T15604] [phase=frame_stage_notify] [hook=frame_stage_notify] [frame_stage] guns begin
#4787 [2026-09-17 23:53:26.435] [DEBUG] [P12236:T15604] [phase=frame_stage_notify] [hook=frame_stage_notify] [frame_stage] guns end
#4788 [2026-09-17 23:53:26.453] [DEBUG] [P12236:T15604] [phase=frame_stage_notify] [hook=frame_stage_notify] [frame_stage] dlight begin
#4789 [2026-09-17 23:53:26.471] [DEBUG] [P12236:T15604] [phase=frame_stage_notify] [hook=frame_stage_notify] [frame_stage] dlight end
#4790 [2026-09-17 23:53:26.489] [DEBUG] [P12236:T15604] [phase=frame_stage_notify] [hook=frame_stage_notify] [frame_stage] original begin
#4791 [2026-09-17 23:53:26.508] [DEBUG] [P12236:T15604] [phase=frame_stage_notify] [hook=frame_stage_notify] [frame_stage] original end
#4792 [2026-09-17 23:53:26.545] [DEBUG] [P12236:T15604] [phase=frame_stage_notify] [hook=frame_stage_notify] [frame_stage] post-network feature updates begin
#4793 [2026-09-17 23:53:26.564] [DEBUG] [P12236:T15604] [phase=frame_stage_notify] [hook=frame_stage_notify] [frame_stage] post-network feature updates end
#4794 [2026-09-17 23:53:26.598] [DEBUG] [P12236:T15604] [phase=frame_stage_notify] [hook=frame_stage_notify] [frame_stage] end stage=6
#4795 [2026-09-17 23:53:26.616] [DEBUG] [P12236:T15604] [phase=frame_stage_notify] [hook=frame_stage_notify] [frame_stage] begin stage=7 this=0x00007FF9936073C0
#4796 [2026-09-17 23:53:26.634] [DEBUG] [P12236:T15604] [phase=frame_stage_notify] [hook=frame_stage_notify] [frame_stage] agents begin
#4797 [2026-09-17 23:53:26.652] [DEBUG] [P12236:T15604] [phase=frame_stage_notify] [hook=frame_stage_notify] [frame_stage] agents end; gloves begin
#4798 [2026-09-17 23:53:26.670] [DEBUG] [P12236:T15604] [phase=frame_stage_notify] [hook=frame_stage_notify] [frame_stage] gloves end; knives begin
#4799 [2026-09-17 23:53:26.688] [DEBUG] [P12236:T15604] [phase=frame_stage_notify] [hook=frame_stage_notify] [frame_stage] knives end; world begin
#4800 [2026-09-17 23:53:26.707] [DEBUG] [P12236:T15604] [phase=frame_stage_notify] [hook=frame_stage_notify] [frame_stage] scene end; weather begin
#4801 [2026-09-17 23:53:26.725] [DEBUG] [P12236:T15604] [phase=frame_stage_notify] [hook=frame_stage_notify] [frame_stage] weather end; other begin
#4802 [2026-09-17 23:53:26.743] [DEBUG] [P12236:T15604] [phase=frame_stage_notify] [hook=frame_stage_notify] [frame_stage] other end; impacts begin
#4803 [2026-09-17 23:53:26.762] [DEBUG] [P12236:T15604] [phase=frame_stage_notify] [hook=frame_stage_notify] [frame_stage] impacts end
#4804 [2026-09-17 23:53:26.780] [DEBUG] [P12236:T15604] [phase=frame_stage_notify] [hook=frame_stage_notify] [frame_stage] original begin
#4805 [2026-09-17 23:53:26.798] [DEBUG] [P12236:T15604] [phase=frame_stage_notify] [hook=frame_stage_notify] [frame_stage] original end
#4806 [2026-09-17 23:53:26.817] [DEBUG] [P12236:T15604] [phase=frame_stage_notify] [hook=frame_stage_notify] [frame_stage] end stage=7
#4807 [2026-09-17 23:53:26.835] [DEBUG] [P12236:T15604] [phase=frame_stage_notify] [hook=frame_stage_notify] [frame_stage] begin stage=8 this=0x00007FF9936073C0
#4808 [2026-09-17 23:53:26.854] [DEBUG] [P12236:T15604] [phase=frame_stage_notify] [hook=frame_stage_notify] [frame_stage] original begin
#4809 [2026-09-17 23:53:26.872] [DEBUG] [P12236:T15604] [phase=frame_stage_notify] [hook=frame_stage_notify] [frame_stage] original end
#4810 [2026-09-17 23:53:26.890] [DEBUG] [P12236:T15604] [phase=frame_stage_notify] [hook=frame_stage_notify] [frame_stage] end stage=8
#4811 [2026-09-17 23:53:26.908] [DEBUG] [P12236:T15604] [phase=frame_stage_notify] [hook=frame_stage_notify] [frame_stage] begin stage=3 this=0x00007FF9936073C0
#4812 [2026-09-17 23:53:26.928] [DEBUG] [P12236:T15604] [phase=frame_stage_notify] [hook=frame_stage_notify] [frame_stage] original begin
#4813 [2026-09-17 23:53:26.947] [DEBUG] [P12236:T15604] [phase=frame_stage_notify] [hook=frame_stage_notify] [frame_stage] original end
#4814 [2026-09-17 23:53:26.966] [DEBUG] [P12236:T15604] [phase=frame_stage_notify] [hook=frame_stage_notify] [frame_stage] end stage=3
#4815 [2026-09-17 23:53:26.983] [DEBUG] [P12236:T15604] [phase=frame_stage_notify] [hook=frame_stage_notify] [frame_stage] begin stage=12 this=0x00007FF9936073C0
#4816 [2026-09-17 23:53:27.002] [DEBUG] [P12236:T15604] [phase=frame_stage_notify] [hook=frame_stage_notify] [frame_stage] original begin
#4817 [2026-09-17 23:53:27.021] [DEBUG] [P12236:T15604] [phase=frame_stage_notify] [hook=frame_stage_notify] [frame_stage] original end
#4818 [2026-09-17 23:53:27.040] [DEBUG] [P12236:T15604] [phase=frame_stage_notify] [hook=frame_stage_notify] [frame_stage] view/frame-data update begin
#4819 [2026-09-17 23:53:27.058] [DEBUG] [P12236:T15604] [phase=frame_stage_notify] [hook=frame_stage_notify] [frame_stage] view/frame-data update end
#4820 [2026-09-17 23:53:27.077] [DEBUG] [P12236:T15604] [phase=frame_stage_notify] [hook=frame_stage_notify] [frame_stage] end stage=12
#4821 [2026-09-17 23:53:27.098] [DEBUG] [P12236:T8840] [phase=none] [hook=generate_primitives] hook enter name=generate_primitives arg0=0x00007FF99B387AD0 arg1=0x000002B476F67980 arg2=0x000000C716B7FBA0 arg3=0x000000C716B7F160
#4822 [2026-09-17 23:53:27.117] [DEBUG] [P12236:T8840] [phase=none] [hook=generate_primitives] hook leave name=generate_primitives duration_ms=16
#4823 [2026-09-17 23:53:27.136] [DEBUG] [P12236:T18300] [phase=present] [hook=present] [present] begin swap_chain=0x00000242DB990F50 sync=0 flags=0x200 ready=1
#4924 [2026-09-17 23:53:27.155] [DEBUG] [P12236:T18300] [phase=present] [hook=present] [present] rendering context updated
#4925 [2026-09-17 23:53:27.174] [DEBUG] [P12236:T18300] [phase=present] [hook=present] [present] forwarding to original
#4926 [2026-09-17 23:53:27.193] [DEBUG] [P12236:T15604] [phase=frame_stage_notify] [hook=frame_stage_notify] [frame_stage] begin stage=0 this=0x00007FF9936073C0
#4930 [2026-09-17 23:53:27.211] [DEBUG] [P12236:T15604] [phase=frame_stage_notify] [hook=frame_stage_notify] [frame_stage] original begin
#4931 [2026-09-17 23:53:27.229] [DEBUG] [P12236:T15604] [phase=frame_stage_notify] [hook=frame_stage_notify] [frame_stage] original end
#4932 [2026-09-17 23:53:27.247] [DEBUG] [P12236:T15604] [phase=frame_stage_notify] [hook=frame_stage_notify] [frame_stage] end stage=0
#4933 [2026-09-17 23:53:27.266] [DEBUG] [P12236:T15604] [phase=frame_stage_notify] [hook=frame_stage_notify] [frame_stage] begin stage=11 this=0x00007FF9936073C0
#4934 [2026-09-17 23:53:27.284] [DEBUG] [P12236:T15604] [phase=frame_stage_notify] [hook=frame_stage_notify] [frame_stage] original begin
#4935 [2026-09-17 23:53:27.302] [DEBUG] [P12236:T15604] [phase=frame_stage_notify] [hook=frame_stage_notify] [frame_stage] original end
#4936 [2026-09-17 23:53:27.320] [DEBUG] [P12236:T15604] [phase=frame_stage_notify] [hook=frame_stage_notify] [frame_stage] end stage=11
#4937 [2026-09-17 23:53:27.338] [DEBUG] [P12236:T15604] [phase=frame_stage_notify] [hook=frame_stage_notify] [frame_stage] begin stage=0 this=0x00007FF9936073C0
#4938 [2026-09-17 23:53:27.356] [DEBUG] [P12236:T15604] [phase=frame_stage_notify] [hook=frame_stage_notify] [frame_stage] original begin
#4939 [2026-09-17 23:53:27.377] [DEBUG] [P12236:T15604] [phase=frame_stage_notify] [hook=frame_stage_notify] [frame_stage] original end
#4940 [2026-09-17 23:53:27.395] [DEBUG] [P12236:T15604] [phase=frame_stage_notify] [hook=frame_stage_notify] [frame_stage] end stage=0
#4941 [2026-09-17 23:53:27.414] [DEBUG] [P12236:T15604] [phase=frame_stage_notify] [hook=frame_stage_notify] [frame_stage] begin stage=11 this=0x00007FF9936073C0
#4942 [2026-09-17 23:53:27.432] [DEBUG] [P12236:T15604] [phase=frame_stage_notify] [hook=frame_stage_notify] [frame_stage] original begin
#4943 [2026-09-17 23:53:27.450] [DEBUG] [P12236:T15604] [phase=frame_stage_notify] [hook=frame_stage_notify] [frame_stage] original end
#4944 [2026-09-17 23:53:27.468] [DEBUG] [P12236:T15604] [phase=frame_stage_notify] [hook=frame_stage_notify] [frame_stage] end stage=11
#4945 [2026-09-17 23:53:27.487] [DEBUG] [P12236:T15604] [phase=frame_stage_notify] [hook=frame_stage_notify] [frame_stage] begin stage=0 this=0x00007FF9936073C0
#4946 [2026-09-17 23:53:27.506] [DEBUG] [P12236:T15604] [phase=frame_stage_notify] [hook=frame_stage_notify] [frame_stage] original begin
#4947 [2026-09-17 23:53:27.523] [DEBUG] [P12236:T15604] [phase=frame_stage_notify] [hook=frame_stage_notify] [frame_stage] original end
#4948 [2026-09-17 23:53:27.541] [DEBUG] [P12236:T15604] [phase=frame_stage_notify] [hook=frame_stage_notify] [frame_stage] end stage=0
#4949 [2026-09-17 23:53:27.560] [DEBUG] [P12236:T15604] [phase=frame_stage_notify] [hook=frame_stage_notify] [frame_stage] begin stage=11 this=0x00007FF9936073C0
#4950 [2026-09-17 23:53:27.579] [DEBUG] [P12236:T15604] [phase=frame_stage_notify] [hook=frame_stage_notify] [frame_stage] original begin
#4951 [2026-09-17 23:53:27.598] [DEBUG] [P12236:T15604] [phase=frame_stage_notify] [hook=frame_stage_notify] [frame_stage] original end
#4952 [2026-09-17 23:53:27.617] [DEBUG] [P12236:T15604] [phase=frame_stage_notify] [hook=frame_stage_notify] [frame_stage] end stage=11
#4953 [2026-09-17 23:53:27.636] [DEBUG] [P12236:T15604] [phase=frame_stage_notify] [hook=frame_stage_notify] [frame_stage] begin stage=0 this=0x00007FF9936073C0
#4954 [2026-09-17 23:53:27.655] [DEBUG] [P12236:T15604] [phase=frame_stage_notify] [hook=frame_stage_notify] [frame_stage] original begin
#4955 [2026-09-17 23:53:27.672] [DEBUG] [P12236:T15604] [phase=frame_stage_notify] [hook=frame_stage_notify] [frame_stage] original end
#4956 [2026-09-17 23:53:27.690] [DEBUG] [P12236:T15604] [phase=frame_stage_notify] [hook=frame_stage_notify] [frame_stage] end stage=0
#4957 [2026-09-17 23:53:27.710] [DEBUG] [P12236:T15604] [phase=frame_stage_notify] [hook=frame_stage_notify] [frame_stage] begin stage=10 this=0x00007FF9936073C0
#4958 [2026-09-17 23:53:27.728] [DEBUG] [P12236:T15604] [phase=frame_stage_notify] [hook=frame_stage_notify] [frame_stage] original begin
#4959 [2026-09-17 23:53:27.746] [DEBUG] [P12236:T15604] [phase=frame_stage_notify] [hook=frame_stage_notify] [frame_stage] original end
#4960 [2026-09-17 23:53:27.764] [DEBUG] [P12236:T15604] [phase=frame_stage_notify] [hook=frame_stage_notify] [frame_stage] end stage=10
#4961 [2026-09-17 23:53:27.782] [DEBUG] [P12236:T15604] [phase=frame_stage_notify] [hook=frame_stage_notify] [frame_stage] begin stage=11 this=0x00007FF9936073C0
#4962 [2026-09-17 23:53:27.801] [DEBUG] [P12236:T15604] [phase=frame_stage_notify] [hook=frame_stage_notify] [frame_stage] original begin
#4963 [2026-09-17 23:53:27.820] [DEBUG] [P12236:T15604] [phase=frame_stage_notify] [hook=frame_stage_notify] [frame_stage] original end
#4964 [2026-09-17 23:53:27.838] [DEBUG] [P12236:T15604] [phase=frame_stage_notify] [hook=frame_stage_notify] [frame_stage] end stage=11
#4965 [2026-09-17 23:53:27.857] [DEBUG] [P12236:T15604] [phase=frame_stage_notify] [hook=frame_stage_notify] [frame_stage] begin stage=1 this=0x00007FF9936073C0
#4966 [2026-09-17 23:53:27.874] [DEBUG] [P12236:T15604] [phase=frame_stage_notify] [hook=frame_stage_notify] [frame_stage] original begin
#4967 [2026-09-17 23:53:27.892] [DEBUG] [P12236:T15604] [phase=frame_stage_notify] [hook=frame_stage_notify] [frame_stage] original end
#4968 [2026-09-17 23:53:27.911] [DEBUG] [P12236:T15604] [phase=frame_stage_notify] [hook=frame_stage_notify] [frame_stage] end stage=1
#4969 [2026-09-17 23:53:27.930] [DEBUG] [P12236:T15604] [phase=frame_stage_notify] [hook=frame_stage_notify] [frame_stage] begin stage=2 this=0x00007FF9936073C0
#4970 [2026-09-17 23:53:27.949] [DEBUG] [P12236:T15604] [phase=frame_stage_notify] [hook=frame_stage_notify] [frame_stage] original begin
#4971 [2026-09-17 23:53:27.967] [DEBUG] [P12236:T15604] [phase=frame_stage_notify] [hook=frame_stage_notify] [frame_stage] original end
#4972 [2026-09-17 23:53:27.985] [DEBUG] [P12236:T15604] [phase=frame_stage_notify] [hook=frame_stage_notify] [frame_stage] end stage=2
#4973 [2026-09-17 23:53:28.004] [DEBUG] [P12236:T15604] [phase=frame_stage_notify] [hook=frame_stage_notify] [frame_stage] begin stage=5 this=0x00007FF9936073C0
#4974 [2026-09-17 23:53:28.023] [DEBUG] [P12236:T15604] [phase=frame_stage_notify] [hook=frame_stage_notify] [frame_stage] original begin
#4975 [2026-09-17 23:53:28.042] [DEBUG] [P12236:T15604] [phase=frame_stage_notify] [hook=frame_stage_notify] [frame_stage] original end
#4976 [2026-09-17 23:53:28.060] [DEBUG] [P12236:T15604] [phase=frame_stage_notify] [hook=frame_stage_notify] [frame_stage] end stage=5
#4977 [2026-09-17 23:53:28.079] [DEBUG] [P12236:T15604] [phase=frame_stage_notify] [hook=frame_stage_notify] [frame_stage] begin stage=6 this=0x00007FF9936073C0
#4978 [2026-09-17 23:53:28.098] [DEBUG] [P12236:T15604] [phase=frame_stage_notify] [hook=frame_stage_notify] [frame_stage] guns begin
#4979 [2026-09-17 23:53:28.117] [DEBUG] [P12236:T15604] [phase=frame_stage_notify] [hook=frame_stage_notify] [frame_stage] guns end
#4980 [2026-09-17 23:53:28.135] [DEBUG] [P12236:T15604] [phase=frame_stage_notify] [hook=frame_stage_notify] [frame_stage] dlight begin
#4981 [2026-09-17 23:53:28.154] [DEBUG] [P12236:T15604] [phase=frame_stage_notify] [hook=frame_stage_notify] [frame_stage] dlight end
#4982 [2026-09-17 23:53:28.172] [DEBUG] [P12236:T15604] [phase=frame_stage_notify] [hook=frame_stage_notify] [frame_stage] original begin
#4983 [2026-09-17 23:53:28.191] [DEBUG] [P12236:T15604] [phase=frame_stage_notify] [hook=frame_stage_notify] [frame_stage] original end
#4984 [2026-09-17 23:53:28.209] [DEBUG] [P12236:T15604] [phase=frame_stage_notify] [hook=frame_stage_notify] [frame_stage] post-network feature updates begin
#4985 [2026-09-17 23:53:28.227] [DEBUG] [P12236:T15604] [phase=frame_stage_notify] [hook=frame_stage_notify] [frame_stage] post-network feature updates end
#4986 [2026-09-17 23:53:28.245] [DEBUG] [P12236:T15604] [phase=frame_stage_notify] [hook=frame_stage_notify] [frame_stage] end stage=6
#4987 [2026-09-17 23:53:28.264] [DEBUG] [P12236:T15604] [phase=frame_stage_notify] [hook=frame_stage_notify] [frame_stage] begin stage=7 this=0x00007FF9936073C0
#4988 [2026-09-17 23:53:28.283] [DEBUG] [P12236:T15604] [phase=frame_stage_notify] [hook=frame_stage_notify] [frame_stage] agents begin
#4989 [2026-09-17 23:53:28.301] [DEBUG] [P12236:T15604] [phase=frame_stage_notify] [hook=frame_stage_notify] [frame_stage] agents end; gloves begin
#4990 [2026-09-17 23:53:28.319] [DEBUG] [P12236:T15604] [phase=frame_stage_notify] [hook=frame_stage_notify] [frame_stage] gloves end; knives begin
#4991 [2026-09-17 23:53:28.336] [DEBUG] [P12236:T15604] [phase=frame_stage_notify] [hook=frame_stage_notify] [frame_stage] knives end; world begin
#4992 [2026-09-17 23:53:28.355] [DEBUG] [P12236:T15604] [phase=frame_stage_notify] [hook=frame_stage_notify] [frame_stage] scene end; weather begin
#4993 [2026-09-17 23:53:28.374] [DEBUG] [P12236:T15604] [phase=frame_stage_notify] [hook=frame_stage_notify] [frame_stage] weather end; other begin
#4994 [2026-09-17 23:53:28.393] [DEBUG] [P12236:T15604] [phase=frame_stage_notify] [hook=frame_stage_notify] [frame_stage] other end; impacts begin
#4995 [2026-09-17 23:53:28.410] [DEBUG] [P12236:T15604] [phase=frame_stage_notify] [hook=frame_stage_notify] [frame_stage] impacts end
#4996 [2026-09-17 23:53:28.428] [DEBUG] [P12236:T15604] [phase=frame_stage_notify] [hook=frame_stage_notify] [frame_stage] original begin
#4997 [2026-09-17 23:53:28.446] [DEBUG] [P12236:T15604] [phase=frame_stage_notify] [hook=frame_stage_notify] [frame_stage] original end
#4998 [2026-09-17 23:53:28.465] [DEBUG] [P12236:T15604] [phase=frame_stage_notify] [hook=frame_stage_notify] [frame_stage] end stage=7
#4999 [2026-09-17 23:53:28.484] [DEBUG] [P12236:T15604] [phase=frame_stage_notify] [hook=frame_stage_notify] [frame_stage] begin stage=8 this=0x00007FF9936073C0
#5000 [2026-09-17 23:53:28.503] [DEBUG] [P12236:T15604] [phase=frame_stage_notify] [hook=frame_stage_notify] [frame_stage] original begin
#5001 [2026-09-17 23:53:28.521] [DEBUG] [P12236:T15604] [phase=frame_stage_notify] [hook=frame_stage_notify] [frame_stage] original end
#5002 [2026-09-17 23:53:28.539] [DEBUG] [P12236:T15604] [phase=frame_stage_notify] [hook=frame_stage_notify] [frame_stage] end stage=8
#5003 [2026-09-17 23:53:28.556] [DEBUG] [P12236:T15604] [phase=frame_stage_notify] [hook=frame_stage_notify] [frame_stage] begin stage=3 this=0x00007FF9936073C0
#5004 [2026-09-17 23:53:28.576] [DEBUG] [P12236:T15604] [phase=frame_stage_notify] [hook=frame_stage_notify] [frame_stage] original begin
#5005 [2026-09-17 23:53:28.594] [DEBUG] [P12236:T15604] [phase=frame_stage_notify] [hook=frame_stage_notify] [frame_stage] original end
#5006 [2026-09-17 23:53:28.613] [DEBUG] [P12236:T15604] [phase=frame_stage_notify] [hook=frame_stage_notify] [frame_stage] end stage=3
#5007 [2026-09-17 23:53:28.632] [DEBUG] [P12236:T15604] [phase=frame_stage_notify] [hook=frame_stage_notify] [frame_stage] begin stage=12 this=0x00007FF9936073C0
#5008 [2026-09-17 23:53:28.650] [DEBUG] [P12236:T15604] [phase=frame_stage_notify] [hook=frame_stage_notify] [frame_stage] original begin
#5009 [2026-09-17 23:53:28.669] [DEBUG] [P12236:T15604] [phase=frame_stage_notify] [hook=frame_stage_notify] [frame_stage] original end
#5010 [2026-09-17 23:53:28.687] [DEBUG] [P12236:T15604] [phase=frame_stage_notify] [hook=frame_stage_notify] [frame_stage] view/frame-data update begin
#5011 [2026-09-17 23:53:28.705] [DEBUG] [P12236:T15604] [phase=frame_stage_notify] [hook=frame_stage_notify] [frame_stage] view/frame-data update end
#5012 [2026-09-17 23:53:28.724] [DEBUG] [P12236:T15604] [phase=frame_stage_notify] [hook=frame_stage_notify] [frame_stage] end stage=12
#5013 [2026-09-17 23:53:28.747] [DEBUG] [P12236:T15604] [phase=frame_stage_notify] [hook=frame_stage_notify] [frame_stage] begin stage=0 this=0x00007FF9936073C0
#5017 [2026-09-17 23:53:28.765] [DEBUG] [P12236:T15604] [phase=frame_stage_notify] [hook=frame_stage_notify] [frame_stage] original begin
#5018 [2026-09-17 23:53:28.784] [DEBUG] [P12236:T15604] [phase=frame_stage_notify] [hook=frame_stage_notify] [frame_stage] original end
#5019 [2026-09-17 23:53:28.802] [DEBUG] [P12236:T15604] [phase=frame_stage_notify] [hook=frame_stage_notify] [frame_stage] end stage=0
#5020 [2026-09-17 23:53:28.821] [DEBUG] [P12236:T15604] [phase=frame_stage_notify] [hook=frame_stage_notify] [frame_stage] begin stage=11 this=0x00007FF9936073C0
#5021 [2026-09-17 23:53:28.840] [DEBUG] [P12236:T15604] [phase=frame_stage_notify] [hook=frame_stage_notify] [frame_stage] original begin
#5022 [2026-09-17 23:53:28.858] [DEBUG] [P12236:T15604] [phase=frame_stage_notify] [hook=frame_stage_notify] [frame_stage] original end
#5023 [2026-09-17 23:53:28.877] [DEBUG] [P12236:T15604] [phase=frame_stage_notify] [hook=frame_stage_notify] [frame_stage] end stage=11
#5024 [2026-09-17 23:53:28.895] [DEBUG] [P12236:T15604] [phase=frame_stage_notify] [hook=frame_stage_notify] [frame_stage] begin stage=0 this=0x00007FF9936073C0
#5025 [2026-09-17 23:53:28.914] [DEBUG] [P12236:T15604] [phase=frame_stage_notify] [hook=frame_stage_notify] [frame_stage] original begin
#5026 [2026-09-17 23:53:28.932] [DEBUG] [P12236:T15604] [phase=frame_stage_notify] [hook=frame_stage_notify] [frame_stage] original end
#5027 [2026-09-17 23:53:28.951] [DEBUG] [P12236:T15604] [phase=frame_stage_notify] [hook=frame_stage_notify] [frame_stage] end stage=0
#5028 [2026-09-17 23:53:28.970] [DEBUG] [P12236:T15604] [phase=frame_stage_notify] [hook=frame_stage_notify] [frame_stage] begin stage=11 this=0x00007FF9936073C0
#5029 [2026-09-17 23:53:28.989] [DEBUG] [P12236:T15604] [phase=frame_stage_notify] [hook=frame_stage_notify] [frame_stage] original begin
#5030 [2026-09-17 23:53:29.007] [DEBUG] [P12236:T15604] [phase=frame_stage_notify] [hook=frame_stage_notify] [frame_stage] original end
#5031 [2026-09-17 23:53:29.025] [DEBUG] [P12236:T15604] [phase=frame_stage_notify] [hook=frame_stage_notify] [frame_stage] end stage=11
#5032 [2026-09-17 23:53:29.044] [DEBUG] [P12236:T15604] [phase=frame_stage_notify] [hook=frame_stage_notify] [frame_stage] begin stage=0 this=0x00007FF9936073C0
#5033 [2026-09-17 23:53:29.063] [DEBUG] [P12236:T15604] [phase=frame_stage_notify] [hook=frame_stage_notify] [frame_stage] original begin
#5034 [2026-09-17 23:53:29.082] [DEBUG] [P12236:T15604] [phase=frame_stage_notify] [hook=frame_stage_notify] [frame_stage] original end
#5035 [2026-09-17 23:53:29.100] [DEBUG] [P12236:T15604] [phase=frame_stage_notify] [hook=frame_stage_notify] [frame_stage] end stage=0
#5036 [2026-09-17 23:53:29.120] [DEBUG] [P12236:T15604] [phase=frame_stage_notify] [hook=frame_stage_notify] [frame_stage] begin stage=11 this=0x00007FF9936073C0
#5037 [2026-09-17 23:53:29.137] [DEBUG] [P12236:T15604] [phase=frame_stage_notify] [hook=frame_stage_notify] [frame_stage] original begin
#5038 [2026-09-17 23:53:29.156] [DEBUG] [P12236:T15604] [phase=frame_stage_notify] [hook=frame_stage_notify] [frame_stage] original end
#5039 [2026-09-17 23:53:29.175] [DEBUG] [P12236:T15604] [phase=frame_stage_notify] [hook=frame_stage_notify] [frame_stage] end stage=11
#5040 [2026-09-17 23:53:29.193] [DEBUG] [P12236:T15604] [phase=frame_stage_notify] [hook=frame_stage_notify] [frame_stage] begin stage=0 this=0x00007FF9936073C0
#5041 [2026-09-17 23:53:29.212] [DEBUG] [P12236:T15604] [phase=frame_stage_notify] [hook=frame_stage_notify] [frame_stage] original begin
#5042 [2026-09-17 23:53:29.230] [DEBUG] [P12236:T15604] [phase=frame_stage_notify] [hook=frame_stage_notify] [frame_stage] original end
#5043 [2026-09-17 23:53:29.247] [DEBUG] [P12236:T15604] [phase=frame_stage_notify] [hook=frame_stage_notify] [frame_stage] end stage=0
#5044 [2026-09-17 23:53:29.267] [DEBUG] [P12236:T15604] [phase=frame_stage_notify] [hook=frame_stage_notify] [frame_stage] begin stage=11 this=0x00007FF9936073C0
#5045 [2026-09-17 23:53:29.285] [DEBUG] [P12236:T15604] [phase=frame_stage_notify] [hook=frame_stage_notify] [frame_stage] original begin
#5046 [2026-09-17 23:53:29.338] [DEBUG] [P12236:T15604] [phase=frame_stage_notify] [hook=frame_stage_notify] [frame_stage] original end
#5047 [2026-09-17 23:53:29.358] [DEBUG] [P12236:T15604] [phase=frame_stage_notify] [hook=frame_stage_notify] [frame_stage] end stage=11
#5048 [2026-09-17 23:53:29.376] [DEBUG] [P12236:T15604] [phase=frame_stage_notify] [hook=frame_stage_notify] [frame_stage] begin stage=0 this=0x00007FF9936073C0
#5049 [2026-09-17 23:53:29.395] [DEBUG] [P12236:T15604] [phase=frame_stage_notify] [hook=frame_stage_notify] [frame_stage] original begin
#5050 [2026-09-17 23:53:29.415] [DEBUG] [P12236:T15604] [phase=frame_stage_notify] [hook=frame_stage_notify] [frame_stage] original end
#5051 [2026-09-17 23:53:29.433] [DEBUG] [P12236:T15604] [phase=frame_stage_notify] [hook=frame_stage_notify] [frame_stage] end stage=0
#5052 [2026-09-17 23:53:29.452] [DEBUG] [P12236:T15604] [phase=frame_stage_notify] [hook=frame_stage_notify] [frame_stage] begin stage=11 this=0x00007FF9936073C0
#5053 [2026-09-17 23:53:29.470] [DEBUG] [P12236:T15604] [phase=frame_stage_notify] [hook=frame_stage_notify] [frame_stage] original begin
#5054 [2026-09-17 23:53:29.489] [DEBUG] [P12236:T15604] [phase=frame_stage_notify] [hook=frame_stage_notify] [frame_stage] original end
#5055 [2026-09-17 23:53:29.508] [DEBUG] [P12236:T15604] [phase=frame_stage_notify] [hook=frame_stage_notify] [frame_stage] end stage=11
#5056 [2026-09-17 23:53:29.527] [DEBUG] [P12236:T15604] [phase=frame_stage_notify] [hook=frame_stage_notify] [frame_stage] begin stage=0 this=0x00007FF9936073C0
#5057 [2026-09-17 23:53:29.546] [DEBUG] [P12236:T15604] [phase=frame_stage_notify] [hook=frame_stage_notify] [frame_stage] original begin
#5058 [2026-09-17 23:53:29.565] [DEBUG] [P12236:T15604] [phase=frame_stage_notify] [hook=frame_stage_notify] [frame_stage] original end
#5059 [2026-09-17 23:53:29.583] [DEBUG] [P12236:T15604] [phase=frame_stage_notify] [hook=frame_stage_notify] [frame_stage] end stage=0
#5060 [2026-09-17 23:53:29.603] [DEBUG] [P12236:T15604] [phase=frame_stage_notify] [hook=frame_stage_notify] [frame_stage] begin stage=11 this=0x00007FF9936073C0
#5061 [2026-09-17 23:53:29.621] [DEBUG] [P12236:T15604] [phase=frame_stage_notify] [hook=frame_stage_notify] [frame_stage] original begin
#5062 [2026-09-17 23:53:29.639] [DEBUG] [P12236:T15604] [phase=frame_stage_notify] [hook=frame_stage_notify] [frame_stage] original end
#5063 [2026-09-17 23:53:29.657] [DEBUG] [P12236:T15604] [phase=frame_stage_notify] [hook=frame_stage_notify] [frame_stage] end stage=11
#5064 [2026-09-17 23:53:29.675] [DEBUG] [P12236:T15604] [phase=frame_stage_notify] [hook=frame_stage_notify] [frame_stage] begin stage=0 this=0x00007FF9936073C0
#5065 [2026-09-17 23:53:29.693] [DEBUG] [P12236:T15604] [phase=frame_stage_notify] [hook=frame_stage_notify] [frame_stage] original begin
#5066 [2026-09-17 23:53:29.711] [DEBUG] [P12236:T15604] [phase=frame_stage_notify] [hook=frame_stage_notify] [frame_stage] original end
#5067 [2026-09-17 23:53:29.729] [DEBUG] [P12236:T15604] [phase=frame_stage_notify] [hook=frame_stage_notify] [frame_stage] end stage=0
#5068 [2026-09-17 23:53:29.747] [DEBUG] [P12236:T15604] [phase=frame_stage_notify] [hook=frame_stage_notify] [frame_stage] begin stage=10 this=0x00007FF9936073C0
#5069 [2026-09-17 23:53:29.765] [DEBUG] [P12236:T15604] [phase=frame_stage_notify] [hook=frame_stage_notify] [frame_stage] original begin
#5070 [2026-09-17 23:53:29.783] [DEBUG] [P12236:T15604] [phase=frame_stage_notify] [hook=frame_stage_notify] [frame_stage] original end
#5071 [2026-09-17 23:53:29.801] [DEBUG] [P12236:T15604] [phase=frame_stage_notify] [hook=frame_stage_notify] [frame_stage] end stage=10
#5072 [2026-09-17 23:53:29.821] [DEBUG] [P12236:T15604] [phase=frame_stage_notify] [hook=frame_stage_notify] [frame_stage] begin stage=11 this=0x00007FF9936073C0
#5073 [2026-09-17 23:53:29.840] [DEBUG] [P12236:T15604] [phase=frame_stage_notify] [hook=frame_stage_notify] [frame_stage] original begin
#5074 [2026-09-17 23:53:29.858] [DEBUG] [P12236:T15604] [phase=frame_stage_notify] [hook=frame_stage_notify] [frame_stage] original end
#5075 [2026-09-17 23:53:29.876] [DEBUG] [P12236:T15604] [phase=frame_stage_notify] [hook=frame_stage_notify] [frame_stage] end stage=11
#5076 [2026-09-17 23:53:29.894] [DEBUG] [P12236:T15604] [phase=frame_stage_notify] [hook=frame_stage_notify] [frame_stage] begin stage=1 this=0x00007FF9936073C0
#5077 [2026-09-17 23:53:29.911] [DEBUG] [P12236:T15604] [phase=frame_stage_notify] [hook=frame_stage_notify] [frame_stage] original begin
#5078 [2026-09-17 23:53:29.930] [DEBUG] [P12236:T15604] [phase=frame_stage_notify] [hook=frame_stage_notify] [frame_stage] original end
#5079 [2026-09-17 23:53:29.954] [DEBUG] [P12236:T15604] [phase=frame_stage_notify] [hook=frame_stage_notify] [frame_stage] end stage=1
#5080 [2026-09-17 23:53:29.974] [DEBUG] [P12236:T15604] [phase=frame_stage_notify] [hook=frame_stage_notify] [frame_stage] begin stage=2 this=0x00007FF9936073C0
#5081 [2026-09-17 23:53:29.992] [DEBUG] [P12236:T15604] [phase=frame_stage_notify] [hook=frame_stage_notify] [frame_stage] original begin
#5082 [2026-09-17 23:53:30.009] [DEBUG] [P12236:T15604] [phase=frame_stage_notify] [hook=frame_stage_notify] [frame_stage] original end
#5083 [2026-09-17 23:53:30.028] [DEBUG] [P12236:T15604] [phase=frame_stage_notify] [hook=frame_stage_notify] [frame_stage] end stage=2
#5084 [2026-09-17 23:53:30.046] [DEBUG] [P12236:T15604] [phase=frame_stage_notify] [hook=frame_stage_notify] [frame_stage] begin stage=5 this=0x00007FF9936073C0
#5085 [2026-09-17 23:53:30.065] [DEBUG] [P12236:T15604] [phase=frame_stage_notify] [hook=frame_stage_notify] [frame_stage] original begin
#5086 [2026-09-17 23:53:30.084] [DEBUG] [P12236:T15604] [phase=frame_stage_notify] [hook=frame_stage_notify] [frame_stage] original end
#5087 [2026-09-17 23:53:30.102] [DEBUG] [P12236:T15604] [phase=frame_stage_notify] [hook=frame_stage_notify] [frame_stage] end stage=5
#5088 [2026-09-17 23:53:30.121] [DEBUG] [P12236:T15604] [phase=frame_stage_notify] [hook=frame_stage_notify] [frame_stage] begin stage=6 this=0x00007FF9936073C0
#5089 [2026-09-17 23:53:30.139] [DEBUG] [P12236:T15604] [phase=frame_stage_notify] [hook=frame_stage_notify] [frame_stage] guns begin
#5090 [2026-09-17 23:53:30.157] [DEBUG] [P12236:T15604] [phase=frame_stage_notify] [hook=frame_stage_notify] [frame_stage] guns end
#5091 [2026-09-17 23:53:30.176] [DEBUG] [P12236:T15604] [phase=frame_stage_notify] [hook=frame_stage_notify] [frame_stage] dlight begin
#5092 [2026-09-17 23:53:30.195] [DEBUG] [P12236:T15604] [phase=frame_stage_notify] [hook=frame_stage_notify] [frame_stage] dlight end
#5093 [2026-09-17 23:53:30.214] [DEBUG] [P12236:T15604] [phase=frame_stage_notify] [hook=frame_stage_notify] [frame_stage] original begin
#5094 [2026-09-17 23:53:30.232] [DEBUG] [P12236:T15604] [phase=frame_stage_notify] [hook=frame_stage_notify] [frame_stage] original end
#5095 [2026-09-17 23:53:30.249] [DEBUG] [P12236:T15604] [phase=frame_stage_notify] [hook=frame_stage_notify] [frame_stage] post-network feature updates begin
#5096 [2026-09-17 23:53:30.268] [DEBUG] [P12236:T15604] [phase=frame_stage_notify] [hook=frame_stage_notify] [frame_stage] post-network feature updates end
#5097 [2026-09-17 23:53:30.288] [DEBUG] [P12236:T15604] [phase=frame_stage_notify] [hook=frame_stage_notify] [frame_stage] end stage=6
#5098 [2026-09-17 23:53:30.306] [DEBUG] [P12236:T15604] [phase=frame_stage_notify] [hook=frame_stage_notify] [frame_stage] begin stage=7 this=0x00007FF9936073C0
#5099 [2026-09-17 23:53:30.324] [DEBUG] [P12236:T15604] [phase=frame_stage_notify] [hook=frame_stage_notify] [frame_stage] agents begin
#5100 [2026-09-17 23:53:30.342] [DEBUG] [P12236:T15604] [phase=frame_stage_notify] [hook=frame_stage_notify] [frame_stage] agents end; gloves begin
#5101 [2026-09-17 23:53:30.361] [DEBUG] [P12236:T15604] [phase=frame_stage_notify] [hook=frame_stage_notify] [frame_stage] gloves end; knives begin
#5102 [2026-09-17 23:53:30.380] [DEBUG] [P12236:T15604] [phase=frame_stage_notify] [hook=frame_stage_notify] [frame_stage] knives end; world begin
#5103 [2026-09-17 23:53:30.399] [DEBUG] [P12236:T15604] [phase=frame_stage_notify] [hook=frame_stage_notify] [frame_stage] scene end; weather begin
#5104 [2026-09-17 23:53:30.418] [DEBUG] [P12236:T15604] [phase=frame_stage_notify] [hook=frame_stage_notify] [frame_stage] weather end; other begin
#5105 [2026-09-17 23:53:30.437] [DEBUG] [P12236:T15604] [phase=frame_stage_notify] [hook=frame_stage_notify] [frame_stage] other end; impacts begin
#5106 [2026-09-17 23:53:30.455] [DEBUG] [P12236:T15604] [phase=frame_stage_notify] [hook=frame_stage_notify] [frame_stage] impacts end
#5107 [2026-09-17 23:53:30.472] [DEBUG] [P12236:T15604] [phase=frame_stage_notify] [hook=frame_stage_notify] [frame_stage] original begin
#5108 [2026-09-17 23:53:30.491] [DEBUG] [P12236:T15604] [phase=frame_stage_notify] [hook=frame_stage_notify] [frame_stage] original end
#5109 [2026-09-17 23:53:30.509] [DEBUG] [P12236:T15604] [phase=frame_stage_notify] [hook=frame_stage_notify] [frame_stage] end stage=7
#5110 [2026-09-17 23:53:30.528] [DEBUG] [P12236:T15604] [phase=frame_stage_notify] [hook=frame_stage_notify] [frame_stage] begin stage=8 this=0x00007FF9936073C0
#5111 [2026-09-17 23:53:30.546] [DEBUG] [P12236:T15604] [phase=frame_stage_notify] [hook=frame_stage_notify] [frame_stage] original begin
#5112 [2026-09-17 23:53:30.564] [DEBUG] [P12236:T15604] [phase=frame_stage_notify] [hook=frame_stage_notify] [frame_stage] original end
#5113 [2026-09-17 23:53:30.583] [DEBUG] [P12236:T15604] [phase=frame_stage_notify] [hook=frame_stage_notify] [frame_stage] end stage=8
#5114 [2026-09-17 23:53:30.619] [DEBUG] [P12236:T15604] [phase=frame_stage_notify] [hook=frame_stage_notify] [frame_stage] begin stage=3 this=0x00007FF9936073C0
#5115 [2026-09-17 23:53:30.638] [DEBUG] [P12236:T15604] [phase=frame_stage_notify] [hook=frame_stage_notify] [frame_stage] original begin
#5116 [2026-09-17 23:53:30.656] [DEBUG] [P12236:T15604] [phase=frame_stage_notify] [hook=frame_stage_notify] [frame_stage] original end
#5117 [2026-09-17 23:53:30.674] [DEBUG] [P12236:T15604] [phase=frame_stage_notify] [hook=frame_stage_notify] [frame_stage] end stage=3
#5118 [2026-09-17 23:53:30.693] [DEBUG] [P12236:T15604] [phase=frame_stage_notify] [hook=frame_stage_notify] [frame_stage] begin stage=12 this=0x00007FF9936073C0
#5119 [2026-09-17 23:53:30.712] [DEBUG] [P12236:T15604] [phase=frame_stage_notify] [hook=frame_stage_notify] [frame_stage] original begin
#5120 [2026-09-17 23:53:30.730] [DEBUG] [P12236:T15604] [phase=frame_stage_notify] [hook=frame_stage_notify] [frame_stage] original end
#5121 [2026-09-17 23:53:30.748] [DEBUG] [P12236:T15604] [phase=frame_stage_notify] [hook=frame_stage_notify] [frame_stage] view/frame-data update begin
#5122 [2026-09-17 23:53:30.766] [DEBUG] [P12236:T15604] [phase=frame_stage_notify] [hook=frame_stage_notify] [frame_stage] view/frame-data update end
#5123 [2026-09-17 23:53:30.786] [DEBUG] [P12236:T15604] [phase=frame_stage_notify] [hook=frame_stage_notify] [frame_stage] end stage=12
#5124 [2026-09-17 23:53:30.809] [DEBUG] [P12236:T18300] [phase=present] [hook=present] [present] begin swap_chain=0x00000242DB990F50 sync=0 flags=0x200 ready=1
#5225 [2026-09-17 23:53:30.827] [DEBUG] [P12236:T18300] [phase=present] [hook=present] [present] rendering context updated
#5226 [2026-09-17 23:53:30.846] [DEBUG] [P12236:T18300] [phase=present] [hook=present] [present] forwarding to original
#5227 [2026-09-17 23:53:30.866] [DEBUG] [P12236:T15604] [phase=frame_stage_notify] [hook=frame_stage_notify] [frame_stage] begin stage=0 this=0x00007FF9936073C0
#5231 [2026-09-17 23:53:30.885] [DEBUG] [P12236:T15604] [phase=frame_stage_notify] [hook=frame_stage_notify] [frame_stage] original begin
#5232 [2026-09-17 23:53:30.903] [DEBUG] [P12236:T15604] [phase=frame_stage_notify] [hook=frame_stage_notify] [frame_stage] original end
#5233 [2026-09-17 23:53:30.922] [DEBUG] [P12236:T15604] [phase=frame_stage_notify] [hook=frame_stage_notify] [frame_stage] end stage=0
#5234 [2026-09-17 23:53:30.941] [DEBUG] [P12236:T15604] [phase=frame_stage_notify] [hook=frame_stage_notify] [frame_stage] begin stage=11 this=0x00007FF9936073C0
#5235 [2026-09-17 23:53:30.959] [DEBUG] [P12236:T15604] [phase=frame_stage_notify] [hook=frame_stage_notify] [frame_stage] original begin
#5236 [2026-09-17 23:53:30.977] [DEBUG] [P12236:T15604] [phase=frame_stage_notify] [hook=frame_stage_notify] [frame_stage] original end
#5237 [2026-09-17 23:53:30.995] [DEBUG] [P12236:T15604] [phase=frame_stage_notify] [hook=frame_stage_notify] [frame_stage] end stage=11
#5238 [2026-09-17 23:53:31.012] [DEBUG] [P12236:T15604] [phase=frame_stage_notify] [hook=frame_stage_notify] [frame_stage] begin stage=0 this=0x00007FF9936073C0
#5239 [2026-09-17 23:53:31.030] [DEBUG] [P12236:T15604] [phase=frame_stage_notify] [hook=frame_stage_notify] [frame_stage] original begin
#5240 [2026-09-17 23:53:31.049] [DEBUG] [P12236:T15604] [phase=frame_stage_notify] [hook=frame_stage_notify] [frame_stage] original end
#5241 [2026-09-17 23:53:31.067] [DEBUG] [P12236:T15604] [phase=frame_stage_notify] [hook=frame_stage_notify] [frame_stage] end stage=0
#5242 [2026-09-17 23:53:31.086] [DEBUG] [P12236:T15604] [phase=frame_stage_notify] [hook=frame_stage_notify] [frame_stage] begin stage=11 this=0x00007FF9936073C0
#5243 [2026-09-17 23:53:31.104] [DEBUG] [P12236:T15604] [phase=frame_stage_notify] [hook=frame_stage_notify] [frame_stage] original begin
#5244 [2026-09-17 23:53:31.122] [DEBUG] [P12236:T15604] [phase=frame_stage_notify] [hook=frame_stage_notify] [frame_stage] original end
#5245 [2026-09-17 23:53:31.141] [DEBUG] [P12236:T15604] [phase=frame_stage_notify] [hook=frame_stage_notify] [frame_stage] end stage=11
#5246 [2026-09-17 23:53:31.160] [DEBUG] [P12236:T15604] [phase=frame_stage_notify] [hook=frame_stage_notify] [frame_stage] begin stage=0 this=0x00007FF9936073C0
#5247 [2026-09-17 23:53:31.179] [DEBUG] [P12236:T15604] [phase=frame_stage_notify] [hook=frame_stage_notify] [frame_stage] original begin
#5248 [2026-09-17 23:53:31.197] [DEBUG] [P12236:T15604] [phase=frame_stage_notify] [hook=frame_stage_notify] [frame_stage] original end
#5249 [2026-09-17 23:53:31.217] [DEBUG] [P12236:T15604] [phase=frame_stage_notify] [hook=frame_stage_notify] [frame_stage] end stage=0
#5250 [2026-09-17 23:53:31.236] [DEBUG] [P12236:T15604] [phase=frame_stage_notify] [hook=frame_stage_notify] [frame_stage] begin stage=11 this=0x00007FF9936073C0
#5251 [2026-09-17 23:53:31.255] [DEBUG] [P12236:T15604] [phase=frame_stage_notify] [hook=frame_stage_notify] [frame_stage] original begin
#5252 [2026-09-17 23:53:31.273] [DEBUG] [P12236:T15604] [phase=frame_stage_notify] [hook=frame_stage_notify] [frame_stage] original end
#5253 [2026-09-17 23:53:31.291] [DEBUG] [P12236:T15604] [phase=frame_stage_notify] [hook=frame_stage_notify] [frame_stage] end stage=11
#5254 [2026-09-17 23:53:31.310] [DEBUG] [P12236:T15604] [phase=frame_stage_notify] [hook=frame_stage_notify] [frame_stage] begin stage=0 this=0x00007FF9936073C0
#5255 [2026-09-17 23:53:31.327] [DEBUG] [P12236:T15604] [phase=frame_stage_notify] [hook=frame_stage_notify] [frame_stage] original begin
#5256 [2026-09-17 23:53:31.346] [DEBUG] [P12236:T15604] [phase=frame_stage_notify] [hook=frame_stage_notify] [frame_stage] original end
#5257 [2026-09-17 23:53:31.364] [DEBUG] [P12236:T15604] [phase=frame_stage_notify] [hook=frame_stage_notify] [frame_stage] end stage=0
#5258 [2026-09-17 23:53:31.383] [DEBUG] [P12236:T15604] [phase=frame_stage_notify] [hook=frame_stage_notify] [frame_stage] begin stage=10 this=0x00007FF9936073C0
#5259 [2026-09-17 23:53:31.400] [DEBUG] [P12236:T15604] [phase=frame_stage_notify] [hook=frame_stage_notify] [frame_stage] original begin
#5260 [2026-09-17 23:53:31.418] [DEBUG] [P12236:T15604] [phase=frame_stage_notify] [hook=frame_stage_notify] [frame_stage] original end
#5261 [2026-09-17 23:53:31.437] [DEBUG] [P12236:T15604] [phase=frame_stage_notify] [hook=frame_stage_notify] [frame_stage] end stage=10
#5262 [2026-09-17 23:53:31.455] [DEBUG] [P12236:T15604] [phase=frame_stage_notify] [hook=frame_stage_notify] [frame_stage] begin stage=11 this=0x00007FF9936073C0
#5263 [2026-09-17 23:53:31.474] [DEBUG] [P12236:T15604] [phase=frame_stage_notify] [hook=frame_stage_notify] [frame_stage] original begin
#5264 [2026-09-17 23:53:31.493] [DEBUG] [P12236:T15604] [phase=frame_stage_notify] [hook=frame_stage_notify] [frame_stage] original end
#5265 [2026-09-17 23:53:31.511] [DEBUG] [P12236:T15604] [phase=frame_stage_notify] [hook=frame_stage_notify] [frame_stage] end stage=11
#5266 [2026-09-17 23:53:31.531] [DEBUG] [P12236:T15604] [phase=frame_stage_notify] [hook=frame_stage_notify] [frame_stage] begin stage=1 this=0x00007FF9936073C0
#5267 [2026-09-17 23:53:31.550] [DEBUG] [P12236:T15604] [phase=frame_stage_notify] [hook=frame_stage_notify] [frame_stage] original begin
#5268 [2026-09-17 23:53:31.568] [DEBUG] [P12236:T15604] [phase=frame_stage_notify] [hook=frame_stage_notify] [frame_stage] original end
#5269 [2026-09-17 23:53:31.587] [DEBUG] [P12236:T15604] [phase=frame_stage_notify] [hook=frame_stage_notify] [frame_stage] end stage=1
#5270 [2026-09-17 23:53:31.606] [DEBUG] [P12236:T15604] [phase=frame_stage_notify] [hook=frame_stage_notify] [frame_stage] begin stage=2 this=0x00007FF9936073C0
#5271 [2026-09-17 23:53:31.624] [DEBUG] [P12236:T15604] [phase=frame_stage_notify] [hook=frame_stage_notify] [frame_stage] original begin
#5272 [2026-09-17 23:53:31.642] [DEBUG] [P12236:T15604] [phase=frame_stage_notify] [hook=frame_stage_notify] [frame_stage] original end
#5273 [2026-09-17 23:53:31.660] [DEBUG] [P12236:T15604] [phase=frame_stage_notify] [hook=frame_stage_notify] [frame_stage] end stage=2
#5274 [2026-09-17 23:53:31.678] [DEBUG] [P12236:T15604] [phase=frame_stage_notify] [hook=frame_stage_notify] [frame_stage] begin stage=5 this=0x00007FF9936073C0
#5275 [2026-09-17 23:53:31.697] [DEBUG] [P12236:T15604] [phase=frame_stage_notify] [hook=frame_stage_notify] [frame_stage] original begin
#5276 [2026-09-17 23:53:31.716] [DEBUG] [P12236:T15604] [phase=frame_stage_notify] [hook=frame_stage_notify] [frame_stage] original end
#5277 [2026-09-17 23:53:31.734] [DEBUG] [P12236:T15604] [phase=frame_stage_notify] [hook=frame_stage_notify] [frame_stage] end stage=5
#5278 [2026-09-17 23:53:31.752] [DEBUG] [P12236:T15604] [phase=frame_stage_notify] [hook=frame_stage_notify] [frame_stage] begin stage=6 this=0x00007FF9936073C0
#5279 [2026-09-17 23:53:31.771] [DEBUG] [P12236:T15604] [phase=frame_stage_notify] [hook=frame_stage_notify] [frame_stage] guns begin
#5280 [2026-09-17 23:53:31.789] [DEBUG] [P12236:T15604] [phase=frame_stage_notify] [hook=frame_stage_notify] [frame_stage] guns end
#5281 [2026-09-17 23:53:31.808] [DEBUG] [P12236:T15604] [phase=frame_stage_notify] [hook=frame_stage_notify] [frame_stage] dlight begin
#5282 [2026-09-17 23:53:31.826] [DEBUG] [P12236:T15604] [phase=frame_stage_notify] [hook=frame_stage_notify] [frame_stage] dlight end
#5283 [2026-09-17 23:53:31.845] [DEBUG] [P12236:T15604] [phase=frame_stage_notify] [hook=frame_stage_notify] [frame_stage] original begin
#5284 [2026-09-17 23:53:31.864] [DEBUG] [P12236:T15604] [phase=frame_stage_notify] [hook=frame_stage_notify] [frame_stage] original end
#5285 [2026-09-17 23:53:31.882] [DEBUG] [P12236:T15604] [phase=frame_stage_notify] [hook=frame_stage_notify] [frame_stage] post-network feature updates begin
#5286 [2026-09-17 23:53:31.900] [DEBUG] [P12236:T15604] [phase=frame_stage_notify] [hook=frame_stage_notify] [frame_stage] post-network feature updates end
#5287 [2026-09-17 23:53:31.919] [DEBUG] [P12236:T15604] [phase=frame_stage_notify] [hook=frame_stage_notify] [frame_stage] end stage=6
#5288 [2026-09-17 23:53:31.938] [DEBUG] [P12236:T15604] [phase=frame_stage_notify] [hook=frame_stage_notify] [frame_stage] begin stage=7 this=0x00007FF9936073C0
#5289 [2026-09-17 23:53:31.956] [DEBUG] [P12236:T15604] [phase=frame_stage_notify] [hook=frame_stage_notify] [frame_stage] agents begin
#5290 [2026-09-17 23:53:31.974] [DEBUG] [P12236:T15604] [phase=frame_stage_notify] [hook=frame_stage_notify] [frame_stage] agents end; gloves begin
#5291 [2026-09-17 23:53:31.993] [DEBUG] [P12236:T15604] [phase=frame_stage_notify] [hook=frame_stage_notify] [frame_stage] gloves end; knives begin
#5292 [2026-09-17 23:53:32.011] [DEBUG] [P12236:T15604] [phase=frame_stage_notify] [hook=frame_stage_notify] [frame_stage] knives end; world begin
#5293 [2026-09-17 23:53:32.031] [DEBUG] [P12236:T15604] [phase=frame_stage_notify] [hook=frame_stage_notify] [frame_stage] scene end; weather begin
#5294 [2026-09-17 23:53:32.049] [DEBUG] [P12236:T15604] [phase=frame_stage_notify] [hook=frame_stage_notify] [frame_stage] weather end; other begin
#5295 [2026-09-17 23:53:32.068] [DEBUG] [P12236:T15604] [phase=frame_stage_notify] [hook=frame_stage_notify] [frame_stage] other end; impacts begin
#5296 [2026-09-17 23:53:32.087] [DEBUG] [P12236:T15604] [phase=frame_stage_notify] [hook=frame_stage_notify] [frame_stage] impacts end
#5297 [2026-09-17 23:53:32.105] [DEBUG] [P12236:T15604] [phase=frame_stage_notify] [hook=frame_stage_notify] [frame_stage] original begin
#5298 [2026-09-17 23:53:32.123] [DEBUG] [P12236:T15604] [phase=frame_stage_notify] [hook=frame_stage_notify] [frame_stage] original end
#5299 [2026-09-17 23:53:32.142] [DEBUG] [P12236:T15604] [phase=frame_stage_notify] [hook=frame_stage_notify] [frame_stage] end stage=7
#5300 [2026-09-17 23:53:32.160] [DEBUG] [P12236:T15604] [phase=frame_stage_notify] [hook=frame_stage_notify] [frame_stage] begin stage=8 this=0x00007FF9936073C0
#5301 [2026-09-17 23:53:32.179] [DEBUG] [P12236:T15604] [phase=frame_stage_notify] [hook=frame_stage_notify] [frame_stage] original begin
#5302 [2026-09-17 23:53:32.196] [DEBUG] [P12236:T15604] [phase=frame_stage_notify] [hook=frame_stage_notify] [frame_stage] original end
#5303 [2026-09-17 23:53:32.214] [DEBUG] [P12236:T15604] [phase=frame_stage_notify] [hook=frame_stage_notify] [frame_stage] end stage=8
#5304 [2026-09-17 23:53:32.232] [DEBUG] [P12236:T15604] [phase=frame_stage_notify] [hook=frame_stage_notify] [frame_stage] begin stage=3 this=0x00007FF9936073C0
#5305 [2026-09-17 23:53:32.251] [DEBUG] [P12236:T15604] [phase=frame_stage_notify] [hook=frame_stage_notify] [frame_stage] original begin
#5306 [2026-09-17 23:53:32.271] [DEBUG] [P12236:T15604] [phase=frame_stage_notify] [hook=frame_stage_notify] [frame_stage] original end
#5307 [2026-09-17 23:53:32.290] [DEBUG] [P12236:T15604] [phase=frame_stage_notify] [hook=frame_stage_notify] [frame_stage] end stage=3
#5308 [2026-09-17 23:53:32.310] [DEBUG] [P12236:T15604] [phase=frame_stage_notify] [hook=frame_stage_notify] [frame_stage] begin stage=12 this=0x00007FF9936073C0
#5309 [2026-09-17 23:53:32.329] [DEBUG] [P12236:T15604] [phase=frame_stage_notify] [hook=frame_stage_notify] [frame_stage] original begin
#5310 [2026-09-17 23:53:32.347] [DEBUG] [P12236:T15604] [phase=frame_stage_notify] [hook=frame_stage_notify] [frame_stage] original end
#5311 [2026-09-17 23:53:32.365] [DEBUG] [P12236:T15604] [phase=frame_stage_notify] [hook=frame_stage_notify] [frame_stage] view/frame-data update begin
#5312 [2026-09-17 23:53:32.384] [DEBUG] [P12236:T15604] [phase=frame_stage_notify] [hook=frame_stage_notify] [frame_stage] view/frame-data update end
#5313 [2026-09-17 23:53:32.404] [DEBUG] [P12236:T15604] [phase=frame_stage_notify] [hook=frame_stage_notify] [frame_stage] end stage=12
#5314 [2026-09-17 23:53:32.425] [DEBUG] [P12236:T15604] [phase=frame_stage_notify] [hook=frame_stage_notify] [frame_stage] begin stage=0 this=0x00007FF9936073C0
#5318 [2026-09-17 23:53:32.443] [DEBUG] [P12236:T15604] [phase=frame_stage_notify] [hook=frame_stage_notify] [frame_stage] original begin
#5319 [2026-09-17 23:53:32.461] [DEBUG] [P12236:T15604] [phase=frame_stage_notify] [hook=frame_stage_notify] [frame_stage] original end
#5320 [2026-09-17 23:53:32.480] [DEBUG] [P12236:T15604] [phase=frame_stage_notify] [hook=frame_stage_notify] [frame_stage] end stage=0
#5321 [2026-09-17 23:53:32.500] [DEBUG] [P12236:T15604] [phase=frame_stage_notify] [hook=frame_stage_notify] [frame_stage] begin stage=11 this=0x00007FF9936073C0
#5322 [2026-09-17 23:53:32.518] [DEBUG] [P12236:T15604] [phase=frame_stage_notify] [hook=frame_stage_notify] [frame_stage] original begin
#5323 [2026-09-17 23:53:32.537] [DEBUG] [P12236:T15604] [phase=frame_stage_notify] [hook=frame_stage_notify] [frame_stage] original end
#5324 [2026-09-17 23:53:32.555] [DEBUG] [P12236:T15604] [phase=frame_stage_notify] [hook=frame_stage_notify] [frame_stage] end stage=11
#5325 [2026-09-17 23:53:32.573] [DEBUG] [P12236:T15604] [phase=frame_stage_notify] [hook=frame_stage_notify] [frame_stage] begin stage=0 this=0x00007FF9936073C0
#5326 [2026-09-17 23:53:32.592] [DEBUG] [P12236:T15604] [phase=frame_stage_notify] [hook=frame_stage_notify] [frame_stage] original begin
#5327 [2026-09-17 23:53:32.611] [DEBUG] [P12236:T15604] [phase=frame_stage_notify] [hook=frame_stage_notify] [frame_stage] original end
#5328 [2026-09-17 23:53:32.630] [DEBUG] [P12236:T15604] [phase=frame_stage_notify] [hook=frame_stage_notify] [frame_stage] end stage=0
#5329 [2026-09-17 23:53:32.649] [DEBUG] [P12236:T15604] [phase=frame_stage_notify] [hook=frame_stage_notify] [frame_stage] begin stage=11 this=0x00007FF9936073C0
#5330 [2026-09-17 23:53:32.668] [DEBUG] [P12236:T15604] [phase=frame_stage_notify] [hook=frame_stage_notify] [frame_stage] original begin
#5331 [2026-09-17 23:53:32.686] [DEBUG] [P12236:T15604] [phase=frame_stage_notify] [hook=frame_stage_notify] [frame_stage] original end
#5332 [2026-09-17 23:53:32.705] [DEBUG] [P12236:T15604] [phase=frame_stage_notify] [hook=frame_stage_notify] [frame_stage] end stage=11
#5333 [2026-09-17 23:53:32.723] [DEBUG] [P12236:T15604] [phase=frame_stage_notify] [hook=frame_stage_notify] [frame_stage] begin stage=0 this=0x00007FF9936073C0
#5334 [2026-09-17 23:53:32.742] [DEBUG] [P12236:T15604] [phase=frame_stage_notify] [hook=frame_stage_notify] [frame_stage] original begin
#5335 [2026-09-17 23:53:32.760] [DEBUG] [P12236:T15604] [phase=frame_stage_notify] [hook=frame_stage_notify] [frame_stage] original end
#5336 [2026-09-17 23:53:32.778] [DEBUG] [P12236:T15604] [phase=frame_stage_notify] [hook=frame_stage_notify] [frame_stage] end stage=0
#5337 [2026-09-17 23:53:32.797] [DEBUG] [P12236:T15604] [phase=frame_stage_notify] [hook=frame_stage_notify] [frame_stage] begin stage=11 this=0x00007FF9936073C0
#5338 [2026-09-17 23:53:32.815] [DEBUG] [P12236:T15604] [phase=frame_stage_notify] [hook=frame_stage_notify] [frame_stage] original begin
#5339 [2026-09-17 23:53:32.834] [DEBUG] [P12236:T15604] [phase=frame_stage_notify] [hook=frame_stage_notify] [frame_stage] original end
#5340 [2026-09-17 23:53:32.852] [DEBUG] [P12236:T15604] [phase=frame_stage_notify] [hook=frame_stage_notify] [frame_stage] end stage=11
#5341 [2026-09-17 23:53:32.871] [DEBUG] [P12236:T15604] [phase=frame_stage_notify] [hook=frame_stage_notify] [frame_stage] begin stage=0 this=0x00007FF9936073C0
#5342 [2026-09-17 23:53:32.889] [DEBUG] [P12236:T15604] [phase=frame_stage_notify] [hook=frame_stage_notify] [frame_stage] original begin
#5343 [2026-09-17 23:53:32.907] [DEBUG] [P12236:T15604] [phase=frame_stage_notify] [hook=frame_stage_notify] [frame_stage] original end
#5344 [2026-09-17 23:53:32.925] [DEBUG] [P12236:T15604] [phase=frame_stage_notify] [hook=frame_stage_notify] [frame_stage] end stage=0
#5345 [2026-09-17 23:53:32.945] [DEBUG] [P12236:T15604] [phase=frame_stage_notify] [hook=frame_stage_notify] [frame_stage] begin stage=11 this=0x00007FF9936073C0
#5346 [2026-09-17 23:53:32.963] [DEBUG] [P12236:T15604] [phase=frame_stage_notify] [hook=frame_stage_notify] [frame_stage] original begin
#5347 [2026-09-17 23:53:32.981] [DEBUG] [P12236:T15604] [phase=frame_stage_notify] [hook=frame_stage_notify] [frame_stage] original end
#5348 [2026-09-17 23:53:33.000] [DEBUG] [P12236:T15604] [phase=frame_stage_notify] [hook=frame_stage_notify] [frame_stage] end stage=11
#5349 [2026-09-17 23:53:33.019] [DEBUG] [P12236:T15604] [phase=frame_stage_notify] [hook=frame_stage_notify] [frame_stage] begin stage=0 this=0x00007FF9936073C0
#5350 [2026-09-17 23:53:33.038] [DEBUG] [P12236:T15604] [phase=frame_stage_notify] [hook=frame_stage_notify] [frame_stage] original begin
#5351 [2026-09-17 23:53:33.057] [DEBUG] [P12236:T15604] [phase=frame_stage_notify] [hook=frame_stage_notify] [frame_stage] original end
#5352 [2026-09-17 23:53:33.075] [DEBUG] [P12236:T15604] [phase=frame_stage_notify] [hook=frame_stage_notify] [frame_stage] end stage=0
#5353 [2026-09-17 23:53:33.095] [DEBUG] [P12236:T15604] [phase=frame_stage_notify] [hook=frame_stage_notify] [frame_stage] begin stage=11 this=0x00007FF9936073C0
#5354 [2026-09-17 23:53:33.113] [DEBUG] [P12236:T15604] [phase=frame_stage_notify] [hook=frame_stage_notify] [frame_stage] original begin
#5355 [2026-09-17 23:53:33.133] [DEBUG] [P12236:T15604] [phase=frame_stage_notify] [hook=frame_stage_notify] [frame_stage] original end
#5356 [2026-09-17 23:53:33.171] [DEBUG] [P12236:T15604] [phase=frame_stage_notify] [hook=frame_stage_notify] [frame_stage] end stage=11
#5357 [2026-09-17 23:53:33.242] [DEBUG] [P12236:T15604] [phase=frame_stage_notify] [hook=frame_stage_notify] [frame_stage] begin stage=0 this=0x00007FF9936073C0
#5358 [2026-09-17 23:53:33.313] [DEBUG] [P12236:T15604] [phase=frame_stage_notify] [hook=frame_stage_notify] [frame_stage] original begin
#5359 [2026-09-17 23:53:33.366] [DEBUG] [P12236:T15604] [phase=frame_stage_notify] [hook=frame_stage_notify] [frame_stage] original end
#5360 [2026-09-17 23:53:33.402] [DEBUG] [P12236:T15604] [phase=frame_stage_notify] [hook=frame_stage_notify] [frame_stage] end stage=0
#5361 [2026-09-17 23:53:33.422] [DEBUG] [P12236:T15604] [phase=frame_stage_notify] [hook=frame_stage_notify] [frame_stage] begin stage=10 this=0x00007FF9936073C0
#5362 [2026-09-17 23:53:33.440] [DEBUG] [P12236:T15604] [phase=frame_stage_notify] [hook=frame_stage_notify] [frame_stage] original begin
#5363 [2026-09-17 23:53:33.458] [DEBUG] [P12236:T15604] [phase=frame_stage_notify] [hook=frame_stage_notify] [frame_stage] original end
#5364 [2026-09-17 23:53:33.476] [DEBUG] [P12236:T15604] [phase=frame_stage_notify] [hook=frame_stage_notify] [frame_stage] end stage=10
#5365 [2026-09-17 23:53:33.495] [DEBUG] [P12236:T15604] [phase=frame_stage_notify] [hook=frame_stage_notify] [frame_stage] begin stage=11 this=0x00007FF9936073C0
#5366 [2026-09-17 23:53:33.513] [DEBUG] [P12236:T15604] [phase=frame_stage_notify] [hook=frame_stage_notify] [frame_stage] original begin
#5367 [2026-09-17 23:53:33.531] [DEBUG] [P12236:T15604] [phase=frame_stage_notify] [hook=frame_stage_notify] [frame_stage] original end
#5368 [2026-09-17 23:53:33.549] [DEBUG] [P12236:T15604] [phase=frame_stage_notify] [hook=frame_stage_notify] [frame_stage] end stage=11
#5369 [2026-09-17 23:53:33.568] [DEBUG] [P12236:T15604] [phase=frame_stage_notify] [hook=frame_stage_notify] [frame_stage] begin stage=1 this=0x00007FF9936073C0
#5370 [2026-09-17 23:53:33.587] [DEBUG] [P12236:T15604] [phase=frame_stage_notify] [hook=frame_stage_notify] [frame_stage] original begin
#5371 [2026-09-17 23:53:33.605] [DEBUG] [P12236:T15604] [phase=frame_stage_notify] [hook=frame_stage_notify] [frame_stage] original end
#5372 [2026-09-17 23:53:33.624] [DEBUG] [P12236:T15604] [phase=frame_stage_notify] [hook=frame_stage_notify] [frame_stage] end stage=1
#5373 [2026-09-17 23:53:33.642] [DEBUG] [P12236:T15604] [phase=frame_stage_notify] [hook=frame_stage_notify] [frame_stage] begin stage=2 this=0x00007FF9936073C0
#5374 [2026-09-17 23:53:33.661] [DEBUG] [P12236:T15604] [phase=frame_stage_notify] [hook=frame_stage_notify] [frame_stage] original begin
#5375 [2026-09-17 23:53:33.679] [DEBUG] [P12236:T15604] [phase=frame_stage_notify] [hook=frame_stage_notify] [frame_stage] original end
#5376 [2026-09-17 23:53:33.698] [DEBUG] [P12236:T15604] [phase=frame_stage_notify] [hook=frame_stage_notify] [frame_stage] end stage=2
#5377 [2026-09-17 23:53:33.717] [DEBUG] [P12236:T15604] [phase=frame_stage_notify] [hook=frame_stage_notify] [frame_stage] begin stage=5 this=0x00007FF9936073C0
#5378 [2026-09-17 23:53:33.736] [DEBUG] [P12236:T15604] [phase=frame_stage_notify] [hook=frame_stage_notify] [frame_stage] original begin
#5379 [2026-09-17 23:53:33.755] [DEBUG] [P12236:T15604] [phase=frame_stage_notify] [hook=frame_stage_notify] [frame_stage] original end
#5380 [2026-09-17 23:53:33.774] [DEBUG] [P12236:T15604] [phase=frame_stage_notify] [hook=frame_stage_notify] [frame_stage] end stage=5
#5381 [2026-09-17 23:53:33.792] [DEBUG] [P12236:T15604] [phase=frame_stage_notify] [hook=frame_stage_notify] [frame_stage] begin stage=6 this=0x00007FF9936073C0
#5382 [2026-09-17 23:53:33.810] [DEBUG] [P12236:T15604] [phase=frame_stage_notify] [hook=frame_stage_notify] [frame_stage] guns begin
#5383 [2026-09-17 23:53:33.829] [DEBUG] [P12236:T15604] [phase=frame_stage_notify] [hook=frame_stage_notify] [frame_stage] guns end
#5384 [2026-09-17 23:53:33.847] [DEBUG] [P12236:T15604] [phase=frame_stage_notify] [hook=frame_stage_notify] [frame_stage] dlight begin
#5385 [2026-09-17 23:53:33.865] [DEBUG] [P12236:T15604] [phase=frame_stage_notify] [hook=frame_stage_notify] [frame_stage] dlight end
#5386 [2026-09-17 23:53:33.884] [DEBUG] [P12236:T15604] [phase=frame_stage_notify] [hook=frame_stage_notify] [frame_stage] original begin
#5387 [2026-09-17 23:53:33.903] [DEBUG] [P12236:T15604] [phase=frame_stage_notify] [hook=frame_stage_notify] [frame_stage] original end
#5388 [2026-09-17 23:53:33.922] [DEBUG] [P12236:T15604] [phase=frame_stage_notify] [hook=frame_stage_notify] [frame_stage] post-network feature updates begin
#5389 [2026-09-17 23:53:33.940] [DEBUG] [P12236:T15604] [phase=frame_stage_notify] [hook=frame_stage_notify] [frame_stage] post-network feature updates end
#5390 [2026-09-17 23:53:33.959] [DEBUG] [P12236:T15604] [phase=frame_stage_notify] [hook=frame_stage_notify] [frame_stage] end stage=6
#5391 [2026-09-17 23:53:33.978] [DEBUG] [P12236:T15604] [phase=frame_stage_notify] [hook=frame_stage_notify] [frame_stage] begin stage=7 this=0x00007FF9936073C0
#5392 [2026-09-17 23:53:33.997] [DEBUG] [P12236:T15604] [phase=frame_stage_notify] [hook=frame_stage_notify] [frame_stage] agents begin
#5393 [2026-09-17 23:53:34.016] [DEBUG] [P12236:T15604] [phase=frame_stage_notify] [hook=frame_stage_notify] [frame_stage] agents end; gloves begin
#5394 [2026-09-17 23:53:34.034] [DEBUG] [P12236:T15604] [phase=frame_stage_notify] [hook=frame_stage_notify] [frame_stage] gloves end; knives begin
#5395 [2026-09-17 23:53:34.053] [DEBUG] [P12236:T15604] [phase=frame_stage_notify] [hook=frame_stage_notify] [frame_stage] knives end; world begin
#5396 [2026-09-17 23:53:34.072] [DEBUG] [P12236:T15604] [phase=frame_stage_notify] [hook=frame_stage_notify] [frame_stage] scene end; weather begin
#5397 [2026-09-17 23:53:34.091] [DEBUG] [P12236:T15604] [phase=frame_stage_notify] [hook=frame_stage_notify] [frame_stage] weather end; other begin
#5398 [2026-09-17 23:53:34.109] [DEBUG] [P12236:T15604] [phase=frame_stage_notify] [hook=frame_stage_notify] [frame_stage] other end; impacts begin
#5399 [2026-09-17 23:53:34.128] [DEBUG] [P12236:T15604] [phase=frame_stage_notify] [hook=frame_stage_notify] [frame_stage] impacts end
#5400 [2026-09-17 23:53:34.146] [DEBUG] [P12236:T15604] [phase=frame_stage_notify] [hook=frame_stage_notify] [frame_stage] original begin
#5401 [2026-09-17 23:53:34.165] [DEBUG] [P12236:T15604] [phase=frame_stage_notify] [hook=frame_stage_notify] [frame_stage] original end
#5402 [2026-09-17 23:53:34.184] [DEBUG] [P12236:T15604] [phase=frame_stage_notify] [hook=frame_stage_notify] [frame_stage] end stage=7
#5403 [2026-09-17 23:53:34.203] [DEBUG] [P12236:T15604] [phase=frame_stage_notify] [hook=frame_stage_notify] [frame_stage] begin stage=8 this=0x00007FF9936073C0
#5404 [2026-09-17 23:53:34.220] [DEBUG] [P12236:T15604] [phase=frame_stage_notify] [hook=frame_stage_notify] [frame_stage] original begin
#5405 [2026-09-17 23:53:34.238] [DEBUG] [P12236:T15604] [phase=frame_stage_notify] [hook=frame_stage_notify] [frame_stage] original end
#5406 [2026-09-17 23:53:34.257] [DEBUG] [P12236:T15604] [phase=frame_stage_notify] [hook=frame_stage_notify] [frame_stage] end stage=8
#5407 [2026-09-17 23:53:34.277] [DEBUG] [P12236:T15604] [phase=frame_stage_notify] [hook=frame_stage_notify] [frame_stage] begin stage=3 this=0x00007FF9936073C0
#5408 [2026-09-17 23:53:34.296] [DEBUG] [P12236:T15604] [phase=frame_stage_notify] [hook=frame_stage_notify] [frame_stage] original begin
#5409 [2026-09-17 23:53:34.315] [DEBUG] [P12236:T15604] [phase=frame_stage_notify] [hook=frame_stage_notify] [frame_stage] original end
#5410 [2026-09-17 23:53:34.333] [DEBUG] [P12236:T15604] [phase=frame_stage_notify] [hook=frame_stage_notify] [frame_stage] end stage=3
#5411 [2026-09-17 23:53:34.353] [DEBUG] [P12236:T15604] [phase=frame_stage_notify] [hook=frame_stage_notify] [frame_stage] begin stage=12 this=0x00007FF9936073C0
#5412 [2026-09-17 23:53:34.370] [DEBUG] [P12236:T15604] [phase=frame_stage_notify] [hook=frame_stage_notify] [frame_stage] original begin
#5413 [2026-09-17 23:53:34.389] [DEBUG] [P12236:T15604] [phase=frame_stage_notify] [hook=frame_stage_notify] [frame_stage] original end
#5414 [2026-09-17 23:53:34.408] [DEBUG] [P12236:T15604] [phase=frame_stage_notify] [hook=frame_stage_notify] [frame_stage] view/frame-data update begin
#5415 [2026-09-17 23:53:34.427] [DEBUG] [P12236:T15604] [phase=frame_stage_notify] [hook=frame_stage_notify] [frame_stage] view/frame-data update end
#5416 [2026-09-17 23:53:34.446] [DEBUG] [P12236:T15604] [phase=frame_stage_notify] [hook=frame_stage_notify] [frame_stage] end stage=12
#5417 [2026-09-17 23:53:34.469] [DEBUG] [P12236:T18300] [phase=present] [hook=present] [present] begin swap_chain=0x00000242DB990F50 sync=0 flags=0x200 ready=1
#5518 [2026-09-17 23:53:34.488] [DEBUG] [P12236:T18300] [phase=present] [hook=present] [present] rendering context updated
#5519 [2026-09-17 23:53:34.507] [DEBUG] [P12236:T18300] [phase=present] [hook=present] [present] forwarding to original
#5520 [2026-09-17 23:53:34.527] [DEBUG] [P12236:T15604] [phase=frame_stage_notify] [hook=frame_stage_notify] [frame_stage] begin stage=0 this=0x00007FF9936073C0
#5524 [2026-09-17 23:53:34.546] [DEBUG] [P12236:T15604] [phase=frame_stage_notify] [hook=frame_stage_notify] [frame_stage] original begin
#5525 [2026-09-17 23:53:34.564] [DEBUG] [P12236:T15604] [phase=frame_stage_notify] [hook=frame_stage_notify] [frame_stage] original end
#5526 [2026-09-17 23:53:34.583] [DEBUG] [P12236:T15604] [phase=frame_stage_notify] [hook=frame_stage_notify] [frame_stage] end stage=0
#5527 [2026-09-17 23:53:34.603] [DEBUG] [P12236:T15604] [phase=frame_stage_notify] [hook=frame_stage_notify] [frame_stage] begin stage=11 this=0x00007FF9936073C0
#5528 [2026-09-17 23:53:34.622] [DEBUG] [P12236:T15604] [phase=frame_stage_notify] [hook=frame_stage_notify] [frame_stage] original begin
#5529 [2026-09-17 23:53:34.641] [DEBUG] [P12236:T15604] [phase=frame_stage_notify] [hook=frame_stage_notify] [frame_stage] original end
#5530 [2026-09-17 23:53:34.660] [DEBUG] [P12236:T15604] [phase=frame_stage_notify] [hook=frame_stage_notify] [frame_stage] end stage=11
#5531 [2026-09-17 23:53:34.679] [DEBUG] [P12236:T15604] [phase=frame_stage_notify] [hook=frame_stage_notify] [frame_stage] begin stage=0 this=0x00007FF9936073C0
#5532 [2026-09-17 23:53:34.697] [DEBUG] [P12236:T15604] [phase=frame_stage_notify] [hook=frame_stage_notify] [frame_stage] original begin
#5533 [2026-09-17 23:53:34.717] [DEBUG] [P12236:T15604] [phase=frame_stage_notify] [hook=frame_stage_notify] [frame_stage] original end
#5534 [2026-09-17 23:53:34.736] [DEBUG] [P12236:T15604] [phase=frame_stage_notify] [hook=frame_stage_notify] [frame_stage] end stage=0
#5535 [2026-09-17 23:53:34.773] [DEBUG] [P12236:T15604] [phase=frame_stage_notify] [hook=frame_stage_notify] [frame_stage] begin stage=11 this=0x00007FF9936073C0
#5536 [2026-09-17 23:53:34.792] [DEBUG] [P12236:T15604] [phase=frame_stage_notify] [hook=frame_stage_notify] [frame_stage] original begin
#5537 [2026-09-17 23:53:34.810] [DEBUG] [P12236:T15604] [phase=frame_stage_notify] [hook=frame_stage_notify] [frame_stage] original end
#5538 [2026-09-17 23:53:34.828] [DEBUG] [P12236:T15604] [phase=frame_stage_notify] [hook=frame_stage_notify] [frame_stage] end stage=11
#5539 [2026-09-17 23:53:34.848] [DEBUG] [P12236:T15604] [phase=frame_stage_notify] [hook=frame_stage_notify] [frame_stage] begin stage=0 this=0x00007FF9936073C0
#5540 [2026-09-17 23:53:34.867] [DEBUG] [P12236:T15604] [phase=frame_stage_notify] [hook=frame_stage_notify] [frame_stage] original begin
#5541 [2026-09-17 23:53:34.884] [DEBUG] [P12236:T15604] [phase=frame_stage_notify] [hook=frame_stage_notify] [frame_stage] original end
#5542 [2026-09-17 23:53:34.904] [DEBUG] [P12236:T15604] [phase=frame_stage_notify] [hook=frame_stage_notify] [frame_stage] end stage=0
#5543 [2026-09-17 23:53:34.922] [DEBUG] [P12236:T15604] [phase=frame_stage_notify] [hook=frame_stage_notify] [frame_stage] begin stage=11 this=0x00007FF9936073C0
#5544 [2026-09-17 23:53:34.941] [DEBUG] [P12236:T15604] [phase=frame_stage_notify] [hook=frame_stage_notify] [frame_stage] original begin
#5545 [2026-09-17 23:53:34.959] [DEBUG] [P12236:T15604] [phase=frame_stage_notify] [hook=frame_stage_notify] [frame_stage] original end
#5546 [2026-09-17 23:53:34.978] [DEBUG] [P12236:T15604] [phase=frame_stage_notify] [hook=frame_stage_notify] [frame_stage] end stage=11
#5547 [2026-09-17 23:53:34.998] [DEBUG] [P12236:T15604] [phase=frame_stage_notify] [hook=frame_stage_notify] [frame_stage] begin stage=0 this=0x00007FF9936073C0
#5548 [2026-09-17 23:53:35.016] [DEBUG] [P12236:T15604] [phase=frame_stage_notify] [hook=frame_stage_notify] [frame_stage] original begin
#5549 [2026-09-17 23:53:35.034] [DEBUG] [P12236:T15604] [phase=frame_stage_notify] [hook=frame_stage_notify] [frame_stage] original end
#5550 [2026-09-17 23:53:35.054] [DEBUG] [P12236:T15604] [phase=frame_stage_notify] [hook=frame_stage_notify] [frame_stage] end stage=0
#5551 [2026-09-17 23:53:35.073] [DEBUG] [P12236:T15604] [phase=frame_stage_notify] [hook=frame_stage_notify] [frame_stage] begin stage=10 this=0x00007FF9936073C0
#5552 [2026-09-17 23:53:35.091] [DEBUG] [P12236:T15604] [phase=frame_stage_notify] [hook=frame_stage_notify] [frame_stage] original begin
#5553 [2026-09-17 23:53:35.109] [DEBUG] [P12236:T15604] [phase=frame_stage_notify] [hook=frame_stage_notify] [frame_stage] original end
#5554 [2026-09-17 23:53:35.128] [DEBUG] [P12236:T15604] [phase=frame_stage_notify] [hook=frame_stage_notify] [frame_stage] end stage=10
#5555 [2026-09-17 23:53:35.147] [DEBUG] [P12236:T15604] [phase=frame_stage_notify] [hook=frame_stage_notify] [frame_stage] begin stage=11 this=0x00007FF9936073C0
#5556 [2026-09-17 23:53:35.166] [DEBUG] [P12236:T15604] [phase=frame_stage_notify] [hook=frame_stage_notify] [frame_stage] original begin
#5557 [2026-09-17 23:53:35.190] [DEBUG] [P12236:T15604] [phase=frame_stage_notify] [hook=frame_stage_notify] [frame_stage] original end
#5558 [2026-09-17 23:53:35.209] [DEBUG] [P12236:T15604] [phase=frame_stage_notify] [hook=frame_stage_notify] [frame_stage] end stage=11
#5559 [2026-09-17 23:53:35.227] [DEBUG] [P12236:T15604] [phase=frame_stage_notify] [hook=frame_stage_notify] [frame_stage] begin stage=1 this=0x00007FF9936073C0
#5560 [2026-09-17 23:53:35.245] [DEBUG] [P12236:T15604] [phase=frame_stage_notify] [hook=frame_stage_notify] [frame_stage] original begin
#5561 [2026-09-17 23:53:35.264] [DEBUG] [P12236:T15604] [phase=frame_stage_notify] [hook=frame_stage_notify] [frame_stage] original end
#5562 [2026-09-17 23:53:35.282] [DEBUG] [P12236:T15604] [phase=frame_stage_notify] [hook=frame_stage_notify] [frame_stage] end stage=1
#5563 [2026-09-17 23:53:35.302] [DEBUG] [P12236:T15604] [phase=frame_stage_notify] [hook=frame_stage_notify] [frame_stage] begin stage=2 this=0x00007FF9936073C0
#5564 [2026-09-17 23:53:35.320] [DEBUG] [P12236:T15604] [phase=frame_stage_notify] [hook=frame_stage_notify] [frame_stage] original begin
#5565 [2026-09-17 23:53:35.338] [DEBUG] [P12236:T15604] [phase=frame_stage_notify] [hook=frame_stage_notify] [frame_stage] original end
#5566 [2026-09-17 23:53:35.357] [DEBUG] [P12236:T15604] [phase=frame_stage_notify] [hook=frame_stage_notify] [frame_stage] end stage=2
#5567 [2026-09-17 23:53:35.376] [DEBUG] [P12236:T15604] [phase=frame_stage_notify] [hook=frame_stage_notify] [frame_stage] begin stage=5 this=0x00007FF9936073C0
#5568 [2026-09-17 23:53:35.393] [DEBUG] [P12236:T15604] [phase=frame_stage_notify] [hook=frame_stage_notify] [frame_stage] original begin
#5569 [2026-09-17 23:53:35.412] [DEBUG] [P12236:T15604] [phase=frame_stage_notify] [hook=frame_stage_notify] [frame_stage] original end
#5570 [2026-09-17 23:53:35.431] [DEBUG] [P12236:T15604] [phase=frame_stage_notify] [hook=frame_stage_notify] [frame_stage] end stage=5
#5571 [2026-09-17 23:53:35.449] [DEBUG] [P12236:T15604] [phase=frame_stage_notify] [hook=frame_stage_notify] [frame_stage] begin stage=6 this=0x00007FF9936073C0
#5572 [2026-09-17 23:53:35.468] [DEBUG] [P12236:T15604] [phase=frame_stage_notify] [hook=frame_stage_notify] [frame_stage] guns begin
#5573 [2026-09-17 23:53:35.487] [DEBUG] [P12236:T15604] [phase=frame_stage_notify] [hook=frame_stage_notify] [frame_stage] guns end
#5574 [2026-09-17 23:53:35.505] [DEBUG] [P12236:T15604] [phase=frame_stage_notify] [hook=frame_stage_notify] [frame_stage] dlight begin
#5575 [2026-09-17 23:53:35.524] [DEBUG] [P12236:T15604] [phase=frame_stage_notify] [hook=frame_stage_notify] [frame_stage] dlight end
#5576 [2026-09-17 23:53:35.542] [DEBUG] [P12236:T15604] [phase=frame_stage_notify] [hook=frame_stage_notify] [frame_stage] original begin
#5577 [2026-09-17 23:53:35.561] [DEBUG] [P12236:T15604] [phase=frame_stage_notify] [hook=frame_stage_notify] [frame_stage] original end
#5578 [2026-09-17 23:53:35.581] [DEBUG] [P12236:T15604] [phase=frame_stage_notify] [hook=frame_stage_notify] [frame_stage] post-network feature updates begin
#5579 [2026-09-17 23:53:35.599] [DEBUG] [P12236:T15604] [phase=frame_stage_notify] [hook=frame_stage_notify] [frame_stage] post-network feature updates end
#5580 [2026-09-17 23:53:35.635] [DEBUG] [P12236:T15604] [phase=frame_stage_notify] [hook=frame_stage_notify] [frame_stage] end stage=6
#5581 [2026-09-17 23:53:35.688] [DEBUG] [P12236:T15604] [phase=frame_stage_notify] [hook=frame_stage_notify] [frame_stage] begin stage=7 this=0x00007FF9936073C0
#5582 [2026-09-17 23:53:35.706] [DEBUG] [P12236:T15604] [phase=frame_stage_notify] [hook=frame_stage_notify] [frame_stage] agents begin
#5583 [2026-09-17 23:53:35.732] [DEBUG] [P12236:T15604] [phase=frame_stage_notify] [hook=frame_stage_notify] [frame_stage] agents end; gloves begin
#5584 [2026-09-17 23:53:35.749] [DEBUG] [P12236:T15604] [phase=frame_stage_notify] [hook=frame_stage_notify] [frame_stage] gloves end; knives begin
#5585 [2026-09-17 23:53:35.767] [DEBUG] [P12236:T15604] [phase=frame_stage_notify] [hook=frame_stage_notify] [frame_stage] knives end; world begin
#5586 [2026-09-17 23:53:35.787] [DEBUG] [P12236:T15604] [phase=frame_stage_notify] [hook=frame_stage_notify] [frame_stage] scene end; weather begin
#5587 [2026-09-17 23:53:35.804] [DEBUG] [P12236:T15604] [phase=frame_stage_notify] [hook=frame_stage_notify] [frame_stage] weather end; other begin
#5588 [2026-09-17 23:53:35.822] [DEBUG] [P12236:T15604] [phase=frame_stage_notify] [hook=frame_stage_notify] [frame_stage] other end; impacts begin
#5589 [2026-09-17 23:53:35.842] [DEBUG] [P12236:T15604] [phase=frame_stage_notify] [hook=frame_stage_notify] [frame_stage] impacts end
#5590 [2026-09-17 23:53:35.860] [DEBUG] [P12236:T15604] [phase=frame_stage_notify] [hook=frame_stage_notify] [frame_stage] original begin
#5591 [2026-09-17 23:53:35.878] [DEBUG] [P12236:T15604] [phase=frame_stage_notify] [hook=frame_stage_notify] [frame_stage] original end
#5592 [2026-09-17 23:53:35.897] [DEBUG] [P12236:T15604] [phase=frame_stage_notify] [hook=frame_stage_notify] [frame_stage] end stage=7
#5593 [2026-09-17 23:53:35.915] [DEBUG] [P12236:T15604] [phase=none] [hook=frame_stage_notify] hook enter name=frame_stage_notify arg0=0x00007FF9936073C0 arg1=0x0000000000000008 arg2=0x0000000000000000 arg3=0x0000000000000000
#5594 [2026-09-17 23:53:35.933] [DEBUG] [P12236:T15604] [phase=frame_stage_notify] [hook=frame_stage_notify] [frame_stage] begin stage=8 this=0x00007FF9936073C0
#5595 [2026-09-17 23:53:35.953] [DEBUG] [P12236:T15604] [phase=frame_stage_notify] [hook=frame_stage_notify] [frame_stage] original begin
#5596 [2026-09-17 23:53:35.971] [DEBUG] [P12236:T15604] [phase=frame_stage_notify] [hook=frame_stage_notify] [frame_stage] original end
#5597 [2026-09-17 23:53:35.989] [DEBUG] [P12236:T15604] [phase=frame_stage_notify] [hook=frame_stage_notify] [frame_stage] end stage=8
#5598 [2026-09-17 23:53:36.007] [DEBUG] [P12236:T15604] [phase=none] [hook=frame_stage_notify] hook leave name=frame_stage_notify duration_ms=94
#5599 [2026-09-17 23:53:36.026] [DEBUG] [P12236:T15604] [phase=frame_stage_notify] [hook=frame_stage_notify] [frame_stage] begin stage=3 this=0x00007FF9936073C0
#5600 [2026-09-17 23:53:36.044] [DEBUG] [P12236:T15604] [phase=frame_stage_notify] [hook=frame_stage_notify] [frame_stage] original begin
#5601 [2026-09-17 23:53:36.063] [DEBUG] [P12236:T15604] [phase=frame_stage_notify] [hook=frame_stage_notify] [frame_stage] original end
#5602 [2026-09-17 23:53:36.082] [DEBUG] [P12236:T15604] [phase=frame_stage_notify] [hook=frame_stage_notify] [frame_stage] end stage=3
#5603 [2026-09-17 23:53:36.100] [DEBUG] [P12236:T15604] [phase=frame_stage_notify] [hook=frame_stage_notify] [frame_stage] begin stage=12 this=0x00007FF9936073C0
#5604 [2026-09-17 23:53:36.137] [DEBUG] [P12236:T15604] [phase=frame_stage_notify] [hook=frame_stage_notify] [frame_stage] original begin
#5605 [2026-09-17 23:53:36.155] [DEBUG] [P12236:T15604] [phase=frame_stage_notify] [hook=frame_stage_notify] [frame_stage] original end
#5606 [2026-09-17 23:53:36.174] [DEBUG] [P12236:T15604] [phase=frame_stage_notify] [hook=frame_stage_notify] [frame_stage] view/frame-data update begin
#5607 [2026-09-17 23:53:36.192] [DEBUG] [P12236:T15604] [phase=frame_stage_notify] [hook=frame_stage_notify] [frame_stage] view/frame-data update end
#5608 [2026-09-17 23:53:36.211] [DEBUG] [P12236:T15604] [phase=frame_stage_notify] [hook=frame_stage_notify] [frame_stage] end stage=12
#5609 [2026-09-17 23:53:36.233] [DEBUG] [P12236:T15604] [phase=frame_stage_notify] [hook=frame_stage_notify] [frame_stage] begin stage=0 this=0x00007FF9936073C0
#5613 [2026-09-17 23:53:36.252] [DEBUG] [P12236:T15604] [phase=frame_stage_notify] [hook=frame_stage_notify] [frame_stage] original begin
#5614 [2026-09-17 23:53:36.271] [DEBUG] [P12236:T15604] [phase=frame_stage_notify] [hook=frame_stage_notify] [frame_stage] original end
#5615 [2026-09-17 23:53:36.289] [DEBUG] [P12236:T15604] [phase=frame_stage_notify] [hook=frame_stage_notify] [frame_stage] end stage=0
#5616 [2026-09-17 23:53:36.308] [DEBUG] [P12236:T15604] [phase=frame_stage_notify] [hook=frame_stage_notify] [frame_stage] begin stage=11 this=0x00007FF9936073C0
#5617 [2026-09-17 23:53:36.327] [DEBUG] [P12236:T15604] [phase=frame_stage_notify] [hook=frame_stage_notify] [frame_stage] original begin
#5618 [2026-09-17 23:53:36.346] [DEBUG] [P12236:T15604] [phase=frame_stage_notify] [hook=frame_stage_notify] [frame_stage] original end
#5619 [2026-09-17 23:53:36.365] [DEBUG] [P12236:T15604] [phase=frame_stage_notify] [hook=frame_stage_notify] [frame_stage] end stage=11
#5620 [2026-09-17 23:53:36.382] [DEBUG] [P12236:T15604] [phase=frame_stage_notify] [hook=frame_stage_notify] [frame_stage] begin stage=0 this=0x00007FF9936073C0
#5621 [2026-09-17 23:53:36.402] [DEBUG] [P12236:T15604] [phase=frame_stage_notify] [hook=frame_stage_notify] [frame_stage] original begin
#5622 [2026-09-17 23:53:36.420] [DEBUG] [P12236:T15604] [phase=frame_stage_notify] [hook=frame_stage_notify] [frame_stage] original end
#5623 [2026-09-17 23:53:36.439] [DEBUG] [P12236:T15604] [phase=frame_stage_notify] [hook=frame_stage_notify] [frame_stage] end stage=0
#5624 [2026-09-17 23:53:36.457] [DEBUG] [P12236:T15604] [phase=frame_stage_notify] [hook=frame_stage_notify] [frame_stage] begin stage=11 this=0x00007FF9936073C0
#5625 [2026-09-17 23:53:36.476] [DEBUG] [P12236:T15604] [phase=frame_stage_notify] [hook=frame_stage_notify] [frame_stage] original begin
#5626 [2026-09-17 23:53:36.494] [DEBUG] [P12236:T15604] [phase=frame_stage_notify] [hook=frame_stage_notify] [frame_stage] original end
#5627 [2026-09-17 23:53:36.513] [DEBUG] [P12236:T15604] [phase=frame_stage_notify] [hook=frame_stage_notify] [frame_stage] end stage=11
#5628 [2026-09-17 23:53:36.531] [DEBUG] [P12236:T15604] [phase=frame_stage_notify] [hook=frame_stage_notify] [frame_stage] begin stage=0 this=0x00007FF9936073C0
#5629 [2026-09-17 23:53:36.550] [DEBUG] [P12236:T15604] [phase=frame_stage_notify] [hook=frame_stage_notify] [frame_stage] original begin
#5630 [2026-09-17 23:53:36.568] [DEBUG] [P12236:T15604] [phase=frame_stage_notify] [hook=frame_stage_notify] [frame_stage] original end
#5631 [2026-09-17 23:53:36.587] [DEBUG] [P12236:T15604] [phase=frame_stage_notify] [hook=frame_stage_notify] [frame_stage] end stage=0
#5632 [2026-09-17 23:53:36.606] [DEBUG] [P12236:T15604] [phase=frame_stage_notify] [hook=frame_stage_notify] [frame_stage] begin stage=11 this=0x00007FF9936073C0
#5633 [2026-09-17 23:53:36.625] [DEBUG] [P12236:T15604] [phase=frame_stage_notify] [hook=frame_stage_notify] [frame_stage] original begin
#5634 [2026-09-17 23:53:36.643] [DEBUG] [P12236:T15604] [phase=frame_stage_notify] [hook=frame_stage_notify] [frame_stage] original end
#5635 [2026-09-17 23:53:36.661] [DEBUG] [P12236:T15604] [phase=frame_stage_notify] [hook=frame_stage_notify] [frame_stage] end stage=11
#5636 [2026-09-17 23:53:36.679] [DEBUG] [P12236:T15604] [phase=frame_stage_notify] [hook=frame_stage_notify] [frame_stage] begin stage=0 this=0x00007FF9936073C0
#5637 [2026-09-17 23:53:36.698] [DEBUG] [P12236:T15604] [phase=frame_stage_notify] [hook=frame_stage_notify] [frame_stage] original begin
#5638 [2026-09-17 23:53:36.717] [DEBUG] [P12236:T15604] [phase=frame_stage_notify] [hook=frame_stage_notify] [frame_stage] original end
#5639 [2026-09-17 23:53:36.736] [DEBUG] [P12236:T15604] [phase=frame_stage_notify] [hook=frame_stage_notify] [frame_stage] end stage=0
#5640 [2026-09-17 23:53:36.755] [DEBUG] [P12236:T15604] [phase=frame_stage_notify] [hook=frame_stage_notify] [frame_stage] begin stage=11 this=0x00007FF9936073C0
#5641 [2026-09-17 23:53:36.774] [DEBUG] [P12236:T15604] [phase=frame_stage_notify] [hook=frame_stage_notify] [frame_stage] original begin
#5642 [2026-09-17 23:53:36.791] [DEBUG] [P12236:T15604] [phase=frame_stage_notify] [hook=frame_stage_notify] [frame_stage] original end
#5643 [2026-09-17 23:53:36.810] [DEBUG] [P12236:T15604] [phase=frame_stage_notify] [hook=frame_stage_notify] [frame_stage] end stage=11
#5644 [2026-09-17 23:53:36.828] [DEBUG] [P12236:T15604] [phase=frame_stage_notify] [hook=frame_stage_notify] [frame_stage] begin stage=0 this=0x00007FF9936073C0
#5645 [2026-09-17 23:53:36.847] [DEBUG] [P12236:T15604] [phase=frame_stage_notify] [hook=frame_stage_notify] [frame_stage] original begin
#5646 [2026-09-17 23:53:36.866] [DEBUG] [P12236:T15604] [phase=frame_stage_notify] [hook=frame_stage_notify] [frame_stage] original end
#5647 [2026-09-17 23:53:36.884] [DEBUG] [P12236:T15604] [phase=frame_stage_notify] [hook=frame_stage_notify] [frame_stage] end stage=0
#5648 [2026-09-17 23:53:36.903] [DEBUG] [P12236:T15604] [phase=frame_stage_notify] [hook=frame_stage_notify] [frame_stage] begin stage=11 this=0x00007FF9936073C0
#5649 [2026-09-17 23:53:36.921] [DEBUG] [P12236:T15604] [phase=frame_stage_notify] [hook=frame_stage_notify] [frame_stage] original begin
#5650 [2026-09-17 23:53:36.940] [DEBUG] [P12236:T15604] [phase=frame_stage_notify] [hook=frame_stage_notify] [frame_stage] original end
#5651 [2026-09-17 23:53:36.958] [DEBUG] [P12236:T15604] [phase=frame_stage_notify] [hook=frame_stage_notify] [frame_stage] end stage=11
#5652 [2026-09-17 23:53:36.978] [DEBUG] [P12236:T15604] [phase=frame_stage_notify] [hook=frame_stage_notify] [frame_stage] begin stage=0 this=0x00007FF9936073C0
#5653 [2026-09-17 23:53:36.996] [DEBUG] [P12236:T15604] [phase=frame_stage_notify] [hook=frame_stage_notify] [frame_stage] original begin
#5654 [2026-09-17 23:53:37.015] [DEBUG] [P12236:T15604] [phase=frame_stage_notify] [hook=frame_stage_notify] [frame_stage] original end
#5655 [2026-09-17 23:53:37.033] [DEBUG] [P12236:T15604] [phase=frame_stage_notify] [hook=frame_stage_notify] [frame_stage] end stage=0
#5656 [2026-09-17 23:53:37.052] [DEBUG] [P12236:T15604] [phase=frame_stage_notify] [hook=frame_stage_notify] [frame_stage] begin stage=11 this=0x00007FF9936073C0
#5657 [2026-09-17 23:53:37.071] [DEBUG] [P12236:T15604] [phase=frame_stage_notify] [hook=frame_stage_notify] [frame_stage] original begin
#5658 [2026-09-17 23:53:37.089] [DEBUG] [P12236:T15604] [phase=frame_stage_notify] [hook=frame_stage_notify] [frame_stage] original end
#5659 [2026-09-17 23:53:37.107] [DEBUG] [P12236:T15604] [phase=frame_stage_notify] [hook=frame_stage_notify] [frame_stage] end stage=11
#5660 [2026-09-17 23:53:37.126] [DEBUG] [P12236:T15604] [phase=frame_stage_notify] [hook=frame_stage_notify] [frame_stage] begin stage=0 this=0x00007FF9936073C0
#5661 [2026-09-17 23:53:37.144] [DEBUG] [P12236:T15604] [phase=frame_stage_notify] [hook=frame_stage_notify] [frame_stage] original begin
#5662 [2026-09-17 23:53:37.162] [DEBUG] [P12236:T15604] [phase=frame_stage_notify] [hook=frame_stage_notify] [frame_stage] original end
#5663 [2026-09-17 23:53:37.181] [DEBUG] [P12236:T15604] [phase=frame_stage_notify] [hook=frame_stage_notify] [frame_stage] end stage=0
#5664 [2026-09-17 23:53:37.200] [DEBUG] [P12236:T15604] [phase=frame_stage_notify] [hook=frame_stage_notify] [frame_stage] begin stage=10 this=0x00007FF9936073C0
#5665 [2026-09-17 23:53:37.219] [DEBUG] [P12236:T15604] [phase=frame_stage_notify] [hook=frame_stage_notify] [frame_stage] original begin
#5666 [2026-09-17 23:53:37.237] [DEBUG] [P12236:T15604] [phase=frame_stage_notify] [hook=frame_stage_notify] [frame_stage] original end
#5667 [2026-09-17 23:53:37.272] [DEBUG] [P12236:T15604] [phase=frame_stage_notify] [hook=frame_stage_notify] [frame_stage] end stage=10
#5668 [2026-09-17 23:53:37.291] [DEBUG] [P12236:T15604] [phase=frame_stage_notify] [hook=frame_stage_notify] [frame_stage] begin stage=11 this=0x00007FF9936073C0
#5669 [2026-09-17 23:53:37.310] [DEBUG] [P12236:T15604] [phase=frame_stage_notify] [hook=frame_stage_notify] [frame_stage] original begin
#5670 [2026-09-17 23:53:37.328] [DEBUG] [P12236:T15604] [phase=frame_stage_notify] [hook=frame_stage_notify] [frame_stage] original end
#5671 [2026-09-17 23:53:37.346] [DEBUG] [P12236:T15604] [phase=frame_stage_notify] [hook=frame_stage_notify] [frame_stage] end stage=11
#5672 [2026-09-17 23:53:37.365] [DEBUG] [P12236:T15604] [phase=frame_stage_notify] [hook=frame_stage_notify] [frame_stage] begin stage=1 this=0x00007FF9936073C0
#5673 [2026-09-17 23:53:37.383] [DEBUG] [P12236:T15604] [phase=frame_stage_notify] [hook=frame_stage_notify] [frame_stage] original begin
#5674 [2026-09-17 23:53:37.402] [DEBUG] [P12236:T15604] [phase=frame_stage_notify] [hook=frame_stage_notify] [frame_stage] original end
#5675 [2026-09-17 23:53:37.420] [DEBUG] [P12236:T15604] [phase=frame_stage_notify] [hook=frame_stage_notify] [frame_stage] end stage=1
#5676 [2026-09-17 23:53:37.438] [DEBUG] [P12236:T15604] [phase=frame_stage_notify] [hook=frame_stage_notify] [frame_stage] begin stage=2 this=0x00007FF9936073C0
#5677 [2026-09-17 23:53:37.456] [DEBUG] [P12236:T15604] [phase=frame_stage_notify] [hook=frame_stage_notify] [frame_stage] original begin
#5678 [2026-09-17 23:53:37.474] [DEBUG] [P12236:T15604] [phase=frame_stage_notify] [hook=frame_stage_notify] [frame_stage] original end
#5679 [2026-09-17 23:53:37.493] [DEBUG] [P12236:T15604] [phase=frame_stage_notify] [hook=frame_stage_notify] [frame_stage] end stage=2
#5680 [2026-09-17 23:53:37.512] [DEBUG] [P12236:T15604] [phase=frame_stage_notify] [hook=frame_stage_notify] [frame_stage] begin stage=5 this=0x00007FF9936073C0
#5681 [2026-09-17 23:53:37.531] [DEBUG] [P12236:T15604] [phase=frame_stage_notify] [hook=frame_stage_notify] [frame_stage] original begin
#5682 [2026-09-17 23:53:37.550] [DEBUG] [P12236:T15604] [phase=frame_stage_notify] [hook=frame_stage_notify] [frame_stage] original end
#5683 [2026-09-17 23:53:37.569] [DEBUG] [P12236:T15604] [phase=frame_stage_notify] [hook=frame_stage_notify] [frame_stage] end stage=5
#5684 [2026-09-17 23:53:37.588] [DEBUG] [P12236:T15604] [phase=frame_stage_notify] [hook=frame_stage_notify] [frame_stage] begin stage=6 this=0x00007FF9936073C0
#5685 [2026-09-17 23:53:37.606] [DEBUG] [P12236:T15604] [phase=frame_stage_notify] [hook=frame_stage_notify] [frame_stage] guns begin
#5686 [2026-09-17 23:53:37.625] [DEBUG] [P12236:T15604] [phase=frame_stage_notify] [hook=frame_stage_notify] [frame_stage] guns end
#5687 [2026-09-17 23:53:37.643] [DEBUG] [P12236:T15604] [phase=frame_stage_notify] [hook=frame_stage_notify] [frame_stage] dlight begin
#5688 [2026-09-17 23:53:37.661] [DEBUG] [P12236:T15604] [phase=frame_stage_notify] [hook=frame_stage_notify] [frame_stage] dlight end
#5689 [2026-09-17 23:53:37.680] [DEBUG] [P12236:T15604] [phase=frame_stage_notify] [hook=frame_stage_notify] [frame_stage] original begin
#5690 [2026-09-17 23:53:37.698] [DEBUG] [P12236:T15604] [phase=frame_stage_notify] [hook=frame_stage_notify] [frame_stage] original end
#5691 [2026-09-17 23:53:37.717] [DEBUG] [P12236:T15604] [phase=frame_stage_notify] [hook=frame_stage_notify] [frame_stage] post-network feature updates begin
#5692 [2026-09-17 23:53:37.737] [DEBUG] [P12236:T15604] [phase=frame_stage_notify] [hook=frame_stage_notify] [frame_stage] post-network feature updates end
#5693 [2026-09-17 23:53:37.756] [DEBUG] [P12236:T15604] [phase=frame_stage_notify] [hook=frame_stage_notify] [frame_stage] end stage=6
#5694 [2026-09-17 23:53:37.774] [DEBUG] [P12236:T15604] [phase=frame_stage_notify] [hook=frame_stage_notify] [frame_stage] begin stage=7 this=0x00007FF9936073C0
#5695 [2026-09-17 23:53:37.793] [DEBUG] [P12236:T15604] [phase=frame_stage_notify] [hook=frame_stage_notify] [frame_stage] agents begin
#5696 [2026-09-17 23:53:37.812] [DEBUG] [P12236:T15604] [phase=frame_stage_notify] [hook=frame_stage_notify] [frame_stage] agents end; gloves begin
#5697 [2026-09-17 23:53:37.831] [DEBUG] [P12236:T15604] [phase=frame_stage_notify] [hook=frame_stage_notify] [frame_stage] gloves end; knives begin
#5698 [2026-09-17 23:53:37.850] [DEBUG] [P12236:T15604] [phase=frame_stage_notify] [hook=frame_stage_notify] [frame_stage] knives end; world begin
#5699 [2026-09-17 23:53:37.869] [DEBUG] [P12236:T15604] [phase=frame_stage_notify] [hook=frame_stage_notify] [frame_stage] scene end; weather begin
#5700 [2026-09-17 23:53:37.888] [DEBUG] [P12236:T15604] [phase=frame_stage_notify] [hook=frame_stage_notify] [frame_stage] weather end; other begin
#5701 [2026-09-17 23:53:37.905] [DEBUG] [P12236:T15604] [phase=frame_stage_notify] [hook=frame_stage_notify] [frame_stage] other end; impacts begin
#5702 [2026-09-17 23:53:37.923] [DEBUG] [P12236:T15604] [phase=frame_stage_notify] [hook=frame_stage_notify] [frame_stage] impacts end
#5703 [2026-09-17 23:53:37.942] [DEBUG] [P12236:T15604] [phase=frame_stage_notify] [hook=frame_stage_notify] [frame_stage] original begin
#5704 [2026-09-17 23:53:37.961] [DEBUG] [P12236:T15604] [phase=frame_stage_notify] [hook=frame_stage_notify] [frame_stage] original end
#5705 [2026-09-17 23:53:37.980] [DEBUG] [P12236:T15604] [phase=frame_stage_notify] [hook=frame_stage_notify] [frame_stage] end stage=7
#5706 [2026-09-17 23:53:37.999] [DEBUG] [P12236:T15604] [phase=frame_stage_notify] [hook=frame_stage_notify] [frame_stage] begin stage=8 this=0x00007FF9936073C0
#5707 [2026-09-17 23:53:38.017] [DEBUG] [P12236:T15604] [phase=frame_stage_notify] [hook=frame_stage_notify] [frame_stage] original begin
#5708 [2026-09-17 23:53:38.036] [DEBUG] [P12236:T15604] [phase=frame_stage_notify] [hook=frame_stage_notify] [frame_stage] original end
#5709 [2026-09-17 23:53:38.054] [DEBUG] [P12236:T15604] [phase=frame_stage_notify] [hook=frame_stage_notify] [frame_stage] end stage=8
#5710 [2026-09-17 23:53:38.073] [DEBUG] [P12236:T15604] [phase=frame_stage_notify] [hook=frame_stage_notify] [frame_stage] begin stage=3 this=0x00007FF9936073C0
#5711 [2026-09-17 23:53:38.092] [DEBUG] [P12236:T15604] [phase=frame_stage_notify] [hook=frame_stage_notify] [frame_stage] original begin
#5712 [2026-09-17 23:53:38.111] [DEBUG] [P12236:T15604] [phase=frame_stage_notify] [hook=frame_stage_notify] [frame_stage] original end
#5713 [2026-09-17 23:53:38.129] [DEBUG] [P12236:T15604] [phase=frame_stage_notify] [hook=frame_stage_notify] [frame_stage] end stage=3
#5714 [2026-09-17 23:53:38.149] [DEBUG] [P12236:T15604] [phase=frame_stage_notify] [hook=frame_stage_notify] [frame_stage] begin stage=12 this=0x00007FF9936073C0
#5715 [2026-09-17 23:53:38.167] [DEBUG] [P12236:T15604] [phase=frame_stage_notify] [hook=frame_stage_notify] [frame_stage] original begin
#5716 [2026-09-17 23:53:38.186] [DEBUG] [P12236:T15604] [phase=frame_stage_notify] [hook=frame_stage_notify] [frame_stage] original end
#5717 [2026-09-17 23:53:38.205] [DEBUG] [P12236:T15604] [phase=frame_stage_notify] [hook=frame_stage_notify] [frame_stage] view/frame-data update begin
#5718 [2026-09-17 23:53:38.222] [DEBUG] [P12236:T15604] [phase=frame_stage_notify] [hook=frame_stage_notify] [frame_stage] view/frame-data update end
#5719 [2026-09-17 23:53:38.240] [DEBUG] [P12236:T15604] [phase=frame_stage_notify] [hook=frame_stage_notify] [frame_stage] end stage=12
#5720 [2026-09-17 23:53:38.263] [DEBUG] [P12236:T18300] [phase=present] [hook=present] [present] begin swap_chain=0x00000242DB990F50 sync=0 flags=0x200 ready=1
#5821 [2026-09-17 23:53:38.282] [DEBUG] [P12236:T18300] [phase=present] [hook=present] [present] rendering context updated
#5822 [2026-09-17 23:53:38.301] [DEBUG] [P12236:T18300] [phase=present] [hook=present] [present] forwarding to original
#5823 [2026-09-17 23:53:38.322] [DEBUG] [P12236:T15604] [phase=frame_stage_notify] [hook=frame_stage_notify] [frame_stage] begin stage=0 this=0x00007FF9936073C0
#5827 [2026-09-17 23:53:38.356] [DEBUG] [P12236:T15604] [phase=frame_stage_notify] [hook=frame_stage_notify] [frame_stage] original begin
#5828 [2026-09-17 23:53:38.375] [DEBUG] [P12236:T15604] [phase=frame_stage_notify] [hook=frame_stage_notify] [frame_stage] original end
#5829 [2026-09-17 23:53:38.393] [DEBUG] [P12236:T15604] [phase=frame_stage_notify] [hook=frame_stage_notify] [frame_stage] end stage=0
#5830 [2026-09-17 23:53:38.412] [DEBUG] [P12236:T15604] [phase=frame_stage_notify] [hook=frame_stage_notify] [frame_stage] begin stage=11 this=0x00007FF9936073C0
#5831 [2026-09-17 23:53:38.430] [DEBUG] [P12236:T15604] [phase=frame_stage_notify] [hook=frame_stage_notify] [frame_stage] original begin
#5832 [2026-09-17 23:53:38.448] [DEBUG] [P12236:T15604] [phase=frame_stage_notify] [hook=frame_stage_notify] [frame_stage] original end
#5833 [2026-09-17 23:53:38.466] [DEBUG] [P12236:T15604] [phase=frame_stage_notify] [hook=frame_stage_notify] [frame_stage] end stage=11
#5834 [2026-09-17 23:53:38.484] [DEBUG] [P12236:T15604] [phase=frame_stage_notify] [hook=frame_stage_notify] [frame_stage] begin stage=0 this=0x00007FF9936073C0
#5835 [2026-09-17 23:53:38.504] [DEBUG] [P12236:T15604] [phase=frame_stage_notify] [hook=frame_stage_notify] [frame_stage] original begin
#5836 [2026-09-17 23:53:38.522] [DEBUG] [P12236:T15604] [phase=frame_stage_notify] [hook=frame_stage_notify] [frame_stage] original end
#5837 [2026-09-17 23:53:38.541] [DEBUG] [P12236:T15604] [phase=frame_stage_notify] [hook=frame_stage_notify] [frame_stage] end stage=0
#5838 [2026-09-17 23:53:38.559] [DEBUG] [P12236:T15604] [phase=frame_stage_notify] [hook=frame_stage_notify] [frame_stage] begin stage=11 this=0x00007FF9936073C0
#5839 [2026-09-17 23:53:38.577] [DEBUG] [P12236:T15604] [phase=frame_stage_notify] [hook=frame_stage_notify] [frame_stage] original begin
#5840 [2026-09-17 23:53:38.595] [DEBUG] [P12236:T15604] [phase=frame_stage_notify] [hook=frame_stage_notify] [frame_stage] original end
#5841 [2026-09-17 23:53:38.613] [DEBUG] [P12236:T15604] [phase=frame_stage_notify] [hook=frame_stage_notify] [frame_stage] end stage=11
#5842 [2026-09-17 23:53:38.632] [DEBUG] [P12236:T15604] [phase=frame_stage_notify] [hook=frame_stage_notify] [frame_stage] begin stage=0 this=0x00007FF9936073C0
#5843 [2026-09-17 23:53:38.650] [DEBUG] [P12236:T15604] [phase=frame_stage_notify] [hook=frame_stage_notify] [frame_stage] original begin
#5844 [2026-09-17 23:53:38.669] [DEBUG] [P12236:T15604] [phase=frame_stage_notify] [hook=frame_stage_notify] [frame_stage] original end
#5845 [2026-09-17 23:53:38.688] [DEBUG] [P12236:T15604] [phase=frame_stage_notify] [hook=frame_stage_notify] [frame_stage] end stage=0
#5846 [2026-09-17 23:53:38.707] [DEBUG] [P12236:T15604] [phase=frame_stage_notify] [hook=frame_stage_notify] [frame_stage] begin stage=11 this=0x00007FF9936073C0
#5847 [2026-09-17 23:53:38.725] [DEBUG] [P12236:T15604] [phase=frame_stage_notify] [hook=frame_stage_notify] [frame_stage] original begin
#5848 [2026-09-17 23:53:38.745] [DEBUG] [P12236:T15604] [phase=frame_stage_notify] [hook=frame_stage_notify] [frame_stage] original end
#5849 [2026-09-17 23:53:38.763] [DEBUG] [P12236:T15604] [phase=frame_stage_notify] [hook=frame_stage_notify] [frame_stage] end stage=11
#5850 [2026-09-17 23:53:38.781] [DEBUG] [P12236:T15604] [phase=frame_stage_notify] [hook=frame_stage_notify] [frame_stage] begin stage=0 this=0x00007FF9936073C0
#5851 [2026-09-17 23:53:38.800] [DEBUG] [P12236:T15604] [phase=frame_stage_notify] [hook=frame_stage_notify] [frame_stage] original begin
#5852 [2026-09-17 23:53:38.818] [DEBUG] [P12236:T15604] [phase=frame_stage_notify] [hook=frame_stage_notify] [frame_stage] original end
#5853 [2026-09-17 23:53:38.855] [DEBUG] [P12236:T15604] [phase=frame_stage_notify] [hook=frame_stage_notify] [frame_stage] end stage=0
#5854 [2026-09-17 23:53:38.874] [DEBUG] [P12236:T15604] [phase=frame_stage_notify] [hook=frame_stage_notify] [frame_stage] begin stage=10 this=0x00007FF9936073C0
#5855 [2026-09-17 23:53:38.893] [DEBUG] [P12236:T15604] [phase=frame_stage_notify] [hook=frame_stage_notify] [frame_stage] original begin
#5856 [2026-09-17 23:53:38.911] [DEBUG] [P12236:T15604] [phase=frame_stage_notify] [hook=frame_stage_notify] [frame_stage] original end
#5857 [2026-09-17 23:53:38.929] [DEBUG] [P12236:T15604] [phase=frame_stage_notify] [hook=frame_stage_notify] [frame_stage] end stage=10
#5858 [2026-09-17 23:53:38.947] [DEBUG] [P12236:T15604] [phase=frame_stage_notify] [hook=frame_stage_notify] [frame_stage] begin stage=11 this=0x00007FF9936073C0
#5859 [2026-09-17 23:53:38.966] [DEBUG] [P12236:T15604] [phase=frame_stage_notify] [hook=frame_stage_notify] [frame_stage] original begin
#5860 [2026-09-17 23:53:38.985] [DEBUG] [P12236:T15604] [phase=frame_stage_notify] [hook=frame_stage_notify] [frame_stage] original end
#5861 [2026-09-17 23:53:39.004] [DEBUG] [P12236:T15604] [phase=frame_stage_notify] [hook=frame_stage_notify] [frame_stage] end stage=11
#5862 [2026-09-17 23:53:39.022] [DEBUG] [P12236:T15604] [phase=frame_stage_notify] [hook=frame_stage_notify] [frame_stage] begin stage=1 this=0x00007FF9936073C0
#5863 [2026-09-17 23:53:39.040] [DEBUG] [P12236:T15604] [phase=frame_stage_notify] [hook=frame_stage_notify] [frame_stage] original begin
#5864 [2026-09-17 23:53:39.059] [DEBUG] [P12236:T15604] [phase=frame_stage_notify] [hook=frame_stage_notify] [frame_stage] original end
#5865 [2026-09-17 23:53:39.078] [DEBUG] [P12236:T15604] [phase=frame_stage_notify] [hook=frame_stage_notify] [frame_stage] end stage=1
#5866 [2026-09-17 23:53:39.096] [DEBUG] [P12236:T15604] [phase=frame_stage_notify] [hook=frame_stage_notify] [frame_stage] begin stage=2 this=0x00007FF9936073C0
#5867 [2026-09-17 23:53:39.115] [DEBUG] [P12236:T15604] [phase=frame_stage_notify] [hook=frame_stage_notify] [frame_stage] original begin
#5868 [2026-09-17 23:53:39.133] [DEBUG] [P12236:T15604] [phase=frame_stage_notify] [hook=frame_stage_notify] [frame_stage] original end
#5869 [2026-09-17 23:53:39.151] [DEBUG] [P12236:T15604] [phase=frame_stage_notify] [hook=frame_stage_notify] [frame_stage] end stage=2
#5870 [2026-09-17 23:53:39.170] [DEBUG] [P12236:T15604] [phase=frame_stage_notify] [hook=frame_stage_notify] [frame_stage] begin stage=5 this=0x00007FF9936073C0
#5871 [2026-09-17 23:53:39.190] [DEBUG] [P12236:T15604] [phase=frame_stage_notify] [hook=frame_stage_notify] [frame_stage] original begin
#5872 [2026-09-17 23:53:39.208] [DEBUG] [P12236:T15604] [phase=frame_stage_notify] [hook=frame_stage_notify] [frame_stage] original end
#5873 [2026-09-17 23:53:39.227] [DEBUG] [P12236:T15604] [phase=frame_stage_notify] [hook=frame_stage_notify] [frame_stage] end stage=5
#5874 [2026-09-17 23:53:39.245] [DEBUG] [P12236:T15604] [phase=frame_stage_notify] [hook=frame_stage_notify] [frame_stage] begin stage=6 this=0x00007FF9936073C0
#5875 [2026-09-17 23:53:39.263] [DEBUG] [P12236:T15604] [phase=frame_stage_notify] [hook=frame_stage_notify] [frame_stage] guns begin
#5876 [2026-09-17 23:53:39.281] [DEBUG] [P12236:T15604] [phase=frame_stage_notify] [hook=frame_stage_notify] [frame_stage] guns end
#5877 [2026-09-17 23:53:39.301] [DEBUG] [P12236:T15604] [phase=frame_stage_notify] [hook=frame_stage_notify] [frame_stage] dlight begin
#5878 [2026-09-17 23:53:39.319] [DEBUG] [P12236:T15604] [phase=frame_stage_notify] [hook=frame_stage_notify] [frame_stage] dlight end
#5879 [2026-09-17 23:53:39.338] [DEBUG] [P12236:T15604] [phase=frame_stage_notify] [hook=frame_stage_notify] [frame_stage] original begin
#5880 [2026-09-17 23:53:39.355] [DEBUG] [P12236:T15604] [phase=frame_stage_notify] [hook=frame_stage_notify] [frame_stage] original end
#5881 [2026-09-17 23:53:39.373] [DEBUG] [P12236:T15604] [phase=frame_stage_notify] [hook=frame_stage_notify] [frame_stage] post-network feature updates begin
#5882 [2026-09-17 23:53:39.391] [DEBUG] [P12236:T15604] [phase=frame_stage_notify] [hook=frame_stage_notify] [frame_stage] post-network feature updates end
#5883 [2026-09-17 23:53:39.410] [DEBUG] [P12236:T15604] [phase=frame_stage_notify] [hook=frame_stage_notify] [frame_stage] end stage=6
#5884 [2026-09-17 23:53:39.428] [DEBUG] [P12236:T15604] [phase=frame_stage_notify] [hook=frame_stage_notify] [frame_stage] begin stage=7 this=0x00007FF9936073C0
#5885 [2026-09-17 23:53:39.446] [DEBUG] [P12236:T15604] [phase=frame_stage_notify] [hook=frame_stage_notify] [frame_stage] agents begin
#5886 [2026-09-17 23:53:39.466] [DEBUG] [P12236:T15604] [phase=frame_stage_notify] [hook=frame_stage_notify] [frame_stage] agents end; gloves begin
#5887 [2026-09-17 23:53:39.485] [DEBUG] [P12236:T15604] [phase=frame_stage_notify] [hook=frame_stage_notify] [frame_stage] gloves end; knives begin
#5888 [2026-09-17 23:53:39.504] [DEBUG] [P12236:T15604] [phase=frame_stage_notify] [hook=frame_stage_notify] [frame_stage] knives end; world begin
#5889 [2026-09-17 23:53:39.521] [DEBUG] [P12236:T15604] [phase=frame_stage_notify] [hook=frame_stage_notify] [frame_stage] scene end; weather begin
#5890 [2026-09-17 23:53:39.540] [DEBUG] [P12236:T15604] [phase=frame_stage_notify] [hook=frame_stage_notify] [frame_stage] weather end; other begin
#5891 [2026-09-17 23:53:39.558] [DEBUG] [P12236:T15604] [phase=frame_stage_notify] [hook=frame_stage_notify] [frame_stage] other end; impacts begin
#5892 [2026-09-17 23:53:39.577] [DEBUG] [P12236:T15604] [phase=frame_stage_notify] [hook=frame_stage_notify] [frame_stage] impacts end
#5893 [2026-09-17 23:53:39.595] [DEBUG] [P12236:T15604] [phase=frame_stage_notify] [hook=frame_stage_notify] [frame_stage] original begin
#5894 [2026-09-17 23:53:39.614] [DEBUG] [P12236:T15604] [phase=frame_stage_notify] [hook=frame_stage_notify] [frame_stage] original end
#5895 [2026-09-17 23:53:39.633] [DEBUG] [P12236:T15604] [phase=frame_stage_notify] [hook=frame_stage_notify] [frame_stage] end stage=7
#5896 [2026-09-17 23:53:39.651] [DEBUG] [P12236:T15604] [phase=frame_stage_notify] [hook=frame_stage_notify] [frame_stage] begin stage=8 this=0x00007FF9936073C0
#5897 [2026-09-17 23:53:39.669] [DEBUG] [P12236:T15604] [phase=frame_stage_notify] [hook=frame_stage_notify] [frame_stage] original begin
#5898 [2026-09-17 23:53:39.688] [DEBUG] [P12236:T15604] [phase=frame_stage_notify] [hook=frame_stage_notify] [frame_stage] original end
#5899 [2026-09-17 23:53:39.706] [DEBUG] [P12236:T15604] [phase=frame_stage_notify] [hook=frame_stage_notify] [frame_stage] end stage=8
#5900 [2026-09-17 23:53:39.723] [DEBUG] [P12236:T15604] [phase=frame_stage_notify] [hook=frame_stage_notify] [frame_stage] begin stage=3 this=0x00007FF9936073C0
#5901 [2026-09-17 23:53:39.743] [DEBUG] [P12236:T15604] [phase=frame_stage_notify] [hook=frame_stage_notify] [frame_stage] original begin
#5902 [2026-09-17 23:53:39.761] [DEBUG] [P12236:T15604] [phase=frame_stage_notify] [hook=frame_stage_notify] [frame_stage] original end
#5903 [2026-09-17 23:53:39.780] [DEBUG] [P12236:T15604] [phase=frame_stage_notify] [hook=frame_stage_notify] [frame_stage] end stage=3
#5904 [2026-09-17 23:53:39.798] [DEBUG] [P12236:T15604] [phase=frame_stage_notify] [hook=frame_stage_notify] [frame_stage] begin stage=12 this=0x00007FF9936073C0
#5905 [2026-09-17 23:53:39.818] [DEBUG] [P12236:T15604] [phase=frame_stage_notify] [hook=frame_stage_notify] [frame_stage] original begin
#5906 [2026-09-17 23:53:39.836] [DEBUG] [P12236:T15604] [phase=frame_stage_notify] [hook=frame_stage_notify] [frame_stage] original end
#5907 [2026-09-17 23:53:39.855] [DEBUG] [P12236:T15604] [phase=frame_stage_notify] [hook=frame_stage_notify] [frame_stage] view/frame-data update begin
#5908 [2026-09-17 23:53:39.873] [DEBUG] [P12236:T15604] [phase=frame_stage_notify] [hook=frame_stage_notify] [frame_stage] view/frame-data update end
#5909 [2026-09-17 23:53:39.891] [DEBUG] [P12236:T15604] [phase=frame_stage_notify] [hook=frame_stage_notify] [frame_stage] end stage=12
#5910 [2026-09-17 23:53:39.912] [DEBUG] [P12236:T18300] [phase=present] [hook=present] [present] begin swap_chain=0x00000242DB990F50 sync=0 flags=0x200 ready=1
#6011 [2026-09-17 23:53:39.931] [DEBUG] [P12236:T18300] [phase=present] [hook=present] [present] rendering context updated
#6012 [2026-09-17 23:53:39.950] [DEBUG] [P12236:T18300] [phase=present] [hook=present] [present] forwarding to original
#6013 [2026-09-17 23:53:39.971] [DEBUG] [P12236:T15604] [phase=frame_stage_notify] [hook=frame_stage_notify] [frame_stage] begin stage=0 this=0x00007FF9936073C0
#6017 [2026-09-17 23:53:39.989] [DEBUG] [P12236:T15604] [phase=frame_stage_notify] [hook=frame_stage_notify] [frame_stage] original begin
#6018 [2026-09-17 23:53:40.007] [DEBUG] [P12236:T15604] [phase=frame_stage_notify] [hook=frame_stage_notify] [frame_stage] original end
#6019 [2026-09-17 23:53:40.025] [DEBUG] [P12236:T15604] [phase=frame_stage_notify] [hook=frame_stage_notify] [frame_stage] end stage=0
#6020 [2026-09-17 23:53:40.044] [DEBUG] [P12236:T15604] [phase=frame_stage_notify] [hook=frame_stage_notify] [frame_stage] begin stage=11 this=0x00007FF9936073C0
#6021 [2026-09-17 23:53:40.062] [DEBUG] [P12236:T15604] [phase=frame_stage_notify] [hook=frame_stage_notify] [frame_stage] original begin
#6022 [2026-09-17 23:53:40.081] [DEBUG] [P12236:T15604] [phase=frame_stage_notify] [hook=frame_stage_notify] [frame_stage] original end
#6023 [2026-09-17 23:53:40.100] [DEBUG] [P12236:T15604] [phase=frame_stage_notify] [hook=frame_stage_notify] [frame_stage] end stage=11
#6024 [2026-09-17 23:53:40.118] [DEBUG] [P12236:T15604] [phase=frame_stage_notify] [hook=frame_stage_notify] [frame_stage] begin stage=0 this=0x00007FF9936073C0
#6025 [2026-09-17 23:53:40.137] [DEBUG] [P12236:T15604] [phase=frame_stage_notify] [hook=frame_stage_notify] [frame_stage] original begin
#6026 [2026-09-17 23:53:40.155] [DEBUG] [P12236:T15604] [phase=frame_stage_notify] [hook=frame_stage_notify] [frame_stage] original end
#6027 [2026-09-17 23:53:40.173] [DEBUG] [P12236:T15604] [phase=frame_stage_notify] [hook=frame_stage_notify] [frame_stage] end stage=0
#6028 [2026-09-17 23:53:40.191] [DEBUG] [P12236:T15604] [phase=frame_stage_notify] [hook=frame_stage_notify] [frame_stage] begin stage=11 this=0x00007FF9936073C0
#6029 [2026-09-17 23:53:40.226] [DEBUG] [P12236:T15604] [phase=frame_stage_notify] [hook=frame_stage_notify] [frame_stage] original begin
#6030 [2026-09-17 23:53:40.246] [DEBUG] [P12236:T15604] [phase=frame_stage_notify] [hook=frame_stage_notify] [frame_stage] original end
#6031 [2026-09-17 23:53:40.265] [DEBUG] [P12236:T15604] [phase=frame_stage_notify] [hook=frame_stage_notify] [frame_stage] end stage=11
#6032 [2026-09-17 23:53:40.284] [DEBUG] [P12236:T15604] [phase=frame_stage_notify] [hook=frame_stage_notify] [frame_stage] begin stage=0 this=0x00007FF9936073C0
#6033 [2026-09-17 23:53:40.303] [DEBUG] [P12236:T15604] [phase=frame_stage_notify] [hook=frame_stage_notify] [frame_stage] original begin
#6034 [2026-09-17 23:53:40.322] [DEBUG] [P12236:T15604] [phase=frame_stage_notify] [hook=frame_stage_notify] [frame_stage] original end
#6035 [2026-09-17 23:53:40.340] [DEBUG] [P12236:T15604] [phase=frame_stage_notify] [hook=frame_stage_notify] [frame_stage] end stage=0
#6036 [2026-09-17 23:53:40.358] [DEBUG] [P12236:T15604] [phase=frame_stage_notify] [hook=frame_stage_notify] [frame_stage] begin stage=11 this=0x00007FF9936073C0
#6037 [2026-09-17 23:53:40.377] [DEBUG] [P12236:T15604] [phase=frame_stage_notify] [hook=frame_stage_notify] [frame_stage] original begin
#6038 [2026-09-17 23:53:40.395] [DEBUG] [P12236:T15604] [phase=frame_stage_notify] [hook=frame_stage_notify] [frame_stage] original end
#6039 [2026-09-17 23:53:40.414] [DEBUG] [P12236:T15604] [phase=frame_stage_notify] [hook=frame_stage_notify] [frame_stage] end stage=11
#6040 [2026-09-17 23:53:40.433] [DEBUG] [P12236:T15604] [phase=frame_stage_notify] [hook=frame_stage_notify] [frame_stage] begin stage=0 this=0x00007FF9936073C0
#6041 [2026-09-17 23:53:40.452] [DEBUG] [P12236:T15604] [phase=frame_stage_notify] [hook=frame_stage_notify] [frame_stage] original begin
#6042 [2026-09-17 23:53:40.471] [DEBUG] [P12236:T15604] [phase=frame_stage_notify] [hook=frame_stage_notify] [frame_stage] original end
#6043 [2026-09-17 23:53:40.490] [DEBUG] [P12236:T15604] [phase=frame_stage_notify] [hook=frame_stage_notify] [frame_stage] end stage=0
#6044 [2026-09-17 23:53:40.509] [DEBUG] [P12236:T15604] [phase=frame_stage_notify] [hook=frame_stage_notify] [frame_stage] begin stage=10 this=0x00007FF9936073C0
#6045 [2026-09-17 23:53:40.528] [DEBUG] [P12236:T15604] [phase=frame_stage_notify] [hook=frame_stage_notify] [frame_stage] original begin
#6046 [2026-09-17 23:53:40.546] [DEBUG] [P12236:T15604] [phase=frame_stage_notify] [hook=frame_stage_notify] [frame_stage] original end
#6047 [2026-09-17 23:53:40.566] [DEBUG] [P12236:T15604] [phase=frame_stage_notify] [hook=frame_stage_notify] [frame_stage] end stage=10
#6048 [2026-09-17 23:53:40.585] [DEBUG] [P12236:T15604] [phase=frame_stage_notify] [hook=frame_stage_notify] [frame_stage] begin stage=11 this=0x00007FF9936073C0
#6049 [2026-09-17 23:53:40.604] [DEBUG] [P12236:T15604] [phase=frame_stage_notify] [hook=frame_stage_notify] [frame_stage] original begin
#6050 [2026-09-17 23:53:40.622] [DEBUG] [P12236:T15604] [phase=frame_stage_notify] [hook=frame_stage_notify] [frame_stage] original end
#6051 [2026-09-17 23:53:40.641] [DEBUG] [P12236:T15604] [phase=frame_stage_notify] [hook=frame_stage_notify] [frame_stage] end stage=11
#6052 [2026-09-17 23:53:40.660] [DEBUG] [P12236:T15604] [phase=frame_stage_notify] [hook=frame_stage_notify] [frame_stage] begin stage=1 this=0x00007FF9936073C0
#6053 [2026-09-17 23:53:40.678] [DEBUG] [P12236:T15604] [phase=frame_stage_notify] [hook=frame_stage_notify] [frame_stage] original begin
#6054 [2026-09-17 23:53:40.697] [DEBUG] [P12236:T15604] [phase=frame_stage_notify] [hook=frame_stage_notify] [frame_stage] original end
#6055 [2026-09-17 23:53:40.716] [DEBUG] [P12236:T15604] [phase=frame_stage_notify] [hook=frame_stage_notify] [frame_stage] end stage=1
#6056 [2026-09-17 23:53:40.734] [DEBUG] [P12236:T15604] [phase=frame_stage_notify] [hook=frame_stage_notify] [frame_stage] begin stage=2 this=0x00007FF9936073C0
#6057 [2026-09-17 23:53:40.753] [DEBUG] [P12236:T15604] [phase=frame_stage_notify] [hook=frame_stage_notify] [frame_stage] original begin
#6058 [2026-09-17 23:53:40.772] [DEBUG] [P12236:T15604] [phase=frame_stage_notify] [hook=frame_stage_notify] [frame_stage] original end
#6059 [2026-09-17 23:53:40.791] [DEBUG] [P12236:T15604] [phase=frame_stage_notify] [hook=frame_stage_notify] [frame_stage] end stage=2
#6060 [2026-09-17 23:53:40.809] [DEBUG] [P12236:T15604] [phase=frame_stage_notify] [hook=frame_stage_notify] [frame_stage] begin stage=5 this=0x00007FF9936073C0
#6061 [2026-09-17 23:53:40.827] [DEBUG] [P12236:T15604] [phase=frame_stage_notify] [hook=frame_stage_notify] [frame_stage] original begin
#6062 [2026-09-17 23:53:40.845] [DEBUG] [P12236:T15604] [phase=frame_stage_notify] [hook=frame_stage_notify] [frame_stage] original end
#6063 [2026-09-17 23:53:40.865] [DEBUG] [P12236:T15604] [phase=frame_stage_notify] [hook=frame_stage_notify] [frame_stage] end stage=5
#6064 [2026-09-17 23:53:40.884] [DEBUG] [P12236:T15604] [phase=frame_stage_notify] [hook=frame_stage_notify] [frame_stage] begin stage=6 this=0x00007FF9936073C0
#6065 [2026-09-17 23:53:40.902] [DEBUG] [P12236:T15604] [phase=frame_stage_notify] [hook=frame_stage_notify] [frame_stage] guns begin
#6066 [2026-09-17 23:53:40.920] [DEBUG] [P12236:T15604] [phase=frame_stage_notify] [hook=frame_stage_notify] [frame_stage] guns end
#6067 [2026-09-17 23:53:40.938] [DEBUG] [P12236:T15604] [phase=frame_stage_notify] [hook=frame_stage_notify] [frame_stage] dlight begin
#6068 [2026-09-17 23:53:40.974] [DEBUG] [P12236:T15604] [phase=frame_stage_notify] [hook=frame_stage_notify] [frame_stage] dlight end
#6069 [2026-09-17 23:53:40.992] [DEBUG] [P12236:T15604] [phase=frame_stage_notify] [hook=frame_stage_notify] [frame_stage] original begin
#6070 [2026-09-17 23:53:41.011] [DEBUG] [P12236:T15604] [phase=frame_stage_notify] [hook=frame_stage_notify] [frame_stage] original end
#6071 [2026-09-17 23:53:41.047] [DEBUG] [P12236:T15604] [phase=frame_stage_notify] [hook=frame_stage_notify] [frame_stage] post-network feature updates begin
#6072 [2026-09-17 23:53:41.065] [DEBUG] [P12236:T15604] [phase=frame_stage_notify] [hook=frame_stage_notify] [frame_stage] post-network feature updates end
#6073 [2026-09-17 23:53:41.084] [DEBUG] [P12236:T15604] [phase=frame_stage_notify] [hook=frame_stage_notify] [frame_stage] end stage=6
#6074 [2026-09-17 23:53:41.102] [DEBUG] [P12236:T15604] [phase=frame_stage_notify] [hook=frame_stage_notify] [frame_stage] begin stage=7 this=0x00007FF9936073C0
#6075 [2026-09-17 23:53:41.121] [DEBUG] [P12236:T15604] [phase=frame_stage_notify] [hook=frame_stage_notify] [frame_stage] agents begin
#6076 [2026-09-17 23:53:41.139] [DEBUG] [P12236:T15604] [phase=frame_stage_notify] [hook=frame_stage_notify] [frame_stage] agents end; gloves begin
#6077 [2026-09-17 23:53:41.157] [DEBUG] [P12236:T15604] [phase=frame_stage_notify] [hook=frame_stage_notify] [frame_stage] gloves end; knives begin
#6078 [2026-09-17 23:53:41.175] [DEBUG] [P12236:T15604] [phase=frame_stage_notify] [hook=frame_stage_notify] [frame_stage] knives end; world begin
#6079 [2026-09-17 23:53:41.194] [DEBUG] [P12236:T15604] [phase=frame_stage_notify] [hook=frame_stage_notify] [frame_stage] scene end; weather begin
#6080 [2026-09-17 23:53:41.213] [DEBUG] [P12236:T15604] [phase=frame_stage_notify] [hook=frame_stage_notify] [frame_stage] weather end; other begin
#6081 [2026-09-17 23:53:41.232] [DEBUG] [P12236:T15604] [phase=frame_stage_notify] [hook=frame_stage_notify] [frame_stage] other end; impacts begin
#6082 [2026-09-17 23:53:41.266] [DEBUG] [P12236:T15604] [phase=frame_stage_notify] [hook=frame_stage_notify] [frame_stage] impacts end
#6083 [2026-09-17 23:53:41.284] [DEBUG] [P12236:T15604] [phase=frame_stage_notify] [hook=frame_stage_notify] [frame_stage] original begin
#6084 [2026-09-17 23:53:41.304] [DEBUG] [P12236:T15604] [phase=frame_stage_notify] [hook=frame_stage_notify] [frame_stage] original end
#6085 [2026-09-17 23:53:41.322] [DEBUG] [P12236:T15604] [phase=frame_stage_notify] [hook=frame_stage_notify] [frame_stage] end stage=7
#6086 [2026-09-17 23:53:41.341] [DEBUG] [P12236:T15604] [phase=frame_stage_notify] [hook=frame_stage_notify] [frame_stage] begin stage=8 this=0x00007FF9936073C0
#6087 [2026-09-17 23:53:41.359] [DEBUG] [P12236:T15604] [phase=frame_stage_notify] [hook=frame_stage_notify] [frame_stage] original begin
#6088 [2026-09-17 23:53:41.377] [DEBUG] [P12236:T15604] [phase=frame_stage_notify] [hook=frame_stage_notify] [frame_stage] original end
#6089 [2026-09-17 23:53:41.396] [DEBUG] [P12236:T15604] [phase=frame_stage_notify] [hook=frame_stage_notify] [frame_stage] end stage=8
#6090 [2026-09-17 23:53:41.415] [DEBUG] [P12236:T15604] [phase=frame_stage_notify] [hook=frame_stage_notify] [frame_stage] begin stage=3 this=0x00007FF9936073C0
#6091 [2026-09-17 23:53:41.434] [DEBUG] [P12236:T15604] [phase=frame_stage_notify] [hook=frame_stage_notify] [frame_stage] original begin
#6092 [2026-09-17 23:53:41.452] [DEBUG] [P12236:T15604] [phase=frame_stage_notify] [hook=frame_stage_notify] [frame_stage] original end
#6093 [2026-09-17 23:53:41.471] [DEBUG] [P12236:T15604] [phase=frame_stage_notify] [hook=frame_stage_notify] [frame_stage] end stage=3
#6094 [2026-09-17 23:53:41.494] [DEBUG] [P12236:T15604] [phase=frame_stage_notify] [hook=frame_stage_notify] [frame_stage] begin stage=12 this=0x00007FF9936073C0
#6095 [2026-09-17 23:53:41.513] [DEBUG] [P12236:T15604] [phase=frame_stage_notify] [hook=frame_stage_notify] [frame_stage] original begin
#6096 [2026-09-17 23:53:41.532] [DEBUG] [P12236:T15604] [phase=frame_stage_notify] [hook=frame_stage_notify] [frame_stage] original end
#6097 [2026-09-17 23:53:41.550] [DEBUG] [P12236:T15604] [phase=frame_stage_notify] [hook=frame_stage_notify] [frame_stage] view/frame-data update begin
#6098 [2026-09-17 23:53:41.587] [DEBUG] [P12236:T15604] [phase=frame_stage_notify] [hook=frame_stage_notify] [frame_stage] view/frame-data update end
#6099 [2026-09-17 23:53:41.623] [DEBUG] [P12236:T15604] [phase=frame_stage_notify] [hook=frame_stage_notify] [frame_stage] end stage=12
#6100 [2026-09-17 23:53:41.657] [DEBUG] [P12236:T15604] [phase=frame_stage_notify] [hook=frame_stage_notify] [frame_stage] begin stage=0 this=0x00007FF9936073C0
#6104 [2026-09-17 23:53:41.677] [DEBUG] [P12236:T15604] [phase=frame_stage_notify] [hook=frame_stage_notify] [frame_stage] original begin
#6105 [2026-09-17 23:53:41.695] [DEBUG] [P12236:T15604] [phase=frame_stage_notify] [hook=frame_stage_notify] [frame_stage] original end
#6106 [2026-09-17 23:53:41.713] [DEBUG] [P12236:T15604] [phase=frame_stage_notify] [hook=frame_stage_notify] [frame_stage] end stage=0
#6107 [2026-09-17 23:53:41.731] [DEBUG] [P12236:T15604] [phase=frame_stage_notify] [hook=frame_stage_notify] [frame_stage] begin stage=11 this=0x00007FF9936073C0
#6108 [2026-09-17 23:53:41.749] [DEBUG] [P12236:T15604] [phase=frame_stage_notify] [hook=frame_stage_notify] [frame_stage] original begin
#6109 [2026-09-17 23:53:41.768] [DEBUG] [P12236:T15604] [phase=frame_stage_notify] [hook=frame_stage_notify] [frame_stage] original end
#6110 [2026-09-17 23:53:41.787] [DEBUG] [P12236:T15604] [phase=frame_stage_notify] [hook=frame_stage_notify] [frame_stage] end stage=11
#6111 [2026-09-17 23:53:41.805] [DEBUG] [P12236:T15604] [phase=frame_stage_notify] [hook=frame_stage_notify] [frame_stage] begin stage=0 this=0x00007FF9936073C0
#6112 [2026-09-17 23:53:41.824] [DEBUG] [P12236:T15604] [phase=frame_stage_notify] [hook=frame_stage_notify] [frame_stage] original begin
#6113 [2026-09-17 23:53:41.843] [DEBUG] [P12236:T15604] [phase=frame_stage_notify] [hook=frame_stage_notify] [frame_stage] original end
#6114 [2026-09-17 23:53:41.862] [DEBUG] [P12236:T15604] [phase=frame_stage_notify] [hook=frame_stage_notify] [frame_stage] end stage=0
#6115 [2026-09-17 23:53:41.882] [DEBUG] [P12236:T15604] [phase=frame_stage_notify] [hook=frame_stage_notify] [frame_stage] begin stage=11 this=0x00007FF9936073C0
#6116 [2026-09-17 23:53:41.900] [DEBUG] [P12236:T15604] [phase=frame_stage_notify] [hook=frame_stage_notify] [frame_stage] original begin
#6117 [2026-09-17 23:53:41.919] [DEBUG] [P12236:T15604] [phase=frame_stage_notify] [hook=frame_stage_notify] [frame_stage] original end
#6118 [2026-09-17 23:53:41.937] [DEBUG] [P12236:T15604] [phase=frame_stage_notify] [hook=frame_stage_notify] [frame_stage] end stage=11
#6119 [2026-09-17 23:53:41.956] [DEBUG] [P12236:T15604] [phase=frame_stage_notify] [hook=frame_stage_notify] [frame_stage] begin stage=0 this=0x00007FF9936073C0
#6120 [2026-09-17 23:53:41.974] [DEBUG] [P12236:T15604] [phase=frame_stage_notify] [hook=frame_stage_notify] [frame_stage] original begin
#6121 [2026-09-17 23:53:41.992] [DEBUG] [P12236:T15604] [phase=frame_stage_notify] [hook=frame_stage_notify] [frame_stage] original end
#6122 [2026-09-17 23:53:42.010] [DEBUG] [P12236:T15604] [phase=frame_stage_notify] [hook=frame_stage_notify] [frame_stage] end stage=0
#6123 [2026-09-17 23:53:42.030] [DEBUG] [P12236:T15604] [phase=frame_stage_notify] [hook=frame_stage_notify] [frame_stage] begin stage=11 this=0x00007FF9936073C0
#6124 [2026-09-17 23:53:42.048] [DEBUG] [P12236:T15604] [phase=frame_stage_notify] [hook=frame_stage_notify] [frame_stage] original begin
#6125 [2026-09-17 23:53:42.066] [DEBUG] [P12236:T15604] [phase=frame_stage_notify] [hook=frame_stage_notify] [frame_stage] original end
#6126 [2026-09-17 23:53:42.084] [DEBUG] [P12236:T15604] [phase=frame_stage_notify] [hook=frame_stage_notify] [frame_stage] end stage=11
#6127 [2026-09-17 23:53:42.104] [DEBUG] [P12236:T15604] [phase=frame_stage_notify] [hook=frame_stage_notify] [frame_stage] begin stage=0 this=0x00007FF9936073C0
#6128 [2026-09-17 23:53:42.122] [DEBUG] [P12236:T15604] [phase=frame_stage_notify] [hook=frame_stage_notify] [frame_stage] original begin
#6129 [2026-09-17 23:53:42.140] [DEBUG] [P12236:T15604] [phase=frame_stage_notify] [hook=frame_stage_notify] [frame_stage] original end
#6130 [2026-09-17 23:53:42.159] [DEBUG] [P12236:T15604] [phase=frame_stage_notify] [hook=frame_stage_notify] [frame_stage] end stage=0
#6131 [2026-09-17 23:53:42.178] [DEBUG] [P12236:T15604] [phase=frame_stage_notify] [hook=frame_stage_notify] [frame_stage] begin stage=11 this=0x00007FF9936073C0
#6132 [2026-09-17 23:53:42.196] [DEBUG] [P12236:T15604] [phase=frame_stage_notify] [hook=frame_stage_notify] [frame_stage] original begin
#6133 [2026-09-17 23:53:42.215] [DEBUG] [P12236:T15604] [phase=frame_stage_notify] [hook=frame_stage_notify] [frame_stage] original end
#6134 [2026-09-17 23:53:42.233] [DEBUG] [P12236:T15604] [phase=frame_stage_notify] [hook=frame_stage_notify] [frame_stage] end stage=11
#6135 [2026-09-17 23:53:42.252] [DEBUG] [P12236:T15604] [phase=frame_stage_notify] [hook=frame_stage_notify] [frame_stage] begin stage=0 this=0x00007FF9936073C0
#6136 [2026-09-17 23:53:42.271] [DEBUG] [P12236:T15604] [phase=frame_stage_notify] [hook=frame_stage_notify] [frame_stage] original begin
#6137 [2026-09-17 23:53:42.289] [DEBUG] [P12236:T15604] [phase=frame_stage_notify] [hook=frame_stage_notify] [frame_stage] original end
#6138 [2026-09-17 23:53:42.308] [DEBUG] [P12236:T15604] [phase=frame_stage_notify] [hook=frame_stage_notify] [frame_stage] end stage=0
#6139 [2026-09-17 23:53:42.328] [DEBUG] [P12236:T15604] [phase=frame_stage_notify] [hook=frame_stage_notify] [frame_stage] begin stage=11 this=0x00007FF9936073C0
#6140 [2026-09-17 23:53:42.346] [DEBUG] [P12236:T15604] [phase=frame_stage_notify] [hook=frame_stage_notify] [frame_stage] original begin
#6141 [2026-09-17 23:53:42.364] [DEBUG] [P12236:T15604] [phase=frame_stage_notify] [hook=frame_stage_notify] [frame_stage] original end
#6142 [2026-09-17 23:53:42.382] [DEBUG] [P12236:T15604] [phase=frame_stage_notify] [hook=frame_stage_notify] [frame_stage] end stage=11
#6143 [2026-09-17 23:53:42.400] [DEBUG] [P12236:T15604] [phase=frame_stage_notify] [hook=frame_stage_notify] [frame_stage] begin stage=0 this=0x00007FF9936073C0
#6144 [2026-09-17 23:53:42.418] [DEBUG] [P12236:T15604] [phase=frame_stage_notify] [hook=frame_stage_notify] [frame_stage] original begin
#6145 [2026-09-17 23:53:42.436] [DEBUG] [P12236:T15604] [phase=frame_stage_notify] [hook=frame_stage_notify] [frame_stage] original end
#6146 [2026-09-17 23:53:42.455] [DEBUG] [P12236:T15604] [phase=frame_stage_notify] [hook=frame_stage_notify] [frame_stage] end stage=0
#6147 [2026-09-17 23:53:42.474] [DEBUG] [P12236:T15604] [phase=frame_stage_notify] [hook=frame_stage_notify] [frame_stage] begin stage=10 this=0x00007FF9936073C0
#6148 [2026-09-17 23:53:42.493] [DEBUG] [P12236:T15604] [phase=frame_stage_notify] [hook=frame_stage_notify] [frame_stage] original begin
#6149 [2026-09-17 23:53:42.511] [DEBUG] [P12236:T15604] [phase=frame_stage_notify] [hook=frame_stage_notify] [frame_stage] original end
#6150 [2026-09-17 23:53:42.530] [DEBUG] [P12236:T15604] [phase=frame_stage_notify] [hook=frame_stage_notify] [frame_stage] end stage=10
#6151 [2026-09-17 23:53:42.549] [DEBUG] [P12236:T15604] [phase=frame_stage_notify] [hook=frame_stage_notify] [frame_stage] begin stage=11 this=0x00007FF9936073C0
#6152 [2026-09-17 23:53:42.568] [DEBUG] [P12236:T15604] [phase=frame_stage_notify] [hook=frame_stage_notify] [frame_stage] original begin
#6153 [2026-09-17 23:53:42.587] [DEBUG] [P12236:T15604] [phase=frame_stage_notify] [hook=frame_stage_notify] [frame_stage] original end
#6154 [2026-09-17 23:53:42.605] [DEBUG] [P12236:T15604] [phase=frame_stage_notify] [hook=frame_stage_notify] [frame_stage] end stage=11
#6155 [2026-09-17 23:53:42.622] [DEBUG] [P12236:T15604] [phase=frame_stage_notify] [hook=frame_stage_notify] [frame_stage] begin stage=1 this=0x00007FF9936073C0
#6156 [2026-09-17 23:53:42.641] [DEBUG] [P12236:T15604] [phase=frame_stage_notify] [hook=frame_stage_notify] [frame_stage] original begin
#6157 [2026-09-17 23:53:42.660] [DEBUG] [P12236:T15604] [phase=frame_stage_notify] [hook=frame_stage_notify] [frame_stage] original end
#6158 [2026-09-17 23:53:42.678] [DEBUG] [P12236:T15604] [phase=frame_stage_notify] [hook=frame_stage_notify] [frame_stage] end stage=1
#6159 [2026-09-17 23:53:42.698] [DEBUG] [P12236:T15604] [phase=frame_stage_notify] [hook=frame_stage_notify] [frame_stage] begin stage=2 this=0x00007FF9936073C0
#6160 [2026-09-17 23:53:42.717] [DEBUG] [P12236:T15604] [phase=frame_stage_notify] [hook=frame_stage_notify] [frame_stage] original begin
#6161 [2026-09-17 23:53:42.735] [DEBUG] [P12236:T15604] [phase=frame_stage_notify] [hook=frame_stage_notify] [frame_stage] original end
#6162 [2026-09-17 23:53:42.753] [DEBUG] [P12236:T15604] [phase=frame_stage_notify] [hook=frame_stage_notify] [frame_stage] end stage=2
#6163 [2026-09-17 23:53:42.772] [DEBUG] [P12236:T15604] [phase=frame_stage_notify] [hook=frame_stage_notify] [frame_stage] begin stage=5 this=0x00007FF9936073C0
#6164 [2026-09-17 23:53:42.791] [DEBUG] [P12236:T15604] [phase=frame_stage_notify] [hook=frame_stage_notify] [frame_stage] original begin
#6165 [2026-09-17 23:53:42.809] [DEBUG] [P12236:T15604] [phase=frame_stage_notify] [hook=frame_stage_notify] [frame_stage] original end
#6166 [2026-09-17 23:53:42.827] [DEBUG] [P12236:T15604] [phase=frame_stage_notify] [hook=frame_stage_notify] [frame_stage] end stage=5
#6167 [2026-09-17 23:53:42.845] [DEBUG] [P12236:T15604] [phase=frame_stage_notify] [hook=frame_stage_notify] [frame_stage] begin stage=6 this=0x00007FF9936073C0
#6168 [2026-09-17 23:53:42.864] [DEBUG] [P12236:T15604] [phase=frame_stage_notify] [hook=frame_stage_notify] [frame_stage] guns begin
#6169 [2026-09-17 23:53:42.883] [DEBUG] [P12236:T15604] [phase=frame_stage_notify] [hook=frame_stage_notify] [frame_stage] guns end
#6170 [2026-09-17 23:53:42.902] [DEBUG] [P12236:T15604] [phase=frame_stage_notify] [hook=frame_stage_notify] [frame_stage] dlight begin
#6171 [2026-09-17 23:53:42.938] [DEBUG] [P12236:T15604] [phase=frame_stage_notify] [hook=frame_stage_notify] [frame_stage] dlight end
#6172 [2026-09-17 23:53:42.956] [DEBUG] [P12236:T15604] [phase=frame_stage_notify] [hook=frame_stage_notify] [frame_stage] original begin
#6173 [2026-09-17 23:53:42.974] [DEBUG] [P12236:T15604] [phase=frame_stage_notify] [hook=frame_stage_notify] [frame_stage] original end
#6174 [2026-09-17 23:53:42.993] [DEBUG] [P12236:T15604] [phase=frame_stage_notify] [hook=frame_stage_notify] [frame_stage] post-network feature updates begin
#6175 [2026-09-17 23:53:43.011] [DEBUG] [P12236:T15604] [phase=frame_stage_notify] [hook=frame_stage_notify] [frame_stage] post-network feature updates end
#6176 [2026-09-17 23:53:43.029] [DEBUG] [P12236:T15604] [phase=frame_stage_notify] [hook=frame_stage_notify] [frame_stage] end stage=6
#6177 [2026-09-17 23:53:43.048] [DEBUG] [P12236:T15604] [phase=frame_stage_notify] [hook=frame_stage_notify] [frame_stage] begin stage=7 this=0x00007FF9936073C0
#6178 [2026-09-17 23:53:43.067] [DEBUG] [P12236:T15604] [phase=frame_stage_notify] [hook=frame_stage_notify] [frame_stage] agents begin
#6179 [2026-09-17 23:53:43.085] [DEBUG] [P12236:T15604] [phase=frame_stage_notify] [hook=frame_stage_notify] [frame_stage] agents end; gloves begin
#6180 [2026-09-17 23:53:43.104] [DEBUG] [P12236:T15604] [phase=frame_stage_notify] [hook=frame_stage_notify] [frame_stage] gloves end; knives begin
#6181 [2026-09-17 23:53:43.123] [DEBUG] [P12236:T15604] [phase=frame_stage_notify] [hook=frame_stage_notify] [frame_stage] knives end; world begin
#6182 [2026-09-17 23:53:43.142] [DEBUG] [P12236:T15604] [phase=frame_stage_notify] [hook=frame_stage_notify] [frame_stage] scene end; weather begin
#6183 [2026-09-17 23:53:43.161] [DEBUG] [P12236:T15604] [phase=frame_stage_notify] [hook=frame_stage_notify] [frame_stage] weather end; other begin
#6184 [2026-09-17 23:53:43.179] [DEBUG] [P12236:T15604] [phase=frame_stage_notify] [hook=frame_stage_notify] [frame_stage] other end; impacts begin
#6185 [2026-09-17 23:53:43.197] [DEBUG] [P12236:T15604] [phase=frame_stage_notify] [hook=frame_stage_notify] [frame_stage] impacts end
#6186 [2026-09-17 23:53:43.216] [DEBUG] [P12236:T15604] [phase=frame_stage_notify] [hook=frame_stage_notify] [frame_stage] original begin
#6187 [2026-09-17 23:53:43.236] [DEBUG] [P12236:T15604] [phase=frame_stage_notify] [hook=frame_stage_notify] [frame_stage] original end
#6188 [2026-09-17 23:53:43.254] [DEBUG] [P12236:T15604] [phase=frame_stage_notify] [hook=frame_stage_notify] [frame_stage] end stage=7
#6189 [2026-09-17 23:53:43.273] [DEBUG] [P12236:T15604] [phase=frame_stage_notify] [hook=frame_stage_notify] [frame_stage] begin stage=8 this=0x00007FF9936073C0
#6190 [2026-09-17 23:53:43.291] [DEBUG] [P12236:T15604] [phase=frame_stage_notify] [hook=frame_stage_notify] [frame_stage] original begin
#6191 [2026-09-17 23:53:43.309] [DEBUG] [P12236:T15604] [phase=frame_stage_notify] [hook=frame_stage_notify] [frame_stage] original end
#6192 [2026-09-17 23:53:43.328] [DEBUG] [P12236:T15604] [phase=frame_stage_notify] [hook=frame_stage_notify] [frame_stage] end stage=8
#6193 [2026-09-17 23:53:43.347] [DEBUG] [P12236:T15604] [phase=frame_stage_notify] [hook=frame_stage_notify] [frame_stage] begin stage=3 this=0x00007FF9936073C0
#6194 [2026-09-17 23:53:43.365] [DEBUG] [P12236:T15604] [phase=frame_stage_notify] [hook=frame_stage_notify] [frame_stage] original begin
#6195 [2026-09-17 23:53:43.383] [DEBUG] [P12236:T15604] [phase=frame_stage_notify] [hook=frame_stage_notify] [frame_stage] original end
#6196 [2026-09-17 23:53:43.401] [DEBUG] [P12236:T15604] [phase=frame_stage_notify] [hook=frame_stage_notify] [frame_stage] end stage=3
#6197 [2026-09-17 23:53:43.420] [DEBUG] [P12236:T15604] [phase=frame_stage_notify] [hook=frame_stage_notify] [frame_stage] begin stage=12 this=0x00007FF9936073C0
#6198 [2026-09-17 23:53:43.439] [DEBUG] [P12236:T15604] [phase=frame_stage_notify] [hook=frame_stage_notify] [frame_stage] original begin
#6199 [2026-09-17 23:53:43.458] [DEBUG] [P12236:T15604] [phase=frame_stage_notify] [hook=frame_stage_notify] [frame_stage] original end
#6200 [2026-09-17 23:53:43.477] [DEBUG] [P12236:T15604] [phase=frame_stage_notify] [hook=frame_stage_notify] [frame_stage] view/frame-data update begin
#6201 [2026-09-17 23:53:43.495] [DEBUG] [P12236:T15604] [phase=frame_stage_notify] [hook=frame_stage_notify] [frame_stage] view/frame-data update end
#6202 [2026-09-17 23:53:43.514] [DEBUG] [P12236:T15604] [phase=frame_stage_notify] [hook=frame_stage_notify] [frame_stage] end stage=12
#6203 [2026-09-17 23:53:43.535] [DEBUG] [P12236:T15604] [phase=frame_stage_notify] [hook=frame_stage_notify] [frame_stage] begin stage=0 this=0x00007FF9936073C0
#6207 [2026-09-17 23:53:43.553] [DEBUG] [P12236:T15604] [phase=frame_stage_notify] [hook=frame_stage_notify] [frame_stage] original begin
#6208 [2026-09-17 23:53:43.572] [DEBUG] [P12236:T15604] [phase=frame_stage_notify] [hook=frame_stage_notify] [frame_stage] original end
#6209 [2026-09-17 23:53:43.590] [DEBUG] [P12236:T15604] [phase=frame_stage_notify] [hook=frame_stage_notify] [frame_stage] end stage=0
#6210 [2026-09-17 23:53:43.609] [DEBUG] [P12236:T15604] [phase=frame_stage_notify] [hook=frame_stage_notify] [frame_stage] begin stage=11 this=0x00007FF9936073C0
#6211 [2026-09-17 23:53:43.627] [DEBUG] [P12236:T15604] [phase=frame_stage_notify] [hook=frame_stage_notify] [frame_stage] original begin
#6212 [2026-09-17 23:53:43.645] [DEBUG] [P12236:T15604] [phase=frame_stage_notify] [hook=frame_stage_notify] [frame_stage] original end
#6213 [2026-09-17 23:53:43.665] [DEBUG] [P12236:T15604] [phase=frame_stage_notify] [hook=frame_stage_notify] [frame_stage] end stage=11
#6214 [2026-09-17 23:53:43.683] [DEBUG] [P12236:T15604] [phase=frame_stage_notify] [hook=frame_stage_notify] [frame_stage] begin stage=0 this=0x00007FF9936073C0
#6215 [2026-09-17 23:53:43.701] [DEBUG] [P12236:T15604] [phase=frame_stage_notify] [hook=frame_stage_notify] [frame_stage] original begin
#6216 [2026-09-17 23:53:43.719] [DEBUG] [P12236:T15604] [phase=frame_stage_notify] [hook=frame_stage_notify] [frame_stage] original end
#6217 [2026-09-17 23:53:43.737] [DEBUG] [P12236:T15604] [phase=frame_stage_notify] [hook=frame_stage_notify] [frame_stage] end stage=0
#6218 [2026-09-17 23:53:43.756] [DEBUG] [P12236:T15604] [phase=frame_stage_notify] [hook=frame_stage_notify] [frame_stage] begin stage=11 this=0x00007FF9936073C0
#6219 [2026-09-17 23:53:43.775] [DEBUG] [P12236:T15604] [phase=frame_stage_notify] [hook=frame_stage_notify] [frame_stage] original begin
#6220 [2026-09-17 23:53:43.793] [DEBUG] [P12236:T15604] [phase=frame_stage_notify] [hook=frame_stage_notify] [frame_stage] original end
#6221 [2026-09-17 23:53:43.811] [DEBUG] [P12236:T15604] [phase=frame_stage_notify] [hook=frame_stage_notify] [frame_stage] end stage=11
#6222 [2026-09-17 23:53:43.829] [DEBUG] [P12236:T15604] [phase=frame_stage_notify] [hook=frame_stage_notify] [frame_stage] begin stage=0 this=0x00007FF9936073C0
#6223 [2026-09-17 23:53:43.848] [DEBUG] [P12236:T15604] [phase=frame_stage_notify] [hook=frame_stage_notify] [frame_stage] original begin
#6224 [2026-09-17 23:53:43.867] [DEBUG] [P12236:T15604] [phase=frame_stage_notify] [hook=frame_stage_notify] [frame_stage] original end
#6225 [2026-09-17 23:53:43.886] [DEBUG] [P12236:T15604] [phase=frame_stage_notify] [hook=frame_stage_notify] [frame_stage] end stage=0
#6226 [2026-09-17 23:53:43.905] [DEBUG] [P12236:T15604] [phase=frame_stage_notify] [hook=frame_stage_notify] [frame_stage] begin stage=11 this=0x00007FF9936073C0
#6227 [2026-09-17 23:53:43.923] [DEBUG] [P12236:T15604] [phase=frame_stage_notify] [hook=frame_stage_notify] [frame_stage] original begin
#6228 [2026-09-17 23:53:43.941] [DEBUG] [P12236:T15604] [phase=frame_stage_notify] [hook=frame_stage_notify] [frame_stage] original end
#6229 [2026-09-17 23:53:43.959] [DEBUG] [P12236:T15604] [phase=frame_stage_notify] [hook=frame_stage_notify] [frame_stage] end stage=11
#6230 [2026-09-17 23:53:43.978] [DEBUG] [P12236:T15604] [phase=frame_stage_notify] [hook=frame_stage_notify] [frame_stage] begin stage=0 this=0x00007FF9936073C0
#6231 [2026-09-17 23:53:43.997] [DEBUG] [P12236:T15604] [phase=frame_stage_notify] [hook=frame_stage_notify] [frame_stage] original begin
#6232 [2026-09-17 23:53:44.016] [DEBUG] [P12236:T15604] [phase=frame_stage_notify] [hook=frame_stage_notify] [frame_stage] original end
#6233 [2026-09-17 23:53:44.034] [DEBUG] [P12236:T15604] [phase=frame_stage_notify] [hook=frame_stage_notify] [frame_stage] end stage=0
#6234 [2026-09-17 23:53:44.052] [DEBUG] [P12236:T15604] [phase=frame_stage_notify] [hook=frame_stage_notify] [frame_stage] begin stage=11 this=0x00007FF9936073C0
#6235 [2026-09-17 23:53:44.071] [DEBUG] [P12236:T15604] [phase=frame_stage_notify] [hook=frame_stage_notify] [frame_stage] original begin
#6236 [2026-09-17 23:53:44.088] [DEBUG] [P12236:T15604] [phase=frame_stage_notify] [hook=frame_stage_notify] [frame_stage] original end
#6237 [2026-09-17 23:53:44.108] [DEBUG] [P12236:T15604] [phase=frame_stage_notify] [hook=frame_stage_notify] [frame_stage] end stage=11
#6238 [2026-09-17 23:53:44.126] [DEBUG] [P12236:T15604] [phase=frame_stage_notify] [hook=frame_stage_notify] [frame_stage] begin stage=0 this=0x00007FF9936073C0
#6239 [2026-09-17 23:53:44.144] [DEBUG] [P12236:T15604] [phase=frame_stage_notify] [hook=frame_stage_notify] [frame_stage] original begin
#6240 [2026-09-17 23:53:44.162] [DEBUG] [P12236:T15604] [phase=frame_stage_notify] [hook=frame_stage_notify] [frame_stage] original end
#6241 [2026-09-17 23:53:44.181] [DEBUG] [P12236:T15604] [phase=frame_stage_notify] [hook=frame_stage_notify] [frame_stage] end stage=0
#6242 [2026-09-17 23:53:44.200] [DEBUG] [P12236:T15604] [phase=frame_stage_notify] [hook=frame_stage_notify] [frame_stage] begin stage=11 this=0x00007FF9936073C0
#6243 [2026-09-17 23:53:44.219] [DEBUG] [P12236:T15604] [phase=frame_stage_notify] [hook=frame_stage_notify] [frame_stage] original begin
#6244 [2026-09-17 23:53:44.237] [DEBUG] [P12236:T15604] [phase=frame_stage_notify] [hook=frame_stage_notify] [frame_stage] original end
#6245 [2026-09-17 23:53:44.257] [DEBUG] [P12236:T15604] [phase=frame_stage_notify] [hook=frame_stage_notify] [frame_stage] end stage=11
#6246 [2026-09-17 23:53:44.275] [DEBUG] [P12236:T15604] [phase=frame_stage_notify] [hook=frame_stage_notify] [frame_stage] begin stage=0 this=0x00007FF9936073C0
#6247 [2026-09-17 23:53:44.312] [DEBUG] [P12236:T15604] [phase=frame_stage_notify] [hook=frame_stage_notify] [frame_stage] original begin
#6248 [2026-09-17 23:53:44.349] [DEBUG] [P12236:T15604] [phase=frame_stage_notify] [hook=frame_stage_notify] [frame_stage] original end
#6249 [2026-09-17 23:53:44.369] [DEBUG] [P12236:T15604] [phase=frame_stage_notify] [hook=frame_stage_notify] [frame_stage] end stage=0
#6250 [2026-09-17 23:53:44.388] [DEBUG] [P12236:T15604] [phase=frame_stage_notify] [hook=frame_stage_notify] [frame_stage] begin stage=11 this=0x00007FF9936073C0
#6251 [2026-09-17 23:53:44.407] [DEBUG] [P12236:T15604] [phase=frame_stage_notify] [hook=frame_stage_notify] [frame_stage] original begin
#6252 [2026-09-17 23:53:44.426] [DEBUG] [P12236:T15604] [phase=frame_stage_notify] [hook=frame_stage_notify] [frame_stage] original end
#6253 [2026-09-17 23:53:44.445] [DEBUG] [P12236:T15604] [phase=frame_stage_notify] [hook=frame_stage_notify] [frame_stage] end stage=11
#6254 [2026-09-17 23:53:44.463] [DEBUG] [P12236:T15604] [phase=frame_stage_notify] [hook=frame_stage_notify] [frame_stage] begin stage=0 this=0x00007FF9936073C0
#6255 [2026-09-17 23:53:44.482] [DEBUG] [P12236:T15604] [phase=frame_stage_notify] [hook=frame_stage_notify] [frame_stage] original begin
#6256 [2026-09-17 23:53:44.500] [DEBUG] [P12236:T15604] [phase=frame_stage_notify] [hook=frame_stage_notify] [frame_stage] original end
#6257 [2026-09-17 23:53:44.519] [DEBUG] [P12236:T15604] [phase=frame_stage_notify] [hook=frame_stage_notify] [frame_stage] end stage=0
#6258 [2026-09-17 23:53:44.537] [DEBUG] [P12236:T15604] [phase=frame_stage_notify] [hook=frame_stage_notify] [frame_stage] begin stage=10 this=0x00007FF9936073C0
#6259 [2026-09-17 23:53:44.557] [DEBUG] [P12236:T15604] [phase=frame_stage_notify] [hook=frame_stage_notify] [frame_stage] original begin
#6260 [2026-09-17 23:53:44.575] [DEBUG] [P12236:T15604] [phase=frame_stage_notify] [hook=frame_stage_notify] [frame_stage] original end
#6261 [2026-09-17 23:53:44.594] [DEBUG] [P12236:T15604] [phase=frame_stage_notify] [hook=frame_stage_notify] [frame_stage] end stage=10
#6262 [2026-09-17 23:53:44.614] [DEBUG] [P12236:T15604] [phase=frame_stage_notify] [hook=frame_stage_notify] [frame_stage] begin stage=11 this=0x00007FF9936073C0
#6263 [2026-09-17 23:53:44.632] [DEBUG] [P12236:T15604] [phase=frame_stage_notify] [hook=frame_stage_notify] [frame_stage] original begin
#6264 [2026-09-17 23:53:44.650] [DEBUG] [P12236:T15604] [phase=frame_stage_notify] [hook=frame_stage_notify] [frame_stage] original end
#6265 [2026-09-17 23:53:44.669] [DEBUG] [P12236:T15604] [phase=frame_stage_notify] [hook=frame_stage_notify] [frame_stage] end stage=11
#6266 [2026-09-17 23:53:44.688] [DEBUG] [P12236:T15604] [phase=frame_stage_notify] [hook=frame_stage_notify] [frame_stage] begin stage=1 this=0x00007FF9936073C0
#6267 [2026-09-17 23:53:44.706] [DEBUG] [P12236:T15604] [phase=frame_stage_notify] [hook=frame_stage_notify] [frame_stage] original begin
#6268 [2026-09-17 23:53:44.725] [DEBUG] [P12236:T15604] [phase=frame_stage_notify] [hook=frame_stage_notify] [frame_stage] original end
#6269 [2026-09-17 23:53:44.743] [DEBUG] [P12236:T15604] [phase=frame_stage_notify] [hook=frame_stage_notify] [frame_stage] end stage=1
#6270 [2026-09-17 23:53:44.761] [DEBUG] [P12236:T15604] [phase=frame_stage_notify] [hook=frame_stage_notify] [frame_stage] begin stage=2 this=0x00007FF9936073C0
#6271 [2026-09-17 23:53:44.780] [DEBUG] [P12236:T15604] [phase=frame_stage_notify] [hook=frame_stage_notify] [frame_stage] original begin
#6272 [2026-09-17 23:53:44.799] [DEBUG] [P12236:T15604] [phase=frame_stage_notify] [hook=frame_stage_notify] [frame_stage] original end
#6273 [2026-09-17 23:53:44.818] [DEBUG] [P12236:T15604] [phase=frame_stage_notify] [hook=frame_stage_notify] [frame_stage] end stage=2
#6274 [2026-09-17 23:53:44.836] [DEBUG] [P12236:T15604] [phase=frame_stage_notify] [hook=frame_stage_notify] [frame_stage] begin stage=5 this=0x00007FF9936073C0
#6275 [2026-09-17 23:53:44.854] [DEBUG] [P12236:T15604] [phase=frame_stage_notify] [hook=frame_stage_notify] [frame_stage] original begin
#6276 [2026-09-17 23:53:44.872] [DEBUG] [P12236:T15604] [phase=frame_stage_notify] [hook=frame_stage_notify] [frame_stage] original end
#6277 [2026-09-17 23:53:44.891] [DEBUG] [P12236:T15604] [phase=frame_stage_notify] [hook=frame_stage_notify] [frame_stage] end stage=5
#6278 [2026-09-17 23:53:44.909] [DEBUG] [P12236:T15604] [phase=frame_stage_notify] [hook=frame_stage_notify] [frame_stage] begin stage=6 this=0x00007FF9936073C0
#6279 [2026-09-17 23:53:44.927] [DEBUG] [P12236:T15604] [phase=frame_stage_notify] [hook=frame_stage_notify] [frame_stage] guns begin
#6280 [2026-09-17 23:53:44.945] [DEBUG] [P12236:T15604] [phase=frame_stage_notify] [hook=frame_stage_notify] [frame_stage] guns end
#6281 [2026-09-17 23:53:44.963] [DEBUG] [P12236:T15604] [phase=frame_stage_notify] [hook=frame_stage_notify] [frame_stage] dlight begin
#6282 [2026-09-17 23:53:44.982] [DEBUG] [P12236:T15604] [phase=frame_stage_notify] [hook=frame_stage_notify] [frame_stage] dlight end
#6283 [2026-09-17 23:53:45.000] [DEBUG] [P12236:T15604] [phase=frame_stage_notify] [hook=frame_stage_notify] [frame_stage] original begin
#6284 [2026-09-17 23:53:45.019] [DEBUG] [P12236:T15604] [phase=frame_stage_notify] [hook=frame_stage_notify] [frame_stage] original end
#6285 [2026-09-17 23:53:45.038] [DEBUG] [P12236:T15604] [phase=frame_stage_notify] [hook=frame_stage_notify] [frame_stage] post-network feature updates begin
#6286 [2026-09-17 23:53:45.056] [DEBUG] [P12236:T15604] [phase=frame_stage_notify] [hook=frame_stage_notify] [frame_stage] post-network feature updates end
#6287 [2026-09-17 23:53:45.073] [DEBUG] [P12236:T15604] [phase=frame_stage_notify] [hook=frame_stage_notify] [frame_stage] end stage=6
#6288 [2026-09-17 23:53:45.091] [DEBUG] [P12236:T15604] [phase=frame_stage_notify] [hook=frame_stage_notify] [frame_stage] begin stage=7 this=0x00007FF9936073C0
#6289 [2026-09-17 23:53:45.111] [DEBUG] [P12236:T15604] [phase=frame_stage_notify] [hook=frame_stage_notify] [frame_stage] agents begin
#6290 [2026-09-17 23:53:45.129] [DEBUG] [P12236:T15604] [phase=frame_stage_notify] [hook=frame_stage_notify] [frame_stage] agents end; gloves begin
#6291 [2026-09-17 23:53:45.148] [DEBUG] [P12236:T15604] [phase=frame_stage_notify] [hook=frame_stage_notify] [frame_stage] gloves end; knives begin
#6292 [2026-09-17 23:53:45.167] [DEBUG] [P12236:T15604] [phase=frame_stage_notify] [hook=frame_stage_notify] [frame_stage] knives end; world begin
#6293 [2026-09-17 23:53:45.185] [DEBUG] [P12236:T15604] [phase=frame_stage_notify] [hook=frame_stage_notify] [frame_stage] scene end; weather begin
#6294 [2026-09-17 23:53:45.204] [DEBUG] [P12236:T15604] [phase=frame_stage_notify] [hook=frame_stage_notify] [frame_stage] weather end; other begin
#6295 [2026-09-17 23:53:45.224] [DEBUG] [P12236:T15604] [phase=frame_stage_notify] [hook=frame_stage_notify] [frame_stage] other end; impacts begin
#6296 [2026-09-17 23:53:45.242] [DEBUG] [P12236:T15604] [phase=frame_stage_notify] [hook=frame_stage_notify] [frame_stage] impacts end
#6297 [2026-09-17 23:53:45.260] [DEBUG] [P12236:T15604] [phase=frame_stage_notify] [hook=frame_stage_notify] [frame_stage] original begin
#6298 [2026-09-17 23:53:45.279] [DEBUG] [P12236:T15604] [phase=frame_stage_notify] [hook=frame_stage_notify] [frame_stage] original end
#6299 [2026-09-17 23:53:45.298] [DEBUG] [P12236:T15604] [phase=frame_stage_notify] [hook=frame_stage_notify] [frame_stage] end stage=7
#6300 [2026-09-17 23:53:45.317] [DEBUG] [P12236:T15604] [phase=frame_stage_notify] [hook=frame_stage_notify] [frame_stage] begin stage=8 this=0x00007FF9936073C0
#6301 [2026-09-17 23:53:45.335] [DEBUG] [P12236:T15604] [phase=frame_stage_notify] [hook=frame_stage_notify] [frame_stage] original begin
#6302 [2026-09-17 23:53:45.354] [DEBUG] [P12236:T15604] [phase=frame_stage_notify] [hook=frame_stage_notify] [frame_stage] original end
#6303 [2026-09-17 23:53:45.372] [DEBUG] [P12236:T15604] [phase=frame_stage_notify] [hook=frame_stage_notify] [frame_stage] end stage=8
#6304 [2026-09-17 23:53:45.390] [DEBUG] [P12236:T15604] [phase=frame_stage_notify] [hook=frame_stage_notify] [frame_stage] begin stage=3 this=0x00007FF9936073C0
#6305 [2026-09-17 23:53:45.409] [DEBUG] [P12236:T15604] [phase=frame_stage_notify] [hook=frame_stage_notify] [frame_stage] original begin
#6306 [2026-09-17 23:53:45.428] [DEBUG] [P12236:T15604] [phase=frame_stage_notify] [hook=frame_stage_notify] [frame_stage] original end
#6307 [2026-09-17 23:53:45.447] [DEBUG] [P12236:T15604] [phase=frame_stage_notify] [hook=frame_stage_notify] [frame_stage] end stage=3
#6308 [2026-09-17 23:53:45.466] [DEBUG] [P12236:T15604] [phase=frame_stage_notify] [hook=frame_stage_notify] [frame_stage] begin stage=12 this=0x00007FF9936073C0
#6309 [2026-09-17 23:53:45.484] [DEBUG] [P12236:T15604] [phase=frame_stage_notify] [hook=frame_stage_notify] [frame_stage] original begin
#6310 [2026-09-17 23:53:45.503] [DEBUG] [P12236:T15604] [phase=frame_stage_notify] [hook=frame_stage_notify] [frame_stage] original end
#6311 [2026-09-17 23:53:45.522] [DEBUG] [P12236:T15604] [phase=frame_stage_notify] [hook=frame_stage_notify] [frame_stage] view/frame-data update begin
#6312 [2026-09-17 23:53:45.541] [DEBUG] [P12236:T15604] [phase=frame_stage_notify] [hook=frame_stage_notify] [frame_stage] view/frame-data update end
#6313 [2026-09-17 23:53:45.561] [DEBUG] [P12236:T15604] [phase=frame_stage_notify] [hook=frame_stage_notify] [frame_stage] end stage=12
#6315 [2026-09-17 23:53:45.584] [DEBUG] [P12236:T18300] [phase=present] [hook=present] [present] begin swap_chain=0x00000242DB990F50 sync=0 flags=0x200 ready=1
#6417 [2026-09-17 23:53:45.603] [DEBUG] [P12236:T18300] [phase=present] [hook=present] [present] rendering context updated
#6418 [2026-09-17 23:53:45.622] [DEBUG] [P12236:T18300] [phase=present] [hook=present] [present] forwarding to original
#6419 [2026-09-17 23:53:45.644] [DEBUG] [P12236:T15604] [phase=frame_stage_notify] [hook=frame_stage_notify] [frame_stage] begin stage=0 this=0x00007FF9936073C0
#6423 [2026-09-17 23:53:45.681] [DEBUG] [P12236:T15604] [phase=frame_stage_notify] [hook=frame_stage_notify] [frame_stage] original begin
#6424 [2026-09-17 23:53:45.717] [DEBUG] [P12236:T15604] [phase=frame_stage_notify] [hook=frame_stage_notify] [frame_stage] original end
#6425 [2026-09-17 23:53:45.753] [DEBUG] [P12236:T15604] [phase=frame_stage_notify] [hook=frame_stage_notify] [frame_stage] end stage=0
#6426 [2026-09-17 23:53:45.795] [DEBUG] [P12236:T15604] [phase=frame_stage_notify] [hook=frame_stage_notify] [frame_stage] begin stage=11 this=0x00007FF9936073C0
#6427 [2026-09-17 23:53:45.814] [DEBUG] [P12236:T15604] [phase=frame_stage_notify] [hook=frame_stage_notify] [frame_stage] original begin
#6428 [2026-09-17 23:53:45.832] [DEBUG] [P12236:T15604] [phase=frame_stage_notify] [hook=frame_stage_notify] [frame_stage] original end
#6429 [2026-09-17 23:53:45.851] [DEBUG] [P12236:T15604] [phase=frame_stage_notify] [hook=frame_stage_notify] [frame_stage] end stage=11
#6430 [2026-09-17 23:53:45.871] [DEBUG] [P12236:T15604] [phase=frame_stage_notify] [hook=frame_stage_notify] [frame_stage] begin stage=0 this=0x00007FF9936073C0
#6431 [2026-09-17 23:53:45.889] [DEBUG] [P12236:T15604] [phase=frame_stage_notify] [hook=frame_stage_notify] [frame_stage] original begin
#6432 [2026-09-17 23:53:45.907] [DEBUG] [P12236:T15604] [phase=frame_stage_notify] [hook=frame_stage_notify] [frame_stage] original end
#6433 [2026-09-17 23:53:45.926] [DEBUG] [P12236:T15604] [phase=frame_stage_notify] [hook=frame_stage_notify] [frame_stage] end stage=0
#6434 [2026-09-17 23:53:45.944] [DEBUG] [P12236:T15604] [phase=frame_stage_notify] [hook=frame_stage_notify] [frame_stage] begin stage=11 this=0x00007FF9936073C0
#6435 [2026-09-17 23:53:45.962] [DEBUG] [P12236:T15604] [phase=frame_stage_notify] [hook=frame_stage_notify] [frame_stage] original begin
#6436 [2026-09-17 23:53:45.980] [DEBUG] [P12236:T15604] [phase=frame_stage_notify] [hook=frame_stage_notify] [frame_stage] original end
#6437 [2026-09-17 23:53:45.998] [DEBUG] [P12236:T15604] [phase=frame_stage_notify] [hook=frame_stage_notify] [frame_stage] end stage=11
#6438 [2026-09-17 23:53:46.017] [DEBUG] [P12236:T15604] [phase=frame_stage_notify] [hook=frame_stage_notify] [frame_stage] begin stage=0 this=0x00007FF9936073C0
#6439 [2026-09-17 23:53:46.036] [DEBUG] [P12236:T15604] [phase=frame_stage_notify] [hook=frame_stage_notify] [frame_stage] original begin
#6440 [2026-09-17 23:53:46.053] [DEBUG] [P12236:T15604] [phase=frame_stage_notify] [hook=frame_stage_notify] [frame_stage] original end
#6441 [2026-09-17 23:53:46.071] [DEBUG] [P12236:T15604] [phase=frame_stage_notify] [hook=frame_stage_notify] [frame_stage] end stage=0
#6442 [2026-09-17 23:53:46.089] [DEBUG] [P12236:T15604] [phase=frame_stage_notify] [hook=frame_stage_notify] [frame_stage] begin stage=11 this=0x00007FF9936073C0
#6443 [2026-09-17 23:53:46.109] [DEBUG] [P12236:T15604] [phase=frame_stage_notify] [hook=frame_stage_notify] [frame_stage] original begin
#6444 [2026-09-17 23:53:46.128] [DEBUG] [P12236:T15604] [phase=frame_stage_notify] [hook=frame_stage_notify] [frame_stage] original end
#6445 [2026-09-17 23:53:46.146] [DEBUG] [P12236:T15604] [phase=frame_stage_notify] [hook=frame_stage_notify] [frame_stage] end stage=11
#6446 [2026-09-17 23:53:46.164] [DEBUG] [P12236:T15604] [phase=frame_stage_notify] [hook=frame_stage_notify] [frame_stage] begin stage=0 this=0x00007FF9936073C0
#6447 [2026-09-17 23:53:46.183] [DEBUG] [P12236:T15604] [phase=frame_stage_notify] [hook=frame_stage_notify] [frame_stage] original begin
#6448 [2026-09-17 23:53:46.201] [DEBUG] [P12236:T15604] [phase=frame_stage_notify] [hook=frame_stage_notify] [frame_stage] original end
#6449 [2026-09-17 23:53:46.220] [DEBUG] [P12236:T15604] [phase=frame_stage_notify] [hook=frame_stage_notify] [frame_stage] end stage=0
#6450 [2026-09-17 23:53:46.239] [DEBUG] [P12236:T15604] [phase=frame_stage_notify] [hook=frame_stage_notify] [frame_stage] begin stage=10 this=0x00007FF9936073C0
#6451 [2026-09-17 23:53:46.275] [DEBUG] [P12236:T15604] [phase=frame_stage_notify] [hook=frame_stage_notify] [frame_stage] original begin
#6452 [2026-09-17 23:53:46.293] [DEBUG] [P12236:T15604] [phase=frame_stage_notify] [hook=frame_stage_notify] [frame_stage] original end
#6453 [2026-09-17 23:53:46.312] [DEBUG] [P12236:T15604] [phase=frame_stage_notify] [hook=frame_stage_notify] [frame_stage] end stage=10
#6454 [2026-09-17 23:53:46.330] [DEBUG] [P12236:T15604] [phase=frame_stage_notify] [hook=frame_stage_notify] [frame_stage] begin stage=11 this=0x00007FF9936073C0
#6455 [2026-09-17 23:53:46.350] [DEBUG] [P12236:T15604] [phase=frame_stage_notify] [hook=frame_stage_notify] [frame_stage] original begin
#6456 [2026-09-17 23:53:46.368] [DEBUG] [P12236:T15604] [phase=frame_stage_notify] [hook=frame_stage_notify] [frame_stage] original end
#6457 [2026-09-17 23:53:46.388] [DEBUG] [P12236:T15604] [phase=frame_stage_notify] [hook=frame_stage_notify] [frame_stage] end stage=11
#6458 [2026-09-17 23:53:46.406] [DEBUG] [P12236:T15604] [phase=frame_stage_notify] [hook=frame_stage_notify] [frame_stage] begin stage=1 this=0x00007FF9936073C0
#6459 [2026-09-17 23:53:46.442] [DEBUG] [P12236:T15604] [phase=frame_stage_notify] [hook=frame_stage_notify] [frame_stage] original begin
#6460 [2026-09-17 23:53:46.497] [DEBUG] [P12236:T15604] [phase=frame_stage_notify] [hook=frame_stage_notify] [frame_stage] original end
#6461 [2026-09-17 23:53:46.515] [DEBUG] [P12236:T15604] [phase=frame_stage_notify] [hook=frame_stage_notify] [frame_stage] end stage=1
#6462 [2026-09-17 23:53:46.533] [DEBUG] [P12236:T15604] [phase=frame_stage_notify] [hook=frame_stage_notify] [frame_stage] begin stage=2 this=0x00007FF9936073C0
#6463 [2026-09-17 23:53:46.552] [DEBUG] [P12236:T15604] [phase=frame_stage_notify] [hook=frame_stage_notify] [frame_stage] original begin
#6464 [2026-09-17 23:53:46.571] [DEBUG] [P12236:T15604] [phase=frame_stage_notify] [hook=frame_stage_notify] [frame_stage] original end
#6465 [2026-09-17 23:53:46.590] [DEBUG] [P12236:T15604] [phase=frame_stage_notify] [hook=frame_stage_notify] [frame_stage] end stage=2
#6466 [2026-09-17 23:53:46.608] [DEBUG] [P12236:T15604] [phase=frame_stage_notify] [hook=frame_stage_notify] [frame_stage] begin stage=5 this=0x00007FF9936073C0
#6467 [2026-09-17 23:53:46.626] [DEBUG] [P12236:T15604] [phase=frame_stage_notify] [hook=frame_stage_notify] [frame_stage] original begin
#6468 [2026-09-17 23:53:46.646] [DEBUG] [P12236:T15604] [phase=frame_stage_notify] [hook=frame_stage_notify] [frame_stage] original end
#6469 [2026-09-17 23:53:46.664] [DEBUG] [P12236:T15604] [phase=frame_stage_notify] [hook=frame_stage_notify] [frame_stage] end stage=5
#6470 [2026-09-17 23:53:46.683] [DEBUG] [P12236:T15604] [phase=frame_stage_notify] [hook=frame_stage_notify] [frame_stage] begin stage=6 this=0x00007FF9936073C0
#6471 [2026-09-17 23:53:46.701] [DEBUG] [P12236:T15604] [phase=frame_stage_notify] [hook=frame_stage_notify] [frame_stage] guns begin
#6472 [2026-09-17 23:53:46.721] [DEBUG] [P12236:T15604] [phase=frame_stage_notify] [hook=frame_stage_notify] [frame_stage] guns end
#6473 [2026-09-17 23:53:46.739] [DEBUG] [P12236:T15604] [phase=frame_stage_notify] [hook=frame_stage_notify] [frame_stage] dlight begin
#6474 [2026-09-17 23:53:46.757] [DEBUG] [P12236:T15604] [phase=frame_stage_notify] [hook=frame_stage_notify] [frame_stage] dlight end
#6475 [2026-09-17 23:53:46.776] [DEBUG] [P12236:T15604] [phase=frame_stage_notify] [hook=frame_stage_notify] [frame_stage] original begin
#6476 [2026-09-17 23:53:46.795] [DEBUG] [P12236:T15604] [phase=frame_stage_notify] [hook=frame_stage_notify] [frame_stage] original end
#6477 [2026-09-17 23:53:46.814] [DEBUG] [P12236:T15604] [phase=frame_stage_notify] [hook=frame_stage_notify] [frame_stage] post-network feature updates begin
#6478 [2026-09-17 23:53:46.832] [DEBUG] [P12236:T15604] [phase=frame_stage_notify] [hook=frame_stage_notify] [frame_stage] post-network feature updates end
#6479 [2026-09-17 23:53:46.851] [DEBUG] [P12236:T15604] [phase=frame_stage_notify] [hook=frame_stage_notify] [frame_stage] end stage=6
#6480 [2026-09-17 23:53:46.870] [DEBUG] [P12236:T15604] [phase=frame_stage_notify] [hook=frame_stage_notify] [frame_stage] begin stage=7 this=0x00007FF9936073C0
#6481 [2026-09-17 23:53:46.889] [DEBUG] [P12236:T15604] [phase=frame_stage_notify] [hook=frame_stage_notify] [frame_stage] agents begin
#6482 [2026-09-17 23:53:46.908] [DEBUG] [P12236:T15604] [phase=frame_stage_notify] [hook=frame_stage_notify] [frame_stage] agents end; gloves begin
#6483 [2026-09-17 23:53:46.926] [DEBUG] [P12236:T15604] [phase=frame_stage_notify] [hook=frame_stage_notify] [frame_stage] gloves end; knives begin
#6484 [2026-09-17 23:53:46.944] [DEBUG] [P12236:T15604] [phase=frame_stage_notify] [hook=frame_stage_notify] [frame_stage] knives end; world begin
#6485 [2026-09-17 23:53:46.962] [DEBUG] [P12236:T15604] [phase=frame_stage_notify] [hook=frame_stage_notify] [frame_stage] scene end; weather begin
#6486 [2026-09-17 23:53:46.981] [DEBUG] [P12236:T15604] [phase=frame_stage_notify] [hook=frame_stage_notify] [frame_stage] weather end; other begin
#6487 [2026-09-17 23:53:47.000] [DEBUG] [P12236:T15604] [phase=frame_stage_notify] [hook=frame_stage_notify] [frame_stage] other end; impacts begin
#6488 [2026-09-17 23:53:47.036] [DEBUG] [P12236:T15604] [phase=frame_stage_notify] [hook=frame_stage_notify] [frame_stage] impacts end
#6489 [2026-09-17 23:53:47.072] [DEBUG] [P12236:T15604] [phase=frame_stage_notify] [hook=frame_stage_notify] [frame_stage] original begin
#6490 [2026-09-17 23:53:47.090] [DEBUG] [P12236:T15604] [phase=frame_stage_notify] [hook=frame_stage_notify] [frame_stage] original end
#6491 [2026-09-17 23:53:47.109] [DEBUG] [P12236:T15604] [phase=frame_stage_notify] [hook=frame_stage_notify] [frame_stage] end stage=7
#6492 [2026-09-17 23:53:47.129] [DEBUG] [P12236:T15604] [phase=frame_stage_notify] [hook=frame_stage_notify] [frame_stage] begin stage=8 this=0x00007FF9936073C0
#6493 [2026-09-17 23:53:47.147] [DEBUG] [P12236:T15604] [phase=frame_stage_notify] [hook=frame_stage_notify] [frame_stage] original begin
#6494 [2026-09-17 23:53:47.165] [DEBUG] [P12236:T15604] [phase=frame_stage_notify] [hook=frame_stage_notify] [frame_stage] original end
#6495 [2026-09-17 23:53:47.183] [DEBUG] [P12236:T15604] [phase=frame_stage_notify] [hook=frame_stage_notify] [frame_stage] end stage=8
#6496 [2026-09-17 23:53:47.201] [DEBUG] [P12236:T15604] [phase=frame_stage_notify] [hook=frame_stage_notify] [frame_stage] begin stage=3 this=0x00007FF9936073C0
#6497 [2026-09-17 23:53:47.220] [DEBUG] [P12236:T15604] [phase=frame_stage_notify] [hook=frame_stage_notify] [frame_stage] original begin
#6498 [2026-09-17 23:53:47.239] [DEBUG] [P12236:T15604] [phase=frame_stage_notify] [hook=frame_stage_notify] [frame_stage] original end
#6499 [2026-09-17 23:53:47.257] [DEBUG] [P12236:T15604] [phase=frame_stage_notify] [hook=frame_stage_notify] [frame_stage] end stage=3
#6500 [2026-09-17 23:53:47.276] [DEBUG] [P12236:T15604] [phase=frame_stage_notify] [hook=frame_stage_notify] [frame_stage] begin stage=12 this=0x00007FF9936073C0
#6501 [2026-09-17 23:53:47.295] [DEBUG] [P12236:T15604] [phase=frame_stage_notify] [hook=frame_stage_notify] [frame_stage] original begin
#6502 [2026-09-17 23:53:47.313] [DEBUG] [P12236:T15604] [phase=frame_stage_notify] [hook=frame_stage_notify] [frame_stage] original end
#6503 [2026-09-17 23:53:47.331] [DEBUG] [P12236:T15604] [phase=frame_stage_notify] [hook=frame_stage_notify] [frame_stage] view/frame-data update begin
#6504 [2026-09-17 23:53:47.350] [DEBUG] [P12236:T15604] [phase=frame_stage_notify] [hook=frame_stage_notify] [frame_stage] view/frame-data update end
#6505 [2026-09-17 23:53:47.369] [DEBUG] [P12236:T15604] [phase=frame_stage_notify] [hook=frame_stage_notify] [frame_stage] end stage=12
#6506 [2026-09-17 23:53:47.391] [DEBUG] [P12236:T15604] [phase=frame_stage_notify] [hook=frame_stage_notify] [frame_stage] begin stage=0 this=0x00007FF9936073C0
#6510 [2026-09-17 23:53:47.409] [DEBUG] [P12236:T15604] [phase=frame_stage_notify] [hook=frame_stage_notify] [frame_stage] original begin
#6511 [2026-09-17 23:53:47.428] [DEBUG] [P12236:T15604] [phase=frame_stage_notify] [hook=frame_stage_notify] [frame_stage] original end
#6512 [2026-09-17 23:53:47.446] [DEBUG] [P12236:T15604] [phase=frame_stage_notify] [hook=frame_stage_notify] [frame_stage] end stage=0
#6513 [2026-09-17 23:53:47.465] [DEBUG] [P12236:T15604] [phase=frame_stage_notify] [hook=frame_stage_notify] [frame_stage] begin stage=11 this=0x00007FF9936073C0
#6514 [2026-09-17 23:53:47.483] [DEBUG] [P12236:T15604] [phase=frame_stage_notify] [hook=frame_stage_notify] [frame_stage] original begin
#6515 [2026-09-17 23:53:47.501] [DEBUG] [P12236:T15604] [phase=frame_stage_notify] [hook=frame_stage_notify] [frame_stage] original end
#6516 [2026-09-17 23:53:47.519] [DEBUG] [P12236:T15604] [phase=frame_stage_notify] [hook=frame_stage_notify] [frame_stage] end stage=11
#6517 [2026-09-17 23:53:47.538] [DEBUG] [P12236:T15604] [phase=frame_stage_notify] [hook=frame_stage_notify] [frame_stage] begin stage=0 this=0x00007FF9936073C0
#6518 [2026-09-17 23:53:47.556] [DEBUG] [P12236:T15604] [phase=frame_stage_notify] [hook=frame_stage_notify] [frame_stage] original begin
#6519 [2026-09-17 23:53:47.574] [DEBUG] [P12236:T15604] [phase=frame_stage_notify] [hook=frame_stage_notify] [frame_stage] original end
#6520 [2026-09-17 23:53:47.593] [DEBUG] [P12236:T15604] [phase=frame_stage_notify] [hook=frame_stage_notify] [frame_stage] end stage=0
#6521 [2026-09-17 23:53:47.611] [DEBUG] [P12236:T15604] [phase=frame_stage_notify] [hook=frame_stage_notify] [frame_stage] begin stage=11 this=0x00007FF9936073C0
#6522 [2026-09-17 23:53:47.629] [DEBUG] [P12236:T15604] [phase=frame_stage_notify] [hook=frame_stage_notify] [frame_stage] original begin
#6523 [2026-09-17 23:53:47.647] [DEBUG] [P12236:T15604] [phase=frame_stage_notify] [hook=frame_stage_notify] [frame_stage] original end
#6524 [2026-09-17 23:53:47.665] [DEBUG] [P12236:T15604] [phase=frame_stage_notify] [hook=frame_stage_notify] [frame_stage] end stage=11
#6525 [2026-09-17 23:53:47.685] [DEBUG] [P12236:T15604] [phase=frame_stage_notify] [hook=frame_stage_notify] [frame_stage] begin stage=0 this=0x00007FF9936073C0
#6526 [2026-09-17 23:53:47.703] [DEBUG] [P12236:T15604] [phase=frame_stage_notify] [hook=frame_stage_notify] [frame_stage] original begin
#6527 [2026-09-17 23:53:47.721] [DEBUG] [P12236:T15604] [phase=frame_stage_notify] [hook=frame_stage_notify] [frame_stage] original end
#6528 [2026-09-17 23:53:47.739] [DEBUG] [P12236:T15604] [phase=frame_stage_notify] [hook=frame_stage_notify] [frame_stage] end stage=0
#6529 [2026-09-17 23:53:47.757] [DEBUG] [P12236:T15604] [phase=frame_stage_notify] [hook=frame_stage_notify] [frame_stage] begin stage=11 this=0x00007FF9936073C0
#6530 [2026-09-17 23:53:47.776] [DEBUG] [P12236:T15604] [phase=frame_stage_notify] [hook=frame_stage_notify] [frame_stage] original begin
#6531 [2026-09-17 23:53:47.796] [DEBUG] [P12236:T15604] [phase=frame_stage_notify] [hook=frame_stage_notify] [frame_stage] original end
#6532 [2026-09-17 23:53:47.815] [DEBUG] [P12236:T15604] [phase=frame_stage_notify] [hook=frame_stage_notify] [frame_stage] end stage=11
#6533 [2026-09-17 23:53:47.832] [DEBUG] [P12236:T15604] [phase=frame_stage_notify] [hook=frame_stage_notify] [frame_stage] begin stage=0 this=0x00007FF9936073C0
#6534 [2026-09-17 23:53:47.851] [DEBUG] [P12236:T15604] [phase=frame_stage_notify] [hook=frame_stage_notify] [frame_stage] original begin
#6535 [2026-09-17 23:53:47.871] [DEBUG] [P12236:T15604] [phase=frame_stage_notify] [hook=frame_stage_notify] [frame_stage] original end
#6536 [2026-09-17 23:53:47.888] [DEBUG] [P12236:T15604] [phase=frame_stage_notify] [hook=frame_stage_notify] [frame_stage] end stage=0
#6537 [2026-09-17 23:53:47.907] [DEBUG] [P12236:T15604] [phase=frame_stage_notify] [hook=frame_stage_notify] [frame_stage] begin stage=11 this=0x00007FF9936073C0
#6538 [2026-09-17 23:53:47.926] [DEBUG] [P12236:T15604] [phase=frame_stage_notify] [hook=frame_stage_notify] [frame_stage] original begin
#6539 [2026-09-17 23:53:47.944] [DEBUG] [P12236:T15604] [phase=frame_stage_notify] [hook=frame_stage_notify] [frame_stage] original end
#6540 [2026-09-17 23:53:47.962] [DEBUG] [P12236:T15604] [phase=frame_stage_notify] [hook=frame_stage_notify] [frame_stage] end stage=11
#6541 [2026-09-17 23:53:47.982] [DEBUG] [P12236:T15604] [phase=frame_stage_notify] [hook=frame_stage_notify] [frame_stage] begin stage=0 this=0x00007FF9936073C0
#6542 [2026-09-17 23:53:48.001] [DEBUG] [P12236:T15604] [phase=frame_stage_notify] [hook=frame_stage_notify] [frame_stage] original begin
#6543 [2026-09-17 23:53:48.019] [DEBUG] [P12236:T15604] [phase=frame_stage_notify] [hook=frame_stage_notify] [frame_stage] original end
#6544 [2026-09-17 23:53:48.038] [DEBUG] [P12236:T15604] [phase=frame_stage_notify] [hook=frame_stage_notify] [frame_stage] end stage=0
#6545 [2026-09-17 23:53:48.056] [DEBUG] [P12236:T15604] [phase=frame_stage_notify] [hook=frame_stage_notify] [frame_stage] begin stage=11 this=0x00007FF9936073C0
#6546 [2026-09-17 23:53:48.074] [DEBUG] [P12236:T15604] [phase=frame_stage_notify] [hook=frame_stage_notify] [frame_stage] original begin
#6547 [2026-09-17 23:53:48.093] [DEBUG] [P12236:T15604] [phase=frame_stage_notify] [hook=frame_stage_notify] [frame_stage] original end
#6548 [2026-09-17 23:53:48.112] [DEBUG] [P12236:T15604] [phase=frame_stage_notify] [hook=frame_stage_notify] [frame_stage] end stage=11
#6549 [2026-09-17 23:53:48.131] [DEBUG] [P12236:T15604] [phase=frame_stage_notify] [hook=frame_stage_notify] [frame_stage] begin stage=0 this=0x00007FF9936073C0
#6550 [2026-09-17 23:53:48.149] [DEBUG] [P12236:T15604] [phase=frame_stage_notify] [hook=frame_stage_notify] [frame_stage] original begin
#6551 [2026-09-17 23:53:48.167] [DEBUG] [P12236:T15604] [phase=frame_stage_notify] [hook=frame_stage_notify] [frame_stage] original end
#6552 [2026-09-17 23:53:48.185] [DEBUG] [P12236:T15604] [phase=frame_stage_notify] [hook=frame_stage_notify] [frame_stage] end stage=0
#6553 [2026-09-17 23:53:48.204] [DEBUG] [P12236:T15604] [phase=frame_stage_notify] [hook=frame_stage_notify] [frame_stage] begin stage=10 this=0x00007FF9936073C0
#6554 [2026-09-17 23:53:48.223] [DEBUG] [P12236:T15604] [phase=frame_stage_notify] [hook=frame_stage_notify] [frame_stage] original begin
#6555 [2026-09-17 23:53:48.242] [DEBUG] [P12236:T15604] [phase=frame_stage_notify] [hook=frame_stage_notify] [frame_stage] original end
#6556 [2026-09-17 23:53:48.260] [DEBUG] [P12236:T15604] [phase=frame_stage_notify] [hook=frame_stage_notify] [frame_stage] end stage=10
#6557 [2026-09-17 23:53:48.278] [DEBUG] [P12236:T15604] [phase=frame_stage_notify] [hook=frame_stage_notify] [frame_stage] begin stage=11 this=0x00007FF9936073C0
#6558 [2026-09-17 23:53:48.297] [DEBUG] [P12236:T15604] [phase=frame_stage_notify] [hook=frame_stage_notify] [frame_stage] original begin
#6559 [2026-09-17 23:53:48.315] [DEBUG] [P12236:T15604] [phase=frame_stage_notify] [hook=frame_stage_notify] [frame_stage] original end
#6560 [2026-09-17 23:53:48.333] [DEBUG] [P12236:T15604] [phase=frame_stage_notify] [hook=frame_stage_notify] [frame_stage] end stage=11
#6561 [2026-09-17 23:53:48.352] [DEBUG] [P12236:T15604] [phase=frame_stage_notify] [hook=frame_stage_notify] [frame_stage] begin stage=1 this=0x00007FF9936073C0
#6562 [2026-09-17 23:53:48.388] [DEBUG] [P12236:T15604] [phase=frame_stage_notify] [hook=frame_stage_notify] [frame_stage] original begin
#6563 [2026-09-17 23:53:48.407] [DEBUG] [P12236:T15604] [phase=frame_stage_notify] [hook=frame_stage_notify] [frame_stage] original end
#6564 [2026-09-17 23:53:48.426] [DEBUG] [P12236:T15604] [phase=frame_stage_notify] [hook=frame_stage_notify] [frame_stage] end stage=1
#6565 [2026-09-17 23:53:48.446] [DEBUG] [P12236:T15604] [phase=frame_stage_notify] [hook=frame_stage_notify] [frame_stage] begin stage=2 this=0x00007FF9936073C0
#6566 [2026-09-17 23:53:48.464] [DEBUG] [P12236:T15604] [phase=frame_stage_notify] [hook=frame_stage_notify] [frame_stage] original begin
#6567 [2026-09-17 23:53:48.483] [DEBUG] [P12236:T15604] [phase=frame_stage_notify] [hook=frame_stage_notify] [frame_stage] original end
#6568 [2026-09-17 23:53:48.501] [DEBUG] [P12236:T15604] [phase=frame_stage_notify] [hook=frame_stage_notify] [frame_stage] end stage=2
#6569 [2026-09-17 23:53:48.520] [DEBUG] [P12236:T15604] [phase=frame_stage_notify] [hook=frame_stage_notify] [frame_stage] begin stage=5 this=0x00007FF9936073C0
#6570 [2026-09-17 23:53:48.538] [DEBUG] [P12236:T15604] [phase=frame_stage_notify] [hook=frame_stage_notify] [frame_stage] original begin
#6571 [2026-09-17 23:53:48.574] [DEBUG] [P12236:T15604] [phase=frame_stage_notify] [hook=frame_stage_notify] [frame_stage] original end
#6572 [2026-09-17 23:53:48.593] [DEBUG] [P12236:T15604] [phase=frame_stage_notify] [hook=frame_stage_notify] [frame_stage] end stage=5
#6573 [2026-09-17 23:53:48.612] [DEBUG] [P12236:T15604] [phase=frame_stage_notify] [hook=frame_stage_notify] [frame_stage] begin stage=6 this=0x00007FF9936073C0
#6574 [2026-09-17 23:53:48.629] [DEBUG] [P12236:T15604] [phase=frame_stage_notify] [hook=frame_stage_notify] [frame_stage] guns begin
#6575 [2026-09-17 23:53:48.648] [DEBUG] [P12236:T15604] [phase=frame_stage_notify] [hook=frame_stage_notify] [frame_stage] guns end
#6576 [2026-09-17 23:53:48.665] [DEBUG] [P12236:T15604] [phase=frame_stage_notify] [hook=frame_stage_notify] [frame_stage] dlight begin
#6577 [2026-09-17 23:53:48.684] [DEBUG] [P12236:T15604] [phase=frame_stage_notify] [hook=frame_stage_notify] [frame_stage] dlight end
#6578 [2026-09-17 23:53:48.703] [DEBUG] [P12236:T15604] [phase=frame_stage_notify] [hook=frame_stage_notify] [frame_stage] original begin
#6579 [2026-09-17 23:53:48.721] [DEBUG] [P12236:T15604] [phase=frame_stage_notify] [hook=frame_stage_notify] [frame_stage] original end
#6580 [2026-09-17 23:53:48.739] [DEBUG] [P12236:T15604] [phase=frame_stage_notify] [hook=frame_stage_notify] [frame_stage] post-network feature updates begin
#6581 [2026-09-17 23:53:48.757] [DEBUG] [P12236:T15604] [phase=frame_stage_notify] [hook=frame_stage_notify] [frame_stage] post-network feature updates end
#6582 [2026-09-17 23:53:48.776] [DEBUG] [P12236:T15604] [phase=frame_stage_notify] [hook=frame_stage_notify] [frame_stage] end stage=6
#6583 [2026-09-17 23:53:48.796] [DEBUG] [P12236:T15604] [phase=frame_stage_notify] [hook=frame_stage_notify] [frame_stage] begin stage=7 this=0x00007FF9936073C0
#6584 [2026-09-17 23:53:48.814] [DEBUG] [P12236:T15604] [phase=frame_stage_notify] [hook=frame_stage_notify] [frame_stage] agents begin
#6585 [2026-09-17 23:53:48.833] [DEBUG] [P12236:T15604] [phase=frame_stage_notify] [hook=frame_stage_notify] [frame_stage] agents end; gloves begin
#6586 [2026-09-17 23:53:48.851] [DEBUG] [P12236:T15604] [phase=frame_stage_notify] [hook=frame_stage_notify] [frame_stage] gloves end; knives begin
#6587 [2026-09-17 23:53:48.871] [DEBUG] [P12236:T15604] [phase=frame_stage_notify] [hook=frame_stage_notify] [frame_stage] knives end; world begin
#6588 [2026-09-17 23:53:48.889] [DEBUG] [P12236:T15604] [phase=frame_stage_notify] [hook=frame_stage_notify] [frame_stage] scene end; weather begin
#6589 [2026-09-17 23:53:48.907] [DEBUG] [P12236:T15604] [phase=frame_stage_notify] [hook=frame_stage_notify] [frame_stage] weather end; other begin
#6590 [2026-09-17 23:53:48.926] [DEBUG] [P12236:T15604] [phase=frame_stage_notify] [hook=frame_stage_notify] [frame_stage] other end; impacts begin
#6591 [2026-09-17 23:53:48.945] [DEBUG] [P12236:T15604] [phase=frame_stage_notify] [hook=frame_stage_notify] [frame_stage] impacts end
#6592 [2026-09-17 23:53:48.964] [DEBUG] [P12236:T15604] [phase=frame_stage_notify] [hook=frame_stage_notify] [frame_stage] original begin
#6593 [2026-09-17 23:53:48.983] [DEBUG] [P12236:T15604] [phase=frame_stage_notify] [hook=frame_stage_notify] [frame_stage] original end
#6594 [2026-09-17 23:53:49.001] [DEBUG] [P12236:T15604] [phase=frame_stage_notify] [hook=frame_stage_notify] [frame_stage] end stage=7
#6595 [2026-09-17 23:53:49.020] [DEBUG] [P12236:T15604] [phase=frame_stage_notify] [hook=frame_stage_notify] [frame_stage] begin stage=8 this=0x00007FF9936073C0
#6596 [2026-09-17 23:53:49.039] [DEBUG] [P12236:T15604] [phase=frame_stage_notify] [hook=frame_stage_notify] [frame_stage] original begin
#6597 [2026-09-17 23:53:49.057] [DEBUG] [P12236:T15604] [phase=frame_stage_notify] [hook=frame_stage_notify] [frame_stage] original end
#6598 [2026-09-17 23:53:49.074] [DEBUG] [P12236:T15604] [phase=frame_stage_notify] [hook=frame_stage_notify] [frame_stage] end stage=8
#6599 [2026-09-17 23:53:49.092] [DEBUG] [P12236:T15604] [phase=frame_stage_notify] [hook=frame_stage_notify] [frame_stage] begin stage=3 this=0x00007FF9936073C0
#6600 [2026-09-17 23:53:49.110] [DEBUG] [P12236:T15604] [phase=frame_stage_notify] [hook=frame_stage_notify] [frame_stage] original begin
#6601 [2026-09-17 23:53:49.130] [DEBUG] [P12236:T15604] [phase=frame_stage_notify] [hook=frame_stage_notify] [frame_stage] original end
#6602 [2026-09-17 23:53:49.149] [DEBUG] [P12236:T15604] [phase=frame_stage_notify] [hook=frame_stage_notify] [frame_stage] end stage=3
#6603 [2026-09-17 23:53:49.168] [DEBUG] [P12236:T15604] [phase=frame_stage_notify] [hook=frame_stage_notify] [frame_stage] begin stage=12 this=0x00007FF9936073C0
#6604 [2026-09-17 23:53:49.202] [DEBUG] [P12236:T15604] [phase=frame_stage_notify] [hook=frame_stage_notify] [frame_stage] original begin
#6605 [2026-09-17 23:53:49.221] [DEBUG] [P12236:T15604] [phase=frame_stage_notify] [hook=frame_stage_notify] [frame_stage] original end
#6606 [2026-09-17 23:53:49.239] [DEBUG] [P12236:T15604] [phase=frame_stage_notify] [hook=frame_stage_notify] [frame_stage] view/frame-data update begin
#6607 [2026-09-17 23:53:49.257] [DEBUG] [P12236:T15604] [phase=frame_stage_notify] [hook=frame_stage_notify] [frame_stage] view/frame-data update end
#6608 [2026-09-17 23:53:49.275] [DEBUG] [P12236:T15604] [phase=frame_stage_notify] [hook=frame_stage_notify] [frame_stage] end stage=12
#6609 [2026-09-17 23:53:49.296] [DEBUG] [P12236:T15604] [phase=frame_stage_notify] [hook=frame_stage_notify] [frame_stage] begin stage=0 this=0x00007FF9936073C0
#6613 [2026-09-17 23:53:49.316] [DEBUG] [P12236:T15604] [phase=frame_stage_notify] [hook=frame_stage_notify] [frame_stage] original begin
#6614 [2026-09-17 23:53:49.334] [DEBUG] [P12236:T15604] [phase=frame_stage_notify] [hook=frame_stage_notify] [frame_stage] original end
#6615 [2026-09-17 23:53:49.353] [DEBUG] [P12236:T15604] [phase=frame_stage_notify] [hook=frame_stage_notify] [frame_stage] end stage=0
#6616 [2026-09-17 23:53:49.373] [DEBUG] [P12236:T15604] [phase=frame_stage_notify] [hook=frame_stage_notify] [frame_stage] begin stage=11 this=0x00007FF9936073C0
#6617 [2026-09-17 23:53:49.391] [DEBUG] [P12236:T15604] [phase=frame_stage_notify] [hook=frame_stage_notify] [frame_stage] original begin
#6618 [2026-09-17 23:53:49.409] [DEBUG] [P12236:T15604] [phase=frame_stage_notify] [hook=frame_stage_notify] [frame_stage] original end
#6619 [2026-09-17 23:53:49.427] [DEBUG] [P12236:T15604] [phase=frame_stage_notify] [hook=frame_stage_notify] [frame_stage] end stage=11
#6620 [2026-09-17 23:53:49.446] [DEBUG] [P12236:T15604] [phase=frame_stage_notify] [hook=frame_stage_notify] [frame_stage] begin stage=0 this=0x00007FF9936073C0
#6621 [2026-09-17 23:53:49.465] [DEBUG] [P12236:T15604] [phase=frame_stage_notify] [hook=frame_stage_notify] [frame_stage] original begin
#6622 [2026-09-17 23:53:49.483] [DEBUG] [P12236:T15604] [phase=frame_stage_notify] [hook=frame_stage_notify] [frame_stage] original end
#6623 [2026-09-17 23:53:49.502] [DEBUG] [P12236:T15604] [phase=frame_stage_notify] [hook=frame_stage_notify] [frame_stage] end stage=0
#6624 [2026-09-17 23:53:49.521] [DEBUG] [P12236:T15604] [phase=frame_stage_notify] [hook=frame_stage_notify] [frame_stage] begin stage=11 this=0x00007FF9936073C0
#6625 [2026-09-17 23:53:49.540] [DEBUG] [P12236:T15604] [phase=frame_stage_notify] [hook=frame_stage_notify] [frame_stage] original begin
#6626 [2026-09-17 23:53:49.559] [DEBUG] [P12236:T15604] [phase=frame_stage_notify] [hook=frame_stage_notify] [frame_stage] original end
#6627 [2026-09-17 23:53:49.578] [DEBUG] [P12236:T15604] [phase=frame_stage_notify] [hook=frame_stage_notify] [frame_stage] end stage=11
#6628 [2026-09-17 23:53:49.597] [DEBUG] [P12236:T15604] [phase=frame_stage_notify] [hook=frame_stage_notify] [frame_stage] begin stage=0 this=0x00007FF9936073C0
#6629 [2026-09-17 23:53:49.615] [DEBUG] [P12236:T15604] [phase=frame_stage_notify] [hook=frame_stage_notify] [frame_stage] original begin
#6630 [2026-09-17 23:53:49.633] [DEBUG] [P12236:T15604] [phase=frame_stage_notify] [hook=frame_stage_notify] [frame_stage] original end
#6631 [2026-09-17 23:53:49.651] [DEBUG] [P12236:T15604] [phase=frame_stage_notify] [hook=frame_stage_notify] [frame_stage] end stage=0
#6632 [2026-09-17 23:53:49.687] [DEBUG] [P12236:T15604] [phase=frame_stage_notify] [hook=frame_stage_notify] [frame_stage] begin stage=11 this=0x00007FF9936073C0
#6633 [2026-09-17 23:53:49.705] [DEBUG] [P12236:T15604] [phase=frame_stage_notify] [hook=frame_stage_notify] [frame_stage] original begin
#6634 [2026-09-17 23:53:49.724] [DEBUG] [P12236:T15604] [phase=frame_stage_notify] [hook=frame_stage_notify] [frame_stage] original end
#6635 [2026-09-17 23:53:49.742] [DEBUG] [P12236:T15604] [phase=frame_stage_notify] [hook=frame_stage_notify] [frame_stage] end stage=11
#6636 [2026-09-17 23:53:49.778] [DEBUG] [P12236:T15604] [phase=frame_stage_notify] [hook=frame_stage_notify] [frame_stage] begin stage=0 this=0x00007FF9936073C0
#6637 [2026-09-17 23:53:49.797] [DEBUG] [P12236:T15604] [phase=frame_stage_notify] [hook=frame_stage_notify] [frame_stage] original begin
#6638 [2026-09-17 23:53:49.815] [DEBUG] [P12236:T15604] [phase=frame_stage_notify] [hook=frame_stage_notify] [frame_stage] original end
#6639 [2026-09-17 23:53:49.833] [DEBUG] [P12236:T15604] [phase=frame_stage_notify] [hook=frame_stage_notify] [frame_stage] end stage=0
#6640 [2026-09-17 23:53:49.852] [DEBUG] [P12236:T15604] [phase=frame_stage_notify] [hook=frame_stage_notify] [frame_stage] begin stage=11 this=0x00007FF9936073C0
#6641 [2026-09-17 23:53:49.870] [DEBUG] [P12236:T15604] [phase=frame_stage_notify] [hook=frame_stage_notify] [frame_stage] original begin
#6642 [2026-09-17 23:53:49.888] [DEBUG] [P12236:T15604] [phase=frame_stage_notify] [hook=frame_stage_notify] [frame_stage] original end
#6643 [2026-09-17 23:53:49.907] [DEBUG] [P12236:T15604] [phase=frame_stage_notify] [hook=frame_stage_notify] [frame_stage] end stage=11
#6644 [2026-09-17 23:53:49.926] [DEBUG] [P12236:T15604] [phase=frame_stage_notify] [hook=frame_stage_notify] [frame_stage] begin stage=0 this=0x00007FF9936073C0
#6645 [2026-09-17 23:53:49.944] [DEBUG] [P12236:T15604] [phase=frame_stage_notify] [hook=frame_stage_notify] [frame_stage] original begin
#6646 [2026-09-17 23:53:49.962] [DEBUG] [P12236:T15604] [phase=frame_stage_notify] [hook=frame_stage_notify] [frame_stage] original end
#6647 [2026-09-17 23:53:49.981] [DEBUG] [P12236:T15604] [phase=frame_stage_notify] [hook=frame_stage_notify] [frame_stage] end stage=0
#6648 [2026-09-17 23:53:49.999] [DEBUG] [P12236:T15604] [phase=frame_stage_notify] [hook=frame_stage_notify] [frame_stage] begin stage=11 this=0x00007FF9936073C0
#6649 [2026-09-17 23:53:50.018] [DEBUG] [P12236:T15604] [phase=frame_stage_notify] [hook=frame_stage_notify] [frame_stage] original begin
#6650 [2026-09-17 23:53:50.036] [DEBUG] [P12236:T15604] [phase=frame_stage_notify] [hook=frame_stage_notify] [frame_stage] original end
#6651 [2026-09-17 23:53:50.055] [DEBUG] [P12236:T15604] [phase=frame_stage_notify] [hook=frame_stage_notify] [frame_stage] end stage=11
#6652 [2026-09-17 23:53:50.072] [DEBUG] [P12236:T15604] [phase=frame_stage_notify] [hook=frame_stage_notify] [frame_stage] begin stage=0 this=0x00007FF9936073C0
#6653 [2026-09-17 23:53:50.091] [DEBUG] [P12236:T15604] [phase=frame_stage_notify] [hook=frame_stage_notify] [frame_stage] original begin
#6654 [2026-09-17 23:53:50.109] [DEBUG] [P12236:T15604] [phase=frame_stage_notify] [hook=frame_stage_notify] [frame_stage] original end
#6655 [2026-09-17 23:53:50.128] [DEBUG] [P12236:T15604] [phase=frame_stage_notify] [hook=frame_stage_notify] [frame_stage] end stage=0
#6656 [2026-09-17 23:53:50.147] [DEBUG] [P12236:T15604] [phase=frame_stage_notify] [hook=frame_stage_notify] [frame_stage] begin stage=11 this=0x00007FF9936073C0
#6657 [2026-09-17 23:53:50.166] [DEBUG] [P12236:T15604] [phase=frame_stage_notify] [hook=frame_stage_notify] [frame_stage] original begin
#6658 [2026-09-17 23:53:50.183] [DEBUG] [P12236:T15604] [phase=frame_stage_notify] [hook=frame_stage_notify] [frame_stage] original end
#6659 [2026-09-17 23:53:50.201] [DEBUG] [P12236:T15604] [phase=frame_stage_notify] [hook=frame_stage_notify] [frame_stage] end stage=11
#6660 [2026-09-17 23:53:50.219] [DEBUG] [P12236:T15604] [phase=frame_stage_notify] [hook=frame_stage_notify] [frame_stage] begin stage=0 this=0x00007FF9936073C0
#6661 [2026-09-17 23:53:50.239] [DEBUG] [P12236:T15604] [phase=frame_stage_notify] [hook=frame_stage_notify] [frame_stage] original begin
#6662 [2026-09-17 23:53:50.257] [DEBUG] [P12236:T15604] [phase=frame_stage_notify] [hook=frame_stage_notify] [frame_stage] original end
#6663 [2026-09-17 23:53:50.276] [DEBUG] [P12236:T15604] [phase=frame_stage_notify] [hook=frame_stage_notify] [frame_stage] end stage=0
#6664 [2026-09-17 23:53:50.294] [DEBUG] [P12236:T15604] [phase=frame_stage_notify] [hook=frame_stage_notify] [frame_stage] begin stage=10 this=0x00007FF9936073C0
#6665 [2026-09-17 23:53:50.313] [DEBUG] [P12236:T15604] [phase=frame_stage_notify] [hook=frame_stage_notify] [frame_stage] original begin
#6666 [2026-09-17 23:53:50.332] [DEBUG] [P12236:T15604] [phase=frame_stage_notify] [hook=frame_stage_notify] [frame_stage] original end
#6667 [2026-09-17 23:53:50.351] [DEBUG] [P12236:T15604] [phase=frame_stage_notify] [hook=frame_stage_notify] [frame_stage] end stage=10
#6668 [2026-09-17 23:53:50.370] [DEBUG] [P12236:T15604] [phase=frame_stage_notify] [hook=frame_stage_notify] [frame_stage] begin stage=11 this=0x00007FF9936073C0
#6669 [2026-09-17 23:53:50.388] [DEBUG] [P12236:T15604] [phase=frame_stage_notify] [hook=frame_stage_notify] [frame_stage] original begin
#6670 [2026-09-17 23:53:50.407] [DEBUG] [P12236:T15604] [phase=frame_stage_notify] [hook=frame_stage_notify] [frame_stage] original end
#6671 [2026-09-17 23:53:50.426] [DEBUG] [P12236:T15604] [phase=frame_stage_notify] [hook=frame_stage_notify] [frame_stage] end stage=11
#6672 [2026-09-17 23:53:50.444] [DEBUG] [P12236:T15604] [phase=frame_stage_notify] [hook=frame_stage_notify] [frame_stage] begin stage=1 this=0x00007FF9936073C0
#6673 [2026-09-17 23:53:50.464] [DEBUG] [P12236:T15604] [phase=frame_stage_notify] [hook=frame_stage_notify] [frame_stage] original begin
#6674 [2026-09-17 23:53:50.483] [DEBUG] [P12236:T15604] [phase=frame_stage_notify] [hook=frame_stage_notify] [frame_stage] original end
#6675 [2026-09-17 23:53:50.501] [DEBUG] [P12236:T15604] [phase=frame_stage_notify] [hook=frame_stage_notify] [frame_stage] end stage=1
#6676 [2026-09-17 23:53:50.520] [DEBUG] [P12236:T15604] [phase=frame_stage_notify] [hook=frame_stage_notify] [frame_stage] begin stage=2 this=0x00007FF9936073C0
#6677 [2026-09-17 23:53:50.538] [DEBUG] [P12236:T15604] [phase=frame_stage_notify] [hook=frame_stage_notify] [frame_stage] original begin
#6678 [2026-09-17 23:53:50.556] [DEBUG] [P12236:T15604] [phase=frame_stage_notify] [hook=frame_stage_notify] [frame_stage] original end
#6679 [2026-09-17 23:53:50.575] [DEBUG] [P12236:T15604] [phase=frame_stage_notify] [hook=frame_stage_notify] [frame_stage] end stage=2
#6680 [2026-09-17 23:53:50.594] [DEBUG] [P12236:T15604] [phase=frame_stage_notify] [hook=frame_stage_notify] [frame_stage] begin stage=5 this=0x00007FF9936073C0
#6681 [2026-09-17 23:53:50.612] [DEBUG] [P12236:T15604] [phase=frame_stage_notify] [hook=frame_stage_notify] [frame_stage] original begin
#6682 [2026-09-17 23:53:50.630] [DEBUG] [P12236:T15604] [phase=frame_stage_notify] [hook=frame_stage_notify] [frame_stage] original end
#6683 [2026-09-17 23:53:50.649] [DEBUG] [P12236:T15604] [phase=frame_stage_notify] [hook=frame_stage_notify] [frame_stage] end stage=5
#6684 [2026-09-17 23:53:50.667] [DEBUG] [P12236:T15604] [phase=frame_stage_notify] [hook=frame_stage_notify] [frame_stage] begin stage=6 this=0x00007FF9936073C0
#6685 [2026-09-17 23:53:50.687] [DEBUG] [P12236:T15604] [phase=frame_stage_notify] [hook=frame_stage_notify] [frame_stage] guns begin
#6686 [2026-09-17 23:53:50.705] [DEBUG] [P12236:T15604] [phase=frame_stage_notify] [hook=frame_stage_notify] [frame_stage] guns end
#6687 [2026-09-17 23:53:50.723] [DEBUG] [P12236:T15604] [phase=frame_stage_notify] [hook=frame_stage_notify] [frame_stage] dlight begin
#6688 [2026-09-17 23:53:50.742] [DEBUG] [P12236:T15604] [phase=frame_stage_notify] [hook=frame_stage_notify] [frame_stage] dlight end
#6689 [2026-09-17 23:53:50.761] [DEBUG] [P12236:T15604] [phase=frame_stage_notify] [hook=frame_stage_notify] [frame_stage] original begin
#6690 [2026-09-17 23:53:50.779] [DEBUG] [P12236:T15604] [phase=frame_stage_notify] [hook=frame_stage_notify] [frame_stage] original end
#6691 [2026-09-17 23:53:50.798] [DEBUG] [P12236:T15604] [phase=frame_stage_notify] [hook=frame_stage_notify] [frame_stage] post-network feature updates begin
#6692 [2026-09-17 23:53:50.816] [DEBUG] [P12236:T15604] [phase=frame_stage_notify] [hook=frame_stage_notify] [frame_stage] post-network feature updates end
#6693 [2026-09-17 23:53:50.834] [DEBUG] [P12236:T15604] [phase=frame_stage_notify] [hook=frame_stage_notify] [frame_stage] end stage=6
#6694 [2026-09-17 23:53:50.852] [DEBUG] [P12236:T15604] [phase=frame_stage_notify] [hook=frame_stage_notify] [frame_stage] begin stage=7 this=0x00007FF9936073C0
#6695 [2026-09-17 23:53:50.872] [DEBUG] [P12236:T15604] [phase=frame_stage_notify] [hook=frame_stage_notify] [frame_stage] agents begin
#6696 [2026-09-17 23:53:50.890] [DEBUG] [P12236:T15604] [phase=frame_stage_notify] [hook=frame_stage_notify] [frame_stage] agents end; gloves begin
#6697 [2026-09-17 23:53:50.908] [DEBUG] [P12236:T15604] [phase=frame_stage_notify] [hook=frame_stage_notify] [frame_stage] gloves end; knives begin
#6698 [2026-09-17 23:53:50.926] [DEBUG] [P12236:T15604] [phase=frame_stage_notify] [hook=frame_stage_notify] [frame_stage] knives end; world begin
#6699 [2026-09-17 23:53:50.944] [DEBUG] [P12236:T15604] [phase=frame_stage_notify] [hook=frame_stage_notify] [frame_stage] scene end; weather begin
#6700 [2026-09-17 23:53:50.962] [DEBUG] [P12236:T15604] [phase=frame_stage_notify] [hook=frame_stage_notify] [frame_stage] weather end; other begin
#6701 [2026-09-17 23:53:50.982] [DEBUG] [P12236:T15604] [phase=frame_stage_notify] [hook=frame_stage_notify] [frame_stage] other end; impacts begin
#6702 [2026-09-17 23:53:51.001] [DEBUG] [P12236:T15604] [phase=frame_stage_notify] [hook=frame_stage_notify] [frame_stage] impacts end
#6703 [2026-09-17 23:53:51.020] [DEBUG] [P12236:T15604] [phase=frame_stage_notify] [hook=frame_stage_notify] [frame_stage] original begin
#6704 [2026-09-17 23:53:51.039] [DEBUG] [P12236:T15604] [phase=frame_stage_notify] [hook=frame_stage_notify] [frame_stage] original end
#6705 [2026-09-17 23:53:51.058] [DEBUG] [P12236:T15604] [phase=frame_stage_notify] [hook=frame_stage_notify] [frame_stage] end stage=7
#6706 [2026-09-17 23:53:51.076] [DEBUG] [P12236:T15604] [phase=frame_stage_notify] [hook=frame_stage_notify] [frame_stage] begin stage=8 this=0x00007FF9936073C0
#6707 [2026-09-17 23:53:51.095] [DEBUG] [P12236:T15604] [phase=frame_stage_notify] [hook=frame_stage_notify] [frame_stage] original begin
#6708 [2026-09-17 23:53:51.132] [DEBUG] [P12236:T15604] [phase=frame_stage_notify] [hook=frame_stage_notify] [frame_stage] original end
#6709 [2026-09-17 23:53:51.151] [DEBUG] [P12236:T15604] [phase=frame_stage_notify] [hook=frame_stage_notify] [frame_stage] end stage=8
#6710 [2026-09-17 23:53:51.169] [DEBUG] [P12236:T15604] [phase=frame_stage_notify] [hook=frame_stage_notify] [frame_stage] begin stage=3 this=0x00007FF9936073C0
#6711 [2026-09-17 23:53:51.187] [DEBUG] [P12236:T15604] [phase=frame_stage_notify] [hook=frame_stage_notify] [frame_stage] original begin
#6712 [2026-09-17 23:53:51.205] [DEBUG] [P12236:T15604] [phase=frame_stage_notify] [hook=frame_stage_notify] [frame_stage] original end
#6713 [2026-09-17 23:53:51.224] [DEBUG] [P12236:T15604] [phase=frame_stage_notify] [hook=frame_stage_notify] [frame_stage] end stage=3
#6714 [2026-09-17 23:53:51.244] [DEBUG] [P12236:T15604] [phase=frame_stage_notify] [hook=frame_stage_notify] [frame_stage] begin stage=12 this=0x00007FF9936073C0
#6715 [2026-09-17 23:53:51.262] [DEBUG] [P12236:T15604] [phase=frame_stage_notify] [hook=frame_stage_notify] [frame_stage] original begin
#6716 [2026-09-17 23:53:51.298] [DEBUG] [P12236:T15604] [phase=frame_stage_notify] [hook=frame_stage_notify] [frame_stage] original end
#6717 [2026-09-17 23:53:51.316] [DEBUG] [P12236:T15604] [phase=frame_stage_notify] [hook=frame_stage_notify] [frame_stage] view/frame-data update begin
#6718 [2026-09-17 23:53:51.334] [DEBUG] [P12236:T15604] [phase=frame_stage_notify] [hook=frame_stage_notify] [frame_stage] view/frame-data update end
#6719 [2026-09-17 23:53:51.352] [DEBUG] [P12236:T15604] [phase=frame_stage_notify] [hook=frame_stage_notify] [frame_stage] end stage=12
#6720 [2026-09-17 23:53:51.376] [DEBUG] [P12236:T15604] [phase=frame_stage_notify] [hook=frame_stage_notify] [frame_stage] begin stage=0 this=0x00007FF9936073C0
#6724 [2026-09-17 23:53:51.395] [DEBUG] [P12236:T15604] [phase=frame_stage_notify] [hook=frame_stage_notify] [frame_stage] original begin
#6725 [2026-09-17 23:53:51.413] [DEBUG] [P12236:T15604] [phase=frame_stage_notify] [hook=frame_stage_notify] [frame_stage] original end
#6726 [2026-09-17 23:53:51.432] [DEBUG] [P12236:T15604] [phase=frame_stage_notify] [hook=frame_stage_notify] [frame_stage] end stage=0
#6727 [2026-09-17 23:53:51.450] [DEBUG] [P12236:T15604] [phase=frame_stage_notify] [hook=frame_stage_notify] [frame_stage] begin stage=11 this=0x00007FF9936073C0
#6728 [2026-09-17 23:53:51.470] [DEBUG] [P12236:T15604] [phase=frame_stage_notify] [hook=frame_stage_notify] [frame_stage] original begin
#6729 [2026-09-17 23:53:51.489] [DEBUG] [P12236:T15604] [phase=frame_stage_notify] [hook=frame_stage_notify] [frame_stage] original end
#6730 [2026-09-17 23:53:51.507] [DEBUG] [P12236:T15604] [phase=frame_stage_notify] [hook=frame_stage_notify] [frame_stage] end stage=11
#6731 [2026-09-17 23:53:51.525] [DEBUG] [P12236:T15604] [phase=frame_stage_notify] [hook=frame_stage_notify] [frame_stage] begin stage=0 this=0x00007FF9936073C0
#6732 [2026-09-17 23:53:51.544] [DEBUG] [P12236:T15604] [phase=frame_stage_notify] [hook=frame_stage_notify] [frame_stage] original begin
#6733 [2026-09-17 23:53:51.562] [DEBUG] [P12236:T15604] [phase=frame_stage_notify] [hook=frame_stage_notify] [frame_stage] original end
#6734 [2026-09-17 23:53:51.580] [DEBUG] [P12236:T15604] [phase=frame_stage_notify] [hook=frame_stage_notify] [frame_stage] end stage=0
#6735 [2026-09-17 23:53:51.599] [DEBUG] [P12236:T15604] [phase=frame_stage_notify] [hook=frame_stage_notify] [frame_stage] begin stage=11 this=0x00007FF9936073C0
#6736 [2026-09-17 23:53:51.618] [DEBUG] [P12236:T15604] [phase=frame_stage_notify] [hook=frame_stage_notify] [frame_stage] original begin
#6737 [2026-09-17 23:53:51.635] [DEBUG] [P12236:T15604] [phase=frame_stage_notify] [hook=frame_stage_notify] [frame_stage] original end
#6738 [2026-09-17 23:53:51.654] [DEBUG] [P12236:T15604] [phase=frame_stage_notify] [hook=frame_stage_notify] [frame_stage] end stage=11
#6739 [2026-09-17 23:53:51.672] [DEBUG] [P12236:T15604] [phase=frame_stage_notify] [hook=frame_stage_notify] [frame_stage] begin stage=0 this=0x00007FF9936073C0
#6740 [2026-09-17 23:53:51.691] [DEBUG] [P12236:T15604] [phase=frame_stage_notify] [hook=frame_stage_notify] [frame_stage] original begin
#6741 [2026-09-17 23:53:51.710] [DEBUG] [P12236:T15604] [phase=frame_stage_notify] [hook=frame_stage_notify] [frame_stage] original end
#6742 [2026-09-17 23:53:51.728] [DEBUG] [P12236:T15604] [phase=frame_stage_notify] [hook=frame_stage_notify] [frame_stage] end stage=0
#6743 [2026-09-17 23:53:51.748] [DEBUG] [P12236:T15604] [phase=frame_stage_notify] [hook=frame_stage_notify] [frame_stage] begin stage=11 this=0x00007FF9936073C0
#6744 [2026-09-17 23:53:51.785] [DEBUG] [P12236:T15604] [phase=frame_stage_notify] [hook=frame_stage_notify] [frame_stage] original begin
#6745 [2026-09-17 23:53:51.803] [DEBUG] [P12236:T15604] [phase=frame_stage_notify] [hook=frame_stage_notify] [frame_stage] original end
#6746 [2026-09-17 23:53:51.822] [DEBUG] [P12236:T15604] [phase=frame_stage_notify] [hook=frame_stage_notify] [frame_stage] end stage=11
#6747 [2026-09-17 23:53:51.842] [DEBUG] [P12236:T15604] [phase=frame_stage_notify] [hook=frame_stage_notify] [frame_stage] begin stage=0 this=0x00007FF9936073C0
#6748 [2026-09-17 23:53:51.861] [DEBUG] [P12236:T15604] [phase=frame_stage_notify] [hook=frame_stage_notify] [frame_stage] original begin
#6749 [2026-09-17 23:53:51.879] [DEBUG] [P12236:T15604] [phase=frame_stage_notify] [hook=frame_stage_notify] [frame_stage] original end
#6750 [2026-09-17 23:53:51.898] [DEBUG] [P12236:T15604] [phase=frame_stage_notify] [hook=frame_stage_notify] [frame_stage] end stage=0
#6751 [2026-09-17 23:53:51.917] [DEBUG] [P12236:T15604] [phase=frame_stage_notify] [hook=frame_stage_notify] [frame_stage] begin stage=11 this=0x00007FF9936073C0
#6752 [2026-09-17 23:53:51.936] [DEBUG] [P12236:T15604] [phase=frame_stage_notify] [hook=frame_stage_notify] [frame_stage] original begin
#6753 [2026-09-17 23:53:51.954] [DEBUG] [P12236:T15604] [phase=frame_stage_notify] [hook=frame_stage_notify] [frame_stage] original end
#6754 [2026-09-17 23:53:51.973] [DEBUG] [P12236:T15604] [phase=frame_stage_notify] [hook=frame_stage_notify] [frame_stage] end stage=11
#6755 [2026-09-17 23:53:51.990] [DEBUG] [P12236:T15604] [phase=frame_stage_notify] [hook=frame_stage_notify] [frame_stage] begin stage=0 this=0x00007FF9936073C0
#6756 [2026-09-17 23:53:52.009] [DEBUG] [P12236:T15604] [phase=frame_stage_notify] [hook=frame_stage_notify] [frame_stage] original begin
#6757 [2026-09-17 23:53:52.028] [DEBUG] [P12236:T15604] [phase=frame_stage_notify] [hook=frame_stage_notify] [frame_stage] original end
#6758 [2026-09-17 23:53:52.047] [DEBUG] [P12236:T15604] [phase=frame_stage_notify] [hook=frame_stage_notify] [frame_stage] end stage=0
#6759 [2026-09-17 23:53:52.065] [DEBUG] [P12236:T15604] [phase=frame_stage_notify] [hook=frame_stage_notify] [frame_stage] begin stage=11 this=0x00007FF9936073C0
#6760 [2026-09-17 23:53:52.084] [DEBUG] [P12236:T15604] [phase=frame_stage_notify] [hook=frame_stage_notify] [frame_stage] original begin
#6761 [2026-09-17 23:53:52.102] [DEBUG] [P12236:T15604] [phase=frame_stage_notify] [hook=frame_stage_notify] [frame_stage] original end
#6762 [2026-09-17 23:53:52.121] [DEBUG] [P12236:T15604] [phase=frame_stage_notify] [hook=frame_stage_notify] [frame_stage] end stage=11
#6763 [2026-09-17 23:53:52.140] [DEBUG] [P12236:T15604] [phase=frame_stage_notify] [hook=frame_stage_notify] [frame_stage] begin stage=0 this=0x00007FF9936073C0
#6764 [2026-09-17 23:53:52.158] [DEBUG] [P12236:T15604] [phase=frame_stage_notify] [hook=frame_stage_notify] [frame_stage] original begin
#6765 [2026-09-17 23:53:52.177] [DEBUG] [P12236:T15604] [phase=frame_stage_notify] [hook=frame_stage_notify] [frame_stage] original end
#6766 [2026-09-17 23:53:52.195] [DEBUG] [P12236:T15604] [phase=frame_stage_notify] [hook=frame_stage_notify] [frame_stage] end stage=0
#6767 [2026-09-17 23:53:52.213] [DEBUG] [P12236:T15604] [phase=frame_stage_notify] [hook=frame_stage_notify] [frame_stage] begin stage=10 this=0x00007FF9936073C0
#6768 [2026-09-17 23:53:52.232] [DEBUG] [P12236:T15604] [phase=frame_stage_notify] [hook=frame_stage_notify] [frame_stage] original begin
#6769 [2026-09-17 23:53:52.252] [DEBUG] [P12236:T15604] [phase=frame_stage_notify] [hook=frame_stage_notify] [frame_stage] original end
#6770 [2026-09-17 23:53:52.270] [DEBUG] [P12236:T15604] [phase=frame_stage_notify] [hook=frame_stage_notify] [frame_stage] end stage=10
#6771 [2026-09-17 23:53:52.288] [DEBUG] [P12236:T15604] [phase=frame_stage_notify] [hook=frame_stage_notify] [frame_stage] begin stage=11 this=0x00007FF9936073C0
#6772 [2026-09-17 23:53:52.307] [DEBUG] [P12236:T15604] [phase=frame_stage_notify] [hook=frame_stage_notify] [frame_stage] original begin
#6773 [2026-09-17 23:53:52.325] [DEBUG] [P12236:T15604] [phase=frame_stage_notify] [hook=frame_stage_notify] [frame_stage] original end
#6774 [2026-09-17 23:53:52.344] [DEBUG] [P12236:T15604] [phase=frame_stage_notify] [hook=frame_stage_notify] [frame_stage] end stage=11
#6775 [2026-09-17 23:53:52.363] [DEBUG] [P12236:T15604] [phase=frame_stage_notify] [hook=frame_stage_notify] [frame_stage] begin stage=1 this=0x00007FF9936073C0
#6776 [2026-09-17 23:53:52.382] [DEBUG] [P12236:T15604] [phase=frame_stage_notify] [hook=frame_stage_notify] [frame_stage] original begin
#6777 [2026-09-17 23:53:52.400] [DEBUG] [P12236:T15604] [phase=frame_stage_notify] [hook=frame_stage_notify] [frame_stage] original end
#6778 [2026-09-17 23:53:52.418] [DEBUG] [P12236:T15604] [phase=frame_stage_notify] [hook=frame_stage_notify] [frame_stage] end stage=1
#6779 [2026-09-17 23:53:52.437] [DEBUG] [P12236:T15604] [phase=frame_stage_notify] [hook=frame_stage_notify] [frame_stage] begin stage=2 this=0x00007FF9936073C0
#6780 [2026-09-17 23:53:52.455] [DEBUG] [P12236:T15604] [phase=frame_stage_notify] [hook=frame_stage_notify] [frame_stage] original begin
#6781 [2026-09-17 23:53:52.491] [DEBUG] [P12236:T15604] [phase=frame_stage_notify] [hook=frame_stage_notify] [frame_stage] original end
#6782 [2026-09-17 23:53:52.528] [DEBUG] [P12236:T15604] [phase=frame_stage_notify] [hook=frame_stage_notify] [frame_stage] end stage=2
#6783 [2026-09-17 23:53:52.548] [DEBUG] [P12236:T15604] [phase=frame_stage_notify] [hook=frame_stage_notify] [frame_stage] begin stage=5 this=0x00007FF9936073C0
#6784 [2026-09-17 23:53:52.566] [DEBUG] [P12236:T15604] [phase=frame_stage_notify] [hook=frame_stage_notify] [frame_stage] original begin
#6785 [2026-09-17 23:53:52.585] [DEBUG] [P12236:T15604] [phase=frame_stage_notify] [hook=frame_stage_notify] [frame_stage] original end
#6786 [2026-09-17 23:53:52.604] [DEBUG] [P12236:T15604] [phase=frame_stage_notify] [hook=frame_stage_notify] [frame_stage] end stage=5
#6787 [2026-09-17 23:53:52.622] [DEBUG] [P12236:T15604] [phase=frame_stage_notify] [hook=frame_stage_notify] [frame_stage] begin stage=6 this=0x00007FF9936073C0
#6788 [2026-09-17 23:53:52.641] [DEBUG] [P12236:T15604] [phase=frame_stage_notify] [hook=frame_stage_notify] [frame_stage] guns begin
#6789 [2026-09-17 23:53:52.659] [DEBUG] [P12236:T15604] [phase=frame_stage_notify] [hook=frame_stage_notify] [frame_stage] guns end
#6790 [2026-09-17 23:53:52.677] [DEBUG] [P12236:T15604] [phase=frame_stage_notify] [hook=frame_stage_notify] [frame_stage] dlight begin
#6791 [2026-09-17 23:53:52.696] [DEBUG] [P12236:T15604] [phase=frame_stage_notify] [hook=frame_stage_notify] [frame_stage] dlight end
#6792 [2026-09-17 23:53:52.714] [DEBUG] [P12236:T15604] [phase=frame_stage_notify] [hook=frame_stage_notify] [frame_stage] original begin
#6793 [2026-09-17 23:53:52.733] [DEBUG] [P12236:T15604] [phase=frame_stage_notify] [hook=frame_stage_notify] [frame_stage] original end
#6794 [2026-09-17 23:53:52.752] [DEBUG] [P12236:T15604] [phase=frame_stage_notify] [hook=frame_stage_notify] [frame_stage] post-network feature updates begin
#6795 [2026-09-17 23:53:52.771] [DEBUG] [P12236:T15604] [phase=frame_stage_notify] [hook=frame_stage_notify] [frame_stage] post-network feature updates end
#6796 [2026-09-17 23:53:52.789] [DEBUG] [P12236:T15604] [phase=frame_stage_notify] [hook=frame_stage_notify] [frame_stage] end stage=6
#6797 [2026-09-17 23:53:52.807] [DEBUG] [P12236:T15604] [phase=frame_stage_notify] [hook=frame_stage_notify] [frame_stage] begin stage=7 this=0x00007FF9936073C0
#6798 [2026-09-17 23:53:52.826] [DEBUG] [P12236:T15604] [phase=frame_stage_notify] [hook=frame_stage_notify] [frame_stage] agents begin
#6799 [2026-09-17 23:53:52.844] [DEBUG] [P12236:T15604] [phase=frame_stage_notify] [hook=frame_stage_notify] [frame_stage] agents end; gloves begin
#6800 [2026-09-17 23:53:52.863] [DEBUG] [P12236:T15604] [phase=frame_stage_notify] [hook=frame_stage_notify] [frame_stage] gloves end; knives begin
#6801 [2026-09-17 23:53:52.882] [DEBUG] [P12236:T15604] [phase=frame_stage_notify] [hook=frame_stage_notify] [frame_stage] knives end; world begin
#6802 [2026-09-17 23:53:52.899] [DEBUG] [P12236:T15604] [phase=frame_stage_notify] [hook=frame_stage_notify] [frame_stage] scene end; weather begin
#6803 [2026-09-17 23:53:52.919] [DEBUG] [P12236:T15604] [phase=frame_stage_notify] [hook=frame_stage_notify] [frame_stage] weather end; other begin
#6804 [2026-09-17 23:53:52.937] [DEBUG] [P12236:T15604] [phase=frame_stage_notify] [hook=frame_stage_notify] [frame_stage] other end; impacts begin
#6805 [2026-09-17 23:53:52.955] [DEBUG] [P12236:T15604] [phase=frame_stage_notify] [hook=frame_stage_notify] [frame_stage] impacts end
#6806 [2026-09-17 23:53:52.973] [DEBUG] [P12236:T15604] [phase=frame_stage_notify] [hook=frame_stage_notify] [frame_stage] original begin
#6807 [2026-09-17 23:53:52.992] [DEBUG] [P12236:T15604] [phase=frame_stage_notify] [hook=frame_stage_notify] [frame_stage] original end
#6808 [2026-09-17 23:53:53.011] [DEBUG] [P12236:T15604] [phase=frame_stage_notify] [hook=frame_stage_notify] [frame_stage] end stage=7
#6809 [2026-09-17 23:53:53.030] [DEBUG] [P12236:T15604] [phase=frame_stage_notify] [hook=frame_stage_notify] [frame_stage] begin stage=8 this=0x00007FF9936073C0
#6810 [2026-09-17 23:53:53.054] [DEBUG] [P12236:T15604] [phase=frame_stage_notify] [hook=frame_stage_notify] [frame_stage] original begin
#6811 [2026-09-17 23:53:53.072] [DEBUG] [P12236:T15604] [phase=frame_stage_notify] [hook=frame_stage_notify] [frame_stage] original end
#6812 [2026-09-17 23:53:53.090] [DEBUG] [P12236:T15604] [phase=frame_stage_notify] [hook=frame_stage_notify] [frame_stage] end stage=8
#6813 [2026-09-17 23:53:53.129] [DEBUG] [P12236:T15604] [phase=frame_stage_notify] [hook=frame_stage_notify] [frame_stage] begin stage=3 this=0x00007FF9936073C0
#6814 [2026-09-17 23:53:53.147] [DEBUG] [P12236:T15604] [phase=frame_stage_notify] [hook=frame_stage_notify] [frame_stage] original begin
#6815 [2026-09-17 23:53:53.166] [DEBUG] [P12236:T15604] [phase=frame_stage_notify] [hook=frame_stage_notify] [frame_stage] original end
#6816 [2026-09-17 23:53:53.186] [DEBUG] [P12236:T15604] [phase=frame_stage_notify] [hook=frame_stage_notify] [frame_stage] end stage=3
#6817 [2026-09-17 23:53:53.205] [DEBUG] [P12236:T15604] [phase=frame_stage_notify] [hook=frame_stage_notify] [frame_stage] begin stage=12 this=0x00007FF9936073C0
#6818 [2026-09-17 23:53:53.224] [DEBUG] [P12236:T15604] [phase=frame_stage_notify] [hook=frame_stage_notify] [frame_stage] original begin
#6819 [2026-09-17 23:53:53.242] [DEBUG] [P12236:T15604] [phase=frame_stage_notify] [hook=frame_stage_notify] [frame_stage] original end
#6820 [2026-09-17 23:53:53.261] [DEBUG] [P12236:T15604] [phase=frame_stage_notify] [hook=frame_stage_notify] [frame_stage] view/frame-data update begin
#6821 [2026-09-17 23:53:53.279] [DEBUG] [P12236:T15604] [phase=frame_stage_notify] [hook=frame_stage_notify] [frame_stage] view/frame-data update end
#6822 [2026-09-17 23:53:53.298] [DEBUG] [P12236:T15604] [phase=frame_stage_notify] [hook=frame_stage_notify] [frame_stage] end stage=12
#6823 [2026-09-17 23:53:53.320] [DEBUG] [P12236:T15604] [phase=frame_stage_notify] [hook=frame_stage_notify] [frame_stage] begin stage=0 this=0x00007FF9936073C0
#6827 [2026-09-17 23:53:53.339] [DEBUG] [P12236:T15604] [phase=frame_stage_notify] [hook=frame_stage_notify] [frame_stage] original begin
#6828 [2026-09-17 23:53:53.357] [DEBUG] [P12236:T15604] [phase=frame_stage_notify] [hook=frame_stage_notify] [frame_stage] original end
#6829 [2026-09-17 23:53:53.376] [DEBUG] [P12236:T15604] [phase=frame_stage_notify] [hook=frame_stage_notify] [frame_stage] end stage=0
#6830 [2026-09-17 23:53:53.395] [DEBUG] [P12236:T15604] [phase=frame_stage_notify] [hook=frame_stage_notify] [frame_stage] begin stage=11 this=0x00007FF9936073C0
#6831 [2026-09-17 23:53:53.414] [DEBUG] [P12236:T15604] [phase=frame_stage_notify] [hook=frame_stage_notify] [frame_stage] original begin
#6832 [2026-09-17 23:53:53.431] [DEBUG] [P12236:T15604] [phase=frame_stage_notify] [hook=frame_stage_notify] [frame_stage] original end
#6833 [2026-09-17 23:53:53.450] [DEBUG] [P12236:T15604] [phase=frame_stage_notify] [hook=frame_stage_notify] [frame_stage] end stage=11
#6834 [2026-09-17 23:53:53.469] [DEBUG] [P12236:T15604] [phase=frame_stage_notify] [hook=frame_stage_notify] [frame_stage] begin stage=0 this=0x00007FF9936073C0
#6835 [2026-09-17 23:53:53.487] [DEBUG] [P12236:T15604] [phase=frame_stage_notify] [hook=frame_stage_notify] [frame_stage] original begin
#6836 [2026-09-17 23:53:53.505] [DEBUG] [P12236:T15604] [phase=frame_stage_notify] [hook=frame_stage_notify] [frame_stage] original end
#6837 [2026-09-17 23:53:53.523] [DEBUG] [P12236:T15604] [phase=frame_stage_notify] [hook=frame_stage_notify] [frame_stage] end stage=0
#6838 [2026-09-17 23:53:53.542] [DEBUG] [P12236:T15604] [phase=frame_stage_notify] [hook=frame_stage_notify] [frame_stage] begin stage=11 this=0x00007FF9936073C0
#6839 [2026-09-17 23:53:53.561] [DEBUG] [P12236:T15604] [phase=frame_stage_notify] [hook=frame_stage_notify] [frame_stage] original begin
#6840 [2026-09-17 23:53:53.578] [DEBUG] [P12236:T15604] [phase=frame_stage_notify] [hook=frame_stage_notify] [frame_stage] original end
#6841 [2026-09-17 23:53:53.597] [DEBUG] [P12236:T15604] [phase=frame_stage_notify] [hook=frame_stage_notify] [frame_stage] end stage=11
#6842 [2026-09-17 23:53:53.616] [DEBUG] [P12236:T15604] [phase=frame_stage_notify] [hook=frame_stage_notify] [frame_stage] begin stage=0 this=0x00007FF9936073C0
#6843 [2026-09-17 23:53:53.634] [DEBUG] [P12236:T15604] [phase=frame_stage_notify] [hook=frame_stage_notify] [frame_stage] original begin
#6844 [2026-09-17 23:53:53.652] [DEBUG] [P12236:T15604] [phase=frame_stage_notify] [hook=frame_stage_notify] [frame_stage] original end
#6845 [2026-09-17 23:53:53.671] [DEBUG] [P12236:T15604] [phase=frame_stage_notify] [hook=frame_stage_notify] [frame_stage] end stage=0
#6846 [2026-09-17 23:53:53.708] [DEBUG] [P12236:T15604] [phase=frame_stage_notify] [hook=frame_stage_notify] [frame_stage] begin stage=11 this=0x00007FF9936073C0
#6847 [2026-09-17 23:53:53.726] [DEBUG] [P12236:T15604] [phase=frame_stage_notify] [hook=frame_stage_notify] [frame_stage] original begin
#6848 [2026-09-17 23:53:53.744] [DEBUG] [P12236:T15604] [phase=frame_stage_notify] [hook=frame_stage_notify] [frame_stage] original end
#6849 [2026-09-17 23:53:53.762] [DEBUG] [P12236:T15604] [phase=frame_stage_notify] [hook=frame_stage_notify] [frame_stage] end stage=11
#6850 [2026-09-17 23:53:53.781] [DEBUG] [P12236:T15604] [phase=frame_stage_notify] [hook=frame_stage_notify] [frame_stage] begin stage=0 this=0x00007FF9936073C0
#6851 [2026-09-17 23:53:53.800] [DEBUG] [P12236:T15604] [phase=frame_stage_notify] [hook=frame_stage_notify] [frame_stage] original begin
#6852 [2026-09-17 23:53:53.819] [DEBUG] [P12236:T15604] [phase=frame_stage_notify] [hook=frame_stage_notify] [frame_stage] original end
#6853 [2026-09-17 23:53:53.837] [DEBUG] [P12236:T15604] [phase=frame_stage_notify] [hook=frame_stage_notify] [frame_stage] end stage=0
#6854 [2026-09-17 23:53:53.856] [DEBUG] [P12236:T15604] [phase=frame_stage_notify] [hook=frame_stage_notify] [frame_stage] begin stage=11 this=0x00007FF9936073C0
#6855 [2026-09-17 23:53:53.874] [DEBUG] [P12236:T15604] [phase=frame_stage_notify] [hook=frame_stage_notify] [frame_stage] original begin
#6856 [2026-09-17 23:53:53.892] [DEBUG] [P12236:T15604] [phase=frame_stage_notify] [hook=frame_stage_notify] [frame_stage] original end
#6857 [2026-09-17 23:53:53.911] [DEBUG] [P12236:T15604] [phase=frame_stage_notify] [hook=frame_stage_notify] [frame_stage] end stage=11
#6858 [2026-09-17 23:53:53.930] [DEBUG] [P12236:T15604] [phase=frame_stage_notify] [hook=frame_stage_notify] [frame_stage] begin stage=0 this=0x00007FF9936073C0
#6859 [2026-09-17 23:53:53.949] [DEBUG] [P12236:T15604] [phase=frame_stage_notify] [hook=frame_stage_notify] [frame_stage] original begin
#6860 [2026-09-17 23:53:53.967] [DEBUG] [P12236:T15604] [phase=frame_stage_notify] [hook=frame_stage_notify] [frame_stage] original end
#6861 [2026-09-17 23:53:53.986] [DEBUG] [P12236:T15604] [phase=frame_stage_notify] [hook=frame_stage_notify] [frame_stage] end stage=0
#6862 [2026-09-17 23:53:54.005] [DEBUG] [P12236:T15604] [phase=frame_stage_notify] [hook=frame_stage_notify] [frame_stage] begin stage=11 this=0x00007FF9936073C0
#6863 [2026-09-17 23:53:54.023] [DEBUG] [P12236:T15604] [phase=frame_stage_notify] [hook=frame_stage_notify] [frame_stage] original begin
#6864 [2026-09-17 23:53:54.042] [DEBUG] [P12236:T15604] [phase=frame_stage_notify] [hook=frame_stage_notify] [frame_stage] original end
#6865 [2026-09-17 23:53:54.060] [DEBUG] [P12236:T15604] [phase=frame_stage_notify] [hook=frame_stage_notify] [frame_stage] end stage=11
#6866 [2026-09-17 23:53:54.078] [DEBUG] [P12236:T15604] [phase=frame_stage_notify] [hook=frame_stage_notify] [frame_stage] begin stage=0 this=0x00007FF9936073C0
#6867 [2026-09-17 23:53:54.097] [DEBUG] [P12236:T15604] [phase=frame_stage_notify] [hook=frame_stage_notify] [frame_stage] original begin
#6868 [2026-09-17 23:53:54.115] [DEBUG] [P12236:T15604] [phase=frame_stage_notify] [hook=frame_stage_notify] [frame_stage] original end
#6869 [2026-09-17 23:53:54.134] [DEBUG] [P12236:T15604] [phase=frame_stage_notify] [hook=frame_stage_notify] [frame_stage] end stage=0
#6870 [2026-09-17 23:53:54.153] [DEBUG] [P12236:T15604] [phase=frame_stage_notify] [hook=frame_stage_notify] [frame_stage] begin stage=10 this=0x00007FF9936073C0
#6871 [2026-09-17 23:53:54.171] [DEBUG] [P12236:T15604] [phase=frame_stage_notify] [hook=frame_stage_notify] [frame_stage] original begin
#6872 [2026-09-17 23:53:54.190] [DEBUG] [P12236:T15604] [phase=frame_stage_notify] [hook=frame_stage_notify] [frame_stage] original end
#6873 [2026-09-17 23:53:54.209] [DEBUG] [P12236:T15604] [phase=frame_stage_notify] [hook=frame_stage_notify] [frame_stage] end stage=10
#6874 [2026-09-17 23:53:54.228] [DEBUG] [P12236:T15604] [phase=frame_stage_notify] [hook=frame_stage_notify] [frame_stage] begin stage=11 this=0x00007FF9936073C0
#6875 [2026-09-17 23:53:54.247] [DEBUG] [P12236:T15604] [phase=frame_stage_notify] [hook=frame_stage_notify] [frame_stage] original begin
#6876 [2026-09-17 23:53:54.266] [DEBUG] [P12236:T15604] [phase=frame_stage_notify] [hook=frame_stage_notify] [frame_stage] original end
#6877 [2026-09-17 23:53:54.285] [DEBUG] [P12236:T15604] [phase=frame_stage_notify] [hook=frame_stage_notify] [frame_stage] end stage=11
#6878 [2026-09-17 23:53:54.303] [DEBUG] [P12236:T15604] [phase=frame_stage_notify] [hook=frame_stage_notify] [frame_stage] begin stage=1 this=0x00007FF9936073C0
#6879 [2026-09-17 23:53:54.321] [DEBUG] [P12236:T15604] [phase=frame_stage_notify] [hook=frame_stage_notify] [frame_stage] original begin
#6880 [2026-09-17 23:53:54.339] [DEBUG] [P12236:T15604] [phase=frame_stage_notify] [hook=frame_stage_notify] [frame_stage] original end
#6881 [2026-09-17 23:53:54.358] [DEBUG] [P12236:T15604] [phase=frame_stage_notify] [hook=frame_stage_notify] [frame_stage] end stage=1
#6882 [2026-09-17 23:53:54.376] [DEBUG] [P12236:T15604] [phase=frame_stage_notify] [hook=frame_stage_notify] [frame_stage] begin stage=2 this=0x00007FF9936073C0
#6883 [2026-09-17 23:53:54.395] [DEBUG] [P12236:T15604] [phase=frame_stage_notify] [hook=frame_stage_notify] [frame_stage] original begin
#6884 [2026-09-17 23:53:54.413] [DEBUG] [P12236:T15604] [phase=frame_stage_notify] [hook=frame_stage_notify] [frame_stage] original end
#6885 [2026-09-17 23:53:54.431] [DEBUG] [P12236:T15604] [phase=frame_stage_notify] [hook=frame_stage_notify] [frame_stage] end stage=2
#6886 [2026-09-17 23:53:54.449] [DEBUG] [P12236:T15604] [phase=frame_stage_notify] [hook=frame_stage_notify] [frame_stage] begin stage=5 this=0x00007FF9936073C0
#6887 [2026-09-17 23:53:54.469] [DEBUG] [P12236:T15604] [phase=frame_stage_notify] [hook=frame_stage_notify] [frame_stage] original begin
#6888 [2026-09-17 23:53:54.489] [DEBUG] [P12236:T15604] [phase=frame_stage_notify] [hook=frame_stage_notify] [frame_stage] original end
#6889 [2026-09-17 23:53:54.508] [DEBUG] [P12236:T15604] [phase=frame_stage_notify] [hook=frame_stage_notify] [frame_stage] end stage=5
#6890 [2026-09-17 23:53:54.527] [DEBUG] [P12236:T15604] [phase=frame_stage_notify] [hook=frame_stage_notify] [frame_stage] begin stage=6 this=0x00007FF9936073C0
#6891 [2026-09-17 23:53:54.547] [DEBUG] [P12236:T15604] [phase=frame_stage_notify] [hook=frame_stage_notify] [frame_stage] guns begin
#6892 [2026-09-17 23:53:54.566] [DEBUG] [P12236:T15604] [phase=frame_stage_notify] [hook=frame_stage_notify] [frame_stage] guns end
#6893 [2026-09-17 23:53:54.584] [DEBUG] [P12236:T15604] [phase=frame_stage_notify] [hook=frame_stage_notify] [frame_stage] dlight begin
#6894 [2026-09-17 23:53:54.603] [DEBUG] [P12236:T15604] [phase=frame_stage_notify] [hook=frame_stage_notify] [frame_stage] dlight end
#6895 [2026-09-17 23:53:54.622] [DEBUG] [P12236:T15604] [phase=frame_stage_notify] [hook=frame_stage_notify] [frame_stage] original begin
#6896 [2026-09-17 23:53:54.640] [DEBUG] [P12236:T15604] [phase=frame_stage_notify] [hook=frame_stage_notify] [frame_stage] original end
#6897 [2026-09-17 23:53:54.659] [DEBUG] [P12236:T15604] [phase=frame_stage_notify] [hook=frame_stage_notify] [frame_stage] post-network feature updates begin
#6898 [2026-09-17 23:53:54.677] [DEBUG] [P12236:T15604] [phase=frame_stage_notify] [hook=frame_stage_notify] [frame_stage] post-network feature updates end
#6899 [2026-09-17 23:53:54.696] [DEBUG] [P12236:T15604] [phase=frame_stage_notify] [hook=frame_stage_notify] [frame_stage] end stage=6
#6900 [2026-09-17 23:53:54.714] [DEBUG] [P12236:T15604] [phase=frame_stage_notify] [hook=frame_stage_notify] [frame_stage] begin stage=7 this=0x00007FF9936073C0
#6901 [2026-09-17 23:53:54.733] [DEBUG] [P12236:T15604] [phase=frame_stage_notify] [hook=frame_stage_notify] [frame_stage] agents begin
#6902 [2026-09-17 23:53:54.751] [DEBUG] [P12236:T15604] [phase=frame_stage_notify] [hook=frame_stage_notify] [frame_stage] agents end; gloves begin
#6903 [2026-09-17 23:53:54.769] [DEBUG] [P12236:T15604] [phase=frame_stage_notify] [hook=frame_stage_notify] [frame_stage] gloves end; knives begin
#6904 [2026-09-17 23:53:54.788] [DEBUG] [P12236:T15604] [phase=frame_stage_notify] [hook=frame_stage_notify] [frame_stage] knives end; world begin
#6905 [2026-09-17 23:53:54.807] [DEBUG] [P12236:T15604] [phase=frame_stage_notify] [hook=frame_stage_notify] [frame_stage] scene end; weather begin
#6906 [2026-09-17 23:53:54.825] [DEBUG] [P12236:T15604] [phase=frame_stage_notify] [hook=frame_stage_notify] [frame_stage] weather end; other begin
#6907 [2026-09-17 23:53:54.844] [DEBUG] [P12236:T15604] [phase=frame_stage_notify] [hook=frame_stage_notify] [frame_stage] other end; impacts begin
#6908 [2026-09-17 23:53:54.861] [DEBUG] [P12236:T15604] [phase=frame_stage_notify] [hook=frame_stage_notify] [frame_stage] impacts end
#6909 [2026-09-17 23:53:54.879] [DEBUG] [P12236:T15604] [phase=frame_stage_notify] [hook=frame_stage_notify] [frame_stage] original begin
#6910 [2026-09-17 23:53:54.897] [DEBUG] [P12236:T15604] [phase=frame_stage_notify] [hook=frame_stage_notify] [frame_stage] original end
#6911 [2026-09-17 23:53:54.916] [DEBUG] [P12236:T15604] [phase=frame_stage_notify] [hook=frame_stage_notify] [frame_stage] end stage=7
#6912 [2026-09-17 23:53:54.934] [DEBUG] [P12236:T15604] [phase=frame_stage_notify] [hook=frame_stage_notify] [frame_stage] begin stage=8 this=0x00007FF9936073C0
#6913 [2026-09-17 23:53:54.953] [DEBUG] [P12236:T15604] [phase=frame_stage_notify] [hook=frame_stage_notify] [frame_stage] original begin
#6914 [2026-09-17 23:53:54.971] [DEBUG] [P12236:T15604] [phase=frame_stage_notify] [hook=frame_stage_notify] [frame_stage] original end
#6915 [2026-09-17 23:53:54.989] [DEBUG] [P12236:T15604] [phase=frame_stage_notify] [hook=frame_stage_notify] [frame_stage] end stage=8
#6916 [2026-09-17 23:53:55.007] [DEBUG] [P12236:T15604] [phase=frame_stage_notify] [hook=frame_stage_notify] [frame_stage] begin stage=3 this=0x00007FF9936073C0
#6917 [2026-09-17 23:53:55.026] [DEBUG] [P12236:T15604] [phase=frame_stage_notify] [hook=frame_stage_notify] [frame_stage] original begin
#6918 [2026-09-17 23:53:55.045] [DEBUG] [P12236:T15604] [phase=frame_stage_notify] [hook=frame_stage_notify] [frame_stage] original end
#6919 [2026-09-17 23:53:55.063] [DEBUG] [P12236:T15604] [phase=frame_stage_notify] [hook=frame_stage_notify] [frame_stage] end stage=3
#6920 [2026-09-17 23:53:55.082] [DEBUG] [P12236:T15604] [phase=frame_stage_notify] [hook=frame_stage_notify] [frame_stage] begin stage=12 this=0x00007FF9936073C0
#6921 [2026-09-17 23:53:55.100] [DEBUG] [P12236:T15604] [phase=frame_stage_notify] [hook=frame_stage_notify] [frame_stage] original begin
#6922 [2026-09-17 23:53:55.118] [DEBUG] [P12236:T15604] [phase=frame_stage_notify] [hook=frame_stage_notify] [frame_stage] original end
#6923 [2026-09-17 23:53:55.137] [DEBUG] [P12236:T15604] [phase=frame_stage_notify] [hook=frame_stage_notify] [frame_stage] view/frame-data update begin
#6924 [2026-09-17 23:53:55.155] [DEBUG] [P12236:T15604] [phase=frame_stage_notify] [hook=frame_stage_notify] [frame_stage] view/frame-data update end
#6925 [2026-09-17 23:53:55.173] [DEBUG] [P12236:T15604] [phase=frame_stage_notify] [hook=frame_stage_notify] [frame_stage] end stage=12
#6926 [2026-09-17 23:53:55.212] [DEBUG] [P12236:T18300] [phase=present] [hook=present] [present] begin swap_chain=0x00000242DB990F50 sync=0 flags=0x200 ready=1
#7035 [2026-09-17 23:53:55.232] [DEBUG] [P12236:T18300] [phase=present] [hook=present] [present] rendering context updated
#7036 [2026-09-17 23:53:55.250] [DEBUG] [P12236:T18300] [phase=present] [hook=present] [present] forwarding to original
#7037 [2026-09-17 23:53:55.270] [DEBUG] [P12236:T15604] [phase=frame_stage_notify] [hook=frame_stage_notify] [frame_stage] begin stage=0 this=0x00007FF9936073C0
#7041 [2026-09-17 23:53:55.288] [DEBUG] [P12236:T15604] [phase=frame_stage_notify] [hook=frame_stage_notify] [frame_stage] original begin
#7042 [2026-09-17 23:53:55.306] [DEBUG] [P12236:T15604] [phase=frame_stage_notify] [hook=frame_stage_notify] [frame_stage] original end
#7043 [2026-09-17 23:53:55.324] [DEBUG] [P12236:T15604] [phase=frame_stage_notify] [hook=frame_stage_notify] [frame_stage] end stage=0
#7044 [2026-09-17 23:53:55.343] [DEBUG] [P12236:T15604] [phase=frame_stage_notify] [hook=frame_stage_notify] [frame_stage] begin stage=11 this=0x00007FF9936073C0
#7045 [2026-09-17 23:53:55.361] [DEBUG] [P12236:T15604] [phase=frame_stage_notify] [hook=frame_stage_notify] [frame_stage] original begin
#7046 [2026-09-17 23:53:55.380] [DEBUG] [P12236:T15604] [phase=frame_stage_notify] [hook=frame_stage_notify] [frame_stage] original end
#7047 [2026-09-17 23:53:55.398] [DEBUG] [P12236:T15604] [phase=frame_stage_notify] [hook=frame_stage_notify] [frame_stage] end stage=11
#7048 [2026-09-17 23:53:55.417] [DEBUG] [P12236:T15604] [phase=frame_stage_notify] [hook=frame_stage_notify] [frame_stage] begin stage=0 this=0x00007FF9936073C0
#7049 [2026-09-17 23:53:55.435] [DEBUG] [P12236:T15604] [phase=frame_stage_notify] [hook=frame_stage_notify] [frame_stage] original begin
#7050 [2026-09-17 23:53:55.453] [DEBUG] [P12236:T15604] [phase=frame_stage_notify] [hook=frame_stage_notify] [frame_stage] original end
#7051 [2026-09-17 23:53:55.472] [DEBUG] [P12236:T15604] [phase=frame_stage_notify] [hook=frame_stage_notify] [frame_stage] end stage=0
#7052 [2026-09-17 23:53:55.490] [DEBUG] [P12236:T15604] [phase=frame_stage_notify] [hook=frame_stage_notify] [frame_stage] begin stage=11 this=0x00007FF9936073C0
#7053 [2026-09-17 23:53:55.508] [DEBUG] [P12236:T15604] [phase=frame_stage_notify] [hook=frame_stage_notify] [frame_stage] original begin
#7054 [2026-09-17 23:53:55.527] [DEBUG] [P12236:T15604] [phase=frame_stage_notify] [hook=frame_stage_notify] [frame_stage] original end
#7055 [2026-09-17 23:53:55.545] [DEBUG] [P12236:T15604] [phase=frame_stage_notify] [hook=frame_stage_notify] [frame_stage] end stage=11
#7056 [2026-09-17 23:53:55.564] [DEBUG] [P12236:T15604] [phase=frame_stage_notify] [hook=frame_stage_notify] [frame_stage] begin stage=0 this=0x00007FF9936073C0
#7057 [2026-09-17 23:53:55.583] [DEBUG] [P12236:T15604] [phase=frame_stage_notify] [hook=frame_stage_notify] [frame_stage] original begin
#7058 [2026-09-17 23:53:55.601] [DEBUG] [P12236:T15604] [phase=frame_stage_notify] [hook=frame_stage_notify] [frame_stage] original end
#7059 [2026-09-17 23:53:55.619] [DEBUG] [P12236:T15604] [phase=frame_stage_notify] [hook=frame_stage_notify] [frame_stage] end stage=0
#7060 [2026-09-17 23:53:55.639] [DEBUG] [P12236:T15604] [phase=frame_stage_notify] [hook=frame_stage_notify] [frame_stage] begin stage=10 this=0x00007FF9936073C0
#7061 [2026-09-17 23:53:55.658] [DEBUG] [P12236:T15604] [phase=frame_stage_notify] [hook=frame_stage_notify] [frame_stage] original begin
#7062 [2026-09-17 23:53:55.676] [DEBUG] [P12236:T15604] [phase=frame_stage_notify] [hook=frame_stage_notify] [frame_stage] original end
#7063 [2026-09-17 23:53:55.695] [DEBUG] [P12236:T15604] [phase=frame_stage_notify] [hook=frame_stage_notify] [frame_stage] end stage=10
#7064 [2026-09-17 23:53:55.714] [DEBUG] [P12236:T15604] [phase=frame_stage_notify] [hook=frame_stage_notify] [frame_stage] begin stage=11 this=0x00007FF9936073C0
#7065 [2026-09-17 23:53:55.733] [DEBUG] [P12236:T15604] [phase=frame_stage_notify] [hook=frame_stage_notify] [frame_stage] original begin
#7066 [2026-09-17 23:53:55.751] [DEBUG] [P12236:T15604] [phase=frame_stage_notify] [hook=frame_stage_notify] [frame_stage] original end
#7067 [2026-09-17 23:53:55.769] [DEBUG] [P12236:T15604] [phase=frame_stage_notify] [hook=frame_stage_notify] [frame_stage] end stage=11
#7068 [2026-09-17 23:53:55.788] [DEBUG] [P12236:T15604] [phase=frame_stage_notify] [hook=frame_stage_notify] [frame_stage] begin stage=1 this=0x00007FF9936073C0
#7069 [2026-09-17 23:53:55.807] [DEBUG] [P12236:T15604] [phase=frame_stage_notify] [hook=frame_stage_notify] [frame_stage] original begin
#7070 [2026-09-17 23:53:55.825] [DEBUG] [P12236:T15604] [phase=frame_stage_notify] [hook=frame_stage_notify] [frame_stage] original end
#7071 [2026-09-17 23:53:55.845] [DEBUG] [P12236:T15604] [phase=frame_stage_notify] [hook=frame_stage_notify] [frame_stage] end stage=1
#7072 [2026-09-17 23:53:55.862] [DEBUG] [P12236:T15604] [phase=frame_stage_notify] [hook=frame_stage_notify] [frame_stage] begin stage=2 this=0x00007FF9936073C0
#7073 [2026-09-17 23:53:55.881] [DEBUG] [P12236:T15604] [phase=frame_stage_notify] [hook=frame_stage_notify] [frame_stage] original begin
#7074 [2026-09-17 23:53:55.900] [DEBUG] [P12236:T15604] [phase=frame_stage_notify] [hook=frame_stage_notify] [frame_stage] original end
#7075 [2026-09-17 23:53:55.919] [DEBUG] [P12236:T15604] [phase=frame_stage_notify] [hook=frame_stage_notify] [frame_stage] end stage=2
#7076 [2026-09-17 23:53:55.938] [DEBUG] [P12236:T15604] [phase=frame_stage_notify] [hook=frame_stage_notify] [frame_stage] begin stage=5 this=0x00007FF9936073C0
#7077 [2026-09-17 23:53:55.956] [DEBUG] [P12236:T15604] [phase=frame_stage_notify] [hook=frame_stage_notify] [frame_stage] original begin
#7078 [2026-09-17 23:53:55.975] [DEBUG] [P12236:T15604] [phase=frame_stage_notify] [hook=frame_stage_notify] [frame_stage] original end
#7079 [2026-09-17 23:53:55.993] [DEBUG] [P12236:T15604] [phase=frame_stage_notify] [hook=frame_stage_notify] [frame_stage] end stage=5
#7080 [2026-09-17 23:53:56.011] [DEBUG] [P12236:T15604] [phase=frame_stage_notify] [hook=frame_stage_notify] [frame_stage] begin stage=6 this=0x00007FF9936073C0
#7081 [2026-09-17 23:53:56.030] [DEBUG] [P12236:T15604] [phase=frame_stage_notify] [hook=frame_stage_notify] [frame_stage] guns begin
#7082 [2026-09-17 23:53:56.048] [DEBUG] [P12236:T15604] [phase=frame_stage_notify] [hook=frame_stage_notify] [frame_stage] guns end
#7083 [2026-09-17 23:53:56.067] [DEBUG] [P12236:T15604] [phase=frame_stage_notify] [hook=frame_stage_notify] [frame_stage] dlight begin
#7084 [2026-09-17 23:53:56.085] [DEBUG] [P12236:T15604] [phase=frame_stage_notify] [hook=frame_stage_notify] [frame_stage] dlight end
#7085 [2026-09-17 23:53:56.104] [DEBUG] [P12236:T15604] [phase=frame_stage_notify] [hook=frame_stage_notify] [frame_stage] original begin
#7086 [2026-09-17 23:53:56.124] [DEBUG] [P12236:T15604] [phase=frame_stage_notify] [hook=frame_stage_notify] [frame_stage] original end
#7087 [2026-09-17 23:53:56.142] [DEBUG] [P12236:T15604] [phase=frame_stage_notify] [hook=frame_stage_notify] [frame_stage] post-network feature updates begin
#7088 [2026-09-17 23:53:56.160] [DEBUG] [P12236:T15604] [phase=frame_stage_notify] [hook=frame_stage_notify] [frame_stage] post-network feature updates end
#7089 [2026-09-17 23:53:56.178] [DEBUG] [P12236:T15604] [phase=frame_stage_notify] [hook=frame_stage_notify] [frame_stage] end stage=6
#7090 [2026-09-17 23:53:56.196] [DEBUG] [P12236:T15604] [phase=frame_stage_notify] [hook=frame_stage_notify] [frame_stage] begin stage=7 this=0x00007FF9936073C0
#7091 [2026-09-17 23:53:56.214] [DEBUG] [P12236:T15604] [phase=frame_stage_notify] [hook=frame_stage_notify] [frame_stage] agents begin
#7092 [2026-09-17 23:53:56.233] [DEBUG] [P12236:T15604] [phase=frame_stage_notify] [hook=frame_stage_notify] [frame_stage] agents end; gloves begin
#7093 [2026-09-17 23:53:56.252] [DEBUG] [P12236:T15604] [phase=frame_stage_notify] [hook=frame_stage_notify] [frame_stage] gloves end; knives begin
#7094 [2026-09-17 23:53:56.270] [DEBUG] [P12236:T15604] [phase=frame_stage_notify] [hook=frame_stage_notify] [frame_stage] knives end; world begin
#7095 [2026-09-17 23:53:56.307] [DEBUG] [P12236:T15604] [phase=frame_stage_notify] [hook=frame_stage_notify] [frame_stage] scene end; weather begin
#7096 [2026-09-17 23:53:56.360] [DEBUG] [P12236:T15604] [phase=frame_stage_notify] [hook=frame_stage_notify] [frame_stage] weather end; other begin
#7097 [2026-09-17 23:53:56.379] [DEBUG] [P12236:T15604] [phase=frame_stage_notify] [hook=frame_stage_notify] [frame_stage] other end; impacts begin
#7098 [2026-09-17 23:53:56.398] [DEBUG] [P12236:T15604] [phase=frame_stage_notify] [hook=frame_stage_notify] [frame_stage] impacts end
#7099 [2026-09-17 23:53:56.422] [DEBUG] [P12236:T15604] [phase=frame_stage_notify] [hook=frame_stage_notify] [frame_stage] original begin
#7100 [2026-09-17 23:53:56.440] [DEBUG] [P12236:T15604] [phase=frame_stage_notify] [hook=frame_stage_notify] [frame_stage] original end
#7101 [2026-09-17 23:53:56.459] [DEBUG] [P12236:T15604] [phase=frame_stage_notify] [hook=frame_stage_notify] [frame_stage] end stage=7
#7102 [2026-09-17 23:53:56.478] [DEBUG] [P12236:T15604] [phase=frame_stage_notify] [hook=frame_stage_notify] [frame_stage] begin stage=8 this=0x00007FF9936073C0
#7103 [2026-09-17 23:53:56.496] [DEBUG] [P12236:T15604] [phase=frame_stage_notify] [hook=frame_stage_notify] [frame_stage] original begin
#7104 [2026-09-17 23:53:56.514] [DEBUG] [P12236:T15604] [phase=frame_stage_notify] [hook=frame_stage_notify] [frame_stage] original end
#7105 [2026-09-17 23:53:56.532] [DEBUG] [P12236:T15604] [phase=frame_stage_notify] [hook=frame_stage_notify] [frame_stage] end stage=8
#7106 [2026-09-17 23:53:56.569] [DEBUG] [P12236:T15604] [phase=frame_stage_notify] [hook=frame_stage_notify] [frame_stage] begin stage=3 this=0x00007FF9936073C0
#7107 [2026-09-17 23:53:56.587] [DEBUG] [P12236:T15604] [phase=frame_stage_notify] [hook=frame_stage_notify] [frame_stage] original begin
#7108 [2026-09-17 23:53:56.606] [DEBUG] [P12236:T15604] [phase=frame_stage_notify] [hook=frame_stage_notify] [frame_stage] original end
#7109 [2026-09-17 23:53:56.625] [DEBUG] [P12236:T15604] [phase=frame_stage_notify] [hook=frame_stage_notify] [frame_stage] end stage=3
#7110 [2026-09-17 23:53:56.643] [DEBUG] [P12236:T15604] [phase=frame_stage_notify] [hook=frame_stage_notify] [frame_stage] begin stage=12 this=0x00007FF9936073C0
#7111 [2026-09-17 23:53:56.662] [DEBUG] [P12236:T15604] [phase=frame_stage_notify] [hook=frame_stage_notify] [frame_stage] original begin
#7112 [2026-09-17 23:53:56.680] [DEBUG] [P12236:T15604] [phase=frame_stage_notify] [hook=frame_stage_notify] [frame_stage] original end
#7113 [2026-09-17 23:53:56.698] [DEBUG] [P12236:T15604] [phase=frame_stage_notify] [hook=frame_stage_notify] [frame_stage] view/frame-data update begin
#7114 [2026-09-17 23:53:56.716] [DEBUG] [P12236:T15604] [phase=frame_stage_notify] [hook=frame_stage_notify] [frame_stage] view/frame-data update end
#7115 [2026-09-17 23:53:56.735] [DEBUG] [P12236:T15604] [phase=frame_stage_notify] [hook=frame_stage_notify] [frame_stage] end stage=12
#7116 [2026-09-17 23:53:56.757] [DEBUG] [P12236:T2968] [phase=none] [hook=generate_primitives] hook enter name=generate_primitives arg0=0x00007FF99B387AD0 arg1=0x000002B476F67980 arg2=0x000000C7163FFBE0 arg3=0x000000C7163FF1A0
#7117 [2026-09-17 23:53:56.775] [DEBUG] [P12236:T2968] [phase=none] [hook=generate_primitives] hook leave name=generate_primitives duration_ms=15
#7118 [2026-09-17 23:53:56.796] [DEBUG] [P12236:T15604] [phase=frame_stage_notify] [hook=frame_stage_notify] [frame_stage] begin stage=0 this=0x00007FF9936073C0
#7122 [2026-09-17 23:53:56.814] [DEBUG] [P12236:T15604] [phase=frame_stage_notify] [hook=frame_stage_notify] [frame_stage] original begin
#7123 [2026-09-17 23:53:56.832] [DEBUG] [P12236:T15604] [phase=frame_stage_notify] [hook=frame_stage_notify] [frame_stage] original end
#7124 [2026-09-17 23:53:56.850] [DEBUG] [P12236:T15604] [phase=frame_stage_notify] [hook=frame_stage_notify] [frame_stage] end stage=0
#7125 [2026-09-17 23:53:56.869] [DEBUG] [P12236:T15604] [phase=frame_stage_notify] [hook=frame_stage_notify] [frame_stage] begin stage=11 this=0x00007FF9936073C0
#7126 [2026-09-17 23:53:56.887] [DEBUG] [P12236:T15604] [phase=frame_stage_notify] [hook=frame_stage_notify] [frame_stage] original begin
#7127 [2026-09-17 23:53:56.905] [DEBUG] [P12236:T15604] [phase=frame_stage_notify] [hook=frame_stage_notify] [frame_stage] original end
#7128 [2026-09-17 23:53:56.924] [DEBUG] [P12236:T15604] [phase=frame_stage_notify] [hook=frame_stage_notify] [frame_stage] end stage=11
#7129 [2026-09-17 23:53:56.942] [DEBUG] [P12236:T15604] [phase=frame_stage_notify] [hook=frame_stage_notify] [frame_stage] begin stage=0 this=0x00007FF9936073C0
#7130 [2026-09-17 23:53:56.960] [DEBUG] [P12236:T15604] [phase=frame_stage_notify] [hook=frame_stage_notify] [frame_stage] original begin
#7131 [2026-09-17 23:53:56.978] [DEBUG] [P12236:T15604] [phase=frame_stage_notify] [hook=frame_stage_notify] [frame_stage] original end
#7132 [2026-09-17 23:53:56.997] [DEBUG] [P12236:T15604] [phase=frame_stage_notify] [hook=frame_stage_notify] [frame_stage] end stage=0
#7133 [2026-09-17 23:53:57.017] [DEBUG] [P12236:T15604] [phase=frame_stage_notify] [hook=frame_stage_notify] [frame_stage] begin stage=11 this=0x00007FF9936073C0
#7134 [2026-09-17 23:53:57.034] [DEBUG] [P12236:T15604] [phase=frame_stage_notify] [hook=frame_stage_notify] [frame_stage] original begin
#7135 [2026-09-17 23:53:57.053] [DEBUG] [P12236:T15604] [phase=frame_stage_notify] [hook=frame_stage_notify] [frame_stage] original end
#7136 [2026-09-17 23:53:57.071] [DEBUG] [P12236:T15604] [phase=frame_stage_notify] [hook=frame_stage_notify] [frame_stage] end stage=11
#7137 [2026-09-17 23:53:57.089] [DEBUG] [P12236:T15604] [phase=frame_stage_notify] [hook=frame_stage_notify] [frame_stage] begin stage=0 this=0x00007FF9936073C0
#7138 [2026-09-17 23:53:57.108] [DEBUG] [P12236:T15604] [phase=frame_stage_notify] [hook=frame_stage_notify] [frame_stage] original begin
#7139 [2026-09-17 23:53:57.126] [DEBUG] [P12236:T15604] [phase=frame_stage_notify] [hook=frame_stage_notify] [frame_stage] original end
#7140 [2026-09-17 23:53:57.162] [DEBUG] [P12236:T15604] [phase=frame_stage_notify] [hook=frame_stage_notify] [frame_stage] end stage=0
#7141 [2026-09-17 23:53:57.231] [DEBUG] [P12236:T15604] [phase=frame_stage_notify] [hook=frame_stage_notify] [frame_stage] begin stage=11 this=0x00007FF9936073C0
#7142 [2026-09-17 23:53:57.299] [DEBUG] [P12236:T15604] [phase=frame_stage_notify] [hook=frame_stage_notify] [frame_stage] original begin
#7143 [2026-09-17 23:53:57.368] [DEBUG] [P12236:T15604] [phase=frame_stage_notify] [hook=frame_stage_notify] [frame_stage] original end
#7144 [2026-09-17 23:53:57.386] [DEBUG] [P12236:T15604] [phase=frame_stage_notify] [hook=frame_stage_notify] [frame_stage] end stage=11
#7145 [2026-09-17 23:53:57.404] [DEBUG] [P12236:T15604] [phase=frame_stage_notify] [hook=frame_stage_notify] [frame_stage] begin stage=0 this=0x00007FF9936073C0
#7146 [2026-09-17 23:53:57.422] [DEBUG] [P12236:T15604] [phase=frame_stage_notify] [hook=frame_stage_notify] [frame_stage] original begin
#7147 [2026-09-17 23:53:57.440] [DEBUG] [P12236:T15604] [phase=frame_stage_notify] [hook=frame_stage_notify] [frame_stage] original end
#7148 [2026-09-17 23:53:57.458] [DEBUG] [P12236:T15604] [phase=frame_stage_notify] [hook=frame_stage_notify] [frame_stage] end stage=0
#7149 [2026-09-17 23:53:57.476] [DEBUG] [P12236:T15604] [phase=frame_stage_notify] [hook=frame_stage_notify] [frame_stage] begin stage=11 this=0x00007FF9936073C0
#7150 [2026-09-17 23:53:57.495] [DEBUG] [P12236:T15604] [phase=frame_stage_notify] [hook=frame_stage_notify] [frame_stage] original begin
#7151 [2026-09-17 23:53:57.513] [DEBUG] [P12236:T15604] [phase=frame_stage_notify] [hook=frame_stage_notify] [frame_stage] original end
#7152 [2026-09-17 23:53:57.531] [DEBUG] [P12236:T15604] [phase=frame_stage_notify] [hook=frame_stage_notify] [frame_stage] end stage=11
#7153 [2026-09-17 23:53:57.549] [DEBUG] [P12236:T15604] [phase=frame_stage_notify] [hook=frame_stage_notify] [frame_stage] begin stage=0 this=0x00007FF9936073C0
#7154 [2026-09-17 23:53:57.568] [DEBUG] [P12236:T15604] [phase=frame_stage_notify] [hook=frame_stage_notify] [frame_stage] original begin
#7155 [2026-09-17 23:53:57.586] [DEBUG] [P12236:T15604] [phase=frame_stage_notify] [hook=frame_stage_notify] [frame_stage] original end
#7156 [2026-09-17 23:53:57.604] [DEBUG] [P12236:T15604] [phase=frame_stage_notify] [hook=frame_stage_notify] [frame_stage] end stage=0
#7157 [2026-09-17 23:53:57.623] [DEBUG] [P12236:T15604] [phase=frame_stage_notify] [hook=frame_stage_notify] [frame_stage] begin stage=11 this=0x00007FF9936073C0
#7158 [2026-09-17 23:53:57.641] [DEBUG] [P12236:T15604] [phase=frame_stage_notify] [hook=frame_stage_notify] [frame_stage] original begin
#7159 [2026-09-17 23:53:57.662] [DEBUG] [P12236:T15604] [phase=frame_stage_notify] [hook=frame_stage_notify] [frame_stage] original end
#7160 [2026-09-17 23:53:57.681] [DEBUG] [P12236:T15604] [phase=frame_stage_notify] [hook=frame_stage_notify] [frame_stage] end stage=11
#7161 [2026-09-17 23:53:57.700] [DEBUG] [P12236:T15604] [phase=frame_stage_notify] [hook=frame_stage_notify] [frame_stage] begin stage=0 this=0x00007FF9936073C0
#7162 [2026-09-17 23:53:57.719] [DEBUG] [P12236:T15604] [phase=frame_stage_notify] [hook=frame_stage_notify] [frame_stage] original begin
#7163 [2026-09-17 23:53:57.737] [DEBUG] [P12236:T15604] [phase=frame_stage_notify] [hook=frame_stage_notify] [frame_stage] original end
#7164 [2026-09-17 23:53:57.755] [DEBUG] [P12236:T15604] [phase=frame_stage_notify] [hook=frame_stage_notify] [frame_stage] end stage=0
#7165 [2026-09-17 23:53:57.774] [DEBUG] [P12236:T15604] [phase=frame_stage_notify] [hook=frame_stage_notify] [frame_stage] begin stage=11 this=0x00007FF9936073C0
#7166 [2026-09-17 23:53:57.793] [DEBUG] [P12236:T15604] [phase=frame_stage_notify] [hook=frame_stage_notify] [frame_stage] original begin
#7167 [2026-09-17 23:53:57.812] [DEBUG] [P12236:T15604] [phase=frame_stage_notify] [hook=frame_stage_notify] [frame_stage] original end
#7168 [2026-09-17 23:53:57.830] [DEBUG] [P12236:T15604] [phase=frame_stage_notify] [hook=frame_stage_notify] [frame_stage] end stage=11
#7169 [2026-09-17 23:53:57.848] [DEBUG] [P12236:T15604] [phase=frame_stage_notify] [hook=frame_stage_notify] [frame_stage] begin stage=0 this=0x00007FF9936073C0
#7170 [2026-09-17 23:53:57.866] [DEBUG] [P12236:T15604] [phase=frame_stage_notify] [hook=frame_stage_notify] [frame_stage] original begin
#7171 [2026-09-17 23:53:57.885] [DEBUG] [P12236:T15604] [phase=frame_stage_notify] [hook=frame_stage_notify] [frame_stage] original end
#7172 [2026-09-17 23:53:57.904] [DEBUG] [P12236:T15604] [phase=frame_stage_notify] [hook=frame_stage_notify] [frame_stage] end stage=0
#7173 [2026-09-17 23:53:57.940] [DEBUG] [P12236:T15604] [phase=frame_stage_notify] [hook=frame_stage_notify] [frame_stage] begin stage=10 this=0x00007FF9936073C0
#7174 [2026-09-17 23:53:57.959] [DEBUG] [P12236:T15604] [phase=frame_stage_notify] [hook=frame_stage_notify] [frame_stage] original begin
#7175 [2026-09-17 23:53:57.976] [DEBUG] [P12236:T15604] [phase=frame_stage_notify] [hook=frame_stage_notify] [frame_stage] original end
#7176 [2026-09-17 23:53:57.994] [DEBUG] [P12236:T15604] [phase=frame_stage_notify] [hook=frame_stage_notify] [frame_stage] end stage=10
#7177 [2026-09-17 23:53:58.013] [DEBUG] [P12236:T15604] [phase=frame_stage_notify] [hook=frame_stage_notify] [frame_stage] begin stage=11 this=0x00007FF9936073C0
#7178 [2026-09-17 23:53:58.048] [DEBUG] [P12236:T15604] [phase=frame_stage_notify] [hook=frame_stage_notify] [frame_stage] original begin
#7179 [2026-09-17 23:53:58.066] [DEBUG] [P12236:T15604] [phase=frame_stage_notify] [hook=frame_stage_notify] [frame_stage] original end
#7180 [2026-09-17 23:53:58.084] [DEBUG] [P12236:T15604] [phase=frame_stage_notify] [hook=frame_stage_notify] [frame_stage] end stage=11
#7181 [2026-09-17 23:53:58.102] [DEBUG] [P12236:T15604] [phase=frame_stage_notify] [hook=frame_stage_notify] [frame_stage] begin stage=1 this=0x00007FF9936073C0
#7182 [2026-09-17 23:53:58.121] [DEBUG] [P12236:T15604] [phase=frame_stage_notify] [hook=frame_stage_notify] [frame_stage] original begin
#7183 [2026-09-17 23:53:58.139] [DEBUG] [P12236:T15604] [phase=frame_stage_notify] [hook=frame_stage_notify] [frame_stage] original end
#7184 [2026-09-17 23:53:58.158] [DEBUG] [P12236:T15604] [phase=frame_stage_notify] [hook=frame_stage_notify] [frame_stage] end stage=1
#7185 [2026-09-17 23:53:58.175] [DEBUG] [P12236:T15604] [phase=frame_stage_notify] [hook=frame_stage_notify] [frame_stage] begin stage=2 this=0x00007FF9936073C0
#7186 [2026-09-17 23:53:58.193] [DEBUG] [P12236:T15604] [phase=frame_stage_notify] [hook=frame_stage_notify] [frame_stage] original begin
#7187 [2026-09-17 23:53:58.211] [DEBUG] [P12236:T15604] [phase=frame_stage_notify] [hook=frame_stage_notify] [frame_stage] original end
#7188 [2026-09-17 23:53:58.230] [DEBUG] [P12236:T15604] [phase=frame_stage_notify] [hook=frame_stage_notify] [frame_stage] end stage=2
#7189 [2026-09-17 23:53:58.249] [DEBUG] [P12236:T15604] [phase=frame_stage_notify] [hook=frame_stage_notify] [frame_stage] begin stage=5 this=0x00007FF9936073C0
#7190 [2026-09-17 23:53:58.268] [DEBUG] [P12236:T15604] [phase=frame_stage_notify] [hook=frame_stage_notify] [frame_stage] original begin
#7191 [2026-09-17 23:53:58.287] [DEBUG] [P12236:T15604] [phase=frame_stage_notify] [hook=frame_stage_notify] [frame_stage] original end
#7192 [2026-09-17 23:53:58.305] [DEBUG] [P12236:T15604] [phase=frame_stage_notify] [hook=frame_stage_notify] [frame_stage] end stage=5
#7193 [2026-09-17 23:53:58.324] [DEBUG] [P12236:T15604] [phase=frame_stage_notify] [hook=frame_stage_notify] [frame_stage] begin stage=6 this=0x00007FF9936073C0
#7194 [2026-09-17 23:53:58.342] [DEBUG] [P12236:T15604] [phase=frame_stage_notify] [hook=frame_stage_notify] [frame_stage] guns begin
#7195 [2026-09-17 23:53:58.360] [DEBUG] [P12236:T15604] [phase=frame_stage_notify] [hook=frame_stage_notify] [frame_stage] guns end
#7196 [2026-09-17 23:53:58.378] [DEBUG] [P12236:T15604] [phase=frame_stage_notify] [hook=frame_stage_notify] [frame_stage] dlight begin
#7197 [2026-09-17 23:53:58.396] [DEBUG] [P12236:T15604] [phase=frame_stage_notify] [hook=frame_stage_notify] [frame_stage] dlight end
#7198 [2026-09-17 23:53:58.414] [DEBUG] [P12236:T15604] [phase=frame_stage_notify] [hook=frame_stage_notify] [frame_stage] original begin
#7199 [2026-09-17 23:53:58.433] [DEBUG] [P12236:T15604] [phase=frame_stage_notify] [hook=frame_stage_notify] [frame_stage] original end
#7200 [2026-09-17 23:53:58.450] [DEBUG] [P12236:T15604] [phase=frame_stage_notify] [hook=frame_stage_notify] [frame_stage] post-network feature updates begin
#7201 [2026-09-17 23:53:58.468] [DEBUG] [P12236:T15604] [phase=frame_stage_notify] [hook=frame_stage_notify] [frame_stage] post-network feature updates end
#7202 [2026-09-17 23:53:58.486] [DEBUG] [P12236:T15604] [phase=frame_stage_notify] [hook=frame_stage_notify] [frame_stage] end stage=6
#7203 [2026-09-17 23:53:58.504] [DEBUG] [P12236:T15604] [phase=frame_stage_notify] [hook=frame_stage_notify] [frame_stage] begin stage=7 this=0x00007FF9936073C0
#7204 [2026-09-17 23:53:58.522] [DEBUG] [P12236:T15604] [phase=frame_stage_notify] [hook=frame_stage_notify] [frame_stage] agents begin
#7205 [2026-09-17 23:53:58.540] [DEBUG] [P12236:T15604] [phase=frame_stage_notify] [hook=frame_stage_notify] [frame_stage] agents end; gloves begin
#7206 [2026-09-17 23:53:58.559] [DEBUG] [P12236:T15604] [phase=frame_stage_notify] [hook=frame_stage_notify] [frame_stage] gloves end; knives begin
#7207 [2026-09-17 23:53:58.578] [DEBUG] [P12236:T15604] [phase=frame_stage_notify] [hook=frame_stage_notify] [frame_stage] knives end; world begin
#7208 [2026-09-17 23:53:58.597] [DEBUG] [P12236:T15604] [phase=frame_stage_notify] [hook=frame_stage_notify] [frame_stage] scene end; weather begin
#7209 [2026-09-17 23:53:58.614] [DEBUG] [P12236:T15604] [phase=frame_stage_notify] [hook=frame_stage_notify] [frame_stage] weather end; other begin
#7210 [2026-09-17 23:53:58.633] [DEBUG] [P12236:T15604] [phase=frame_stage_notify] [hook=frame_stage_notify] [frame_stage] other end; impacts begin
#7211 [2026-09-17 23:53:58.651] [DEBUG] [P12236:T15604] [phase=frame_stage_notify] [hook=frame_stage_notify] [frame_stage] impacts end
#7212 [2026-09-17 23:53:58.670] [DEBUG] [P12236:T15604] [phase=frame_stage_notify] [hook=frame_stage_notify] [frame_stage] original begin
#7213 [2026-09-17 23:53:58.689] [DEBUG] [P12236:T15604] [phase=frame_stage_notify] [hook=frame_stage_notify] [frame_stage] original end
#7214 [2026-09-17 23:53:58.707] [DEBUG] [P12236:T15604] [phase=frame_stage_notify] [hook=frame_stage_notify] [frame_stage] end stage=7
#7215 [2026-09-17 23:53:58.725] [DEBUG] [P12236:T15604] [phase=frame_stage_notify] [hook=frame_stage_notify] [frame_stage] begin stage=8 this=0x00007FF9936073C0
#7216 [2026-09-17 23:53:58.744] [DEBUG] [P12236:T15604] [phase=frame_stage_notify] [hook=frame_stage_notify] [frame_stage] original begin
#7217 [2026-09-17 23:53:58.763] [DEBUG] [P12236:T15604] [phase=frame_stage_notify] [hook=frame_stage_notify] [frame_stage] original end
#7218 [2026-09-17 23:53:58.782] [DEBUG] [P12236:T15604] [phase=frame_stage_notify] [hook=frame_stage_notify] [frame_stage] end stage=8
#7219 [2026-09-17 23:53:58.801] [DEBUG] [P12236:T15604] [phase=frame_stage_notify] [hook=frame_stage_notify] [frame_stage] begin stage=3 this=0x00007FF9936073C0
#7220 [2026-09-17 23:53:58.818] [DEBUG] [P12236:T15604] [phase=frame_stage_notify] [hook=frame_stage_notify] [frame_stage] original begin
#7221 [2026-09-17 23:53:58.836] [DEBUG] [P12236:T15604] [phase=frame_stage_notify] [hook=frame_stage_notify] [frame_stage] original end
#7222 [2026-09-17 23:53:58.854] [DEBUG] [P12236:T15604] [phase=frame_stage_notify] [hook=frame_stage_notify] [frame_stage] end stage=3
#7223 [2026-09-17 23:53:58.873] [DEBUG] [P12236:T15604] [phase=frame_stage_notify] [hook=frame_stage_notify] [frame_stage] begin stage=12 this=0x00007FF9936073C0
#7224 [2026-09-17 23:53:58.892] [DEBUG] [P12236:T15604] [phase=frame_stage_notify] [hook=frame_stage_notify] [frame_stage] original begin
#7225 [2026-09-17 23:53:58.910] [DEBUG] [P12236:T15604] [phase=frame_stage_notify] [hook=frame_stage_notify] [frame_stage] original end
#7226 [2026-09-17 23:53:58.928] [DEBUG] [P12236:T15604] [phase=frame_stage_notify] [hook=frame_stage_notify] [frame_stage] view/frame-data update begin
#7227 [2026-09-17 23:53:58.946] [DEBUG] [P12236:T15604] [phase=frame_stage_notify] [hook=frame_stage_notify] [frame_stage] view/frame-data update end
#7228 [2026-09-17 23:53:58.966] [DEBUG] [P12236:T15604] [phase=frame_stage_notify] [hook=frame_stage_notify] [frame_stage] end stage=12
#7229 [2026-09-17 23:53:58.989] [DEBUG] [P12236:T18300] [phase=present] [hook=present] [present] begin swap_chain=0x00000242DB990F50 sync=0 flags=0x200 ready=1
#7238 [2026-09-17 23:53:59.008] [DEBUG] [P12236:T18300] [phase=present] [hook=present] [present] rendering context updated
#7331 [2026-09-17 23:53:59.026] [DEBUG] [P12236:T18300] [phase=present] [hook=present] [present] forwarding to original
#7332 [2026-09-17 23:53:59.046] [DEBUG] [P12236:T15604] [phase=frame_stage_notify] [hook=frame_stage_notify] [frame_stage] begin stage=0 this=0x00007FF9936073C0
#7336 [2026-09-17 23:53:59.064] [DEBUG] [P12236:T15604] [phase=frame_stage_notify] [hook=frame_stage_notify] [frame_stage] original begin
#7337 [2026-09-17 23:53:59.083] [DEBUG] [P12236:T15604] [phase=frame_stage_notify] [hook=frame_stage_notify] [frame_stage] original end
#7338 [2026-09-17 23:53:59.101] [DEBUG] [P12236:T15604] [phase=frame_stage_notify] [hook=frame_stage_notify] [frame_stage] end stage=0
#7339 [2026-09-17 23:53:59.120] [DEBUG] [P12236:T15604] [phase=frame_stage_notify] [hook=frame_stage_notify] [frame_stage] begin stage=11 this=0x00007FF9936073C0
#7340 [2026-09-17 23:53:59.138] [DEBUG] [P12236:T15604] [phase=frame_stage_notify] [hook=frame_stage_notify] [frame_stage] original begin
#7341 [2026-09-17 23:53:59.156] [DEBUG] [P12236:T15604] [phase=frame_stage_notify] [hook=frame_stage_notify] [frame_stage] original end
#7342 [2026-09-17 23:53:59.175] [DEBUG] [P12236:T15604] [phase=frame_stage_notify] [hook=frame_stage_notify] [frame_stage] end stage=11
#7343 [2026-09-17 23:53:59.194] [DEBUG] [P12236:T15604] [phase=frame_stage_notify] [hook=frame_stage_notify] [frame_stage] begin stage=0 this=0x00007FF9936073C0
#7344 [2026-09-17 23:53:59.213] [DEBUG] [P12236:T15604] [phase=frame_stage_notify] [hook=frame_stage_notify] [frame_stage] original begin
#7345 [2026-09-17 23:53:59.232] [DEBUG] [P12236:T15604] [phase=frame_stage_notify] [hook=frame_stage_notify] [frame_stage] original end
#7346 [2026-09-17 23:53:59.250] [DEBUG] [P12236:T15604] [phase=frame_stage_notify] [hook=frame_stage_notify] [frame_stage] end stage=0
#7347 [2026-09-17 23:53:59.269] [DEBUG] [P12236:T15604] [phase=frame_stage_notify] [hook=frame_stage_notify] [frame_stage] begin stage=11 this=0x00007FF9936073C0
#7348 [2026-09-17 23:53:59.305] [DEBUG] [P12236:T15604] [phase=frame_stage_notify] [hook=frame_stage_notify] [frame_stage] original begin
#7349 [2026-09-17 23:53:59.324] [DEBUG] [P12236:T15604] [phase=frame_stage_notify] [hook=frame_stage_notify] [frame_stage] original end
#7350 [2026-09-17 23:53:59.343] [DEBUG] [P12236:T15604] [phase=frame_stage_notify] [hook=frame_stage_notify] [frame_stage] end stage=11
#7351 [2026-09-17 23:53:59.365] [DEBUG] [P12236:T15604] [phase=frame_stage_notify] [hook=frame_stage_notify] [frame_stage] begin stage=0 this=0x00007FF9936073C0
#7352 [2026-09-17 23:53:59.383] [DEBUG] [P12236:T15604] [phase=frame_stage_notify] [hook=frame_stage_notify] [frame_stage] original begin
#7353 [2026-09-17 23:53:59.401] [DEBUG] [P12236:T15604] [phase=frame_stage_notify] [hook=frame_stage_notify] [frame_stage] original end
#7354 [2026-09-17 23:53:59.419] [DEBUG] [P12236:T15604] [phase=frame_stage_notify] [hook=frame_stage_notify] [frame_stage] end stage=0
#7355 [2026-09-17 23:53:59.437] [DEBUG] [P12236:T15604] [phase=frame_stage_notify] [hook=frame_stage_notify] [frame_stage] begin stage=11 this=0x00007FF9936073C0
#7356 [2026-09-17 23:53:59.456] [DEBUG] [P12236:T15604] [phase=frame_stage_notify] [hook=frame_stage_notify] [frame_stage] original begin
#7357 [2026-09-17 23:53:59.474] [DEBUG] [P12236:T15604] [phase=frame_stage_notify] [hook=frame_stage_notify] [frame_stage] original end
#7358 [2026-09-17 23:53:59.492] [DEBUG] [P12236:T15604] [phase=frame_stage_notify] [hook=frame_stage_notify] [frame_stage] end stage=11
#7359 [2026-09-17 23:53:59.510] [DEBUG] [P12236:T15604] [phase=frame_stage_notify] [hook=frame_stage_notify] [frame_stage] begin stage=0 this=0x00007FF9936073C0
#7360 [2026-09-17 23:53:59.528] [DEBUG] [P12236:T15604] [phase=frame_stage_notify] [hook=frame_stage_notify] [frame_stage] original begin
#7361 [2026-09-17 23:53:59.546] [DEBUG] [P12236:T15604] [phase=frame_stage_notify] [hook=frame_stage_notify] [frame_stage] original end
#7362 [2026-09-17 23:53:59.565] [DEBUG] [P12236:T15604] [phase=frame_stage_notify] [hook=frame_stage_notify] [frame_stage] end stage=0
#7363 [2026-09-17 23:53:59.584] [DEBUG] [P12236:T15604] [phase=frame_stage_notify] [hook=frame_stage_notify] [frame_stage] begin stage=10 this=0x00007FF9936073C0
#7364 [2026-09-17 23:53:59.601] [DEBUG] [P12236:T15604] [phase=frame_stage_notify] [hook=frame_stage_notify] [frame_stage] original begin
#7365 [2026-09-17 23:53:59.620] [DEBUG] [P12236:T15604] [phase=frame_stage_notify] [hook=frame_stage_notify] [frame_stage] original end
#7366 [2026-09-17 23:53:59.638] [DEBUG] [P12236:T15604] [phase=frame_stage_notify] [hook=frame_stage_notify] [frame_stage] end stage=10
#7367 [2026-09-17 23:53:59.655] [DEBUG] [P12236:T15604] [phase=frame_stage_notify] [hook=frame_stage_notify] [frame_stage] begin stage=11 this=0x00007FF9936073C0
#7368 [2026-09-17 23:53:59.673] [DEBUG] [P12236:T15604] [phase=frame_stage_notify] [hook=frame_stage_notify] [frame_stage] original begin
#7369 [2026-09-17 23:53:59.692] [DEBUG] [P12236:T15604] [phase=frame_stage_notify] [hook=frame_stage_notify] [frame_stage] original end
#7370 [2026-09-17 23:53:59.710] [DEBUG] [P12236:T15604] [phase=frame_stage_notify] [hook=frame_stage_notify] [frame_stage] end stage=11
#7371 [2026-09-17 23:53:59.728] [DEBUG] [P12236:T15604] [phase=frame_stage_notify] [hook=frame_stage_notify] [frame_stage] begin stage=1 this=0x00007FF9936073C0
#7372 [2026-09-17 23:53:59.746] [DEBUG] [P12236:T15604] [phase=frame_stage_notify] [hook=frame_stage_notify] [frame_stage] original begin
#7373 [2026-09-17 23:53:59.764] [DEBUG] [P12236:T15604] [phase=frame_stage_notify] [hook=frame_stage_notify] [frame_stage] original end
#7374 [2026-09-17 23:53:59.783] [DEBUG] [P12236:T15604] [phase=frame_stage_notify] [hook=frame_stage_notify] [frame_stage] end stage=1
#7375 [2026-09-17 23:53:59.802] [DEBUG] [P12236:T15604] [phase=frame_stage_notify] [hook=frame_stage_notify] [frame_stage] begin stage=2 this=0x00007FF9936073C0
#7376 [2026-09-17 23:53:59.821] [DEBUG] [P12236:T15604] [phase=frame_stage_notify] [hook=frame_stage_notify] [frame_stage] original begin
#7377 [2026-09-17 23:53:59.839] [DEBUG] [P12236:T15604] [phase=frame_stage_notify] [hook=frame_stage_notify] [frame_stage] original end
#7378 [2026-09-17 23:53:59.857] [DEBUG] [P12236:T15604] [phase=frame_stage_notify] [hook=frame_stage_notify] [frame_stage] end stage=2
#7379 [2026-09-17 23:53:59.876] [DEBUG] [P12236:T15604] [phase=frame_stage_notify] [hook=frame_stage_notify] [frame_stage] begin stage=5 this=0x00007FF9936073C0
#7380 [2026-09-17 23:53:59.894] [DEBUG] [P12236:T15604] [phase=frame_stage_notify] [hook=frame_stage_notify] [frame_stage] original begin
#7381 [2026-09-17 23:53:59.912] [DEBUG] [P12236:T15604] [phase=frame_stage_notify] [hook=frame_stage_notify] [frame_stage] original end
#7382 [2026-09-17 23:53:59.931] [DEBUG] [P12236:T15604] [phase=frame_stage_notify] [hook=frame_stage_notify] [frame_stage] end stage=5
#7383 [2026-09-17 23:53:59.949] [DEBUG] [P12236:T15604] [phase=frame_stage_notify] [hook=frame_stage_notify] [frame_stage] begin stage=6 this=0x00007FF9936073C0
#7384 [2026-09-17 23:53:59.967] [DEBUG] [P12236:T15604] [phase=frame_stage_notify] [hook=frame_stage_notify] [frame_stage] guns begin
#7385 [2026-09-17 23:53:59.985] [DEBUG] [P12236:T15604] [phase=frame_stage_notify] [hook=frame_stage_notify] [frame_stage] guns end
#7386 [2026-09-17 23:54:00.005] [DEBUG] [P12236:T15604] [phase=frame_stage_notify] [hook=frame_stage_notify] [frame_stage] dlight begin
#7387 [2026-09-17 23:54:00.023] [DEBUG] [P12236:T15604] [phase=frame_stage_notify] [hook=frame_stage_notify] [frame_stage] dlight end
#7388 [2026-09-17 23:54:00.041] [DEBUG] [P12236:T15604] [phase=frame_stage_notify] [hook=frame_stage_notify] [frame_stage] original begin
#7389 [2026-09-17 23:54:00.061] [DEBUG] [P12236:T15604] [phase=frame_stage_notify] [hook=frame_stage_notify] [frame_stage] original end
#7390 [2026-09-17 23:54:00.079] [DEBUG] [P12236:T15604] [phase=frame_stage_notify] [hook=frame_stage_notify] [frame_stage] post-network feature updates begin
#7391 [2026-09-17 23:54:00.096] [DEBUG] [P12236:T15604] [phase=frame_stage_notify] [hook=frame_stage_notify] [frame_stage] post-network feature updates end
#7392 [2026-09-17 23:54:00.117] [DEBUG] [P12236:T15604] [phase=frame_stage_notify] [hook=frame_stage_notify] [frame_stage] end stage=6
#7393 [2026-09-17 23:54:00.135] [DEBUG] [P12236:T15604] [phase=frame_stage_notify] [hook=frame_stage_notify] [frame_stage] begin stage=7 this=0x00007FF9936073C0
#7394 [2026-09-17 23:54:00.154] [DEBUG] [P12236:T15604] [phase=frame_stage_notify] [hook=frame_stage_notify] [frame_stage] agents begin
#7395 [2026-09-17 23:54:00.172] [DEBUG] [P12236:T15604] [phase=frame_stage_notify] [hook=frame_stage_notify] [frame_stage] agents end; gloves begin
#7396 [2026-09-17 23:54:00.190] [DEBUG] [P12236:T15604] [phase=frame_stage_notify] [hook=frame_stage_notify] [frame_stage] gloves end; knives begin
#7397 [2026-09-17 23:54:00.209] [DEBUG] [P12236:T15604] [phase=frame_stage_notify] [hook=frame_stage_notify] [frame_stage] knives end; world begin
#7398 [2026-09-17 23:54:00.228] [DEBUG] [P12236:T15604] [phase=frame_stage_notify] [hook=frame_stage_notify] [frame_stage] scene end; weather begin
#7399 [2026-09-17 23:54:00.247] [DEBUG] [P12236:T15604] [phase=frame_stage_notify] [hook=frame_stage_notify] [frame_stage] weather end; other begin
#7400 [2026-09-17 23:54:00.265] [DEBUG] [P12236:T15604] [phase=frame_stage_notify] [hook=frame_stage_notify] [frame_stage] other end; impacts begin
#7401 [2026-09-17 23:54:00.283] [DEBUG] [P12236:T15604] [phase=frame_stage_notify] [hook=frame_stage_notify] [frame_stage] impacts end
#7402 [2026-09-17 23:54:00.301] [DEBUG] [P12236:T15604] [phase=frame_stage_notify] [hook=frame_stage_notify] [frame_stage] original begin
#7403 [2026-09-17 23:54:00.318] [DEBUG] [P12236:T15604] [phase=frame_stage_notify] [hook=frame_stage_notify] [frame_stage] original end
#7404 [2026-09-17 23:54:00.337] [DEBUG] [P12236:T15604] [phase=frame_stage_notify] [hook=frame_stage_notify] [frame_stage] end stage=7
#7405 [2026-09-17 23:54:00.356] [DEBUG] [P12236:T15604] [phase=frame_stage_notify] [hook=frame_stage_notify] [frame_stage] begin stage=8 this=0x00007FF9936073C0
#7406 [2026-09-17 23:54:00.374] [DEBUG] [P12236:T15604] [phase=frame_stage_notify] [hook=frame_stage_notify] [frame_stage] original begin
#7407 [2026-09-17 23:54:00.393] [DEBUG] [P12236:T15604] [phase=frame_stage_notify] [hook=frame_stage_notify] [frame_stage] original end
#7408 [2026-09-17 23:54:00.411] [DEBUG] [P12236:T15604] [phase=frame_stage_notify] [hook=frame_stage_notify] [frame_stage] end stage=8
#7409 [2026-09-17 23:54:00.430] [DEBUG] [P12236:T15604] [phase=frame_stage_notify] [hook=frame_stage_notify] [frame_stage] begin stage=3 this=0x00007FF9936073C0
#7410 [2026-09-17 23:54:00.448] [DEBUG] [P12236:T15604] [phase=frame_stage_notify] [hook=frame_stage_notify] [frame_stage] original begin
#7411 [2026-09-17 23:54:00.467] [DEBUG] [P12236:T15604] [phase=frame_stage_notify] [hook=frame_stage_notify] [frame_stage] original end
#7412 [2026-09-17 23:54:00.485] [DEBUG] [P12236:T15604] [phase=frame_stage_notify] [hook=frame_stage_notify] [frame_stage] end stage=3
#7413 [2026-09-17 23:54:00.505] [DEBUG] [P12236:T15604] [phase=frame_stage_notify] [hook=frame_stage_notify] [frame_stage] begin stage=12 this=0x00007FF9936073C0
#7414 [2026-09-17 23:54:00.523] [DEBUG] [P12236:T15604] [phase=frame_stage_notify] [hook=frame_stage_notify] [frame_stage] original begin
#7415 [2026-09-17 23:54:00.541] [DEBUG] [P12236:T15604] [phase=frame_stage_notify] [hook=frame_stage_notify] [frame_stage] original end
#7416 [2026-09-17 23:54:00.560] [DEBUG] [P12236:T15604] [phase=frame_stage_notify] [hook=frame_stage_notify] [frame_stage] view/frame-data update begin
#7417 [2026-09-17 23:54:00.579] [DEBUG] [P12236:T15604] [phase=frame_stage_notify] [hook=frame_stage_notify] [frame_stage] view/frame-data update end
#7418 [2026-09-17 23:54:00.596] [DEBUG] [P12236:T15604] [phase=frame_stage_notify] [hook=frame_stage_notify] [frame_stage] end stage=12
#7419 [2026-09-17 23:54:00.617] [DEBUG] [P12236:T15604] [phase=frame_stage_notify] [hook=frame_stage_notify] [frame_stage] begin stage=0 this=0x00007FF9936073C0
#7423 [2026-09-17 23:54:00.636] [DEBUG] [P12236:T15604] [phase=frame_stage_notify] [hook=frame_stage_notify] [frame_stage] original begin
#7424 [2026-09-17 23:54:00.671] [DEBUG] [P12236:T15604] [phase=frame_stage_notify] [hook=frame_stage_notify] [frame_stage] original end
#7425 [2026-09-17 23:54:00.690] [DEBUG] [P12236:T15604] [phase=frame_stage_notify] [hook=frame_stage_notify] [frame_stage] end stage=0
#7426 [2026-09-17 23:54:00.708] [DEBUG] [P12236:T15604] [phase=frame_stage_notify] [hook=frame_stage_notify] [frame_stage] begin stage=11 this=0x00007FF9936073C0
#7427 [2026-09-17 23:54:00.727] [DEBUG] [P12236:T15604] [phase=frame_stage_notify] [hook=frame_stage_notify] [frame_stage] original begin
#7428 [2026-09-17 23:54:00.746] [DEBUG] [P12236:T15604] [phase=frame_stage_notify] [hook=frame_stage_notify] [frame_stage] original end
#7429 [2026-09-17 23:54:00.764] [DEBUG] [P12236:T15604] [phase=frame_stage_notify] [hook=frame_stage_notify] [frame_stage] end stage=11
#7430 [2026-09-17 23:54:00.783] [DEBUG] [P12236:T15604] [phase=frame_stage_notify] [hook=frame_stage_notify] [frame_stage] begin stage=0 this=0x00007FF9936073C0
#7431 [2026-09-17 23:54:00.801] [DEBUG] [P12236:T15604] [phase=frame_stage_notify] [hook=frame_stage_notify] [frame_stage] original begin
#7432 [2026-09-17 23:54:00.819] [DEBUG] [P12236:T15604] [phase=frame_stage_notify] [hook=frame_stage_notify] [frame_stage] original end
#7433 [2026-09-17 23:54:00.838] [DEBUG] [P12236:T15604] [phase=frame_stage_notify] [hook=frame_stage_notify] [frame_stage] end stage=0
#7434 [2026-09-17 23:54:00.857] [DEBUG] [P12236:T15604] [phase=frame_stage_notify] [hook=frame_stage_notify] [frame_stage] begin stage=11 this=0x00007FF9936073C0
#7435 [2026-09-17 23:54:00.875] [DEBUG] [P12236:T15604] [phase=frame_stage_notify] [hook=frame_stage_notify] [frame_stage] original begin
#7436 [2026-09-17 23:54:00.893] [DEBUG] [P12236:T15604] [phase=frame_stage_notify] [hook=frame_stage_notify] [frame_stage] original end
#7437 [2026-09-17 23:54:00.913] [DEBUG] [P12236:T15604] [phase=frame_stage_notify] [hook=frame_stage_notify] [frame_stage] end stage=11
#7438 [2026-09-17 23:54:00.930] [DEBUG] [P12236:T15604] [phase=frame_stage_notify] [hook=frame_stage_notify] [frame_stage] begin stage=0 this=0x00007FF9936073C0
#7439 [2026-09-17 23:54:00.948] [DEBUG] [P12236:T15604] [phase=frame_stage_notify] [hook=frame_stage_notify] [frame_stage] original begin
#7440 [2026-09-17 23:54:00.966] [DEBUG] [P12236:T15604] [phase=frame_stage_notify] [hook=frame_stage_notify] [frame_stage] original end
#7441 [2026-09-17 23:54:00.984] [DEBUG] [P12236:T15604] [phase=frame_stage_notify] [hook=frame_stage_notify] [frame_stage] end stage=0
#7442 [2026-09-17 23:54:01.003] [DEBUG] [P12236:T15604] [phase=frame_stage_notify] [hook=frame_stage_notify] [frame_stage] begin stage=11 this=0x00007FF9936073C0
#7443 [2026-09-17 23:54:01.021] [DEBUG] [P12236:T15604] [phase=frame_stage_notify] [hook=frame_stage_notify] [frame_stage] original begin
#7444 [2026-09-17 23:54:01.039] [DEBUG] [P12236:T15604] [phase=frame_stage_notify] [hook=frame_stage_notify] [frame_stage] original end
#7445 [2026-09-17 23:54:01.062] [DEBUG] [P12236:T15604] [phase=frame_stage_notify] [hook=frame_stage_notify] [frame_stage] end stage=11
#7446 [2026-09-17 23:54:01.080] [DEBUG] [P12236:T15604] [phase=frame_stage_notify] [hook=frame_stage_notify] [frame_stage] begin stage=0 this=0x00007FF9936073C0
#7447 [2026-09-17 23:54:01.098] [DEBUG] [P12236:T15604] [phase=frame_stage_notify] [hook=frame_stage_notify] [frame_stage] original begin
#7448 [2026-09-17 23:54:01.117] [DEBUG] [P12236:T15604] [phase=frame_stage_notify] [hook=frame_stage_notify] [frame_stage] original end
#7449 [2026-09-17 23:54:01.135] [DEBUG] [P12236:T15604] [phase=frame_stage_notify] [hook=frame_stage_notify] [frame_stage] end stage=0
#7450 [2026-09-17 23:54:01.154] [DEBUG] [P12236:T15604] [phase=frame_stage_notify] [hook=frame_stage_notify] [frame_stage] begin stage=11 this=0x00007FF9936073C0
#7451 [2026-09-17 23:54:01.172] [DEBUG] [P12236:T15604] [phase=frame_stage_notify] [hook=frame_stage_notify] [frame_stage] original begin
#7452 [2026-09-17 23:54:01.190] [DEBUG] [P12236:T15604] [phase=frame_stage_notify] [hook=frame_stage_notify] [frame_stage] original end
#7453 [2026-09-17 23:54:01.208] [DEBUG] [P12236:T15604] [phase=frame_stage_notify] [hook=frame_stage_notify] [frame_stage] end stage=11
#7454 [2026-09-17 23:54:01.229] [DEBUG] [P12236:T15604] [phase=frame_stage_notify] [hook=frame_stage_notify] [frame_stage] begin stage=0 this=0x00007FF9936073C0
#7455 [2026-09-17 23:54:01.248] [DEBUG] [P12236:T15604] [phase=frame_stage_notify] [hook=frame_stage_notify] [frame_stage] original begin
#7456 [2026-09-17 23:54:01.266] [DEBUG] [P12236:T15604] [phase=frame_stage_notify] [hook=frame_stage_notify] [frame_stage] original end
#7457 [2026-09-17 23:54:01.284] [DEBUG] [P12236:T15604] [phase=frame_stage_notify] [hook=frame_stage_notify] [frame_stage] end stage=0
#7458 [2026-09-17 23:54:01.303] [DEBUG] [P12236:T15604] [phase=frame_stage_notify] [hook=frame_stage_notify] [frame_stage] begin stage=11 this=0x00007FF9936073C0
#7459 [2026-09-17 23:54:01.321] [DEBUG] [P12236:T15604] [phase=frame_stage_notify] [hook=frame_stage_notify] [frame_stage] original begin
#7460 [2026-09-17 23:54:01.339] [DEBUG] [P12236:T15604] [phase=frame_stage_notify] [hook=frame_stage_notify] [frame_stage] original end
#7461 [2026-09-17 23:54:01.358] [DEBUG] [P12236:T15604] [phase=frame_stage_notify] [hook=frame_stage_notify] [frame_stage] end stage=11
#7462 [2026-09-17 23:54:01.377] [DEBUG] [P12236:T15604] [phase=frame_stage_notify] [hook=frame_stage_notify] [frame_stage] begin stage=0 this=0x00007FF9936073C0
#7463 [2026-09-17 23:54:01.395] [DEBUG] [P12236:T15604] [phase=frame_stage_notify] [hook=frame_stage_notify] [frame_stage] original begin
#7464 [2026-09-17 23:54:01.413] [DEBUG] [P12236:T15604] [phase=frame_stage_notify] [hook=frame_stage_notify] [frame_stage] original end
#7465 [2026-09-17 23:54:01.431] [DEBUG] [P12236:T15604] [phase=frame_stage_notify] [hook=frame_stage_notify] [frame_stage] end stage=0
#7466 [2026-09-17 23:54:01.450] [DEBUG] [P12236:T15604] [phase=frame_stage_notify] [hook=frame_stage_notify] [frame_stage] begin stage=10 this=0x00007FF9936073C0
#7467 [2026-09-17 23:54:01.468] [DEBUG] [P12236:T15604] [phase=frame_stage_notify] [hook=frame_stage_notify] [frame_stage] original begin
#7468 [2026-09-17 23:54:01.486] [DEBUG] [P12236:T15604] [phase=frame_stage_notify] [hook=frame_stage_notify] [frame_stage] original end
#7469 [2026-09-17 23:54:01.504] [DEBUG] [P12236:T15604] [phase=frame_stage_notify] [hook=frame_stage_notify] [frame_stage] end stage=10
#7470 [2026-09-17 23:54:01.523] [DEBUG] [P12236:T15604] [phase=frame_stage_notify] [hook=frame_stage_notify] [frame_stage] begin stage=11 this=0x00007FF9936073C0
#7471 [2026-09-17 23:54:01.541] [DEBUG] [P12236:T15604] [phase=frame_stage_notify] [hook=frame_stage_notify] [frame_stage] original begin
#7472 [2026-09-17 23:54:01.560] [DEBUG] [P12236:T15604] [phase=frame_stage_notify] [hook=frame_stage_notify] [frame_stage] original end
#7473 [2026-09-17 23:54:01.578] [DEBUG] [P12236:T15604] [phase=frame_stage_notify] [hook=frame_stage_notify] [frame_stage] end stage=11
#7474 [2026-09-17 23:54:01.597] [DEBUG] [P12236:T15604] [phase=frame_stage_notify] [hook=frame_stage_notify] [frame_stage] begin stage=1 this=0x00007FF9936073C0
#7475 [2026-09-17 23:54:01.614] [DEBUG] [P12236:T15604] [phase=frame_stage_notify] [hook=frame_stage_notify] [frame_stage] original begin
#7476 [2026-09-17 23:54:01.632] [DEBUG] [P12236:T15604] [phase=frame_stage_notify] [hook=frame_stage_notify] [frame_stage] original end
#7477 [2026-09-17 23:54:01.651] [DEBUG] [P12236:T15604] [phase=frame_stage_notify] [hook=frame_stage_notify] [frame_stage] end stage=1
#7478 [2026-09-17 23:54:01.670] [DEBUG] [P12236:T15604] [phase=frame_stage_notify] [hook=frame_stage_notify] [frame_stage] begin stage=2 this=0x00007FF9936073C0
#7479 [2026-09-17 23:54:01.688] [DEBUG] [P12236:T15604] [phase=frame_stage_notify] [hook=frame_stage_notify] [frame_stage] original begin
#7480 [2026-09-17 23:54:01.706] [DEBUG] [P12236:T15604] [phase=frame_stage_notify] [hook=frame_stage_notify] [frame_stage] original end
#7481 [2026-09-17 23:54:01.725] [DEBUG] [P12236:T15604] [phase=frame_stage_notify] [hook=frame_stage_notify] [frame_stage] end stage=2
#7482 [2026-09-17 23:54:01.744] [DEBUG] [P12236:T15604] [phase=frame_stage_notify] [hook=frame_stage_notify] [frame_stage] begin stage=5 this=0x00007FF9936073C0
#7483 [2026-09-17 23:54:01.761] [DEBUG] [P12236:T15604] [phase=frame_stage_notify] [hook=frame_stage_notify] [frame_stage] original begin
#7484 [2026-09-17 23:54:01.781] [DEBUG] [P12236:T15604] [phase=frame_stage_notify] [hook=frame_stage_notify] [frame_stage] original end
#7485 [2026-09-17 23:54:01.799] [DEBUG] [P12236:T15604] [phase=frame_stage_notify] [hook=frame_stage_notify] [frame_stage] end stage=5
#7486 [2026-09-17 23:54:01.817] [DEBUG] [P12236:T15604] [phase=frame_stage_notify] [hook=frame_stage_notify] [frame_stage] begin stage=6 this=0x00007FF9936073C0
#7487 [2026-09-17 23:54:01.835] [DEBUG] [P12236:T15604] [phase=frame_stage_notify] [hook=frame_stage_notify] [frame_stage] guns begin
#7488 [2026-09-17 23:54:01.853] [DEBUG] [P12236:T15604] [phase=frame_stage_notify] [hook=frame_stage_notify] [frame_stage] guns end
#7489 [2026-09-17 23:54:01.871] [DEBUG] [P12236:T15604] [phase=frame_stage_notify] [hook=frame_stage_notify] [frame_stage] dlight begin
#7490 [2026-09-17 23:54:01.890] [DEBUG] [P12236:T15604] [phase=frame_stage_notify] [hook=frame_stage_notify] [frame_stage] dlight end
#7491 [2026-09-17 23:54:01.908] [DEBUG] [P12236:T15604] [phase=frame_stage_notify] [hook=frame_stage_notify] [frame_stage] original begin
#7492 [2026-09-17 23:54:01.927] [DEBUG] [P12236:T15604] [phase=frame_stage_notify] [hook=frame_stage_notify] [frame_stage] original end
#7493 [2026-09-17 23:54:01.946] [DEBUG] [P12236:T15604] [phase=frame_stage_notify] [hook=frame_stage_notify] [frame_stage] post-network feature updates begin
#7494 [2026-09-17 23:54:01.963] [DEBUG] [P12236:T15604] [phase=frame_stage_notify] [hook=frame_stage_notify] [frame_stage] post-network feature updates end
#7495 [2026-09-17 23:54:01.982] [DEBUG] [P12236:T15604] [phase=frame_stage_notify] [hook=frame_stage_notify] [frame_stage] end stage=6
#7496 [2026-09-17 23:54:01.999] [DEBUG] [P12236:T15604] [phase=frame_stage_notify] [hook=frame_stage_notify] [frame_stage] begin stage=7 this=0x00007FF9936073C0
#7497 [2026-09-17 23:54:02.035] [DEBUG] [P12236:T15604] [phase=frame_stage_notify] [hook=frame_stage_notify] [frame_stage] agents begin
#7498 [2026-09-17 23:54:02.071] [DEBUG] [P12236:T15604] [phase=frame_stage_notify] [hook=frame_stage_notify] [frame_stage] agents end; gloves begin
#7499 [2026-09-17 23:54:02.106] [DEBUG] [P12236:T15604] [phase=frame_stage_notify] [hook=frame_stage_notify] [frame_stage] gloves end; knives begin
#7500 [2026-09-17 23:54:02.141] [DEBUG] [P12236:T15604] [phase=frame_stage_notify] [hook=frame_stage_notify] [frame_stage] knives end; world begin
#7501 [2026-09-17 23:54:02.178] [DEBUG] [P12236:T15604] [phase=frame_stage_notify] [hook=frame_stage_notify] [frame_stage] scene end; weather begin
#7502 [2026-09-17 23:54:02.214] [DEBUG] [P12236:T15604] [phase=frame_stage_notify] [hook=frame_stage_notify] [frame_stage] weather end; other begin
#7503 [2026-09-17 23:54:02.249] [DEBUG] [P12236:T15604] [phase=frame_stage_notify] [hook=frame_stage_notify] [frame_stage] other end; impacts begin
#7504 [2026-09-17 23:54:02.285] [DEBUG] [P12236:T15604] [phase=frame_stage_notify] [hook=frame_stage_notify] [frame_stage] impacts end
#7505 [2026-09-17 23:54:02.321] [DEBUG] [P12236:T15604] [phase=frame_stage_notify] [hook=frame_stage_notify] [frame_stage] original begin
#7506 [2026-09-17 23:54:02.358] [DEBUG] [P12236:T15604] [phase=frame_stage_notify] [hook=frame_stage_notify] [frame_stage] original end
#7507 [2026-09-17 23:54:02.393] [DEBUG] [P12236:T15604] [phase=frame_stage_notify] [hook=frame_stage_notify] [frame_stage] end stage=7
#7508 [2026-09-17 23:54:02.429] [DEBUG] [P12236:T15604] [phase=frame_stage_notify] [hook=frame_stage_notify] [frame_stage] begin stage=8 this=0x00007FF9936073C0
#7509 [2026-09-17 23:54:02.448] [DEBUG] [P12236:T15604] [phase=frame_stage_notify] [hook=frame_stage_notify] [frame_stage] original begin
#7510 [2026-09-17 23:54:02.466] [DEBUG] [P12236:T15604] [phase=frame_stage_notify] [hook=frame_stage_notify] [frame_stage] original end
#7511 [2026-09-17 23:54:02.484] [DEBUG] [P12236:T15604] [phase=frame_stage_notify] [hook=frame_stage_notify] [frame_stage] end stage=8
#7512 [2026-09-17 23:54:02.502] [DEBUG] [P12236:T15604] [phase=frame_stage_notify] [hook=frame_stage_notify] [frame_stage] begin stage=3 this=0x00007FF9936073C0
#7513 [2026-09-17 23:54:02.521] [DEBUG] [P12236:T15604] [phase=frame_stage_notify] [hook=frame_stage_notify] [frame_stage] original begin
#7514 [2026-09-17 23:54:02.539] [DEBUG] [P12236:T15604] [phase=frame_stage_notify] [hook=frame_stage_notify] [frame_stage] original end
#7515 [2026-09-17 23:54:02.559] [DEBUG] [P12236:T15604] [phase=frame_stage_notify] [hook=frame_stage_notify] [frame_stage] end stage=3
#7516 [2026-09-17 23:54:02.578] [DEBUG] [P12236:T15604] [phase=frame_stage_notify] [hook=frame_stage_notify] [frame_stage] begin stage=12 this=0x00007FF9936073C0
#7517 [2026-09-17 23:54:02.596] [DEBUG] [P12236:T15604] [phase=frame_stage_notify] [hook=frame_stage_notify] [frame_stage] original begin
#7518 [2026-09-17 23:54:02.615] [DEBUG] [P12236:T15604] [phase=frame_stage_notify] [hook=frame_stage_notify] [frame_stage] original end
#7519 [2026-09-17 23:54:02.633] [DEBUG] [P12236:T15604] [phase=frame_stage_notify] [hook=frame_stage_notify] [frame_stage] view/frame-data update begin
#7520 [2026-09-17 23:54:02.650] [DEBUG] [P12236:T15604] [phase=frame_stage_notify] [hook=frame_stage_notify] [frame_stage] view/frame-data update end
#7521 [2026-09-17 23:54:02.669] [DEBUG] [P12236:T15604] [phase=frame_stage_notify] [hook=frame_stage_notify] [frame_stage] end stage=12
#7523 [2026-09-17 23:54:02.692] [DEBUG] [P12236:T15604] [phase=frame_stage_notify] [hook=frame_stage_notify] [frame_stage] begin stage=0 this=0x00007FF9936073C0
#7526 [2026-09-17 23:54:02.710] [DEBUG] [P12236:T15604] [phase=frame_stage_notify] [hook=frame_stage_notify] [frame_stage] original begin
#7527 [2026-09-17 23:54:02.729] [DEBUG] [P12236:T15604] [phase=frame_stage_notify] [hook=frame_stage_notify] [frame_stage] original end
#7528 [2026-09-17 23:54:02.747] [DEBUG] [P12236:T15604] [phase=frame_stage_notify] [hook=frame_stage_notify] [frame_stage] end stage=0
#7529 [2026-09-17 23:54:02.766] [DEBUG] [P12236:T15604] [phase=frame_stage_notify] [hook=frame_stage_notify] [frame_stage] begin stage=11 this=0x00007FF9936073C0
#7530 [2026-09-17 23:54:02.785] [DEBUG] [P12236:T15604] [phase=frame_stage_notify] [hook=frame_stage_notify] [frame_stage] original begin
#7531 [2026-09-17 23:54:02.802] [DEBUG] [P12236:T15604] [phase=frame_stage_notify] [hook=frame_stage_notify] [frame_stage] original end
#7532 [2026-09-17 23:54:02.821] [DEBUG] [P12236:T15604] [phase=frame_stage_notify] [hook=frame_stage_notify] [frame_stage] end stage=11
#7533 [2026-09-17 23:54:02.839] [DEBUG] [P12236:T15604] [phase=frame_stage_notify] [hook=frame_stage_notify] [frame_stage] begin stage=0 this=0x00007FF9936073C0
#7534 [2026-09-17 23:54:02.858] [DEBUG] [P12236:T15604] [phase=frame_stage_notify] [hook=frame_stage_notify] [frame_stage] original begin
#7535 [2026-09-17 23:54:02.877] [DEBUG] [P12236:T15604] [phase=frame_stage_notify] [hook=frame_stage_notify] [frame_stage] original end
#7536 [2026-09-17 23:54:02.895] [DEBUG] [P12236:T15604] [phase=frame_stage_notify] [hook=frame_stage_notify] [frame_stage] end stage=0
#7537 [2026-09-17 23:54:02.914] [DEBUG] [P12236:T15604] [phase=frame_stage_notify] [hook=frame_stage_notify] [frame_stage] begin stage=11 this=0x00007FF9936073C0
#7538 [2026-09-17 23:54:02.932] [DEBUG] [P12236:T15604] [phase=frame_stage_notify] [hook=frame_stage_notify] [frame_stage] original begin
#7539 [2026-09-17 23:54:02.950] [DEBUG] [P12236:T15604] [phase=frame_stage_notify] [hook=frame_stage_notify] [frame_stage] original end
#7540 [2026-09-17 23:54:02.968] [DEBUG] [P12236:T15604] [phase=frame_stage_notify] [hook=frame_stage_notify] [frame_stage] end stage=11
#7541 [2026-09-17 23:54:02.988] [DEBUG] [P12236:T15604] [phase=frame_stage_notify] [hook=frame_stage_notify] [frame_stage] begin stage=0 this=0x00007FF9936073C0
#7542 [2026-09-17 23:54:03.006] [DEBUG] [P12236:T15604] [phase=frame_stage_notify] [hook=frame_stage_notify] [frame_stage] original begin
#7543 [2026-09-17 23:54:03.025] [DEBUG] [P12236:T15604] [phase=frame_stage_notify] [hook=frame_stage_notify] [frame_stage] original end
#7544 [2026-09-17 23:54:03.043] [DEBUG] [P12236:T15604] [phase=frame_stage_notify] [hook=frame_stage_notify] [frame_stage] end stage=0
#7545 [2026-09-17 23:54:03.062] [DEBUG] [P12236:T15604] [phase=frame_stage_notify] [hook=frame_stage_notify] [frame_stage] begin stage=11 this=0x00007FF9936073C0
#7546 [2026-09-17 23:54:03.080] [DEBUG] [P12236:T15604] [phase=frame_stage_notify] [hook=frame_stage_notify] [frame_stage] original begin
#7547 [2026-09-17 23:54:03.099] [DEBUG] [P12236:T15604] [phase=frame_stage_notify] [hook=frame_stage_notify] [frame_stage] original end
#7548 [2026-09-17 23:54:03.117] [DEBUG] [P12236:T15604] [phase=frame_stage_notify] [hook=frame_stage_notify] [frame_stage] end stage=11
#7549 [2026-09-17 23:54:03.136] [DEBUG] [P12236:T15604] [phase=frame_stage_notify] [hook=frame_stage_notify] [frame_stage] begin stage=0 this=0x00007FF9936073C0
#7550 [2026-09-17 23:54:03.154] [DEBUG] [P12236:T15604] [phase=frame_stage_notify] [hook=frame_stage_notify] [frame_stage] original begin
#7551 [2026-09-17 23:54:03.172] [DEBUG] [P12236:T15604] [phase=frame_stage_notify] [hook=frame_stage_notify] [frame_stage] original end
#7552 [2026-09-17 23:54:03.190] [DEBUG] [P12236:T15604] [phase=frame_stage_notify] [hook=frame_stage_notify] [frame_stage] end stage=0
#7553 [2026-09-17 23:54:03.209] [DEBUG] [P12236:T15604] [phase=frame_stage_notify] [hook=frame_stage_notify] [frame_stage] begin stage=11 this=0x00007FF9936073C0
#7554 [2026-09-17 23:54:03.227] [DEBUG] [P12236:T15604] [phase=frame_stage_notify] [hook=frame_stage_notify] [frame_stage] original begin
#7555 [2026-09-17 23:54:03.246] [DEBUG] [P12236:T15604] [phase=frame_stage_notify] [hook=frame_stage_notify] [frame_stage] original end
#7556 [2026-09-17 23:54:03.264] [DEBUG] [P12236:T15604] [phase=frame_stage_notify] [hook=frame_stage_notify] [frame_stage] end stage=11
#7557 [2026-09-17 23:54:03.283] [DEBUG] [P12236:T15604] [phase=frame_stage_notify] [hook=frame_stage_notify] [frame_stage] begin stage=0 this=0x00007FF9936073C0
#7558 [2026-09-17 23:54:03.301] [DEBUG] [P12236:T15604] [phase=frame_stage_notify] [hook=frame_stage_notify] [frame_stage] original begin
#7559 [2026-09-17 23:54:03.319] [DEBUG] [P12236:T15604] [phase=frame_stage_notify] [hook=frame_stage_notify] [frame_stage] original end
#7560 [2026-09-17 23:54:03.338] [DEBUG] [P12236:T15604] [phase=frame_stage_notify] [hook=frame_stage_notify] [frame_stage] end stage=0
#7561 [2026-09-17 23:54:03.357] [DEBUG] [P12236:T15604] [phase=frame_stage_notify] [hook=frame_stage_notify] [frame_stage] begin stage=11 this=0x00007FF9936073C0
#7562 [2026-09-17 23:54:03.392] [DEBUG] [P12236:T15604] [phase=frame_stage_notify] [hook=frame_stage_notify] [frame_stage] original begin
#7563 [2026-09-17 23:54:03.411] [DEBUG] [P12236:T15604] [phase=frame_stage_notify] [hook=frame_stage_notify] [frame_stage] original end
#7564 [2026-09-17 23:54:03.428] [DEBUG] [P12236:T15604] [phase=frame_stage_notify] [hook=frame_stage_notify] [frame_stage] end stage=11
#7565 [2026-09-17 23:54:03.448] [DEBUG] [P12236:T15604] [phase=frame_stage_notify] [hook=frame_stage_notify] [frame_stage] begin stage=0 this=0x00007FF9936073C0
#7566 [2026-09-17 23:54:03.466] [DEBUG] [P12236:T15604] [phase=frame_stage_notify] [hook=frame_stage_notify] [frame_stage] original begin
#7567 [2026-09-17 23:54:03.484] [DEBUG] [P12236:T15604] [phase=frame_stage_notify] [hook=frame_stage_notify] [frame_stage] original end
#7568 [2026-09-17 23:54:03.502] [DEBUG] [P12236:T15604] [phase=frame_stage_notify] [hook=frame_stage_notify] [frame_stage] end stage=0
#7569 [2026-09-17 23:54:03.521] [DEBUG] [P12236:T15604] [phase=frame_stage_notify] [hook=frame_stage_notify] [frame_stage] begin stage=11 this=0x00007FF9936073C0
#7570 [2026-09-17 23:54:03.539] [DEBUG] [P12236:T15604] [phase=frame_stage_notify] [hook=frame_stage_notify] [frame_stage] original begin
#7571 [2026-09-17 23:54:03.558] [DEBUG] [P12236:T15604] [phase=frame_stage_notify] [hook=frame_stage_notify] [frame_stage] original end
#7572 [2026-09-17 23:54:03.576] [DEBUG] [P12236:T15604] [phase=frame_stage_notify] [hook=frame_stage_notify] [frame_stage] end stage=11
#7573 [2026-09-17 23:54:03.594] [DEBUG] [P12236:T15604] [phase=frame_stage_notify] [hook=frame_stage_notify] [frame_stage] begin stage=0 this=0x00007FF9936073C0
#7574 [2026-09-17 23:54:03.613] [DEBUG] [P12236:T15604] [phase=frame_stage_notify] [hook=frame_stage_notify] [frame_stage] original begin
#7575 [2026-09-17 23:54:03.631] [DEBUG] [P12236:T15604] [phase=frame_stage_notify] [hook=frame_stage_notify] [frame_stage] original end
#7576 [2026-09-17 23:54:03.649] [DEBUG] [P12236:T15604] [phase=frame_stage_notify] [hook=frame_stage_notify] [frame_stage] end stage=0
#7577 [2026-09-17 23:54:03.669] [DEBUG] [P12236:T15604] [phase=frame_stage_notify] [hook=frame_stage_notify] [frame_stage] begin stage=10 this=0x00007FF9936073C0
#7578 [2026-09-17 23:54:03.687] [DEBUG] [P12236:T15604] [phase=frame_stage_notify] [hook=frame_stage_notify] [frame_stage] original begin
#7579 [2026-09-17 23:54:03.705] [DEBUG] [P12236:T15604] [phase=frame_stage_notify] [hook=frame_stage_notify] [frame_stage] original end
#7580 [2026-09-17 23:54:03.723] [DEBUG] [P12236:T15604] [phase=frame_stage_notify] [hook=frame_stage_notify] [frame_stage] end stage=10
#7581 [2026-09-17 23:54:03.742] [DEBUG] [P12236:T15604] [phase=frame_stage_notify] [hook=frame_stage_notify] [frame_stage] begin stage=11 this=0x00007FF9936073C0
#7582 [2026-09-17 23:54:03.760] [DEBUG] [P12236:T15604] [phase=frame_stage_notify] [hook=frame_stage_notify] [frame_stage] original begin
#7583 [2026-09-17 23:54:03.778] [DEBUG] [P12236:T15604] [phase=frame_stage_notify] [hook=frame_stage_notify] [frame_stage] original end
#7584 [2026-09-17 23:54:03.796] [DEBUG] [P12236:T15604] [phase=frame_stage_notify] [hook=frame_stage_notify] [frame_stage] end stage=11
#7585 [2026-09-17 23:54:03.814] [DEBUG] [P12236:T15604] [phase=frame_stage_notify] [hook=frame_stage_notify] [frame_stage] begin stage=1 this=0x00007FF9936073C0
#7586 [2026-09-17 23:54:03.832] [DEBUG] [P12236:T15604] [phase=frame_stage_notify] [hook=frame_stage_notify] [frame_stage] original begin
#7587 [2026-09-17 23:54:03.850] [DEBUG] [P12236:T15604] [phase=frame_stage_notify] [hook=frame_stage_notify] [frame_stage] original end
#7588 [2026-09-17 23:54:03.868] [DEBUG] [P12236:T15604] [phase=frame_stage_notify] [hook=frame_stage_notify] [frame_stage] end stage=1
#7589 [2026-09-17 23:54:03.888] [DEBUG] [P12236:T15604] [phase=frame_stage_notify] [hook=frame_stage_notify] [frame_stage] begin stage=2 this=0x00007FF9936073C0
#7590 [2026-09-17 23:54:03.905] [DEBUG] [P12236:T15604] [phase=frame_stage_notify] [hook=frame_stage_notify] [frame_stage] original begin
#7591 [2026-09-17 23:54:03.923] [DEBUG] [P12236:T15604] [phase=frame_stage_notify] [hook=frame_stage_notify] [frame_stage] original end
#7592 [2026-09-17 23:54:03.941] [DEBUG] [P12236:T15604] [phase=frame_stage_notify] [hook=frame_stage_notify] [frame_stage] end stage=2
#7593 [2026-09-17 23:54:03.959] [DEBUG] [P12236:T15604] [phase=frame_stage_notify] [hook=frame_stage_notify] [frame_stage] begin stage=5 this=0x00007FF9936073C0
#7594 [2026-09-17 23:54:03.977] [DEBUG] [P12236:T15604] [phase=frame_stage_notify] [hook=frame_stage_notify] [frame_stage] original begin
#7595 [2026-09-17 23:54:03.996] [DEBUG] [P12236:T15604] [phase=frame_stage_notify] [hook=frame_stage_notify] [frame_stage] original end
#7596 [2026-09-17 23:54:04.015] [DEBUG] [P12236:T15604] [phase=frame_stage_notify] [hook=frame_stage_notify] [frame_stage] end stage=5
#7597 [2026-09-17 23:54:04.033] [DEBUG] [P12236:T15604] [phase=frame_stage_notify] [hook=frame_stage_notify] [frame_stage] begin stage=6 this=0x00007FF9936073C0
#7598 [2026-09-17 23:54:04.052] [DEBUG] [P12236:T15604] [phase=frame_stage_notify] [hook=frame_stage_notify] [frame_stage] guns begin
#7599 [2026-09-17 23:54:04.071] [DEBUG] [P12236:T15604] [phase=frame_stage_notify] [hook=frame_stage_notify] [frame_stage] guns end
#7600 [2026-09-17 23:54:04.089] [DEBUG] [P12236:T15604] [phase=frame_stage_notify] [hook=frame_stage_notify] [frame_stage] dlight begin
#7601 [2026-09-17 23:54:04.108] [DEBUG] [P12236:T15604] [phase=frame_stage_notify] [hook=frame_stage_notify] [frame_stage] dlight end
#7602 [2026-09-17 23:54:04.126] [DEBUG] [P12236:T15604] [phase=frame_stage_notify] [hook=frame_stage_notify] [frame_stage] original begin
#7603 [2026-09-17 23:54:04.144] [DEBUG] [P12236:T15604] [phase=frame_stage_notify] [hook=frame_stage_notify] [frame_stage] original end
#7604 [2026-09-17 23:54:04.162] [DEBUG] [P12236:T15604] [phase=frame_stage_notify] [hook=frame_stage_notify] [frame_stage] post-network feature updates begin
#7605 [2026-09-17 23:54:04.181] [DEBUG] [P12236:T15604] [phase=frame_stage_notify] [hook=frame_stage_notify] [frame_stage] post-network feature updates end
#7606 [2026-09-17 23:54:04.199] [DEBUG] [P12236:T15604] [phase=frame_stage_notify] [hook=frame_stage_notify] [frame_stage] end stage=6
#7607 [2026-09-17 23:54:04.218] [DEBUG] [P12236:T15604] [phase=frame_stage_notify] [hook=frame_stage_notify] [frame_stage] begin stage=7 this=0x00007FF9936073C0
#7608 [2026-09-17 23:54:04.236] [DEBUG] [P12236:T15604] [phase=frame_stage_notify] [hook=frame_stage_notify] [frame_stage] agents begin
#7609 [2026-09-17 23:54:04.254] [DEBUG] [P12236:T15604] [phase=frame_stage_notify] [hook=frame_stage_notify] [frame_stage] agents end; gloves begin
#7610 [2026-09-17 23:54:04.272] [DEBUG] [P12236:T15604] [phase=frame_stage_notify] [hook=frame_stage_notify] [frame_stage] gloves end; knives begin
#7611 [2026-09-17 23:54:04.292] [DEBUG] [P12236:T15604] [phase=frame_stage_notify] [hook=frame_stage_notify] [frame_stage] knives end; world begin
#7612 [2026-09-17 23:54:04.309] [DEBUG] [P12236:T15604] [phase=frame_stage_notify] [hook=frame_stage_notify] [frame_stage] scene end; weather begin
#7613 [2026-09-17 23:54:04.328] [DEBUG] [P12236:T15604] [phase=frame_stage_notify] [hook=frame_stage_notify] [frame_stage] weather end; other begin
#7614 [2026-09-17 23:54:04.347] [DEBUG] [P12236:T15604] [phase=frame_stage_notify] [hook=frame_stage_notify] [frame_stage] other end; impacts begin
#7615 [2026-09-17 23:54:04.365] [DEBUG] [P12236:T15604] [phase=frame_stage_notify] [hook=frame_stage_notify] [frame_stage] impacts end
#7616 [2026-09-17 23:54:04.383] [DEBUG] [P12236:T15604] [phase=frame_stage_notify] [hook=frame_stage_notify] [frame_stage] original begin
#7617 [2026-09-17 23:54:04.402] [DEBUG] [P12236:T15604] [phase=frame_stage_notify] [hook=frame_stage_notify] [frame_stage] original end
#7618 [2026-09-17 23:54:04.419] [DEBUG] [P12236:T15604] [phase=frame_stage_notify] [hook=frame_stage_notify] [frame_stage] end stage=7
#7619 [2026-09-17 23:54:04.438] [DEBUG] [P12236:T15604] [phase=frame_stage_notify] [hook=frame_stage_notify] [frame_stage] begin stage=8 this=0x00007FF9936073C0
#7620 [2026-09-17 23:54:04.456] [DEBUG] [P12236:T15604] [phase=frame_stage_notify] [hook=frame_stage_notify] [frame_stage] original begin
#7621 [2026-09-17 23:54:04.492] [DEBUG] [P12236:T15604] [phase=frame_stage_notify] [hook=frame_stage_notify] [frame_stage] original end
#7622 [2026-09-17 23:54:04.521] [DEBUG] [P12236:T15604] [phase=frame_stage_notify] [hook=frame_stage_notify] [frame_stage] end stage=8
#7623 [2026-09-17 23:54:04.581] [DEBUG] [P12236:T15604] [phase=frame_stage_notify] [hook=frame_stage_notify] [frame_stage] begin stage=3 this=0x00007FF9936073C0
#7624 [2026-09-17 23:54:04.627] [DEBUG] [P12236:T15604] [phase=frame_stage_notify] [hook=frame_stage_notify] [frame_stage] original begin
#7625 [2026-09-17 23:54:04.645] [DEBUG] [P12236:T15604] [phase=frame_stage_notify] [hook=frame_stage_notify] [frame_stage] original end
#7626 [2026-09-17 23:54:04.680] [DEBUG] [P12236:T15604] [phase=frame_stage_notify] [hook=frame_stage_notify] [frame_stage] end stage=3
#7627 [2026-09-17 23:54:04.699] [DEBUG] [P12236:T15604] [phase=frame_stage_notify] [hook=frame_stage_notify] [frame_stage] begin stage=12 this=0x00007FF9936073C0
#7628 [2026-09-17 23:54:04.718] [DEBUG] [P12236:T15604] [phase=frame_stage_notify] [hook=frame_stage_notify] [frame_stage] original begin
#7629 [2026-09-17 23:54:04.754] [DEBUG] [P12236:T15604] [phase=frame_stage_notify] [hook=frame_stage_notify] [frame_stage] original end
#7630 [2026-09-17 23:54:04.805] [DEBUG] [P12236:T15604] [phase=frame_stage_notify] [hook=frame_stage_notify] [frame_stage] view/frame-data update begin
#7631 [2026-09-17 23:54:04.824] [DEBUG] [P12236:T15604] [phase=frame_stage_notify] [hook=frame_stage_notify] [frame_stage] view/frame-data update end
#7632 [2026-09-17 23:54:04.843] [DEBUG] [P12236:T15604] [phase=frame_stage_notify] [hook=frame_stage_notify] [frame_stage] end stage=12
#7633 [2026-09-17 23:54:04.867] [DEBUG] [P12236:T18300] [phase=present] [hook=present] [present] begin swap_chain=0x00000242DB990F50 sync=0 flags=0x200 ready=1
#7734 [2026-09-17 23:54:04.886] [DEBUG] [P12236:T18300] [phase=present] [hook=present] [present] rendering context updated
#7735 [2026-09-17 23:54:04.904] [DEBUG] [P12236:T18300] [phase=present] [hook=present] [present] forwarding to original
#7736 [2026-09-17 23:54:04.926] [DEBUG] [P12236:T15604] [phase=frame_stage_notify] [hook=frame_stage_notify] [frame_stage] begin stage=0 this=0x00007FF9936073C0
#7740 [2026-09-17 23:54:04.945] [DEBUG] [P12236:T15604] [phase=frame_stage_notify] [hook=frame_stage_notify] [frame_stage] original begin
#7741 [2026-09-17 23:54:04.963] [DEBUG] [P12236:T15604] [phase=frame_stage_notify] [hook=frame_stage_notify] [frame_stage] original end
#7742 [2026-09-17 23:54:04.981] [DEBUG] [P12236:T15604] [phase=frame_stage_notify] [hook=frame_stage_notify] [frame_stage] end stage=0
#7743 [2026-09-17 23:54:04.999] [DEBUG] [P12236:T15604] [phase=frame_stage_notify] [hook=frame_stage_notify] [frame_stage] begin stage=11 this=0x00007FF9936073C0
#7744 [2026-09-17 23:54:05.018] [DEBUG] [P12236:T15604] [phase=frame_stage_notify] [hook=frame_stage_notify] [frame_stage] original begin
#7745 [2026-09-17 23:54:05.038] [DEBUG] [P12236:T15604] [phase=frame_stage_notify] [hook=frame_stage_notify] [frame_stage] original end
#7746 [2026-09-17 23:54:05.056] [DEBUG] [P12236:T15604] [phase=frame_stage_notify] [hook=frame_stage_notify] [frame_stage] end stage=11
#7747 [2026-09-17 23:54:05.074] [DEBUG] [P12236:T15604] [phase=frame_stage_notify] [hook=frame_stage_notify] [frame_stage] begin stage=0 this=0x00007FF9936073C0
#7748 [2026-09-17 23:54:05.092] [DEBUG] [P12236:T15604] [phase=frame_stage_notify] [hook=frame_stage_notify] [frame_stage] original begin
#7749 [2026-09-17 23:54:05.110] [DEBUG] [P12236:T15604] [phase=frame_stage_notify] [hook=frame_stage_notify] [frame_stage] original end
#7750 [2026-09-17 23:54:05.128] [DEBUG] [P12236:T15604] [phase=frame_stage_notify] [hook=frame_stage_notify] [frame_stage] end stage=0
#7751 [2026-09-17 23:54:05.147] [DEBUG] [P12236:T15604] [phase=frame_stage_notify] [hook=frame_stage_notify] [frame_stage] begin stage=11 this=0x00007FF9936073C0
#7752 [2026-09-17 23:54:05.165] [DEBUG] [P12236:T15604] [phase=frame_stage_notify] [hook=frame_stage_notify] [frame_stage] original begin
#7753 [2026-09-17 23:54:05.183] [DEBUG] [P12236:T15604] [phase=frame_stage_notify] [hook=frame_stage_notify] [frame_stage] original end
#7754 [2026-09-17 23:54:05.202] [DEBUG] [P12236:T15604] [phase=frame_stage_notify] [hook=frame_stage_notify] [frame_stage] end stage=11
#7755 [2026-09-17 23:54:05.220] [DEBUG] [P12236:T15604] [phase=frame_stage_notify] [hook=frame_stage_notify] [frame_stage] begin stage=0 this=0x00007FF9936073C0
#7756 [2026-09-17 23:54:05.238] [DEBUG] [P12236:T15604] [phase=frame_stage_notify] [hook=frame_stage_notify] [frame_stage] original begin
#7757 [2026-09-17 23:54:05.255] [DEBUG] [P12236:T15604] [phase=frame_stage_notify] [hook=frame_stage_notify] [frame_stage] original end
#7758 [2026-09-17 23:54:05.274] [DEBUG] [P12236:T15604] [phase=frame_stage_notify] [hook=frame_stage_notify] [frame_stage] end stage=0
#7759 [2026-09-17 23:54:05.293] [DEBUG] [P12236:T15604] [phase=frame_stage_notify] [hook=frame_stage_notify] [frame_stage] begin stage=11 this=0x00007FF9936073C0
#7760 [2026-09-17 23:54:05.311] [DEBUG] [P12236:T15604] [phase=frame_stage_notify] [hook=frame_stage_notify] [frame_stage] original begin
#7761 [2026-09-17 23:54:05.329] [DEBUG] [P12236:T15604] [phase=frame_stage_notify] [hook=frame_stage_notify] [frame_stage] original end
#7762 [2026-09-17 23:54:05.347] [DEBUG] [P12236:T15604] [phase=frame_stage_notify] [hook=frame_stage_notify] [frame_stage] end stage=11
#7763 [2026-09-17 23:54:05.366] [DEBUG] [P12236:T15604] [phase=frame_stage_notify] [hook=frame_stage_notify] [frame_stage] begin stage=0 this=0x00007FF9936073C0
#7764 [2026-09-17 23:54:05.384] [DEBUG] [P12236:T15604] [phase=frame_stage_notify] [hook=frame_stage_notify] [frame_stage] original begin
#7765 [2026-09-17 23:54:05.403] [DEBUG] [P12236:T15604] [phase=frame_stage_notify] [hook=frame_stage_notify] [frame_stage] original end
#7766 [2026-09-17 23:54:05.421] [DEBUG] [P12236:T15604] [phase=frame_stage_notify] [hook=frame_stage_notify] [frame_stage] end stage=0
#7767 [2026-09-17 23:54:05.440] [DEBUG] [P12236:T15604] [phase=frame_stage_notify] [hook=frame_stage_notify] [frame_stage] begin stage=10 this=0x00007FF9936073C0
#7768 [2026-09-17 23:54:05.459] [DEBUG] [P12236:T15604] [phase=frame_stage_notify] [hook=frame_stage_notify] [frame_stage] original begin
#7769 [2026-09-17 23:54:05.476] [DEBUG] [P12236:T15604] [phase=frame_stage_notify] [hook=frame_stage_notify] [frame_stage] original end
#7770 [2026-09-17 23:54:05.495] [DEBUG] [P12236:T15604] [phase=frame_stage_notify] [hook=frame_stage_notify] [frame_stage] end stage=10
#7771 [2026-09-17 23:54:05.514] [DEBUG] [P12236:T15604] [phase=frame_stage_notify] [hook=frame_stage_notify] [frame_stage] begin stage=11 this=0x00007FF9936073C0
#7772 [2026-09-17 23:54:05.532] [DEBUG] [P12236:T15604] [phase=frame_stage_notify] [hook=frame_stage_notify] [frame_stage] original begin
#7773 [2026-09-17 23:54:05.550] [DEBUG] [P12236:T15604] [phase=frame_stage_notify] [hook=frame_stage_notify] [frame_stage] original end
#7774 [2026-09-17 23:54:05.568] [DEBUG] [P12236:T15604] [phase=frame_stage_notify] [hook=frame_stage_notify] [frame_stage] end stage=11
#7775 [2026-09-17 23:54:05.605] [DEBUG] [P12236:T15604] [phase=frame_stage_notify] [hook=frame_stage_notify] [frame_stage] begin stage=1 this=0x00007FF9936073C0
#7776 [2026-09-17 23:54:05.658] [DEBUG] [P12236:T15604] [phase=frame_stage_notify] [hook=frame_stage_notify] [frame_stage] original begin
#7777 [2026-09-17 23:54:05.676] [DEBUG] [P12236:T15604] [phase=frame_stage_notify] [hook=frame_stage_notify] [frame_stage] original end
#7778 [2026-09-17 23:54:05.694] [DEBUG] [P12236:T15604] [phase=frame_stage_notify] [hook=frame_stage_notify] [frame_stage] end stage=1
#7779 [2026-09-17 23:54:05.713] [DEBUG] [P12236:T15604] [phase=frame_stage_notify] [hook=frame_stage_notify] [frame_stage] begin stage=2 this=0x00007FF9936073C0
#7780 [2026-09-17 23:54:05.731] [DEBUG] [P12236:T15604] [phase=frame_stage_notify] [hook=frame_stage_notify] [frame_stage] original begin
#7781 [2026-09-17 23:54:05.749] [DEBUG] [P12236:T15604] [phase=frame_stage_notify] [hook=frame_stage_notify] [frame_stage] original end
#7782 [2026-09-17 23:54:05.767] [DEBUG] [P12236:T15604] [phase=frame_stage_notify] [hook=frame_stage_notify] [frame_stage] end stage=2
#7783 [2026-09-17 23:54:05.785] [DEBUG] [P12236:T15604] [phase=frame_stage_notify] [hook=frame_stage_notify] [frame_stage] begin stage=5 this=0x00007FF9936073C0
#7784 [2026-09-17 23:54:05.804] [DEBUG] [P12236:T15604] [phase=frame_stage_notify] [hook=frame_stage_notify] [frame_stage] original begin
#7785 [2026-09-17 23:54:05.823] [DEBUG] [P12236:T15604] [phase=frame_stage_notify] [hook=frame_stage_notify] [frame_stage] original end
#7786 [2026-09-17 23:54:05.841] [DEBUG] [P12236:T15604] [phase=frame_stage_notify] [hook=frame_stage_notify] [frame_stage] end stage=5
#7787 [2026-09-17 23:54:05.859] [DEBUG] [P12236:T15604] [phase=frame_stage_notify] [hook=frame_stage_notify] [frame_stage] begin stage=6 this=0x00007FF9936073C0
#7788 [2026-09-17 23:54:05.877] [DEBUG] [P12236:T15604] [phase=frame_stage_notify] [hook=frame_stage_notify] [frame_stage] guns begin
#7789 [2026-09-17 23:54:05.897] [DEBUG] [P12236:T15604] [phase=frame_stage_notify] [hook=frame_stage_notify] [frame_stage] guns end
#7790 [2026-09-17 23:54:05.916] [DEBUG] [P12236:T15604] [phase=frame_stage_notify] [hook=frame_stage_notify] [frame_stage] dlight begin
#7791 [2026-09-17 23:54:05.935] [DEBUG] [P12236:T15604] [phase=frame_stage_notify] [hook=frame_stage_notify] [frame_stage] dlight end
#7792 [2026-09-17 23:54:05.971] [DEBUG] [P12236:T15604] [phase=frame_stage_notify] [hook=frame_stage_notify] [frame_stage] original begin
#7793 [2026-09-17 23:54:05.988] [DEBUG] [P12236:T15604] [phase=frame_stage_notify] [hook=frame_stage_notify] [frame_stage] original end
#7794 [2026-09-17 23:54:06.012] [DEBUG] [P12236:T15604] [phase=frame_stage_notify] [hook=frame_stage_notify] [frame_stage] post-network feature updates begin
#7795 [2026-09-17 23:54:06.031] [DEBUG] [P12236:T15604] [phase=frame_stage_notify] [hook=frame_stage_notify] [frame_stage] post-network feature updates end
#7796 [2026-09-17 23:54:06.049] [DEBUG] [P12236:T15604] [phase=frame_stage_notify] [hook=frame_stage_notify] [frame_stage] end stage=6
#7797 [2026-09-17 23:54:06.067] [DEBUG] [P12236:T15604] [phase=frame_stage_notify] [hook=frame_stage_notify] [frame_stage] begin stage=7 this=0x00007FF9936073C0
#7798 [2026-09-17 23:54:06.086] [DEBUG] [P12236:T15604] [phase=frame_stage_notify] [hook=frame_stage_notify] [frame_stage] agents begin
#7799 [2026-09-17 23:54:06.122] [DEBUG] [P12236:T15604] [phase=frame_stage_notify] [hook=frame_stage_notify] [frame_stage] agents end; gloves begin
#7800 [2026-09-17 23:54:06.141] [DEBUG] [P12236:T15604] [phase=frame_stage_notify] [hook=frame_stage_notify] [frame_stage] gloves end; knives begin
#7801 [2026-09-17 23:54:06.159] [DEBUG] [P12236:T15604] [phase=frame_stage_notify] [hook=frame_stage_notify] [frame_stage] knives end; world begin
#7802 [2026-09-17 23:54:06.177] [DEBUG] [P12236:T15604] [phase=frame_stage_notify] [hook=frame_stage_notify] [frame_stage] scene end; weather begin
#7803 [2026-09-17 23:54:06.195] [DEBUG] [P12236:T15604] [phase=frame_stage_notify] [hook=frame_stage_notify] [frame_stage] weather end; other begin
#7804 [2026-09-17 23:54:06.214] [DEBUG] [P12236:T15604] [phase=frame_stage_notify] [hook=frame_stage_notify] [frame_stage] other end; impacts begin
#7805 [2026-09-17 23:54:06.249] [DEBUG] [P12236:T15604] [phase=frame_stage_notify] [hook=frame_stage_notify] [frame_stage] impacts end
#7806 [2026-09-17 23:54:06.268] [DEBUG] [P12236:T15604] [phase=frame_stage_notify] [hook=frame_stage_notify] [frame_stage] original begin
#7807 [2026-09-17 23:54:06.286] [DEBUG] [P12236:T15604] [phase=frame_stage_notify] [hook=frame_stage_notify] [frame_stage] original end
#7808 [2026-09-17 23:54:06.305] [DEBUG] [P12236:T15604] [phase=frame_stage_notify] [hook=frame_stage_notify] [frame_stage] end stage=7
#7809 [2026-09-17 23:54:06.323] [DEBUG] [P12236:T15604] [phase=frame_stage_notify] [hook=frame_stage_notify] [frame_stage] begin stage=8 this=0x00007FF9936073C0
#7810 [2026-09-17 23:54:06.342] [DEBUG] [P12236:T15604] [phase=frame_stage_notify] [hook=frame_stage_notify] [frame_stage] original begin
#7811 [2026-09-17 23:54:06.360] [DEBUG] [P12236:T15604] [phase=frame_stage_notify] [hook=frame_stage_notify] [frame_stage] original end
#7812 [2026-09-17 23:54:06.379] [DEBUG] [P12236:T15604] [phase=frame_stage_notify] [hook=frame_stage_notify] [frame_stage] end stage=8
#7813 [2026-09-17 23:54:06.397] [DEBUG] [P12236:T15604] [phase=frame_stage_notify] [hook=frame_stage_notify] [frame_stage] begin stage=3 this=0x00007FF9936073C0
#7814 [2026-09-17 23:54:06.416] [DEBUG] [P12236:T15604] [phase=frame_stage_notify] [hook=frame_stage_notify] [frame_stage] original begin
#7815 [2026-09-17 23:54:06.434] [DEBUG] [P12236:T15604] [phase=frame_stage_notify] [hook=frame_stage_notify] [frame_stage] original end
#7816 [2026-09-17 23:54:06.452] [DEBUG] [P12236:T15604] [phase=frame_stage_notify] [hook=frame_stage_notify] [frame_stage] end stage=3
#7817 [2026-09-17 23:54:06.470] [DEBUG] [P12236:T15604] [phase=frame_stage_notify] [hook=frame_stage_notify] [frame_stage] begin stage=12 this=0x00007FF9936073C0
#7818 [2026-09-17 23:54:06.489] [DEBUG] [P12236:T15604] [phase=frame_stage_notify] [hook=frame_stage_notify] [frame_stage] original begin
#7819 [2026-09-17 23:54:06.507] [DEBUG] [P12236:T15604] [phase=frame_stage_notify] [hook=frame_stage_notify] [frame_stage] original end
#7820 [2026-09-17 23:54:06.525] [DEBUG] [P12236:T15604] [phase=frame_stage_notify] [hook=frame_stage_notify] [frame_stage] view/frame-data update begin
#7821 [2026-09-17 23:54:06.544] [DEBUG] [P12236:T15604] [phase=frame_stage_notify] [hook=frame_stage_notify] [frame_stage] view/frame-data update end
#7822 [2026-09-17 23:54:06.562] [DEBUG] [P12236:T15604] [phase=frame_stage_notify] [hook=frame_stage_notify] [frame_stage] end stage=12
#7823 [2026-09-17 23:54:06.584] [DEBUG] [P12236:T18300] [phase=present] [hook=present] [present] begin swap_chain=0x00000242DB990F50 sync=0 flags=0x200 ready=1
#7926 [2026-09-17 23:54:06.603] [DEBUG] [P12236:T18300] [phase=present] [hook=present] [present] rendering context updated
#7927 [2026-09-17 23:54:06.621] [DEBUG] [P12236:T18300] [phase=present] [hook=present] [present] forwarding to original
#7928 [2026-09-17 23:54:06.641] [DEBUG] [P12236:T15604] [phase=frame_stage_notify] [hook=frame_stage_notify] [frame_stage] begin stage=0 this=0x00007FF9936073C0
#7932 [2026-09-17 23:54:06.659] [DEBUG] [P12236:T15604] [phase=frame_stage_notify] [hook=frame_stage_notify] [frame_stage] original begin
#7933 [2026-09-17 23:54:06.696] [DEBUG] [P12236:T15604] [phase=frame_stage_notify] [hook=frame_stage_notify] [frame_stage] original end
#7934 [2026-09-17 23:54:06.748] [DEBUG] [P12236:T15604] [phase=frame_stage_notify] [hook=frame_stage_notify] [frame_stage] end stage=0
#7935 [2026-09-17 23:54:06.767] [DEBUG] [P12236:T15604] [phase=frame_stage_notify] [hook=frame_stage_notify] [frame_stage] begin stage=11 this=0x00007FF9936073C0
#7936 [2026-09-17 23:54:06.785] [DEBUG] [P12236:T15604] [phase=frame_stage_notify] [hook=frame_stage_notify] [frame_stage] original begin
#7937 [2026-09-17 23:54:06.804] [DEBUG] [P12236:T15604] [phase=frame_stage_notify] [hook=frame_stage_notify] [frame_stage] original end
#7938 [2026-09-17 23:54:06.822] [DEBUG] [P12236:T15604] [phase=frame_stage_notify] [hook=frame_stage_notify] [frame_stage] end stage=11
#7939 [2026-09-17 23:54:06.840] [DEBUG] [P12236:T15604] [phase=frame_stage_notify] [hook=frame_stage_notify] [frame_stage] begin stage=0 this=0x00007FF9936073C0
#7940 [2026-09-17 23:54:06.858] [DEBUG] [P12236:T15604] [phase=frame_stage_notify] [hook=frame_stage_notify] [frame_stage] original begin
#7941 [2026-09-17 23:54:06.876] [DEBUG] [P12236:T15604] [phase=frame_stage_notify] [hook=frame_stage_notify] [frame_stage] original end
#7942 [2026-09-17 23:54:06.894] [DEBUG] [P12236:T15604] [phase=frame_stage_notify] [hook=frame_stage_notify] [frame_stage] end stage=0
#7943 [2026-09-17 23:54:06.914] [DEBUG] [P12236:T15604] [phase=frame_stage_notify] [hook=frame_stage_notify] [frame_stage] begin stage=11 this=0x00007FF9936073C0
#7944 [2026-09-17 23:54:06.933] [DEBUG] [P12236:T15604] [phase=frame_stage_notify] [hook=frame_stage_notify] [frame_stage] original begin
#7945 [2026-09-17 23:54:06.951] [DEBUG] [P12236:T15604] [phase=frame_stage_notify] [hook=frame_stage_notify] [frame_stage] original end
#7946 [2026-09-17 23:54:06.970] [DEBUG] [P12236:T15604] [phase=frame_stage_notify] [hook=frame_stage_notify] [frame_stage] end stage=11
#7947 [2026-09-17 23:54:06.988] [DEBUG] [P12236:T15604] [phase=frame_stage_notify] [hook=frame_stage_notify] [frame_stage] begin stage=0 this=0x00007FF9936073C0
#7948 [2026-09-17 23:54:07.007] [DEBUG] [P12236:T15604] [phase=frame_stage_notify] [hook=frame_stage_notify] [frame_stage] original begin
#7949 [2026-09-17 23:54:07.025] [DEBUG] [P12236:T15604] [phase=frame_stage_notify] [hook=frame_stage_notify] [frame_stage] original end
#7950 [2026-09-17 23:54:07.044] [DEBUG] [P12236:T15604] [phase=frame_stage_notify] [hook=frame_stage_notify] [frame_stage] end stage=0
#7951 [2026-09-17 23:54:07.062] [DEBUG] [P12236:T15604] [phase=frame_stage_notify] [hook=frame_stage_notify] [frame_stage] begin stage=11 this=0x00007FF9936073C0
#7952 [2026-09-17 23:54:07.081] [DEBUG] [P12236:T15604] [phase=frame_stage_notify] [hook=frame_stage_notify] [frame_stage] original begin
#7953 [2026-09-17 23:54:07.099] [DEBUG] [P12236:T15604] [phase=frame_stage_notify] [hook=frame_stage_notify] [frame_stage] original end
#7954 [2026-09-17 23:54:07.117] [DEBUG] [P12236:T15604] [phase=frame_stage_notify] [hook=frame_stage_notify] [frame_stage] end stage=11
#7955 [2026-09-17 23:54:07.136] [DEBUG] [P12236:T15604] [phase=frame_stage_notify] [hook=frame_stage_notify] [frame_stage] begin stage=0 this=0x00007FF9936073C0
#7956 [2026-09-17 23:54:07.155] [DEBUG] [P12236:T15604] [phase=frame_stage_notify] [hook=frame_stage_notify] [frame_stage] original begin
#7957 [2026-09-17 23:54:07.190] [DEBUG] [P12236:T15604] [phase=frame_stage_notify] [hook=frame_stage_notify] [frame_stage] original end
#7958 [2026-09-17 23:54:07.209] [DEBUG] [P12236:T15604] [phase=frame_stage_notify] [hook=frame_stage_notify] [frame_stage] end stage=0
#7959 [2026-09-17 23:54:07.246] [DEBUG] [P12236:T15604] [phase=frame_stage_notify] [hook=frame_stage_notify] [frame_stage] begin stage=10 this=0x00007FF9936073C0
#7960 [2026-09-17 23:54:07.265] [DEBUG] [P12236:T15604] [phase=frame_stage_notify] [hook=frame_stage_notify] [frame_stage] original begin
#7961 [2026-09-17 23:54:07.300] [DEBUG] [P12236:T15604] [phase=frame_stage_notify] [hook=frame_stage_notify] [frame_stage] original end
#7962 [2026-09-17 23:54:07.370] [DEBUG] [P12236:T15604] [phase=frame_stage_notify] [hook=frame_stage_notify] [frame_stage] end stage=10
#7963 [2026-09-17 23:54:07.422] [DEBUG] [P12236:T15604] [phase=frame_stage_notify] [hook=frame_stage_notify] [frame_stage] begin stage=11 this=0x00007FF9936073C0
#7964 [2026-09-17 23:54:07.441] [DEBUG] [P12236:T15604] [phase=frame_stage_notify] [hook=frame_stage_notify] [frame_stage] original begin
#7965 [2026-09-17 23:54:07.476] [DEBUG] [P12236:T15604] [phase=frame_stage_notify] [hook=frame_stage_notify] [frame_stage] original end
#7966 [2026-09-17 23:54:07.511] [DEBUG] [P12236:T15604] [phase=frame_stage_notify] [hook=frame_stage_notify] [frame_stage] end stage=11
#7967 [2026-09-17 23:54:07.546] [DEBUG] [P12236:T15604] [phase=frame_stage_notify] [hook=frame_stage_notify] [frame_stage] begin stage=1 this=0x00007FF9936073C0
#7968 [2026-09-17 23:54:07.565] [DEBUG] [P12236:T15604] [phase=frame_stage_notify] [hook=frame_stage_notify] [frame_stage] original begin
#7969 [2026-09-17 23:54:07.583] [DEBUG] [P12236:T15604] [phase=frame_stage_notify] [hook=frame_stage_notify] [frame_stage] original end
#7970 [2026-09-17 23:54:07.601] [DEBUG] [P12236:T15604] [phase=frame_stage_notify] [hook=frame_stage_notify] [frame_stage] end stage=1
#7971 [2026-09-17 23:54:07.619] [DEBUG] [P12236:T15604] [phase=frame_stage_notify] [hook=frame_stage_notify] [frame_stage] begin stage=2 this=0x00007FF9936073C0
#7972 [2026-09-17 23:54:07.638] [DEBUG] [P12236:T15604] [phase=frame_stage_notify] [hook=frame_stage_notify] [frame_stage] original begin
#7973 [2026-09-17 23:54:07.657] [DEBUG] [P12236:T15604] [phase=frame_stage_notify] [hook=frame_stage_notify] [frame_stage] original end
#7974 [2026-09-17 23:54:07.676] [DEBUG] [P12236:T15604] [phase=frame_stage_notify] [hook=frame_stage_notify] [frame_stage] end stage=2
#7975 [2026-09-17 23:54:07.695] [DEBUG] [P12236:T15604] [phase=frame_stage_notify] [hook=frame_stage_notify] [frame_stage] begin stage=5 this=0x00007FF9936073C0
#7976 [2026-09-17 23:54:07.712] [DEBUG] [P12236:T15604] [phase=frame_stage_notify] [hook=frame_stage_notify] [frame_stage] original begin
#7977 [2026-09-17 23:54:07.731] [DEBUG] [P12236:T15604] [phase=frame_stage_notify] [hook=frame_stage_notify] [frame_stage] original end
#7978 [2026-09-17 23:54:07.749] [DEBUG] [P12236:T15604] [phase=frame_stage_notify] [hook=frame_stage_notify] [frame_stage] end stage=5
#7979 [2026-09-17 23:54:07.768] [DEBUG] [P12236:T15604] [phase=frame_stage_notify] [hook=frame_stage_notify] [frame_stage] begin stage=6 this=0x00007FF9936073C0
#7980 [2026-09-17 23:54:07.786] [DEBUG] [P12236:T15604] [phase=frame_stage_notify] [hook=frame_stage_notify] [frame_stage] guns begin
#7981 [2026-09-17 23:54:07.805] [DEBUG] [P12236:T15604] [phase=frame_stage_notify] [hook=frame_stage_notify] [frame_stage] guns end
#7982 [2026-09-17 23:54:07.823] [DEBUG] [P12236:T15604] [phase=frame_stage_notify] [hook=frame_stage_notify] [frame_stage] dlight begin
#7983 [2026-09-17 23:54:07.841] [DEBUG] [P12236:T15604] [phase=frame_stage_notify] [hook=frame_stage_notify] [frame_stage] dlight end
#7984 [2026-09-17 23:54:07.860] [DEBUG] [P12236:T15604] [phase=frame_stage_notify] [hook=frame_stage_notify] [frame_stage] original begin
#7985 [2026-09-17 23:54:07.878] [DEBUG] [P12236:T15604] [phase=frame_stage_notify] [hook=frame_stage_notify] [frame_stage] original end
#7986 [2026-09-17 23:54:07.897] [DEBUG] [P12236:T15604] [phase=frame_stage_notify] [hook=frame_stage_notify] [frame_stage] post-network feature updates begin
#7987 [2026-09-17 23:54:07.916] [DEBUG] [P12236:T15604] [phase=frame_stage_notify] [hook=frame_stage_notify] [frame_stage] post-network feature updates end
#7988 [2026-09-17 23:54:07.934] [DEBUG] [P12236:T15604] [phase=frame_stage_notify] [hook=frame_stage_notify] [frame_stage] end stage=6
#7989 [2026-09-17 23:54:07.952] [DEBUG] [P12236:T15604] [phase=frame_stage_notify] [hook=frame_stage_notify] [frame_stage] begin stage=7 this=0x00007FF9936073C0
#7990 [2026-09-17 23:54:07.970] [DEBUG] [P12236:T15604] [phase=frame_stage_notify] [hook=frame_stage_notify] [frame_stage] agents begin
#7991 [2026-09-17 23:54:07.989] [DEBUG] [P12236:T15604] [phase=frame_stage_notify] [hook=frame_stage_notify] [frame_stage] agents end; gloves begin
#7992 [2026-09-17 23:54:08.007] [DEBUG] [P12236:T15604] [phase=frame_stage_notify] [hook=frame_stage_notify] [frame_stage] gloves end; knives begin
#7993 [2026-09-17 23:54:08.025] [DEBUG] [P12236:T15604] [phase=frame_stage_notify] [hook=frame_stage_notify] [frame_stage] knives end; world begin
#7994 [2026-09-17 23:54:08.044] [DEBUG] [P12236:T15604] [phase=frame_stage_notify] [hook=frame_stage_notify] [frame_stage] scene end; weather begin
#7995 [2026-09-17 23:54:08.063] [DEBUG] [P12236:T15604] [phase=frame_stage_notify] [hook=frame_stage_notify] [frame_stage] weather end; other begin
#7996 [2026-09-17 23:54:08.080] [DEBUG] [P12236:T15604] [phase=frame_stage_notify] [hook=frame_stage_notify] [frame_stage] other end; impacts begin
#7997 [2026-09-17 23:54:08.116] [DEBUG] [P12236:T15604] [phase=frame_stage_notify] [hook=frame_stage_notify] [frame_stage] impacts end
#7998 [2026-09-17 23:54:08.135] [DEBUG] [P12236:T15604] [phase=frame_stage_notify] [hook=frame_stage_notify] [frame_stage] original begin
#7999 [2026-09-17 23:54:08.153] [DEBUG] [P12236:T15604] [phase=frame_stage_notify] [hook=frame_stage_notify] [frame_stage] original end
#8000 [2026-09-17 23:54:08.171] [DEBUG] [P12236:T15604] [phase=frame_stage_notify] [hook=frame_stage_notify] [frame_stage] end stage=7
#8001 [2026-09-17 23:54:08.189] [DEBUG] [P12236:T15604] [phase=frame_stage_notify] [hook=frame_stage_notify] [frame_stage] begin stage=8 this=0x00007FF9936073C0
#8002 [2026-09-17 23:54:08.208] [DEBUG] [P12236:T15604] [phase=frame_stage_notify] [hook=frame_stage_notify] [frame_stage] original begin
#8003 [2026-09-17 23:54:08.226] [DEBUG] [P12236:T15604] [phase=frame_stage_notify] [hook=frame_stage_notify] [frame_stage] original end
#8004 [2026-09-17 23:54:08.244] [DEBUG] [P12236:T15604] [phase=frame_stage_notify] [hook=frame_stage_notify] [frame_stage] end stage=8
#8005 [2026-09-17 23:54:08.262] [DEBUG] [P12236:T15604] [phase=frame_stage_notify] [hook=frame_stage_notify] [frame_stage] begin stage=3 this=0x00007FF9936073C0
#8006 [2026-09-17 23:54:08.280] [DEBUG] [P12236:T15604] [phase=frame_stage_notify] [hook=frame_stage_notify] [frame_stage] original begin
#8007 [2026-09-17 23:54:08.298] [DEBUG] [P12236:T15604] [phase=frame_stage_notify] [hook=frame_stage_notify] [frame_stage] original end
#8008 [2026-09-17 23:54:08.317] [DEBUG] [P12236:T15604] [phase=frame_stage_notify] [hook=frame_stage_notify] [frame_stage] end stage=3
#8009 [2026-09-17 23:54:08.336] [DEBUG] [P12236:T15604] [phase=frame_stage_notify] [hook=frame_stage_notify] [frame_stage] begin stage=12 this=0x00007FF9936073C0
#8010 [2026-09-17 23:54:08.354] [DEBUG] [P12236:T15604] [phase=frame_stage_notify] [hook=frame_stage_notify] [frame_stage] original begin
#8011 [2026-09-17 23:54:08.372] [DEBUG] [P12236:T15604] [phase=frame_stage_notify] [hook=frame_stage_notify] [frame_stage] original end
#8012 [2026-09-17 23:54:08.390] [DEBUG] [P12236:T15604] [phase=frame_stage_notify] [hook=frame_stage_notify] [frame_stage] view/frame-data update begin
#8013 [2026-09-17 23:54:08.408] [DEBUG] [P12236:T15604] [phase=frame_stage_notify] [hook=frame_stage_notify] [frame_stage] view/frame-data update end
#8014 [2026-09-17 23:54:08.427] [DEBUG] [P12236:T15604] [phase=frame_stage_notify] [hook=frame_stage_notify] [frame_stage] end stage=12
#8015 [2026-09-17 23:54:08.448] [DEBUG] [P12236:T18300] [phase=present] [hook=present] [present] begin swap_chain=0x00000242DB990F50 sync=0 flags=0x200 ready=1
#8116 [2026-09-17 23:54:08.679] [DEBUG] [P12236:T15604] [phase=frame_stage_notify] [hook=frame_stage_notify] [frame_stage] begin stage=0 this=0x00007FF9936073C0
#8117 [2026-09-17 23:54:08.699] [DEBUG] [P12236:T15604] [phase=frame_stage_notify] [hook=frame_stage_notify] [frame_stage] original begin
#8118 [2026-09-17 23:54:08.718] [DEBUG] [P12236:T15604] [phase=frame_stage_notify] [hook=frame_stage_notify] [frame_stage] original end
#8119 [2026-09-17 23:54:08.737] [DEBUG] [P12236:T15604] [phase=frame_stage_notify] [hook=frame_stage_notify] [frame_stage] end stage=0
#8120 [2026-09-17 23:54:08.756] [DEBUG] [P12236:T15604] [phase=frame_stage_notify] [hook=frame_stage_notify] [frame_stage] begin stage=11 this=0x00007FF9936073C0
#8121 [2026-09-17 23:54:08.774] [DEBUG] [P12236:T15604] [phase=frame_stage_notify] [hook=frame_stage_notify] [frame_stage] original begin
#8122 [2026-09-17 23:54:08.793] [DEBUG] [P12236:T15604] [phase=frame_stage_notify] [hook=frame_stage_notify] [frame_stage] original end
#8123 [2026-09-17 23:54:08.811] [DEBUG] [P12236:T15604] [phase=frame_stage_notify] [hook=frame_stage_notify] [frame_stage] end stage=11
#8124 [2026-09-17 23:54:08.847] [DEBUG] [P12236:T15604] [phase=frame_stage_notify] [hook=frame_stage_notify] [frame_stage] begin stage=0 this=0x00007FF9936073C0
#8125 [2026-09-17 23:54:08.865] [DEBUG] [P12236:T15604] [phase=frame_stage_notify] [hook=frame_stage_notify] [frame_stage] original begin
#8126 [2026-09-17 23:54:08.884] [DEBUG] [P12236:T15604] [phase=frame_stage_notify] [hook=frame_stage_notify] [frame_stage] original end
#8127 [2026-09-17 23:54:08.902] [DEBUG] [P12236:T15604] [phase=frame_stage_notify] [hook=frame_stage_notify] [frame_stage] end stage=0
#8128 [2026-09-17 23:54:08.921] [DEBUG] [P12236:T15604] [phase=frame_stage_notify] [hook=frame_stage_notify] [frame_stage] begin stage=11 this=0x00007FF9936073C0
#8129 [2026-09-17 23:54:08.940] [DEBUG] [P12236:T15604] [phase=frame_stage_notify] [hook=frame_stage_notify] [frame_stage] original begin
#8130 [2026-09-17 23:54:08.958] [DEBUG] [P12236:T15604] [phase=frame_stage_notify] [hook=frame_stage_notify] [frame_stage] original end
#8131 [2026-09-17 23:54:08.976] [DEBUG] [P12236:T15604] [phase=frame_stage_notify] [hook=frame_stage_notify] [frame_stage] end stage=11
#8132 [2026-09-17 23:54:08.994] [DEBUG] [P12236:T15604] [phase=frame_stage_notify] [hook=frame_stage_notify] [frame_stage] begin stage=0 this=0x00007FF9936073C0
#8133 [2026-09-17 23:54:09.012] [DEBUG] [P12236:T15604] [phase=frame_stage_notify] [hook=frame_stage_notify] [frame_stage] original begin
#8134 [2026-09-17 23:54:09.031] [DEBUG] [P12236:T15604] [phase=frame_stage_notify] [hook=frame_stage_notify] [frame_stage] original end
#8135 [2026-09-17 23:54:09.050] [DEBUG] [P12236:T15604] [phase=frame_stage_notify] [hook=frame_stage_notify] [frame_stage] end stage=0
#8136 [2026-09-17 23:54:09.069] [DEBUG] [P12236:T15604] [phase=frame_stage_notify] [hook=frame_stage_notify] [frame_stage] begin stage=11 this=0x00007FF9936073C0
#8137 [2026-09-17 23:54:09.088] [DEBUG] [P12236:T15604] [phase=frame_stage_notify] [hook=frame_stage_notify] [frame_stage] original begin
#8138 [2026-09-17 23:54:09.106] [DEBUG] [P12236:T15604] [phase=frame_stage_notify] [hook=frame_stage_notify] [frame_stage] original end
#8139 [2026-09-17 23:54:09.125] [DEBUG] [P12236:T15604] [phase=frame_stage_notify] [hook=frame_stage_notify] [frame_stage] end stage=11
#8140 [2026-09-17 23:54:09.143] [DEBUG] [P12236:T15604] [phase=frame_stage_notify] [hook=frame_stage_notify] [frame_stage] begin stage=0 this=0x00007FF9936073C0
#8141 [2026-09-17 23:54:09.162] [DEBUG] [P12236:T15604] [phase=frame_stage_notify] [hook=frame_stage_notify] [frame_stage] original begin
#8142 [2026-09-17 23:54:09.179] [DEBUG] [P12236:T15604] [phase=frame_stage_notify] [hook=frame_stage_notify] [frame_stage] original end
#8143 [2026-09-17 23:54:09.198] [DEBUG] [P12236:T15604] [phase=frame_stage_notify] [hook=frame_stage_notify] [frame_stage] end stage=0
#8144 [2026-09-17 23:54:09.217] [DEBUG] [P12236:T15604] [phase=frame_stage_notify] [hook=frame_stage_notify] [frame_stage] begin stage=11 this=0x00007FF9936073C0
#8145 [2026-09-17 23:54:09.235] [DEBUG] [P12236:T15604] [phase=frame_stage_notify] [hook=frame_stage_notify] [frame_stage] original begin
#8146 [2026-09-17 23:54:09.253] [DEBUG] [P12236:T15604] [phase=frame_stage_notify] [hook=frame_stage_notify] [frame_stage] original end
#8147 [2026-09-17 23:54:09.271] [DEBUG] [P12236:T15604] [phase=frame_stage_notify] [hook=frame_stage_notify] [frame_stage] end stage=11
#8148 [2026-09-17 23:54:09.307] [DEBUG] [P12236:T15604] [phase=frame_stage_notify] [hook=frame_stage_notify] [frame_stage] begin stage=0 this=0x00007FF9936073C0
#8149 [2026-09-17 23:54:09.359] [DEBUG] [P12236:T15604] [phase=frame_stage_notify] [hook=frame_stage_notify] [frame_stage] original begin
#8150 [2026-09-17 23:54:09.378] [DEBUG] [P12236:T15604] [phase=frame_stage_notify] [hook=frame_stage_notify] [frame_stage] original end
#8151 [2026-09-17 23:54:09.397] [DEBUG] [P12236:T15604] [phase=frame_stage_notify] [hook=frame_stage_notify] [frame_stage] end stage=0
#8152 [2026-09-17 23:54:09.416] [DEBUG] [P12236:T15604] [phase=frame_stage_notify] [hook=frame_stage_notify] [frame_stage] begin stage=11 this=0x00007FF9936073C0
#8153 [2026-09-17 23:54:09.451] [DEBUG] [P12236:T15604] [phase=frame_stage_notify] [hook=frame_stage_notify] [frame_stage] original begin
#8154 [2026-09-17 23:54:09.503] [DEBUG] [P12236:T15604] [phase=frame_stage_notify] [hook=frame_stage_notify] [frame_stage] original end
#8155 [2026-09-17 23:54:09.523] [DEBUG] [P12236:T15604] [phase=frame_stage_notify] [hook=frame_stage_notify] [frame_stage] end stage=11
#8156 [2026-09-17 23:54:09.542] [DEBUG] [P12236:T15604] [phase=frame_stage_notify] [hook=frame_stage_notify] [frame_stage] begin stage=0 this=0x00007FF9936073C0
#8157 [2026-09-17 23:54:09.561] [DEBUG] [P12236:T15604] [phase=frame_stage_notify] [hook=frame_stage_notify] [frame_stage] original begin
#8158 [2026-09-17 23:54:09.579] [DEBUG] [P12236:T15604] [phase=frame_stage_notify] [hook=frame_stage_notify] [frame_stage] original end
#8159 [2026-09-17 23:54:09.597] [DEBUG] [P12236:T15604] [phase=frame_stage_notify] [hook=frame_stage_notify] [frame_stage] end stage=0
#8160 [2026-09-17 23:54:09.615] [DEBUG] [P12236:T15604] [phase=frame_stage_notify] [hook=frame_stage_notify] [frame_stage] begin stage=11 this=0x00007FF9936073C0
#8161 [2026-09-17 23:54:09.634] [DEBUG] [P12236:T15604] [phase=frame_stage_notify] [hook=frame_stage_notify] [frame_stage] original begin
#8162 [2026-09-17 23:54:09.653] [DEBUG] [P12236:T15604] [phase=frame_stage_notify] [hook=frame_stage_notify] [frame_stage] original end
#8163 [2026-09-17 23:54:09.672] [DEBUG] [P12236:T15604] [phase=frame_stage_notify] [hook=frame_stage_notify] [frame_stage] end stage=11
#8164 [2026-09-17 23:54:09.691] [DEBUG] [P12236:T15604] [phase=frame_stage_notify] [hook=frame_stage_notify] [frame_stage] begin stage=0 this=0x00007FF9936073C0
#8165 [2026-09-17 23:54:09.709] [DEBUG] [P12236:T15604] [phase=frame_stage_notify] [hook=frame_stage_notify] [frame_stage] original begin
#8166 [2026-09-17 23:54:09.727] [DEBUG] [P12236:T15604] [phase=frame_stage_notify] [hook=frame_stage_notify] [frame_stage] original end
#8167 [2026-09-17 23:54:09.746] [DEBUG] [P12236:T15604] [phase=frame_stage_notify] [hook=frame_stage_notify] [frame_stage] end stage=0
#8168 [2026-09-17 23:54:09.765] [DEBUG] [P12236:T15604] [phase=frame_stage_notify] [hook=frame_stage_notify] [frame_stage] begin stage=10 this=0x00007FF9936073C0
#8169 [2026-09-17 23:54:09.784] [DEBUG] [P12236:T15604] [phase=frame_stage_notify] [hook=frame_stage_notify] [frame_stage] original begin
#8170 [2026-09-17 23:54:09.802] [DEBUG] [P12236:T15604] [phase=frame_stage_notify] [hook=frame_stage_notify] [frame_stage] original end
#8171 [2026-09-17 23:54:09.820] [DEBUG] [P12236:T15604] [phase=frame_stage_notify] [hook=frame_stage_notify] [frame_stage] end stage=10
#8172 [2026-09-17 23:54:09.838] [DEBUG] [P12236:T15604] [phase=frame_stage_notify] [hook=frame_stage_notify] [frame_stage] begin stage=11 this=0x00007FF9936073C0
#8173 [2026-09-17 23:54:09.856] [DEBUG] [P12236:T15604] [phase=frame_stage_notify] [hook=frame_stage_notify] [frame_stage] original begin
#8174 [2026-09-17 23:54:09.875] [DEBUG] [P12236:T15604] [phase=frame_stage_notify] [hook=frame_stage_notify] [frame_stage] original end
#8175 [2026-09-17 23:54:09.893] [DEBUG] [P12236:T15604] [phase=frame_stage_notify] [hook=frame_stage_notify] [frame_stage] end stage=11
#8176 [2026-09-17 23:54:09.911] [DEBUG] [P12236:T15604] [phase=frame_stage_notify] [hook=frame_stage_notify] [frame_stage] begin stage=1 this=0x00007FF9936073C0
#8177 [2026-09-17 23:54:09.929] [DEBUG] [P12236:T15604] [phase=frame_stage_notify] [hook=frame_stage_notify] [frame_stage] original begin
#8178 [2026-09-17 23:54:09.946] [DEBUG] [P12236:T15604] [phase=frame_stage_notify] [hook=frame_stage_notify] [frame_stage] original end
#8179 [2026-09-17 23:54:09.965] [DEBUG] [P12236:T15604] [phase=frame_stage_notify] [hook=frame_stage_notify] [frame_stage] end stage=1
#8180 [2026-09-17 23:54:09.983] [DEBUG] [P12236:T15604] [phase=frame_stage_notify] [hook=frame_stage_notify] [frame_stage] begin stage=2 this=0x00007FF9936073C0
#8181 [2026-09-17 23:54:10.001] [DEBUG] [P12236:T15604] [phase=frame_stage_notify] [hook=frame_stage_notify] [frame_stage] original begin
#8182 [2026-09-17 23:54:10.019] [DEBUG] [P12236:T15604] [phase=frame_stage_notify] [hook=frame_stage_notify] [frame_stage] original end
#8183 [2026-09-17 23:54:10.037] [DEBUG] [P12236:T15604] [phase=frame_stage_notify] [hook=frame_stage_notify] [frame_stage] end stage=2
#8184 [2026-09-17 23:54:10.055] [DEBUG] [P12236:T15604] [phase=frame_stage_notify] [hook=frame_stage_notify] [frame_stage] begin stage=5 this=0x00007FF9936073C0
#8185 [2026-09-17 23:54:10.074] [DEBUG] [P12236:T15604] [phase=frame_stage_notify] [hook=frame_stage_notify] [frame_stage] original begin
#8186 [2026-09-17 23:54:10.092] [DEBUG] [P12236:T15604] [phase=frame_stage_notify] [hook=frame_stage_notify] [frame_stage] original end
#8187 [2026-09-17 23:54:10.110] [DEBUG] [P12236:T15604] [phase=frame_stage_notify] [hook=frame_stage_notify] [frame_stage] end stage=5
#8188 [2026-09-17 23:54:10.129] [DEBUG] [P12236:T15604] [phase=frame_stage_notify] [hook=frame_stage_notify] [frame_stage] begin stage=6 this=0x00007FF9936073C0
#8189 [2026-09-17 23:54:10.147] [DEBUG] [P12236:T15604] [phase=frame_stage_notify] [hook=frame_stage_notify] [frame_stage] guns begin
#8190 [2026-09-17 23:54:10.164] [DEBUG] [P12236:T15604] [phase=frame_stage_notify] [hook=frame_stage_notify] [frame_stage] guns end
#8191 [2026-09-17 23:54:10.200] [DEBUG] [P12236:T15604] [phase=frame_stage_notify] [hook=frame_stage_notify] [frame_stage] dlight begin
#8192 [2026-09-17 23:54:10.236] [DEBUG] [P12236:T15604] [phase=frame_stage_notify] [hook=frame_stage_notify] [frame_stage] dlight end
#8193 [2026-09-17 23:54:10.271] [DEBUG] [P12236:T15604] [phase=frame_stage_notify] [hook=frame_stage_notify] [frame_stage] original begin
#8194 [2026-09-17 23:54:10.307] [DEBUG] [P12236:T15604] [phase=frame_stage_notify] [hook=frame_stage_notify] [frame_stage] original end
#8195 [2026-09-17 23:54:10.326] [DEBUG] [P12236:T15604] [phase=frame_stage_notify] [hook=frame_stage_notify] [frame_stage] post-network feature updates begin
#8196 [2026-09-17 23:54:10.345] [DEBUG] [P12236:T15604] [phase=frame_stage_notify] [hook=frame_stage_notify] [frame_stage] post-network feature updates end
#8197 [2026-09-17 23:54:10.363] [DEBUG] [P12236:T15604] [phase=frame_stage_notify] [hook=frame_stage_notify] [frame_stage] end stage=6
#8198 [2026-09-17 23:54:10.381] [DEBUG] [P12236:T15604] [phase=frame_stage_notify] [hook=frame_stage_notify] [frame_stage] begin stage=7 this=0x00007FF9936073C0
#8199 [2026-09-17 23:54:10.400] [DEBUG] [P12236:T15604] [phase=frame_stage_notify] [hook=frame_stage_notify] [frame_stage] agents begin
#8200 [2026-09-17 23:54:10.418] [DEBUG] [P12236:T15604] [phase=frame_stage_notify] [hook=frame_stage_notify] [frame_stage] agents end; gloves begin
#8201 [2026-09-17 23:54:10.437] [DEBUG] [P12236:T15604] [phase=frame_stage_notify] [hook=frame_stage_notify] [frame_stage] gloves end; knives begin
#8202 [2026-09-17 23:54:10.455] [DEBUG] [P12236:T15604] [phase=frame_stage_notify] [hook=frame_stage_notify] [frame_stage] knives end; world begin
#8203 [2026-09-17 23:54:10.473] [DEBUG] [P12236:T15604] [phase=frame_stage_notify] [hook=frame_stage_notify] [frame_stage] scene end; weather begin
#8204 [2026-09-17 23:54:10.492] [DEBUG] [P12236:T15604] [phase=frame_stage_notify] [hook=frame_stage_notify] [frame_stage] weather end; other begin
#8205 [2026-09-17 23:54:10.511] [DEBUG] [P12236:T15604] [phase=frame_stage_notify] [hook=frame_stage_notify] [frame_stage] other end; impacts begin
#8206 [2026-09-17 23:54:10.530] [DEBUG] [P12236:T15604] [phase=frame_stage_notify] [hook=frame_stage_notify] [frame_stage] impacts end
#8207 [2026-09-17 23:54:10.548] [DEBUG] [P12236:T15604] [phase=frame_stage_notify] [hook=frame_stage_notify] [frame_stage] original begin
#8208 [2026-09-17 23:54:10.566] [DEBUG] [P12236:T15604] [phase=frame_stage_notify] [hook=frame_stage_notify] [frame_stage] original end
#8209 [2026-09-17 23:54:10.584] [DEBUG] [P12236:T15604] [phase=frame_stage_notify] [hook=frame_stage_notify] [frame_stage] end stage=7
#8210 [2026-09-17 23:54:10.603] [DEBUG] [P12236:T15604] [phase=frame_stage_notify] [hook=frame_stage_notify] [frame_stage] begin stage=8 this=0x00007FF9936073C0
#8211 [2026-09-17 23:54:10.621] [DEBUG] [P12236:T15604] [phase=frame_stage_notify] [hook=frame_stage_notify] [frame_stage] original begin
#8212 [2026-09-17 23:54:10.640] [DEBUG] [P12236:T15604] [phase=frame_stage_notify] [hook=frame_stage_notify] [frame_stage] original end
#8213 [2026-09-17 23:54:10.658] [DEBUG] [P12236:T15604] [phase=frame_stage_notify] [hook=frame_stage_notify] [frame_stage] end stage=8
#8214 [2026-09-17 23:54:10.678] [DEBUG] [P12236:T15604] [phase=frame_stage_notify] [hook=frame_stage_notify] [frame_stage] begin stage=3 this=0x00007FF9936073C0
#8215 [2026-09-17 23:54:10.695] [DEBUG] [P12236:T15604] [phase=frame_stage_notify] [hook=frame_stage_notify] [frame_stage] original begin
#8216 [2026-09-17 23:54:10.713] [DEBUG] [P12236:T15604] [phase=frame_stage_notify] [hook=frame_stage_notify] [frame_stage] original end
#8217 [2026-09-17 23:54:10.732] [DEBUG] [P12236:T15604] [phase=frame_stage_notify] [hook=frame_stage_notify] [frame_stage] end stage=3
#8218 [2026-09-17 23:54:10.751] [DEBUG] [P12236:T15604] [phase=frame_stage_notify] [hook=frame_stage_notify] [frame_stage] begin stage=12 this=0x00007FF9936073C0
#8219 [2026-09-17 23:54:10.770] [DEBUG] [P12236:T15604] [phase=frame_stage_notify] [hook=frame_stage_notify] [frame_stage] original begin
#8220 [2026-09-17 23:54:10.788] [DEBUG] [P12236:T15604] [phase=frame_stage_notify] [hook=frame_stage_notify] [frame_stage] original end
#8224 [2026-09-17 23:54:10.805] [DEBUG] [P12236:T15604] [phase=frame_stage_notify] [hook=frame_stage_notify] [frame_stage] view/frame-data update begin
#8225 [2026-09-17 23:54:10.824] [DEBUG] [P12236:T15604] [phase=frame_stage_notify] [hook=frame_stage_notify] [frame_stage] view/frame-data update end
#8226 [2026-09-17 23:54:10.841] [DEBUG] [P12236:T15604] [phase=frame_stage_notify] [hook=frame_stage_notify] [frame_stage] end stage=12
#8227 [2026-09-17 23:54:10.885] [DEBUG] [P12236:T18300] [phase=present] [hook=present] [present] rendering context updated
#8228 [2026-09-17 23:54:10.903] [DEBUG] [P12236:T18300] [phase=present] [hook=present] [present] forwarding to original
#8229 [2026-09-17 23:54:10.922] [DEBUG] [P12236:T18300] [phase=present] [hook=present] [present] begin swap_chain=0x00000242DB990F50 sync=0 flags=0x200 ready=1
#8330 [2026-09-17 23:54:10.941] [DEBUG] [P12236:T18300] [phase=present] [hook=present] [present] rendering context updated
#8331 [2026-09-17 23:54:10.960] [DEBUG] [P12236:T18300] [phase=present] [hook=present] [present] forwarding to original
#8332 [2026-09-17 23:54:10.979] [DEBUG] [P12236:T15604] [phase=frame_stage_notify] [hook=frame_stage_notify] [frame_stage] begin stage=0 this=0x00007FF9936073C0
#8336 [2026-09-17 23:54:10.998] [DEBUG] [P12236:T15604] [phase=frame_stage_notify] [hook=frame_stage_notify] [frame_stage] original begin
#8337 [2026-09-17 23:54:11.015] [DEBUG] [P12236:T15604] [phase=frame_stage_notify] [hook=frame_stage_notify] [frame_stage] original end
#8338 [2026-09-17 23:54:11.033] [DEBUG] [P12236:T15604] [phase=frame_stage_notify] [hook=frame_stage_notify] [frame_stage] end stage=0
#8339 [2026-09-17 23:54:11.052] [DEBUG] [P12236:T15604] [phase=frame_stage_notify] [hook=frame_stage_notify] [frame_stage] begin stage=11 this=0x00007FF9936073C0
#8340 [2026-09-17 23:54:11.070] [DEBUG] [P12236:T15604] [phase=frame_stage_notify] [hook=frame_stage_notify] [frame_stage] original begin
#8341 [2026-09-17 23:54:11.089] [DEBUG] [P12236:T15604] [phase=frame_stage_notify] [hook=frame_stage_notify] [frame_stage] original end
#8342 [2026-09-17 23:54:11.107] [DEBUG] [P12236:T15604] [phase=frame_stage_notify] [hook=frame_stage_notify] [frame_stage] end stage=11
#8343 [2026-09-17 23:54:11.127] [DEBUG] [P12236:T15604] [phase=frame_stage_notify] [hook=frame_stage_notify] [frame_stage] begin stage=0 this=0x00007FF9936073C0
#8344 [2026-09-17 23:54:11.146] [DEBUG] [P12236:T15604] [phase=frame_stage_notify] [hook=frame_stage_notify] [frame_stage] original begin
#8345 [2026-09-17 23:54:11.165] [DEBUG] [P12236:T15604] [phase=frame_stage_notify] [hook=frame_stage_notify] [frame_stage] original end
#8346 [2026-09-17 23:54:11.183] [DEBUG] [P12236:T15604] [phase=frame_stage_notify] [hook=frame_stage_notify] [frame_stage] end stage=0
#8347 [2026-09-17 23:54:11.202] [DEBUG] [P12236:T15604] [phase=frame_stage_notify] [hook=frame_stage_notify] [frame_stage] begin stage=11 this=0x00007FF9936073C0
#8348 [2026-09-17 23:54:11.219] [DEBUG] [P12236:T15604] [phase=frame_stage_notify] [hook=frame_stage_notify] [frame_stage] original begin
#8349 [2026-09-17 23:54:11.238] [DEBUG] [P12236:T15604] [phase=frame_stage_notify] [hook=frame_stage_notify] [frame_stage] original end
#8350 [2026-09-17 23:54:11.256] [DEBUG] [P12236:T15604] [phase=frame_stage_notify] [hook=frame_stage_notify] [frame_stage] end stage=11
#8351 [2026-09-17 23:54:11.275] [DEBUG] [P12236:T15604] [phase=frame_stage_notify] [hook=frame_stage_notify] [frame_stage] begin stage=0 this=0x00007FF9936073C0
#8352 [2026-09-17 23:54:11.293] [DEBUG] [P12236:T15604] [phase=frame_stage_notify] [hook=frame_stage_notify] [frame_stage] original begin
#8353 [2026-09-17 23:54:11.312] [DEBUG] [P12236:T15604] [phase=frame_stage_notify] [hook=frame_stage_notify] [frame_stage] original end
#8354 [2026-09-17 23:54:11.331] [DEBUG] [P12236:T15604] [phase=frame_stage_notify] [hook=frame_stage_notify] [frame_stage] end stage=0
#8355 [2026-09-17 23:54:11.349] [DEBUG] [P12236:T15604] [phase=frame_stage_notify] [hook=frame_stage_notify] [frame_stage] begin stage=11 this=0x00007FF9936073C0
#8356 [2026-09-17 23:54:11.368] [DEBUG] [P12236:T15604] [phase=frame_stage_notify] [hook=frame_stage_notify] [frame_stage] original begin
#8357 [2026-09-17 23:54:11.386] [DEBUG] [P12236:T15604] [phase=frame_stage_notify] [hook=frame_stage_notify] [frame_stage] original end
#8358 [2026-09-17 23:54:11.405] [DEBUG] [P12236:T15604] [phase=frame_stage_notify] [hook=frame_stage_notify] [frame_stage] end stage=11
#8359 [2026-09-17 23:54:11.423] [DEBUG] [P12236:T15604] [phase=frame_stage_notify] [hook=frame_stage_notify] [frame_stage] begin stage=0 this=0x00007FF9936073C0
#8360 [2026-09-17 23:54:11.442] [DEBUG] [P12236:T15604] [phase=frame_stage_notify] [hook=frame_stage_notify] [frame_stage] original begin
#8361 [2026-09-17 23:54:11.461] [DEBUG] [P12236:T15604] [phase=frame_stage_notify] [hook=frame_stage_notify] [frame_stage] original end
#8362 [2026-09-17 23:54:11.478] [DEBUG] [P12236:T15604] [phase=frame_stage_notify] [hook=frame_stage_notify] [frame_stage] end stage=0
#8363 [2026-09-17 23:54:11.497] [DEBUG] [P12236:T15604] [phase=frame_stage_notify] [hook=frame_stage_notify] [frame_stage] begin stage=10 this=0x00007FF9936073C0
#8364 [2026-09-17 23:54:11.516] [DEBUG] [P12236:T15604] [phase=frame_stage_notify] [hook=frame_stage_notify] [frame_stage] original begin
#8365 [2026-09-17 23:54:11.534] [DEBUG] [P12236:T15604] [phase=frame_stage_notify] [hook=frame_stage_notify] [frame_stage] original end
#8366 [2026-09-17 23:54:11.571] [DEBUG] [P12236:T15604] [phase=frame_stage_notify] [hook=frame_stage_notify] [frame_stage] end stage=10
#8367 [2026-09-17 23:54:11.590] [DEBUG] [P12236:T15604] [phase=frame_stage_notify] [hook=frame_stage_notify] [frame_stage] begin stage=11 this=0x00007FF9936073C0
#8368 [2026-09-17 23:54:11.608] [DEBUG] [P12236:T15604] [phase=frame_stage_notify] [hook=frame_stage_notify] [frame_stage] original begin
#8369 [2026-09-17 23:54:11.626] [DEBUG] [P12236:T15604] [phase=frame_stage_notify] [hook=frame_stage_notify] [frame_stage] original end
#8370 [2026-09-17 23:54:11.645] [DEBUG] [P12236:T15604] [phase=frame_stage_notify] [hook=frame_stage_notify] [frame_stage] end stage=11
#8371 [2026-09-17 23:54:11.663] [DEBUG] [P12236:T15604] [phase=frame_stage_notify] [hook=frame_stage_notify] [frame_stage] begin stage=1 this=0x00007FF9936073C0
#8372 [2026-09-17 23:54:11.682] [DEBUG] [P12236:T15604] [phase=frame_stage_notify] [hook=frame_stage_notify] [frame_stage] original begin
#8373 [2026-09-17 23:54:11.700] [DEBUG] [P12236:T15604] [phase=frame_stage_notify] [hook=frame_stage_notify] [frame_stage] original end
#8374 [2026-09-17 23:54:11.718] [DEBUG] [P12236:T15604] [phase=frame_stage_notify] [hook=frame_stage_notify] [frame_stage] end stage=1
#8375 [2026-09-17 23:54:11.737] [DEBUG] [P12236:T15604] [phase=frame_stage_notify] [hook=frame_stage_notify] [frame_stage] begin stage=2 this=0x00007FF9936073C0
#8376 [2026-09-17 23:54:11.756] [DEBUG] [P12236:T15604] [phase=frame_stage_notify] [hook=frame_stage_notify] [frame_stage] original begin
#8377 [2026-09-17 23:54:11.774] [DEBUG] [P12236:T15604] [phase=frame_stage_notify] [hook=frame_stage_notify] [frame_stage] original end
#8378 [2026-09-17 23:54:11.792] [DEBUG] [P12236:T15604] [phase=frame_stage_notify] [hook=frame_stage_notify] [frame_stage] end stage=2
#8379 [2026-09-17 23:54:11.810] [DEBUG] [P12236:T15604] [phase=frame_stage_notify] [hook=frame_stage_notify] [frame_stage] begin stage=5 this=0x00007FF9936073C0
#8380 [2026-09-17 23:54:11.828] [DEBUG] [P12236:T15604] [phase=frame_stage_notify] [hook=frame_stage_notify] [frame_stage] original begin
#8381 [2026-09-17 23:54:11.848] [DEBUG] [P12236:T15604] [phase=frame_stage_notify] [hook=frame_stage_notify] [frame_stage] original end
#8382 [2026-09-17 23:54:11.867] [DEBUG] [P12236:T15604] [phase=frame_stage_notify] [hook=frame_stage_notify] [frame_stage] end stage=5
#8383 [2026-09-17 23:54:11.886] [DEBUG] [P12236:T15604] [phase=frame_stage_notify] [hook=frame_stage_notify] [frame_stage] begin stage=6 this=0x00007FF9936073C0
#8384 [2026-09-17 23:54:11.905] [DEBUG] [P12236:T15604] [phase=frame_stage_notify] [hook=frame_stage_notify] [frame_stage] guns begin
#8385 [2026-09-17 23:54:11.923] [DEBUG] [P12236:T15604] [phase=frame_stage_notify] [hook=frame_stage_notify] [frame_stage] guns end
#8386 [2026-09-17 23:54:11.942] [DEBUG] [P12236:T15604] [phase=frame_stage_notify] [hook=frame_stage_notify] [frame_stage] dlight begin
#8387 [2026-09-17 23:54:11.961] [DEBUG] [P12236:T15604] [phase=frame_stage_notify] [hook=frame_stage_notify] [frame_stage] dlight end
#8388 [2026-09-17 23:54:11.980] [DEBUG] [P12236:T15604] [phase=frame_stage_notify] [hook=frame_stage_notify] [frame_stage] original begin
#8389 [2026-09-17 23:54:11.998] [DEBUG] [P12236:T15604] [phase=frame_stage_notify] [hook=frame_stage_notify] [frame_stage] original end
#8390 [2026-09-17 23:54:12.017] [DEBUG] [P12236:T15604] [phase=frame_stage_notify] [hook=frame_stage_notify] [frame_stage] post-network feature updates begin
#8391 [2026-09-17 23:54:12.036] [DEBUG] [P12236:T15604] [phase=frame_stage_notify] [hook=frame_stage_notify] [frame_stage] post-network feature updates end
#8392 [2026-09-17 23:54:12.054] [DEBUG] [P12236:T15604] [phase=frame_stage_notify] [hook=frame_stage_notify] [frame_stage] end stage=6
#8393 [2026-09-17 23:54:12.073] [DEBUG] [P12236:T15604] [phase=frame_stage_notify] [hook=frame_stage_notify] [frame_stage] begin stage=7 this=0x00007FF9936073C0
#8394 [2026-09-17 23:54:12.092] [DEBUG] [P12236:T15604] [phase=frame_stage_notify] [hook=frame_stage_notify] [frame_stage] agents begin
#8395 [2026-09-17 23:54:12.111] [DEBUG] [P12236:T15604] [phase=frame_stage_notify] [hook=frame_stage_notify] [frame_stage] agents end; gloves begin
#8396 [2026-09-17 23:54:12.129] [DEBUG] [P12236:T15604] [phase=frame_stage_notify] [hook=frame_stage_notify] [frame_stage] gloves end; knives begin
#8397 [2026-09-17 23:54:12.147] [DEBUG] [P12236:T15604] [phase=frame_stage_notify] [hook=frame_stage_notify] [frame_stage] knives end; world begin
#8398 [2026-09-17 23:54:12.165] [DEBUG] [P12236:T15604] [phase=frame_stage_notify] [hook=frame_stage_notify] [frame_stage] scene end; weather begin
#8399 [2026-09-17 23:54:12.183] [DEBUG] [P12236:T15604] [phase=frame_stage_notify] [hook=frame_stage_notify] [frame_stage] weather end; other begin
#8400 [2026-09-17 23:54:12.219] [DEBUG] [P12236:T15604] [phase=frame_stage_notify] [hook=frame_stage_notify] [frame_stage] other end; impacts begin
#8401 [2026-09-17 23:54:12.289] [DEBUG] [P12236:T15604] [phase=frame_stage_notify] [hook=frame_stage_notify] [frame_stage] impacts end
#8402 [2026-09-17 23:54:12.361] [DEBUG] [P12236:T15604] [phase=frame_stage_notify] [hook=frame_stage_notify] [frame_stage] original begin
#8403 [2026-09-17 23:54:12.396] [DEBUG] [P12236:T15604] [phase=frame_stage_notify] [hook=frame_stage_notify] [frame_stage] original end
#8404 [2026-09-17 23:54:12.431] [DEBUG] [P12236:T15604] [phase=frame_stage_notify] [hook=frame_stage_notify] [frame_stage] end stage=7
#8405 [2026-09-17 23:54:12.449] [DEBUG] [P12236:T15604] [phase=frame_stage_notify] [hook=frame_stage_notify] [frame_stage] begin stage=8 this=0x00007FF9936073C0
#8406 [2026-09-17 23:54:12.468] [DEBUG] [P12236:T15604] [phase=frame_stage_notify] [hook=frame_stage_notify] [frame_stage] original begin
#8407 [2026-09-17 23:54:12.486] [DEBUG] [P12236:T15604] [phase=frame_stage_notify] [hook=frame_stage_notify] [frame_stage] original end
#8408 [2026-09-17 23:54:12.505] [DEBUG] [P12236:T15604] [phase=frame_stage_notify] [hook=frame_stage_notify] [frame_stage] end stage=8
#8409 [2026-09-17 23:54:12.523] [DEBUG] [P12236:T15604] [phase=frame_stage_notify] [hook=frame_stage_notify] [frame_stage] begin stage=3 this=0x00007FF9936073C0
#8410 [2026-09-17 23:54:12.541] [DEBUG] [P12236:T15604] [phase=frame_stage_notify] [hook=frame_stage_notify] [frame_stage] original begin
#8411 [2026-09-17 23:54:12.560] [DEBUG] [P12236:T15604] [phase=frame_stage_notify] [hook=frame_stage_notify] [frame_stage] original end
#8412 [2026-09-17 23:54:12.579] [DEBUG] [P12236:T15604] [phase=frame_stage_notify] [hook=frame_stage_notify] [frame_stage] end stage=3
#8413 [2026-09-17 23:54:12.597] [DEBUG] [P12236:T15604] [phase=frame_stage_notify] [hook=frame_stage_notify] [frame_stage] begin stage=12 this=0x00007FF9936073C0
#8414 [2026-09-17 23:54:12.616] [DEBUG] [P12236:T15604] [phase=frame_stage_notify] [hook=frame_stage_notify] [frame_stage] original begin
#8415 [2026-09-17 23:54:12.635] [DEBUG] [P12236:T15604] [phase=frame_stage_notify] [hook=frame_stage_notify] [frame_stage] original end
#8416 [2026-09-17 23:54:12.654] [DEBUG] [P12236:T15604] [phase=frame_stage_notify] [hook=frame_stage_notify] [frame_stage] view/frame-data update begin
#8417 [2026-09-17 23:54:12.672] [DEBUG] [P12236:T15604] [phase=frame_stage_notify] [hook=frame_stage_notify] [frame_stage] view/frame-data update end
#8418 [2026-09-17 23:54:12.691] [DEBUG] [P12236:T15604] [phase=frame_stage_notify] [hook=frame_stage_notify] [frame_stage] end stage=12
#8419 [2026-09-17 23:54:12.712] [DEBUG] [P12236:T18300] [phase=present] [hook=present] [present] begin swap_chain=0x00000242DB990F50 sync=0 flags=0x200 ready=1
#8520 [2026-09-17 23:54:12.733] [DEBUG] [P12236:T18300] [phase=present] [hook=present] [present] rendering context updated
#8521 [2026-09-17 23:54:12.750] [DEBUG] [P12236:T18300] [phase=present] [hook=present] [present] forwarding to original
#8522 [2026-09-17 23:54:12.771] [DEBUG] [P12236:T15604] [phase=frame_stage_notify] [hook=frame_stage_notify] [frame_stage] begin stage=0 this=0x00007FF9936073C0
#8526 [2026-09-17 23:54:12.789] [DEBUG] [P12236:T15604] [phase=frame_stage_notify] [hook=frame_stage_notify] [frame_stage] original begin
#8527 [2026-09-17 23:54:12.808] [DEBUG] [P12236:T15604] [phase=frame_stage_notify] [hook=frame_stage_notify] [frame_stage] original end
#8528 [2026-09-17 23:54:12.825] [DEBUG] [P12236:T15604] [phase=frame_stage_notify] [hook=frame_stage_notify] [frame_stage] end stage=0
#8529 [2026-09-17 23:54:12.844] [DEBUG] [P12236:T15604] [phase=frame_stage_notify] [hook=frame_stage_notify] [frame_stage] begin stage=11 this=0x00007FF9936073C0
#8530 [2026-09-17 23:54:12.862] [DEBUG] [P12236:T15604] [phase=frame_stage_notify] [hook=frame_stage_notify] [frame_stage] original begin
#8531 [2026-09-17 23:54:12.880] [DEBUG] [P12236:T15604] [phase=frame_stage_notify] [hook=frame_stage_notify] [frame_stage] original end
#8532 [2026-09-17 23:54:12.898] [DEBUG] [P12236:T15604] [phase=frame_stage_notify] [hook=frame_stage_notify] [frame_stage] end stage=11
#8533 [2026-09-17 23:54:12.933] [DEBUG] [P12236:T15604] [phase=frame_stage_notify] [hook=frame_stage_notify] [frame_stage] begin stage=0 this=0x00007FF9936073C0
#8534 [2026-09-17 23:54:12.952] [DEBUG] [P12236:T15604] [phase=frame_stage_notify] [hook=frame_stage_notify] [frame_stage] original begin
#8535 [2026-09-17 23:54:12.971] [DEBUG] [P12236:T15604] [phase=frame_stage_notify] [hook=frame_stage_notify] [frame_stage] original end
#8536 [2026-09-17 23:54:12.989] [DEBUG] [P12236:T15604] [phase=frame_stage_notify] [hook=frame_stage_notify] [frame_stage] end stage=0
#8537 [2026-09-17 23:54:13.007] [DEBUG] [P12236:T15604] [phase=frame_stage_notify] [hook=frame_stage_notify] [frame_stage] begin stage=11 this=0x00007FF9936073C0
#8538 [2026-09-17 23:54:13.026] [DEBUG] [P12236:T15604] [phase=frame_stage_notify] [hook=frame_stage_notify] [frame_stage] original begin
#8539 [2026-09-17 23:54:13.044] [DEBUG] [P12236:T15604] [phase=frame_stage_notify] [hook=frame_stage_notify] [frame_stage] original end
#8540 [2026-09-17 23:54:13.063] [DEBUG] [P12236:T15604] [phase=frame_stage_notify] [hook=frame_stage_notify] [frame_stage] end stage=11
#8541 [2026-09-17 23:54:13.081] [DEBUG] [P12236:T15604] [phase=frame_stage_notify] [hook=frame_stage_notify] [frame_stage] begin stage=0 this=0x00007FF9936073C0
#8542 [2026-09-17 23:54:13.100] [DEBUG] [P12236:T15604] [phase=frame_stage_notify] [hook=frame_stage_notify] [frame_stage] original begin
#8543 [2026-09-17 23:54:13.118] [DEBUG] [P12236:T15604] [phase=frame_stage_notify] [hook=frame_stage_notify] [frame_stage] original end
#8544 [2026-09-17 23:54:13.138] [DEBUG] [P12236:T15604] [phase=frame_stage_notify] [hook=frame_stage_notify] [frame_stage] end stage=0
#8545 [2026-09-17 23:54:13.156] [DEBUG] [P12236:T15604] [phase=frame_stage_notify] [hook=frame_stage_notify] [frame_stage] begin stage=11 this=0x00007FF9936073C0
#8546 [2026-09-17 23:54:13.175] [DEBUG] [P12236:T15604] [phase=frame_stage_notify] [hook=frame_stage_notify] [frame_stage] original begin
#8547 [2026-09-17 23:54:13.194] [DEBUG] [P12236:T15604] [phase=frame_stage_notify] [hook=frame_stage_notify] [frame_stage] original end
#8548 [2026-09-17 23:54:13.212] [DEBUG] [P12236:T15604] [phase=frame_stage_notify] [hook=frame_stage_notify] [frame_stage] end stage=11
#8549 [2026-09-17 23:54:13.230] [DEBUG] [P12236:T15604] [phase=frame_stage_notify] [hook=frame_stage_notify] [frame_stage] begin stage=0 this=0x00007FF9936073C0
#8550 [2026-09-17 23:54:13.248] [DEBUG] [P12236:T15604] [phase=frame_stage_notify] [hook=frame_stage_notify] [frame_stage] original begin
#8551 [2026-09-17 23:54:13.266] [DEBUG] [P12236:T15604] [phase=frame_stage_notify] [hook=frame_stage_notify] [frame_stage] original end
#8552 [2026-09-17 23:54:13.285] [DEBUG] [P12236:T15604] [phase=frame_stage_notify] [hook=frame_stage_notify] [frame_stage] end stage=0
#8553 [2026-09-17 23:54:13.304] [DEBUG] [P12236:T15604] [phase=frame_stage_notify] [hook=frame_stage_notify] [frame_stage] begin stage=10 this=0x00007FF9936073C0
#8554 [2026-09-17 23:54:13.322] [DEBUG] [P12236:T15604] [phase=frame_stage_notify] [hook=frame_stage_notify] [frame_stage] original begin
#8555 [2026-09-17 23:54:13.341] [DEBUG] [P12236:T15604] [phase=frame_stage_notify] [hook=frame_stage_notify] [frame_stage] original end
#8556 [2026-09-17 23:54:13.359] [DEBUG] [P12236:T15604] [phase=frame_stage_notify] [hook=frame_stage_notify] [frame_stage] end stage=10
#8557 [2026-09-17 23:54:13.377] [DEBUG] [P12236:T15604] [phase=frame_stage_notify] [hook=frame_stage_notify] [frame_stage] begin stage=11 this=0x00007FF9936073C0
#8558 [2026-09-17 23:54:13.396] [DEBUG] [P12236:T15604] [phase=frame_stage_notify] [hook=frame_stage_notify] [frame_stage] original begin
#8559 [2026-09-17 23:54:13.414] [DEBUG] [P12236:T15604] [phase=frame_stage_notify] [hook=frame_stage_notify] [frame_stage] original end
#8560 [2026-09-17 23:54:13.432] [DEBUG] [P12236:T15604] [phase=frame_stage_notify] [hook=frame_stage_notify] [frame_stage] end stage=11
#8561 [2026-09-17 23:54:13.450] [DEBUG] [P12236:T15604] [phase=frame_stage_notify] [hook=frame_stage_notify] [frame_stage] begin stage=1 this=0x00007FF9936073C0
#8562 [2026-09-17 23:54:13.468] [DEBUG] [P12236:T15604] [phase=frame_stage_notify] [hook=frame_stage_notify] [frame_stage] original begin
#8563 [2026-09-17 23:54:13.486] [DEBUG] [P12236:T15604] [phase=frame_stage_notify] [hook=frame_stage_notify] [frame_stage] original end
#8564 [2026-09-17 23:54:13.506] [DEBUG] [P12236:T15604] [phase=frame_stage_notify] [hook=frame_stage_notify] [frame_stage] end stage=1
#8565 [2026-09-17 23:54:13.524] [DEBUG] [P12236:T15604] [phase=frame_stage_notify] [hook=frame_stage_notify] [frame_stage] begin stage=2 this=0x00007FF9936073C0
#8566 [2026-09-17 23:54:13.543] [DEBUG] [P12236:T15604] [phase=frame_stage_notify] [hook=frame_stage_notify] [frame_stage] original begin
#8567 [2026-09-17 23:54:13.562] [DEBUG] [P12236:T15604] [phase=frame_stage_notify] [hook=frame_stage_notify] [frame_stage] original end
#8568 [2026-09-17 23:54:13.581] [DEBUG] [P12236:T15604] [phase=frame_stage_notify] [hook=frame_stage_notify] [frame_stage] end stage=2
#8569 [2026-09-17 23:54:13.599] [DEBUG] [P12236:T15604] [phase=frame_stage_notify] [hook=frame_stage_notify] [frame_stage] begin stage=5 this=0x00007FF9936073C0
#8570 [2026-09-17 23:54:13.618] [DEBUG] [P12236:T15604] [phase=frame_stage_notify] [hook=frame_stage_notify] [frame_stage] original begin
#8571 [2026-09-17 23:54:13.636] [DEBUG] [P12236:T15604] [phase=frame_stage_notify] [hook=frame_stage_notify] [frame_stage] original end
#8572 [2026-09-17 23:54:13.654] [DEBUG] [P12236:T15604] [phase=frame_stage_notify] [hook=frame_stage_notify] [frame_stage] end stage=5
#8573 [2026-09-17 23:54:13.672] [DEBUG] [P12236:T15604] [phase=frame_stage_notify] [hook=frame_stage_notify] [frame_stage] begin stage=6 this=0x00007FF9936073C0
#8574 [2026-09-17 23:54:13.690] [DEBUG] [P12236:T15604] [phase=frame_stage_notify] [hook=frame_stage_notify] [frame_stage] guns begin
#8575 [2026-09-17 23:54:13.709] [DEBUG] [P12236:T15604] [phase=frame_stage_notify] [hook=frame_stage_notify] [frame_stage] guns end
#8576 [2026-09-17 23:54:13.728] [DEBUG] [P12236:T15604] [phase=frame_stage_notify] [hook=frame_stage_notify] [frame_stage] dlight begin
#8577 [2026-09-17 23:54:13.747] [DEBUG] [P12236:T15604] [phase=frame_stage_notify] [hook=frame_stage_notify] [frame_stage] dlight end
#8578 [2026-09-17 23:54:13.765] [DEBUG] [P12236:T15604] [phase=frame_stage_notify] [hook=frame_stage_notify] [frame_stage] original begin
#8579 [2026-09-17 23:54:13.784] [DEBUG] [P12236:T15604] [phase=frame_stage_notify] [hook=frame_stage_notify] [frame_stage] original end
#8580 [2026-09-17 23:54:13.802] [DEBUG] [P12236:T15604] [phase=frame_stage_notify] [hook=frame_stage_notify] [frame_stage] post-network feature updates begin
#8581 [2026-09-17 23:54:13.820] [DEBUG] [P12236:T15604] [phase=frame_stage_notify] [hook=frame_stage_notify] [frame_stage] post-network feature updates end
#8582 [2026-09-17 23:54:13.839] [DEBUG] [P12236:T15604] [phase=frame_stage_notify] [hook=frame_stage_notify] [frame_stage] end stage=6
#8583 [2026-09-17 23:54:13.857] [DEBUG] [P12236:T15604] [phase=frame_stage_notify] [hook=frame_stage_notify] [frame_stage] begin stage=7 this=0x00007FF9936073C0
#8584 [2026-09-17 23:54:13.876] [DEBUG] [P12236:T15604] [phase=frame_stage_notify] [hook=frame_stage_notify] [frame_stage] agents begin
#8585 [2026-09-17 23:54:13.911] [DEBUG] [P12236:T15604] [phase=frame_stage_notify] [hook=frame_stage_notify] [frame_stage] agents end; gloves begin
#8586 [2026-09-17 23:54:13.966] [DEBUG] [P12236:T15604] [phase=frame_stage_notify] [hook=frame_stage_notify] [frame_stage] gloves end; knives begin
#8587 [2026-09-17 23:54:13.985] [DEBUG] [P12236:T15604] [phase=frame_stage_notify] [hook=frame_stage_notify] [frame_stage] knives end; world begin
#8588 [2026-09-17 23:54:14.004] [DEBUG] [P12236:T15604] [phase=frame_stage_notify] [hook=frame_stage_notify] [frame_stage] scene end; weather begin
#8589 [2026-09-17 23:54:14.023] [DEBUG] [P12236:T15604] [phase=frame_stage_notify] [hook=frame_stage_notify] [frame_stage] weather end; other begin
#8590 [2026-09-17 23:54:14.041] [DEBUG] [P12236:T15604] [phase=frame_stage_notify] [hook=frame_stage_notify] [frame_stage] other end; impacts begin
#8591 [2026-09-17 23:54:14.059] [DEBUG] [P12236:T15604] [phase=frame_stage_notify] [hook=frame_stage_notify] [frame_stage] impacts end
#8592 [2026-09-17 23:54:14.078] [DEBUG] [P12236:T15604] [phase=frame_stage_notify] [hook=frame_stage_notify] [frame_stage] original begin
#8593 [2026-09-17 23:54:14.095] [DEBUG] [P12236:T15604] [phase=frame_stage_notify] [hook=frame_stage_notify] [frame_stage] original end
#8594 [2026-09-17 23:54:14.114] [DEBUG] [P12236:T15604] [phase=frame_stage_notify] [hook=frame_stage_notify] [frame_stage] end stage=7
#8595 [2026-09-17 23:54:14.132] [DEBUG] [P12236:T15604] [phase=frame_stage_notify] [hook=frame_stage_notify] [frame_stage] begin stage=8 this=0x00007FF9936073C0
#8596 [2026-09-17 23:54:14.151] [DEBUG] [P12236:T15604] [phase=frame_stage_notify] [hook=frame_stage_notify] [frame_stage] original begin
#8597 [2026-09-17 23:54:14.169] [DEBUG] [P12236:T15604] [phase=frame_stage_notify] [hook=frame_stage_notify] [frame_stage] original end
#8598 [2026-09-17 23:54:14.188] [DEBUG] [P12236:T15604] [phase=frame_stage_notify] [hook=frame_stage_notify] [frame_stage] end stage=8
#8599 [2026-09-17 23:54:14.206] [DEBUG] [P12236:T15604] [phase=frame_stage_notify] [hook=frame_stage_notify] [frame_stage] begin stage=3 this=0x00007FF9936073C0
#8600 [2026-09-17 23:54:14.225] [DEBUG] [P12236:T15604] [phase=frame_stage_notify] [hook=frame_stage_notify] [frame_stage] original begin
#8601 [2026-09-17 23:54:14.243] [DEBUG] [P12236:T15604] [phase=frame_stage_notify] [hook=frame_stage_notify] [frame_stage] original end
#8602 [2026-09-17 23:54:14.262] [DEBUG] [P12236:T15604] [phase=frame_stage_notify] [hook=frame_stage_notify] [frame_stage] end stage=3
#8603 [2026-09-17 23:54:14.299] [DEBUG] [P12236:T15604] [phase=frame_stage_notify] [hook=frame_stage_notify] [frame_stage] begin stage=12 this=0x00007FF9936073C0
#8604 [2026-09-17 23:54:14.319] [DEBUG] [P12236:T15604] [phase=frame_stage_notify] [hook=frame_stage_notify] [frame_stage] original begin
#8605 [2026-09-17 23:54:14.338] [DEBUG] [P12236:T15604] [phase=frame_stage_notify] [hook=frame_stage_notify] [frame_stage] original end
#8606 [2026-09-17 23:54:14.356] [DEBUG] [P12236:T15604] [phase=frame_stage_notify] [hook=frame_stage_notify] [frame_stage] view/frame-data update begin
#8607 [2026-09-17 23:54:14.374] [DEBUG] [P12236:T15604] [phase=frame_stage_notify] [hook=frame_stage_notify] [frame_stage] view/frame-data update end
#8608 [2026-09-17 23:54:14.392] [DEBUG] [P12236:T15604] [phase=frame_stage_notify] [hook=frame_stage_notify] [frame_stage] end stage=12
#8609 [2026-09-17 23:54:14.413] [DEBUG] [P12236:T15604] [phase=frame_stage_notify] [hook=frame_stage_notify] [frame_stage] begin stage=0 this=0x00007FF9936073C0
#8613 [2026-09-17 23:54:14.432] [DEBUG] [P12236:T15604] [phase=frame_stage_notify] [hook=frame_stage_notify] [frame_stage] original begin
#8614 [2026-09-17 23:54:14.450] [DEBUG] [P12236:T15604] [phase=frame_stage_notify] [hook=frame_stage_notify] [frame_stage] original end
#8615 [2026-09-17 23:54:14.469] [DEBUG] [P12236:T15604] [phase=frame_stage_notify] [hook=frame_stage_notify] [frame_stage] end stage=0
#8616 [2026-09-17 23:54:14.488] [DEBUG] [P12236:T15604] [phase=frame_stage_notify] [hook=frame_stage_notify] [frame_stage] begin stage=11 this=0x00007FF9936073C0
#8617 [2026-09-17 23:54:14.507] [DEBUG] [P12236:T15604] [phase=frame_stage_notify] [hook=frame_stage_notify] [frame_stage] original begin
#8618 [2026-09-17 23:54:14.526] [DEBUG] [P12236:T15604] [phase=frame_stage_notify] [hook=frame_stage_notify] [frame_stage] original end
#8619 [2026-09-17 23:54:14.544] [DEBUG] [P12236:T15604] [phase=frame_stage_notify] [hook=frame_stage_notify] [frame_stage] end stage=11
#8620 [2026-09-17 23:54:14.564] [DEBUG] [P12236:T15604] [phase=frame_stage_notify] [hook=frame_stage_notify] [frame_stage] begin stage=0 this=0x00007FF9936073C0
#8621 [2026-09-17 23:54:14.583] [DEBUG] [P12236:T15604] [phase=frame_stage_notify] [hook=frame_stage_notify] [frame_stage] original begin
#8622 [2026-09-17 23:54:14.601] [DEBUG] [P12236:T15604] [phase=frame_stage_notify] [hook=frame_stage_notify] [frame_stage] original end
#8623 [2026-09-17 23:54:14.619] [DEBUG] [P12236:T15604] [phase=frame_stage_notify] [hook=frame_stage_notify] [frame_stage] end stage=0
#8624 [2026-09-17 23:54:14.638] [DEBUG] [P12236:T15604] [phase=frame_stage_notify] [hook=frame_stage_notify] [frame_stage] begin stage=11 this=0x00007FF9936073C0
#8625 [2026-09-17 23:54:14.657] [DEBUG] [P12236:T15604] [phase=frame_stage_notify] [hook=frame_stage_notify] [frame_stage] original begin
#8626 [2026-09-17 23:54:14.675] [DEBUG] [P12236:T15604] [phase=frame_stage_notify] [hook=frame_stage_notify] [frame_stage] original end
#8627 [2026-09-17 23:54:14.693] [DEBUG] [P12236:T15604] [phase=frame_stage_notify] [hook=frame_stage_notify] [frame_stage] end stage=11
#8628 [2026-09-17 23:54:14.711] [DEBUG] [P12236:T15604] [phase=frame_stage_notify] [hook=frame_stage_notify] [frame_stage] begin stage=0 this=0x00007FF9936073C0
#8629 [2026-09-17 23:54:14.731] [DEBUG] [P12236:T15604] [phase=frame_stage_notify] [hook=frame_stage_notify] [frame_stage] original begin
#8630 [2026-09-17 23:54:14.750] [DEBUG] [P12236:T15604] [phase=frame_stage_notify] [hook=frame_stage_notify] [frame_stage] original end
#8631 [2026-09-17 23:54:14.768] [DEBUG] [P12236:T15604] [phase=frame_stage_notify] [hook=frame_stage_notify] [frame_stage] end stage=0
#8632 [2026-09-17 23:54:14.788] [DEBUG] [P12236:T15604] [phase=frame_stage_notify] [hook=frame_stage_notify] [frame_stage] begin stage=11 this=0x00007FF9936073C0
#8633 [2026-09-17 23:54:14.806] [DEBUG] [P12236:T15604] [phase=frame_stage_notify] [hook=frame_stage_notify] [frame_stage] original begin
#8634 [2026-09-17 23:54:14.825] [DEBUG] [P12236:T15604] [phase=frame_stage_notify] [hook=frame_stage_notify] [frame_stage] original end
#8635 [2026-09-17 23:54:14.844] [DEBUG] [P12236:T15604] [phase=frame_stage_notify] [hook=frame_stage_notify] [frame_stage] end stage=11
#8636 [2026-09-17 23:54:14.863] [DEBUG] [P12236:T15604] [phase=frame_stage_notify] [hook=frame_stage_notify] [frame_stage] begin stage=0 this=0x00007FF9936073C0
#8637 [2026-09-17 23:54:14.882] [DEBUG] [P12236:T15604] [phase=frame_stage_notify] [hook=frame_stage_notify] [frame_stage] original begin
#8638 [2026-09-17 23:54:14.900] [DEBUG] [P12236:T15604] [phase=frame_stage_notify] [hook=frame_stage_notify] [frame_stage] original end
#8639 [2026-09-17 23:54:14.919] [DEBUG] [P12236:T15604] [phase=frame_stage_notify] [hook=frame_stage_notify] [frame_stage] end stage=0
#8640 [2026-09-17 23:54:14.937] [DEBUG] [P12236:T15604] [phase=frame_stage_notify] [hook=frame_stage_notify] [frame_stage] begin stage=11 this=0x00007FF9936073C0
#8641 [2026-09-17 23:54:14.955] [DEBUG] [P12236:T15604] [phase=frame_stage_notify] [hook=frame_stage_notify] [frame_stage] original begin
#8642 [2026-09-17 23:54:14.974] [DEBUG] [P12236:T15604] [phase=frame_stage_notify] [hook=frame_stage_notify] [frame_stage] original end
#8643 [2026-09-17 23:54:14.992] [DEBUG] [P12236:T15604] [phase=frame_stage_notify] [hook=frame_stage_notify] [frame_stage] end stage=11
#8644 [2026-09-17 23:54:15.010] [DEBUG] [P12236:T15604] [phase=frame_stage_notify] [hook=frame_stage_notify] [frame_stage] begin stage=0 this=0x00007FF9936073C0
#8645 [2026-09-17 23:54:15.028] [DEBUG] [P12236:T15604] [phase=frame_stage_notify] [hook=frame_stage_notify] [frame_stage] original begin
#8646 [2026-09-17 23:54:15.046] [DEBUG] [P12236:T15604] [phase=frame_stage_notify] [hook=frame_stage_notify] [frame_stage] original end
#8647 [2026-09-17 23:54:15.065] [DEBUG] [P12236:T15604] [phase=frame_stage_notify] [hook=frame_stage_notify] [frame_stage] end stage=0
#8648 [2026-09-17 23:54:15.084] [DEBUG] [P12236:T15604] [phase=frame_stage_notify] [hook=frame_stage_notify] [frame_stage] begin stage=11 this=0x00007FF9936073C0
#8649 [2026-09-17 23:54:15.103] [DEBUG] [P12236:T15604] [phase=frame_stage_notify] [hook=frame_stage_notify] [frame_stage] original begin
#8650 [2026-09-17 23:54:15.122] [DEBUG] [P12236:T15604] [phase=frame_stage_notify] [hook=frame_stage_notify] [frame_stage] original end
#8651 [2026-09-17 23:54:15.139] [DEBUG] [P12236:T15604] [phase=frame_stage_notify] [hook=frame_stage_notify] [frame_stage] end stage=11
#8652 [2026-09-17 23:54:15.158] [DEBUG] [P12236:T15604] [phase=frame_stage_notify] [hook=frame_stage_notify] [frame_stage] begin stage=0 this=0x00007FF9936073C0
#8653 [2026-09-17 23:54:15.177] [DEBUG] [P12236:T15604] [phase=frame_stage_notify] [hook=frame_stage_notify] [frame_stage] original begin
#8654 [2026-09-17 23:54:15.196] [DEBUG] [P12236:T15604] [phase=frame_stage_notify] [hook=frame_stage_notify] [frame_stage] original end
#8655 [2026-09-17 23:54:15.214] [DEBUG] [P12236:T15604] [phase=frame_stage_notify] [hook=frame_stage_notify] [frame_stage] end stage=0
#8656 [2026-09-17 23:54:15.248] [DEBUG] [P12236:T15604] [phase=frame_stage_notify] [hook=frame_stage_notify] [frame_stage] begin stage=10 this=0x00007FF9936073C0
#8657 [2026-09-17 23:54:15.281] [DEBUG] [P12236:T15604] [phase=frame_stage_notify] [hook=frame_stage_notify] [frame_stage] original begin
#8658 [2026-09-17 23:54:15.301] [DEBUG] [P12236:T15604] [phase=frame_stage_notify] [hook=frame_stage_notify] [frame_stage] original end
#8659 [2026-09-17 23:54:15.319] [DEBUG] [P12236:T15604] [phase=frame_stage_notify] [hook=frame_stage_notify] [frame_stage] end stage=10
#8660 [2026-09-17 23:54:15.338] [DEBUG] [P12236:T15604] [phase=frame_stage_notify] [hook=frame_stage_notify] [frame_stage] begin stage=11 this=0x00007FF9936073C0
#8661 [2026-09-17 23:54:15.356] [DEBUG] [P12236:T15604] [phase=frame_stage_notify] [hook=frame_stage_notify] [frame_stage] original begin
#8662 [2026-09-17 23:54:15.374] [DEBUG] [P12236:T15604] [phase=frame_stage_notify] [hook=frame_stage_notify] [frame_stage] original end
#8663 [2026-09-17 23:54:15.392] [DEBUG] [P12236:T15604] [phase=frame_stage_notify] [hook=frame_stage_notify] [frame_stage] end stage=11
#8664 [2026-09-17 23:54:15.411] [DEBUG] [P12236:T15604] [phase=frame_stage_notify] [hook=frame_stage_notify] [frame_stage] begin stage=1 this=0x00007FF9936073C0
#8665 [2026-09-17 23:54:15.431] [DEBUG] [P12236:T15604] [phase=frame_stage_notify] [hook=frame_stage_notify] [frame_stage] original begin
#8666 [2026-09-17 23:54:15.449] [DEBUG] [P12236:T15604] [phase=frame_stage_notify] [hook=frame_stage_notify] [frame_stage] original end
#8667 [2026-09-17 23:54:15.468] [DEBUG] [P12236:T15604] [phase=frame_stage_notify] [hook=frame_stage_notify] [frame_stage] end stage=1
#8668 [2026-09-17 23:54:15.486] [DEBUG] [P12236:T15604] [phase=frame_stage_notify] [hook=frame_stage_notify] [frame_stage] begin stage=2 this=0x00007FF9936073C0
#8669 [2026-09-17 23:54:15.504] [DEBUG] [P12236:T15604] [phase=frame_stage_notify] [hook=frame_stage_notify] [frame_stage] original begin
#8670 [2026-09-17 23:54:15.523] [DEBUG] [P12236:T15604] [phase=frame_stage_notify] [hook=frame_stage_notify] [frame_stage] original end
#8671 [2026-09-17 23:54:15.541] [DEBUG] [P12236:T15604] [phase=frame_stage_notify] [hook=frame_stage_notify] [frame_stage] end stage=2
#8672 [2026-09-17 23:54:15.560] [DEBUG] [P12236:T15604] [phase=frame_stage_notify] [hook=frame_stage_notify] [frame_stage] begin stage=5 this=0x00007FF9936073C0
#8673 [2026-09-17 23:54:15.579] [DEBUG] [P12236:T15604] [phase=frame_stage_notify] [hook=frame_stage_notify] [frame_stage] original begin
#8674 [2026-09-17 23:54:15.597] [DEBUG] [P12236:T15604] [phase=frame_stage_notify] [hook=frame_stage_notify] [frame_stage] original end
#8675 [2026-09-17 23:54:15.615] [DEBUG] [P12236:T15604] [phase=frame_stage_notify] [hook=frame_stage_notify] [frame_stage] end stage=5
#8676 [2026-09-17 23:54:15.633] [DEBUG] [P12236:T15604] [phase=frame_stage_notify] [hook=frame_stage_notify] [frame_stage] begin stage=6 this=0x00007FF9936073C0
#8677 [2026-09-17 23:54:15.650] [DEBUG] [P12236:T15604] [phase=frame_stage_notify] [hook=frame_stage_notify] [frame_stage] guns begin
#8678 [2026-09-17 23:54:15.669] [DEBUG] [P12236:T15604] [phase=frame_stage_notify] [hook=frame_stage_notify] [frame_stage] guns end
#8679 [2026-09-17 23:54:15.687] [DEBUG] [P12236:T15604] [phase=frame_stage_notify] [hook=frame_stage_notify] [frame_stage] dlight begin
#8680 [2026-09-17 23:54:15.705] [DEBUG] [P12236:T15604] [phase=frame_stage_notify] [hook=frame_stage_notify] [frame_stage] dlight end
#8681 [2026-09-17 23:54:15.723] [DEBUG] [P12236:T15604] [phase=frame_stage_notify] [hook=frame_stage_notify] [frame_stage] original begin
#8682 [2026-09-17 23:54:15.741] [DEBUG] [P12236:T15604] [phase=frame_stage_notify] [hook=frame_stage_notify] [frame_stage] original end
#8683 [2026-09-17 23:54:15.760] [DEBUG] [P12236:T15604] [phase=frame_stage_notify] [hook=frame_stage_notify] [frame_stage] post-network feature updates begin
#8684 [2026-09-17 23:54:15.778] [DEBUG] [P12236:T15604] [phase=frame_stage_notify] [hook=frame_stage_notify] [frame_stage] post-network feature updates end
#8685 [2026-09-17 23:54:15.798] [DEBUG] [P12236:T15604] [phase=frame_stage_notify] [hook=frame_stage_notify] [frame_stage] end stage=6
#8686 [2026-09-17 23:54:15.817] [DEBUG] [P12236:T15604] [phase=frame_stage_notify] [hook=frame_stage_notify] [frame_stage] begin stage=7 this=0x00007FF9936073C0
#8687 [2026-09-17 23:54:15.836] [DEBUG] [P12236:T15604] [phase=frame_stage_notify] [hook=frame_stage_notify] [frame_stage] agents begin
#8688 [2026-09-17 23:54:15.854] [DEBUG] [P12236:T15604] [phase=frame_stage_notify] [hook=frame_stage_notify] [frame_stage] agents end; gloves begin
#8689 [2026-09-17 23:54:15.874] [DEBUG] [P12236:T15604] [phase=frame_stage_notify] [hook=frame_stage_notify] [frame_stage] gloves end; knives begin
#8690 [2026-09-17 23:54:15.893] [DEBUG] [P12236:T15604] [phase=frame_stage_notify] [hook=frame_stage_notify] [frame_stage] knives end; world begin
#8691 [2026-09-17 23:54:15.911] [DEBUG] [P12236:T15604] [phase=frame_stage_notify] [hook=frame_stage_notify] [frame_stage] scene end; weather begin
#8692 [2026-09-17 23:54:15.930] [DEBUG] [P12236:T15604] [phase=frame_stage_notify] [hook=frame_stage_notify] [frame_stage] weather end; other begin
#8693 [2026-09-17 23:54:15.948] [DEBUG] [P12236:T15604] [phase=frame_stage_notify] [hook=frame_stage_notify] [frame_stage] other end; impacts begin
#8694 [2026-09-17 23:54:15.967] [DEBUG] [P12236:T15604] [phase=frame_stage_notify] [hook=frame_stage_notify] [frame_stage] impacts end
#8695 [2026-09-17 23:54:15.986] [DEBUG] [P12236:T15604] [phase=frame_stage_notify] [hook=frame_stage_notify] [frame_stage] original begin
#8696 [2026-09-17 23:54:16.006] [DEBUG] [P12236:T15604] [phase=frame_stage_notify] [hook=frame_stage_notify] [frame_stage] original end
#8697 [2026-09-17 23:54:16.024] [DEBUG] [P12236:T15604] [phase=frame_stage_notify] [hook=frame_stage_notify] [frame_stage] end stage=7
#8698 [2026-09-17 23:54:16.042] [DEBUG] [P12236:T15604] [phase=frame_stage_notify] [hook=frame_stage_notify] [frame_stage] begin stage=8 this=0x00007FF9936073C0
#8699 [2026-09-17 23:54:16.060] [DEBUG] [P12236:T15604] [phase=frame_stage_notify] [hook=frame_stage_notify] [frame_stage] original begin
#8700 [2026-09-17 23:54:16.078] [DEBUG] [P12236:T15604] [phase=frame_stage_notify] [hook=frame_stage_notify] [frame_stage] original end
#8701 [2026-09-17 23:54:16.098] [DEBUG] [P12236:T15604] [phase=frame_stage_notify] [hook=frame_stage_notify] [frame_stage] end stage=8
#8702 [2026-09-17 23:54:16.116] [DEBUG] [P12236:T15604] [phase=frame_stage_notify] [hook=frame_stage_notify] [frame_stage] begin stage=3 this=0x00007FF9936073C0
#8703 [2026-09-17 23:54:16.135] [DEBUG] [P12236:T15604] [phase=frame_stage_notify] [hook=frame_stage_notify] [frame_stage] original begin
#8704 [2026-09-17 23:54:16.154] [DEBUG] [P12236:T15604] [phase=frame_stage_notify] [hook=frame_stage_notify] [frame_stage] original end
#8705 [2026-09-17 23:54:16.172] [DEBUG] [P12236:T15604] [phase=frame_stage_notify] [hook=frame_stage_notify] [frame_stage] end stage=3
#8706 [2026-09-17 23:54:16.192] [DEBUG] [P12236:T15604] [phase=frame_stage_notify] [hook=frame_stage_notify] [frame_stage] begin stage=12 this=0x00007FF9936073C0
#8707 [2026-09-17 23:54:16.211] [DEBUG] [P12236:T15604] [phase=frame_stage_notify] [hook=frame_stage_notify] [frame_stage] original begin
#8708 [2026-09-17 23:54:16.230] [DEBUG] [P12236:T15604] [phase=frame_stage_notify] [hook=frame_stage_notify] [frame_stage] original end
#8709 [2026-09-17 23:54:16.248] [DEBUG] [P12236:T15604] [phase=frame_stage_notify] [hook=frame_stage_notify] [frame_stage] view/frame-data update begin
#8710 [2026-09-17 23:54:16.272] [DEBUG] [P12236:T15604] [phase=frame_stage_notify] [hook=frame_stage_notify] [frame_stage] view/frame-data update end
#8711 [2026-09-17 23:54:16.291] [DEBUG] [P12236:T15604] [phase=frame_stage_notify] [hook=frame_stage_notify] [frame_stage] end stage=12
#8712 [2026-09-17 23:54:16.311] [DEBUG] [P12236:T1568] [phase=none] [hook=generate_primitives] hook enter name=generate_primitives arg0=0x00007FF99B387AD0 arg1=0x000002B476F67980 arg2=0x000000C716AFF410 arg3=0x000000C716AFE9D0
#8713 [2026-09-17 23:54:16.330] [DEBUG] [P12236:T1568] [phase=none] [hook=generate_primitives] hook leave name=generate_primitives duration_ms=15
#8714 [2026-09-17 23:54:16.350] [DEBUG] [P12236:T18300] [phase=present] [hook=present] [present] begin swap_chain=0x00000242DB990F50 sync=0 flags=0x200 ready=1
#8823 [2026-09-17 23:54:16.370] [DEBUG] [P12236:T18300] [phase=present] [hook=present] [present] rendering context updated
#8824 [2026-09-17 23:54:16.387] [DEBUG] [P12236:T18300] [phase=present] [hook=present] [present] forwarding to original
#8825 [2026-09-17 23:54:16.406] [DEBUG] [P12236:T15604] [phase=frame_stage_notify] [hook=frame_stage_notify] [frame_stage] begin stage=0 this=0x00007FF9936073C0
#8829 [2026-09-17 23:54:16.424] [DEBUG] [P12236:T15604] [phase=frame_stage_notify] [hook=frame_stage_notify] [frame_stage] original begin
#8830 [2026-09-17 23:54:16.443] [DEBUG] [P12236:T15604] [phase=frame_stage_notify] [hook=frame_stage_notify] [frame_stage] original end
#8831 [2026-09-17 23:54:16.462] [DEBUG] [P12236:T15604] [phase=frame_stage_notify] [hook=frame_stage_notify] [frame_stage] end stage=0
#8832 [2026-09-17 23:54:16.481] [DEBUG] [P12236:T15604] [phase=frame_stage_notify] [hook=frame_stage_notify] [frame_stage] begin stage=11 this=0x00007FF9936073C0
#8833 [2026-09-17 23:54:16.499] [DEBUG] [P12236:T15604] [phase=frame_stage_notify] [hook=frame_stage_notify] [frame_stage] original begin
#8834 [2026-09-17 23:54:16.518] [DEBUG] [P12236:T15604] [phase=frame_stage_notify] [hook=frame_stage_notify] [frame_stage] original end
#8835 [2026-09-17 23:54:16.537] [DEBUG] [P12236:T15604] [phase=frame_stage_notify] [hook=frame_stage_notify] [frame_stage] end stage=11
#8836 [2026-09-17 23:54:16.556] [DEBUG] [P12236:T15604] [phase=frame_stage_notify] [hook=frame_stage_notify] [frame_stage] begin stage=0 this=0x00007FF9936073C0
#8837 [2026-09-17 23:54:16.574] [DEBUG] [P12236:T15604] [phase=frame_stage_notify] [hook=frame_stage_notify] [frame_stage] original begin
#8838 [2026-09-17 23:54:16.592] [DEBUG] [P12236:T15604] [phase=frame_stage_notify] [hook=frame_stage_notify] [frame_stage] original end
#8839 [2026-09-17 23:54:16.611] [DEBUG] [P12236:T15604] [phase=frame_stage_notify] [hook=frame_stage_notify] [frame_stage] end stage=0
#8840 [2026-09-17 23:54:16.629] [DEBUG] [P12236:T15604] [phase=frame_stage_notify] [hook=frame_stage_notify] [frame_stage] begin stage=11 this=0x00007FF9936073C0
#8841 [2026-09-17 23:54:16.648] [DEBUG] [P12236:T15604] [phase=frame_stage_notify] [hook=frame_stage_notify] [frame_stage] original begin
#8842 [2026-09-17 23:54:16.666] [DEBUG] [P12236:T15604] [phase=frame_stage_notify] [hook=frame_stage_notify] [frame_stage] original end
#8843 [2026-09-17 23:54:16.685] [DEBUG] [P12236:T15604] [phase=frame_stage_notify] [hook=frame_stage_notify] [frame_stage] end stage=11
#8844 [2026-09-17 23:54:16.704] [DEBUG] [P12236:T15604] [phase=frame_stage_notify] [hook=frame_stage_notify] [frame_stage] begin stage=0 this=0x00007FF9936073C0
#8845 [2026-09-17 23:54:16.723] [DEBUG] [P12236:T15604] [phase=frame_stage_notify] [hook=frame_stage_notify] [frame_stage] original begin
#8846 [2026-09-17 23:54:16.742] [DEBUG] [P12236:T15604] [phase=frame_stage_notify] [hook=frame_stage_notify] [frame_stage] original end
#8847 [2026-09-17 23:54:16.760] [DEBUG] [P12236:T15604] [phase=frame_stage_notify] [hook=frame_stage_notify] [frame_stage] end stage=0
#8848 [2026-09-17 23:54:16.778] [DEBUG] [P12236:T15604] [phase=frame_stage_notify] [hook=frame_stage_notify] [frame_stage] begin stage=10 this=0x00007FF9936073C0
#8849 [2026-09-17 23:54:16.796] [DEBUG] [P12236:T15604] [phase=frame_stage_notify] [hook=frame_stage_notify] [frame_stage] original begin
#8850 [2026-09-17 23:54:16.815] [DEBUG] [P12236:T15604] [phase=frame_stage_notify] [hook=frame_stage_notify] [frame_stage] original end
#8851 [2026-09-17 23:54:16.833] [DEBUG] [P12236:T15604] [phase=frame_stage_notify] [hook=frame_stage_notify] [frame_stage] end stage=10
#8852 [2026-09-17 23:54:16.851] [DEBUG] [P12236:T15604] [phase=frame_stage_notify] [hook=frame_stage_notify] [frame_stage] begin stage=11 this=0x00007FF9936073C0
#8853 [2026-09-17 23:54:16.871] [DEBUG] [P12236:T15604] [phase=frame_stage_notify] [hook=frame_stage_notify] [frame_stage] original begin
#8854 [2026-09-17 23:54:16.889] [DEBUG] [P12236:T15604] [phase=frame_stage_notify] [hook=frame_stage_notify] [frame_stage] original end
#8855 [2026-09-17 23:54:16.907] [DEBUG] [P12236:T15604] [phase=frame_stage_notify] [hook=frame_stage_notify] [frame_stage] end stage=11
#8856 [2026-09-17 23:54:16.925] [DEBUG] [P12236:T15604] [phase=frame_stage_notify] [hook=frame_stage_notify] [frame_stage] begin stage=1 this=0x00007FF9936073C0
#8857 [2026-09-17 23:54:16.945] [DEBUG] [P12236:T15604] [phase=frame_stage_notify] [hook=frame_stage_notify] [frame_stage] original begin
#8858 [2026-09-17 23:54:16.963] [DEBUG] [P12236:T15604] [phase=frame_stage_notify] [hook=frame_stage_notify] [frame_stage] original end
#8859 [2026-09-17 23:54:16.981] [DEBUG] [P12236:T15604] [phase=frame_stage_notify] [hook=frame_stage_notify] [frame_stage] end stage=1
#8860 [2026-09-17 23:54:17.001] [DEBUG] [P12236:T15604] [phase=frame_stage_notify] [hook=frame_stage_notify] [frame_stage] begin stage=2 this=0x00007FF9936073C0
#8861 [2026-09-17 23:54:17.020] [DEBUG] [P12236:T15604] [phase=frame_stage_notify] [hook=frame_stage_notify] [frame_stage] original begin
#8862 [2026-09-17 23:54:17.038] [DEBUG] [P12236:T15604] [phase=frame_stage_notify] [hook=frame_stage_notify] [frame_stage] original end
#8863 [2026-09-17 23:54:17.056] [DEBUG] [P12236:T15604] [phase=frame_stage_notify] [hook=frame_stage_notify] [frame_stage] end stage=2
#8864 [2026-09-17 23:54:17.075] [DEBUG] [P12236:T15604] [phase=frame_stage_notify] [hook=frame_stage_notify] [frame_stage] begin stage=5 this=0x00007FF9936073C0
#8865 [2026-09-17 23:54:17.093] [DEBUG] [P12236:T15604] [phase=frame_stage_notify] [hook=frame_stage_notify] [frame_stage] original begin
#8866 [2026-09-17 23:54:17.112] [DEBUG] [P12236:T15604] [phase=frame_stage_notify] [hook=frame_stage_notify] [frame_stage] original end
#8867 [2026-09-17 23:54:17.130] [DEBUG] [P12236:T15604] [phase=frame_stage_notify] [hook=frame_stage_notify] [frame_stage] end stage=5
#8868 [2026-09-17 23:54:17.149] [DEBUG] [P12236:T15604] [phase=frame_stage_notify] [hook=frame_stage_notify] [frame_stage] begin stage=6 this=0x00007FF9936073C0
#8869 [2026-09-17 23:54:17.168] [DEBUG] [P12236:T15604] [phase=frame_stage_notify] [hook=frame_stage_notify] [frame_stage] guns begin
#8870 [2026-09-17 23:54:17.187] [DEBUG] [P12236:T15604] [phase=frame_stage_notify] [hook=frame_stage_notify] [frame_stage] guns end
#8871 [2026-09-17 23:54:17.205] [DEBUG] [P12236:T15604] [phase=frame_stage_notify] [hook=frame_stage_notify] [frame_stage] dlight begin
#8872 [2026-09-17 23:54:17.224] [DEBUG] [P12236:T15604] [phase=frame_stage_notify] [hook=frame_stage_notify] [frame_stage] dlight end
#8873 [2026-09-17 23:54:17.243] [DEBUG] [P12236:T15604] [phase=frame_stage_notify] [hook=frame_stage_notify] [frame_stage] original begin
#8874 [2026-09-17 23:54:17.261] [DEBUG] [P12236:T15604] [phase=frame_stage_notify] [hook=frame_stage_notify] [frame_stage] original end
#8875 [2026-09-17 23:54:17.279] [DEBUG] [P12236:T15604] [phase=frame_stage_notify] [hook=frame_stage_notify] [frame_stage] post-network feature updates begin
#8876 [2026-09-17 23:54:17.298] [DEBUG] [P12236:T15604] [phase=frame_stage_notify] [hook=frame_stage_notify] [frame_stage] post-network feature updates end
#8877 [2026-09-17 23:54:17.317] [DEBUG] [P12236:T15604] [phase=frame_stage_notify] [hook=frame_stage_notify] [frame_stage] end stage=6
#8878 [2026-09-17 23:54:17.336] [DEBUG] [P12236:T15604] [phase=frame_stage_notify] [hook=frame_stage_notify] [frame_stage] begin stage=7 this=0x00007FF9936073C0
#8879 [2026-09-17 23:54:17.355] [DEBUG] [P12236:T15604] [phase=frame_stage_notify] [hook=frame_stage_notify] [frame_stage] agents begin
#8880 [2026-09-17 23:54:17.391] [DEBUG] [P12236:T15604] [phase=frame_stage_notify] [hook=frame_stage_notify] [frame_stage] agents end; gloves begin
#8881 [2026-09-17 23:54:17.408] [DEBUG] [P12236:T15604] [phase=frame_stage_notify] [hook=frame_stage_notify] [frame_stage] gloves end; knives begin
#8882 [2026-09-17 23:54:17.426] [DEBUG] [P12236:T15604] [phase=frame_stage_notify] [hook=frame_stage_notify] [frame_stage] knives end; world begin
#8883 [2026-09-17 23:54:17.446] [DEBUG] [P12236:T15604] [phase=frame_stage_notify] [hook=frame_stage_notify] [frame_stage] scene end; weather begin
#8884 [2026-09-17 23:54:17.464] [DEBUG] [P12236:T15604] [phase=frame_stage_notify] [hook=frame_stage_notify] [frame_stage] weather end; other begin
#8885 [2026-09-17 23:54:17.483] [DEBUG] [P12236:T15604] [phase=frame_stage_notify] [hook=frame_stage_notify] [frame_stage] other end; impacts begin
#8886 [2026-09-17 23:54:17.501] [DEBUG] [P12236:T15604] [phase=frame_stage_notify] [hook=frame_stage_notify] [frame_stage] impacts end
#8887 [2026-09-17 23:54:17.520] [DEBUG] [P12236:T15604] [phase=frame_stage_notify] [hook=frame_stage_notify] [frame_stage] original begin
#8888 [2026-09-17 23:54:17.544] [DEBUG] [P12236:T15604] [phase=frame_stage_notify] [hook=frame_stage_notify] [frame_stage] original end
#8889 [2026-09-17 23:54:17.563] [DEBUG] [P12236:T15604] [phase=frame_stage_notify] [hook=frame_stage_notify] [frame_stage] end stage=7
#8890 [2026-09-17 23:54:17.582] [DEBUG] [P12236:T15604] [phase=frame_stage_notify] [hook=frame_stage_notify] [frame_stage] begin stage=8 this=0x00007FF9936073C0
#8891 [2026-09-17 23:54:17.599] [DEBUG] [P12236:T15604] [phase=frame_stage_notify] [hook=frame_stage_notify] [frame_stage] original begin
#8892 [2026-09-17 23:54:17.619] [DEBUG] [P12236:T15604] [phase=frame_stage_notify] [hook=frame_stage_notify] [frame_stage] original end
#8893 [2026-09-17 23:54:17.638] [DEBUG] [P12236:T15604] [phase=frame_stage_notify] [hook=frame_stage_notify] [frame_stage] end stage=8
#8894 [2026-09-17 23:54:17.656] [DEBUG] [P12236:T15604] [phase=frame_stage_notify] [hook=frame_stage_notify] [frame_stage] begin stage=3 this=0x00007FF9936073C0
#8895 [2026-09-17 23:54:17.674] [DEBUG] [P12236:T15604] [phase=frame_stage_notify] [hook=frame_stage_notify] [frame_stage] original begin
#8896 [2026-09-17 23:54:17.693] [DEBUG] [P12236:T15604] [phase=frame_stage_notify] [hook=frame_stage_notify] [frame_stage] original end
#8897 [2026-09-17 23:54:17.711] [DEBUG] [P12236:T15604] [phase=frame_stage_notify] [hook=frame_stage_notify] [frame_stage] end stage=3
#8898 [2026-09-17 23:54:17.730] [DEBUG] [P12236:T15604] [phase=frame_stage_notify] [hook=frame_stage_notify] [frame_stage] begin stage=12 this=0x00007FF9936073C0
#8899 [2026-09-17 23:54:17.748] [DEBUG] [P12236:T15604] [phase=frame_stage_notify] [hook=frame_stage_notify] [frame_stage] original begin
#8900 [2026-09-17 23:54:17.766] [DEBUG] [P12236:T15604] [phase=frame_stage_notify] [hook=frame_stage_notify] [frame_stage] original end
#8901 [2026-09-17 23:54:17.804] [DEBUG] [P12236:T15604] [phase=frame_stage_notify] [hook=frame_stage_notify] [frame_stage] view/frame-data update begin
#8902 [2026-09-17 23:54:17.822] [DEBUG] [P12236:T15604] [phase=frame_stage_notify] [hook=frame_stage_notify] [frame_stage] view/frame-data update end
#8903 [2026-09-17 23:54:17.841] [DEBUG] [P12236:T15604] [phase=frame_stage_notify] [hook=frame_stage_notify] [frame_stage] end stage=12
#8904 [2026-09-17 23:54:17.864] [DEBUG] [P12236:T18300] [phase=present] [hook=present] [present] begin swap_chain=0x00000242DB990F50 sync=0 flags=0x200 ready=1
#9013 [2026-09-17 23:54:17.883] [DEBUG] [P12236:T18300] [phase=present] [hook=present] [present] rendering context updated
#9014 [2026-09-17 23:54:17.902] [DEBUG] [P12236:T18300] [phase=present] [hook=present] [present] forwarding to original
#9015 [2026-09-17 23:54:17.922] [DEBUG] [P12236:T15604] [phase=frame_stage_notify] [hook=frame_stage_notify] [frame_stage] begin stage=0 this=0x00007FF9936073C0
#9019 [2026-09-17 23:54:17.941] [DEBUG] [P12236:T15604] [phase=frame_stage_notify] [hook=frame_stage_notify] [frame_stage] original begin
#9020 [2026-09-17 23:54:17.959] [DEBUG] [P12236:T15604] [phase=frame_stage_notify] [hook=frame_stage_notify] [frame_stage] original end
#9021 [2026-09-17 23:54:17.978] [DEBUG] [P12236:T15604] [phase=frame_stage_notify] [hook=frame_stage_notify] [frame_stage] end stage=0
#9022 [2026-09-17 23:54:17.996] [DEBUG] [P12236:T15604] [phase=frame_stage_notify] [hook=frame_stage_notify] [frame_stage] begin stage=11 this=0x00007FF9936073C0
#9023 [2026-09-17 23:54:18.015] [DEBUG] [P12236:T15604] [phase=frame_stage_notify] [hook=frame_stage_notify] [frame_stage] original begin
#9024 [2026-09-17 23:54:18.033] [DEBUG] [P12236:T15604] [phase=frame_stage_notify] [hook=frame_stage_notify] [frame_stage] original end
#9025 [2026-09-17 23:54:18.051] [DEBUG] [P12236:T15604] [phase=frame_stage_notify] [hook=frame_stage_notify] [frame_stage] end stage=11
#9026 [2026-09-17 23:54:18.070] [DEBUG] [P12236:T15604] [phase=frame_stage_notify] [hook=frame_stage_notify] [frame_stage] begin stage=0 this=0x00007FF9936073C0
#9027 [2026-09-17 23:54:18.088] [DEBUG] [P12236:T15604] [phase=frame_stage_notify] [hook=frame_stage_notify] [frame_stage] original begin
#9028 [2026-09-17 23:54:18.106] [DEBUG] [P12236:T15604] [phase=frame_stage_notify] [hook=frame_stage_notify] [frame_stage] original end
#9029 [2026-09-17 23:54:18.126] [DEBUG] [P12236:T15604] [phase=frame_stage_notify] [hook=frame_stage_notify] [frame_stage] end stage=0
#9030 [2026-09-17 23:54:18.145] [DEBUG] [P12236:T15604] [phase=frame_stage_notify] [hook=frame_stage_notify] [frame_stage] begin stage=11 this=0x00007FF9936073C0
#9031 [2026-09-17 23:54:18.163] [DEBUG] [P12236:T15604] [phase=frame_stage_notify] [hook=frame_stage_notify] [frame_stage] original begin
#9032 [2026-09-17 23:54:18.181] [DEBUG] [P12236:T15604] [phase=frame_stage_notify] [hook=frame_stage_notify] [frame_stage] original end
#9033 [2026-09-17 23:54:18.200] [DEBUG] [P12236:T15604] [phase=frame_stage_notify] [hook=frame_stage_notify] [frame_stage] end stage=11
#9034 [2026-09-17 23:54:18.218] [DEBUG] [P12236:T15604] [phase=frame_stage_notify] [hook=frame_stage_notify] [frame_stage] begin stage=0 this=0x00007FF9936073C0
#9035 [2026-09-17 23:54:18.238] [DEBUG] [P12236:T15604] [phase=frame_stage_notify] [hook=frame_stage_notify] [frame_stage] original begin
#9036 [2026-09-17 23:54:18.256] [DEBUG] [P12236:T15604] [phase=frame_stage_notify] [hook=frame_stage_notify] [frame_stage] original end
#9037 [2026-09-17 23:54:18.274] [DEBUG] [P12236:T15604] [phase=frame_stage_notify] [hook=frame_stage_notify] [frame_stage] end stage=0
#9038 [2026-09-17 23:54:18.293] [DEBUG] [P12236:T15604] [phase=frame_stage_notify] [hook=frame_stage_notify] [frame_stage] begin stage=10 this=0x00007FF9936073C0
#9039 [2026-09-17 23:54:18.311] [DEBUG] [P12236:T15604] [phase=frame_stage_notify] [hook=frame_stage_notify] [frame_stage] original begin
#9040 [2026-09-17 23:54:18.329] [DEBUG] [P12236:T15604] [phase=frame_stage_notify] [hook=frame_stage_notify] [frame_stage] original end
#9041 [2026-09-17 23:54:18.347] [DEBUG] [P12236:T15604] [phase=frame_stage_notify] [hook=frame_stage_notify] [frame_stage] end stage=10
#9042 [2026-09-17 23:54:18.385] [DEBUG] [P12236:T15604] [phase=frame_stage_notify] [hook=frame_stage_notify] [frame_stage] begin stage=11 this=0x00007FF9936073C0
#9043 [2026-09-17 23:54:18.403] [DEBUG] [P12236:T15604] [phase=frame_stage_notify] [hook=frame_stage_notify] [frame_stage] original begin
#9044 [2026-09-17 23:54:18.421] [DEBUG] [P12236:T15604] [phase=frame_stage_notify] [hook=frame_stage_notify] [frame_stage] original end
#9045 [2026-09-17 23:54:18.439] [DEBUG] [P12236:T15604] [phase=frame_stage_notify] [hook=frame_stage_notify] [frame_stage] end stage=11
#9046 [2026-09-17 23:54:18.459] [DEBUG] [P12236:T15604] [phase=frame_stage_notify] [hook=frame_stage_notify] [frame_stage] begin stage=1 this=0x00007FF9936073C0
#9047 [2026-09-17 23:54:18.478] [DEBUG] [P12236:T15604] [phase=frame_stage_notify] [hook=frame_stage_notify] [frame_stage] original begin
#9048 [2026-09-17 23:54:18.497] [DEBUG] [P12236:T15604] [phase=frame_stage_notify] [hook=frame_stage_notify] [frame_stage] original end
#9049 [2026-09-17 23:54:18.515] [DEBUG] [P12236:T15604] [phase=frame_stage_notify] [hook=frame_stage_notify] [frame_stage] end stage=1
#9050 [2026-09-17 23:54:18.535] [DEBUG] [P12236:T15604] [phase=frame_stage_notify] [hook=frame_stage_notify] [frame_stage] begin stage=2 this=0x00007FF9936073C0
#9051 [2026-09-17 23:54:18.554] [DEBUG] [P12236:T15604] [phase=frame_stage_notify] [hook=frame_stage_notify] [frame_stage] original begin
#9052 [2026-09-17 23:54:18.573] [DEBUG] [P12236:T15604] [phase=frame_stage_notify] [hook=frame_stage_notify] [frame_stage] original end
#9053 [2026-09-17 23:54:18.592] [DEBUG] [P12236:T15604] [phase=frame_stage_notify] [hook=frame_stage_notify] [frame_stage] end stage=2
#9054 [2026-09-17 23:54:18.610] [DEBUG] [P12236:T15604] [phase=frame_stage_notify] [hook=frame_stage_notify] [frame_stage] begin stage=5 this=0x00007FF9936073C0
#9055 [2026-09-17 23:54:18.628] [DEBUG] [P12236:T15604] [phase=frame_stage_notify] [hook=frame_stage_notify] [frame_stage] original begin
#9056 [2026-09-17 23:54:18.648] [DEBUG] [P12236:T15604] [phase=frame_stage_notify] [hook=frame_stage_notify] [frame_stage] original end
#9057 [2026-09-17 23:54:18.673] [DEBUG] [P12236:T15604] [phase=frame_stage_notify] [hook=frame_stage_notify] [frame_stage] end stage=5
#9058 [2026-09-17 23:54:18.690] [DEBUG] [P12236:T15604] [phase=frame_stage_notify] [hook=frame_stage_notify] [frame_stage] begin stage=6 this=0x00007FF9936073C0
#9059 [2026-09-17 23:54:18.708] [DEBUG] [P12236:T15604] [phase=frame_stage_notify] [hook=frame_stage_notify] [frame_stage] guns begin
#9060 [2026-09-17 23:54:18.727] [DEBUG] [P12236:T15604] [phase=frame_stage_notify] [hook=frame_stage_notify] [frame_stage] guns end
#9061 [2026-09-17 23:54:18.746] [DEBUG] [P12236:T15604] [phase=frame_stage_notify] [hook=frame_stage_notify] [frame_stage] dlight begin
#9062 [2026-09-17 23:54:18.764] [DEBUG] [P12236:T15604] [phase=frame_stage_notify] [hook=frame_stage_notify] [frame_stage] dlight end
#9063 [2026-09-17 23:54:18.782] [DEBUG] [P12236:T15604] [phase=frame_stage_notify] [hook=frame_stage_notify] [frame_stage] original begin
#9064 [2026-09-17 23:54:18.801] [DEBUG] [P12236:T15604] [phase=frame_stage_notify] [hook=frame_stage_notify] [frame_stage] original end
#9065 [2026-09-17 23:54:18.820] [DEBUG] [P12236:T15604] [phase=frame_stage_notify] [hook=frame_stage_notify] [frame_stage] post-network feature updates begin
#9066 [2026-09-17 23:54:18.838] [DEBUG] [P12236:T15604] [phase=frame_stage_notify] [hook=frame_stage_notify] [frame_stage] post-network feature updates end
#9067 [2026-09-17 23:54:18.856] [DEBUG] [P12236:T15604] [phase=frame_stage_notify] [hook=frame_stage_notify] [frame_stage] end stage=6
#9068 [2026-09-17 23:54:18.875] [DEBUG] [P12236:T15604] [phase=frame_stage_notify] [hook=frame_stage_notify] [frame_stage] begin stage=7 this=0x00007FF9936073C0
#9069 [2026-09-17 23:54:18.894] [DEBUG] [P12236:T15604] [phase=frame_stage_notify] [hook=frame_stage_notify] [frame_stage] agents begin
#9070 [2026-09-17 23:54:18.913] [DEBUG] [P12236:T15604] [phase=frame_stage_notify] [hook=frame_stage_notify] [frame_stage] agents end; gloves begin
#9071 [2026-09-17 23:54:18.931] [DEBUG] [P12236:T15604] [phase=frame_stage_notify] [hook=frame_stage_notify] [frame_stage] gloves end; knives begin
#9072 [2026-09-17 23:54:18.950] [DEBUG] [P12236:T15604] [phase=frame_stage_notify] [hook=frame_stage_notify] [frame_stage] knives end; world begin
#9073 [2026-09-17 23:54:18.968] [DEBUG] [P12236:T15604] [phase=frame_stage_notify] [hook=frame_stage_notify] [frame_stage] scene end; weather begin
#9074 [2026-09-17 23:54:18.987] [DEBUG] [P12236:T15604] [phase=frame_stage_notify] [hook=frame_stage_notify] [frame_stage] weather end; other begin
#9075 [2026-09-17 23:54:19.006] [DEBUG] [P12236:T15604] [phase=frame_stage_notify] [hook=frame_stage_notify] [frame_stage] other end; impacts begin
#9076 [2026-09-17 23:54:19.024] [DEBUG] [P12236:T15604] [phase=frame_stage_notify] [hook=frame_stage_notify] [frame_stage] impacts end
#9077 [2026-09-17 23:54:19.042] [DEBUG] [P12236:T15604] [phase=frame_stage_notify] [hook=frame_stage_notify] [frame_stage] original begin
#9078 [2026-09-17 23:54:19.060] [DEBUG] [P12236:T15604] [phase=frame_stage_notify] [hook=frame_stage_notify] [frame_stage] original end
#9079 [2026-09-17 23:54:19.079] [DEBUG] [P12236:T15604] [phase=frame_stage_notify] [hook=frame_stage_notify] [frame_stage] end stage=7
#9080 [2026-09-17 23:54:19.096] [DEBUG] [P12236:T15604] [phase=frame_stage_notify] [hook=frame_stage_notify] [frame_stage] begin stage=8 this=0x00007FF9936073C0
#9081 [2026-09-17 23:54:19.115] [DEBUG] [P12236:T15604] [phase=frame_stage_notify] [hook=frame_stage_notify] [frame_stage] original begin
#9082 [2026-09-17 23:54:19.135] [DEBUG] [P12236:T15604] [phase=frame_stage_notify] [hook=frame_stage_notify] [frame_stage] original end
#9083 [2026-09-17 23:54:19.154] [DEBUG] [P12236:T15604] [phase=frame_stage_notify] [hook=frame_stage_notify] [frame_stage] end stage=8
#9084 [2026-09-17 23:54:19.171] [DEBUG] [P12236:T15604] [phase=frame_stage_notify] [hook=frame_stage_notify] [frame_stage] begin stage=3 this=0x00007FF9936073C0
#9085 [2026-09-17 23:54:19.189] [DEBUG] [P12236:T15604] [phase=frame_stage_notify] [hook=frame_stage_notify] [frame_stage] original begin
#9086 [2026-09-17 23:54:19.208] [DEBUG] [P12236:T15604] [phase=frame_stage_notify] [hook=frame_stage_notify] [frame_stage] original end
#9087 [2026-09-17 23:54:19.227] [DEBUG] [P12236:T15604] [phase=frame_stage_notify] [hook=frame_stage_notify] [frame_stage] end stage=3
#9088 [2026-09-17 23:54:19.247] [DEBUG] [P12236:T15604] [phase=frame_stage_notify] [hook=frame_stage_notify] [frame_stage] begin stage=12 this=0x00007FF9936073C0
#9089 [2026-09-17 23:54:19.264] [DEBUG] [P12236:T15604] [phase=frame_stage_notify] [hook=frame_stage_notify] [frame_stage] original begin
#9090 [2026-09-17 23:54:19.284] [DEBUG] [P12236:T15604] [phase=frame_stage_notify] [hook=frame_stage_notify] [frame_stage] original end
#9091 [2026-09-17 23:54:19.302] [DEBUG] [P12236:T15604] [phase=frame_stage_notify] [hook=frame_stage_notify] [frame_stage] view/frame-data update begin
#9092 [2026-09-17 23:54:19.321] [DEBUG] [P12236:T15604] [phase=frame_stage_notify] [hook=frame_stage_notify] [frame_stage] view/frame-data update end
#9093 [2026-09-17 23:54:19.339] [DEBUG] [P12236:T15604] [phase=frame_stage_notify] [hook=frame_stage_notify] [frame_stage] end stage=12
#9094 [2026-09-17 23:54:19.361] [DEBUG] [P12236:T18300] [phase=present] [hook=present] [present] begin swap_chain=0x00000242DB990F50 sync=0 flags=0x200 ready=1
#9203 [2026-09-17 23:54:19.382] [DEBUG] [P12236:T18300] [phase=present] [hook=present] [present] rendering context updated
#9204 [2026-09-17 23:54:19.400] [DEBUG] [P12236:T18300] [phase=present] [hook=present] [present] forwarding to original
#9205 [2026-09-17 23:54:19.419] [DEBUG] [P12236:T15604] [phase=frame_stage_notify] [hook=frame_stage_notify] [frame_stage] begin stage=0 this=0x00007FF9936073C0
#9209 [2026-09-17 23:54:19.438] [DEBUG] [P12236:T15604] [phase=frame_stage_notify] [hook=frame_stage_notify] [frame_stage] original begin
#9210 [2026-09-17 23:54:19.457] [DEBUG] [P12236:T15604] [phase=frame_stage_notify] [hook=frame_stage_notify] [frame_stage] original end
#9211 [2026-09-17 23:54:19.476] [DEBUG] [P12236:T15604] [phase=frame_stage_notify] [hook=frame_stage_notify] [frame_stage] end stage=0
#9212 [2026-09-17 23:54:19.493] [DEBUG] [P12236:T15604] [phase=frame_stage_notify] [hook=frame_stage_notify] [frame_stage] begin stage=11 this=0x00007FF9936073C0
#9213 [2026-09-17 23:54:19.512] [DEBUG] [P12236:T15604] [phase=frame_stage_notify] [hook=frame_stage_notify] [frame_stage] original begin
#9214 [2026-09-17 23:54:19.531] [DEBUG] [P12236:T15604] [phase=frame_stage_notify] [hook=frame_stage_notify] [frame_stage] original end
#9215 [2026-09-17 23:54:19.549] [DEBUG] [P12236:T15604] [phase=frame_stage_notify] [hook=frame_stage_notify] [frame_stage] end stage=11
#9216 [2026-09-17 23:54:19.569] [DEBUG] [P12236:T15604] [phase=frame_stage_notify] [hook=frame_stage_notify] [frame_stage] begin stage=0 this=0x00007FF9936073C0
#9217 [2026-09-17 23:54:19.587] [DEBUG] [P12236:T15604] [phase=frame_stage_notify] [hook=frame_stage_notify] [frame_stage] original begin
#9218 [2026-09-17 23:54:19.605] [DEBUG] [P12236:T15604] [phase=frame_stage_notify] [hook=frame_stage_notify] [frame_stage] original end
#9219 [2026-09-17 23:54:19.623] [DEBUG] [P12236:T15604] [phase=frame_stage_notify] [hook=frame_stage_notify] [frame_stage] end stage=0
#9220 [2026-09-17 23:54:19.642] [DEBUG] [P12236:T15604] [phase=frame_stage_notify] [hook=frame_stage_notify] [frame_stage] begin stage=11 this=0x00007FF9936073C0
#9221 [2026-09-17 23:54:19.661] [DEBUG] [P12236:T15604] [phase=frame_stage_notify] [hook=frame_stage_notify] [frame_stage] original begin
#9222 [2026-09-17 23:54:19.679] [DEBUG] [P12236:T15604] [phase=frame_stage_notify] [hook=frame_stage_notify] [frame_stage] original end
#9223 [2026-09-17 23:54:19.697] [DEBUG] [P12236:T15604] [phase=frame_stage_notify] [hook=frame_stage_notify] [frame_stage] end stage=11
#9224 [2026-09-17 23:54:19.720] [DEBUG] [P12236:T15604] [phase=frame_stage_notify] [hook=frame_stage_notify] [frame_stage] begin stage=0 this=0x00007FF9936073C0
#9225 [2026-09-17 23:54:19.757] [DEBUG] [P12236:T15604] [phase=frame_stage_notify] [hook=frame_stage_notify] [frame_stage] original begin
#9226 [2026-09-17 23:54:19.775] [DEBUG] [P12236:T15604] [phase=frame_stage_notify] [hook=frame_stage_notify] [frame_stage] original end
#9227 [2026-09-17 23:54:19.794] [DEBUG] [P12236:T15604] [phase=frame_stage_notify] [hook=frame_stage_notify] [frame_stage] end stage=0
#9228 [2026-09-17 23:54:19.813] [DEBUG] [P12236:T15604] [phase=frame_stage_notify] [hook=frame_stage_notify] [frame_stage] begin stage=11 this=0x00007FF9936073C0
#9229 [2026-09-17 23:54:19.832] [DEBUG] [P12236:T15604] [phase=frame_stage_notify] [hook=frame_stage_notify] [frame_stage] original begin
#9230 [2026-09-17 23:54:19.851] [DEBUG] [P12236:T15604] [phase=frame_stage_notify] [hook=frame_stage_notify] [frame_stage] original end
#9231 [2026-09-17 23:54:19.869] [DEBUG] [P12236:T15604] [phase=frame_stage_notify] [hook=frame_stage_notify] [frame_stage] end stage=11
#9232 [2026-09-17 23:54:19.888] [DEBUG] [P12236:T15604] [phase=frame_stage_notify] [hook=frame_stage_notify] [frame_stage] begin stage=0 this=0x00007FF9936073C0
#9233 [2026-09-17 23:54:19.908] [DEBUG] [P12236:T15604] [phase=frame_stage_notify] [hook=frame_stage_notify] [frame_stage] original begin
#9234 [2026-09-17 23:54:19.927] [DEBUG] [P12236:T15604] [phase=frame_stage_notify] [hook=frame_stage_notify] [frame_stage] original end
#9235 [2026-09-17 23:54:19.946] [DEBUG] [P12236:T15604] [phase=frame_stage_notify] [hook=frame_stage_notify] [frame_stage] end stage=0
#9236 [2026-09-17 23:54:19.964] [DEBUG] [P12236:T15604] [phase=frame_stage_notify] [hook=frame_stage_notify] [frame_stage] begin stage=10 this=0x00007FF9936073C0
#9237 [2026-09-17 23:54:19.984] [DEBUG] [P12236:T15604] [phase=frame_stage_notify] [hook=frame_stage_notify] [frame_stage] original begin
#9238 [2026-09-17 23:54:20.002] [DEBUG] [P12236:T15604] [phase=frame_stage_notify] [hook=frame_stage_notify] [frame_stage] original end
#9239 [2026-09-17 23:54:20.020] [DEBUG] [P12236:T15604] [phase=frame_stage_notify] [hook=frame_stage_notify] [frame_stage] end stage=10
#9240 [2026-09-17 23:54:20.039] [DEBUG] [P12236:T15604] [phase=frame_stage_notify] [hook=frame_stage_notify] [frame_stage] begin stage=11 this=0x00007FF9936073C0
#9241 [2026-09-17 23:54:20.056] [DEBUG] [P12236:T15604] [phase=frame_stage_notify] [hook=frame_stage_notify] [frame_stage] original begin
#9242 [2026-09-17 23:54:20.074] [DEBUG] [P12236:T15604] [phase=frame_stage_notify] [hook=frame_stage_notify] [frame_stage] original end
#9243 [2026-09-17 23:54:20.092] [DEBUG] [P12236:T15604] [phase=frame_stage_notify] [hook=frame_stage_notify] [frame_stage] end stage=11
#9244 [2026-09-17 23:54:20.110] [DEBUG] [P12236:T15604] [phase=frame_stage_notify] [hook=frame_stage_notify] [frame_stage] begin stage=1 this=0x00007FF9936073C0
#9245 [2026-09-17 23:54:20.129] [DEBUG] [P12236:T15604] [phase=frame_stage_notify] [hook=frame_stage_notify] [frame_stage] original begin
#9246 [2026-09-17 23:54:20.147] [DEBUG] [P12236:T15604] [phase=frame_stage_notify] [hook=frame_stage_notify] [frame_stage] original end
#9247 [2026-09-17 23:54:20.165] [DEBUG] [P12236:T15604] [phase=frame_stage_notify] [hook=frame_stage_notify] [frame_stage] end stage=1
#9248 [2026-09-17 23:54:20.184] [DEBUG] [P12236:T15604] [phase=frame_stage_notify] [hook=frame_stage_notify] [frame_stage] begin stage=2 this=0x00007FF9936073C0
#9249 [2026-09-17 23:54:20.203] [DEBUG] [P12236:T15604] [phase=frame_stage_notify] [hook=frame_stage_notify] [frame_stage] original begin
#9250 [2026-09-17 23:54:20.222] [DEBUG] [P12236:T15604] [phase=frame_stage_notify] [hook=frame_stage_notify] [frame_stage] original end
#9251 [2026-09-17 23:54:20.240] [DEBUG] [P12236:T15604] [phase=frame_stage_notify] [hook=frame_stage_notify] [frame_stage] end stage=2
#9252 [2026-09-17 23:54:20.258] [DEBUG] [P12236:T15604] [phase=frame_stage_notify] [hook=frame_stage_notify] [frame_stage] begin stage=5 this=0x00007FF9936073C0
#9253 [2026-09-17 23:54:20.276] [DEBUG] [P12236:T15604] [phase=frame_stage_notify] [hook=frame_stage_notify] [frame_stage] original begin
#9254 [2026-09-17 23:54:20.295] [DEBUG] [P12236:T15604] [phase=frame_stage_notify] [hook=frame_stage_notify] [frame_stage] original end
#9255 [2026-09-17 23:54:20.313] [DEBUG] [P12236:T15604] [phase=frame_stage_notify] [hook=frame_stage_notify] [frame_stage] end stage=5
#9256 [2026-09-17 23:54:20.331] [DEBUG] [P12236:T15604] [phase=frame_stage_notify] [hook=frame_stage_notify] [frame_stage] begin stage=6 this=0x00007FF9936073C0
#9257 [2026-09-17 23:54:20.350] [DEBUG] [P12236:T15604] [phase=frame_stage_notify] [hook=frame_stage_notify] [frame_stage] guns begin
#9258 [2026-09-17 23:54:20.368] [DEBUG] [P12236:T15604] [phase=frame_stage_notify] [hook=frame_stage_notify] [frame_stage] guns end
#9259 [2026-09-17 23:54:20.388] [DEBUG] [P12236:T15604] [phase=frame_stage_notify] [hook=frame_stage_notify] [frame_stage] dlight begin
#9260 [2026-09-17 23:54:20.406] [DEBUG] [P12236:T15604] [phase=frame_stage_notify] [hook=frame_stage_notify] [frame_stage] dlight end
#9261 [2026-09-17 23:54:20.424] [DEBUG] [P12236:T15604] [phase=frame_stage_notify] [hook=frame_stage_notify] [frame_stage] original begin
#9262 [2026-09-17 23:54:20.443] [DEBUG] [P12236:T15604] [phase=frame_stage_notify] [hook=frame_stage_notify] [frame_stage] original end
#9263 [2026-09-17 23:54:20.461] [DEBUG] [P12236:T15604] [phase=frame_stage_notify] [hook=frame_stage_notify] [frame_stage] post-network feature updates begin
#9264 [2026-09-17 23:54:20.479] [DEBUG] [P12236:T15604] [phase=frame_stage_notify] [hook=frame_stage_notify] [frame_stage] post-network feature updates end
#9265 [2026-09-17 23:54:20.498] [DEBUG] [P12236:T15604] [phase=frame_stage_notify] [hook=frame_stage_notify] [frame_stage] end stage=6
#9266 [2026-09-17 23:54:20.518] [DEBUG] [P12236:T15604] [phase=frame_stage_notify] [hook=frame_stage_notify] [frame_stage] begin stage=7 this=0x00007FF9936073C0
#9267 [2026-09-17 23:54:20.536] [DEBUG] [P12236:T15604] [phase=frame_stage_notify] [hook=frame_stage_notify] [frame_stage] agents begin
#9268 [2026-09-17 23:54:20.555] [DEBUG] [P12236:T15604] [phase=frame_stage_notify] [hook=frame_stage_notify] [frame_stage] agents end; gloves begin
#9269 [2026-09-17 23:54:20.573] [DEBUG] [P12236:T15604] [phase=frame_stage_notify] [hook=frame_stage_notify] [frame_stage] gloves end; knives begin
#9270 [2026-09-17 23:54:20.592] [DEBUG] [P12236:T15604] [phase=frame_stage_notify] [hook=frame_stage_notify] [frame_stage] knives end; world begin
#9271 [2026-09-17 23:54:20.610] [DEBUG] [P12236:T15604] [phase=frame_stage_notify] [hook=frame_stage_notify] [frame_stage] scene end; weather begin
#9272 [2026-09-17 23:54:20.628] [DEBUG] [P12236:T15604] [phase=frame_stage_notify] [hook=frame_stage_notify] [frame_stage] weather end; other begin
#9273 [2026-09-17 23:54:20.646] [DEBUG] [P12236:T15604] [phase=frame_stage_notify] [hook=frame_stage_notify] [frame_stage] other end; impacts begin
#9274 [2026-09-17 23:54:20.665] [DEBUG] [P12236:T15604] [phase=frame_stage_notify] [hook=frame_stage_notify] [frame_stage] impacts end
#9275 [2026-09-17 23:54:20.684] [DEBUG] [P12236:T15604] [phase=frame_stage_notify] [hook=frame_stage_notify] [frame_stage] original begin
#9276 [2026-09-17 23:54:20.703] [DEBUG] [P12236:T15604] [phase=frame_stage_notify] [hook=frame_stage_notify] [frame_stage] original end
#9277 [2026-09-17 23:54:20.721] [DEBUG] [P12236:T15604] [phase=frame_stage_notify] [hook=frame_stage_notify] [frame_stage] end stage=7
#9278 [2026-09-17 23:54:20.739] [DEBUG] [P12236:T15604] [phase=frame_stage_notify] [hook=frame_stage_notify] [frame_stage] begin stage=8 this=0x00007FF9936073C0
#9279 [2026-09-17 23:54:20.757] [DEBUG] [P12236:T15604] [phase=frame_stage_notify] [hook=frame_stage_notify] [frame_stage] original begin
#9280 [2026-09-17 23:54:20.775] [DEBUG] [P12236:T15604] [phase=frame_stage_notify] [hook=frame_stage_notify] [frame_stage] original end
#9281 [2026-09-17 23:54:20.794] [DEBUG] [P12236:T15604] [phase=frame_stage_notify] [hook=frame_stage_notify] [frame_stage] end stage=8
#9282 [2026-09-17 23:54:20.813] [DEBUG] [P12236:T15604] [phase=frame_stage_notify] [hook=frame_stage_notify] [frame_stage] begin stage=3 this=0x00007FF9936073C0
#9283 [2026-09-17 23:54:20.832] [DEBUG] [P12236:T15604] [phase=frame_stage_notify] [hook=frame_stage_notify] [frame_stage] original begin
#9284 [2026-09-17 23:54:20.849] [DEBUG] [P12236:T15604] [phase=frame_stage_notify] [hook=frame_stage_notify] [frame_stage] original end
#9285 [2026-09-17 23:54:20.868] [DEBUG] [P12236:T15604] [phase=frame_stage_notify] [hook=frame_stage_notify] [frame_stage] end stage=3
#9286 [2026-09-17 23:54:20.886] [DEBUG] [P12236:T15604] [phase=frame_stage_notify] [hook=frame_stage_notify] [frame_stage] begin stage=12 this=0x00007FF9936073C0
#9287 [2026-09-17 23:54:20.906] [DEBUG] [P12236:T15604] [phase=frame_stage_notify] [hook=frame_stage_notify] [frame_stage] original begin
#9288 [2026-09-17 23:54:20.924] [DEBUG] [P12236:T15604] [phase=frame_stage_notify] [hook=frame_stage_notify] [frame_stage] original end
#9289 [2026-09-17 23:54:20.943] [DEBUG] [P12236:T15604] [phase=frame_stage_notify] [hook=frame_stage_notify] [frame_stage] view/frame-data update begin
#9290 [2026-09-17 23:54:20.962] [DEBUG] [P12236:T15604] [phase=frame_stage_notify] [hook=frame_stage_notify] [frame_stage] view/frame-data update end
#9291 [2026-09-17 23:54:20.980] [DEBUG] [P12236:T15604] [phase=frame_stage_notify] [hook=frame_stage_notify] [frame_stage] end stage=12
#9292 [2026-09-17 23:54:21.003] [DEBUG] [P12236:T18300] [phase=present] [hook=present] [present] begin swap_chain=0x00000242DB990F50 sync=0 flags=0x200 ready=1
#9393 [2026-09-17 23:54:21.024] [DEBUG] [P12236:T18300] [phase=present] [hook=present] [present] rendering context updated
#9394 [2026-09-17 23:54:21.042] [DEBUG] [P12236:T18300] [phase=present] [hook=present] [present] forwarding to original
#9395 [2026-09-17 23:54:21.061] [DEBUG] [P12236:T18300] [phase=present] [hook=present] [present] begin swap_chain=0x00000242DB990F50 sync=0 flags=0x200 ready=1
#9482 [2026-09-17 23:54:21.293] [DEBUG] [P12236:T15604] [phase=frame_stage_notify] [hook=frame_stage_notify] [frame_stage] begin stage=0 this=0x00007FF9936073C0
#9483 [2026-09-17 23:54:21.313] [DEBUG] [P12236:T15604] [phase=frame_stage_notify] [hook=frame_stage_notify] [frame_stage] original begin
#9484 [2026-09-17 23:54:21.332] [DEBUG] [P12236:T15604] [phase=frame_stage_notify] [hook=frame_stage_notify] [frame_stage] original end
#9485 [2026-09-17 23:54:21.352] [DEBUG] [P12236:T15604] [phase=frame_stage_notify] [hook=frame_stage_notify] [frame_stage] end stage=0
#9486 [2026-09-17 23:54:21.370] [DEBUG] [P12236:T15604] [phase=frame_stage_notify] [hook=frame_stage_notify] [frame_stage] begin stage=11 this=0x00007FF9936073C0
#9487 [2026-09-17 23:54:21.389] [DEBUG] [P12236:T15604] [phase=frame_stage_notify] [hook=frame_stage_notify] [frame_stage] original begin
#9488 [2026-09-17 23:54:21.406] [DEBUG] [P12236:T15604] [phase=frame_stage_notify] [hook=frame_stage_notify] [frame_stage] original end
#9490 [2026-09-17 23:54:21.426] [DEBUG] [P12236:T18300] [phase=present] [hook=present] [present] forwarding to original
#9584 [2026-09-17 23:54:21.445] [DEBUG] [P12236:T18300] [phase=present] [hook=present] [present] begin swap_chain=0x00000242DB990F50 sync=0 flags=0x200 ready=1
#9585 [2026-09-17 23:54:21.467] [DEBUG] [P12236:T18300] [phase=present] [hook=present] [present] rendering context updated
#9586 [2026-09-17 23:54:21.485] [DEBUG] [P12236:T18300] [phase=present] [hook=present] [present] forwarding to original
#9587 [2026-09-17 23:54:21.503] [DEBUG] [P12236:T18300] [phase=present] [hook=present] [present] begin swap_chain=0x00000242DB990F50 sync=0 flags=0x200 ready=1
#9696 [2026-09-17 23:54:21.522] [DEBUG] [P12236:T18300] [phase=present] [hook=present] [present] rendering context updated
#9697 [2026-09-17 23:54:21.540] [DEBUG] [P12236:T18300] [phase=present] [hook=present] [present] forwarding to original
#9698 [2026-09-17 23:54:21.562] [DEBUG] [P12236:T15604] [phase=frame_stage_notify] [hook=frame_stage_notify] [frame_stage] begin stage=0 this=0x00007FF9936073C0
#9702 [2026-09-17 23:54:21.580] [DEBUG] [P12236:T15604] [phase=frame_stage_notify] [hook=frame_stage_notify] [frame_stage] original begin
#9703 [2026-09-17 23:54:21.599] [DEBUG] [P12236:T15604] [phase=frame_stage_notify] [hook=frame_stage_notify] [frame_stage] original end
#9704 [2026-09-17 23:54:21.618] [DEBUG] [P12236:T15604] [phase=frame_stage_notify] [hook=frame_stage_notify] [frame_stage] end stage=0
#9705 [2026-09-17 23:54:21.637] [DEBUG] [P12236:T15604] [phase=frame_stage_notify] [hook=frame_stage_notify] [frame_stage] begin stage=11 this=0x00007FF9936073C0
#9706 [2026-09-17 23:54:21.654] [DEBUG] [P12236:T15604] [phase=frame_stage_notify] [hook=frame_stage_notify] [frame_stage] original begin
#9707 [2026-09-17 23:54:21.672] [DEBUG] [P12236:T15604] [phase=frame_stage_notify] [hook=frame_stage_notify] [frame_stage] original end
#9708 [2026-09-17 23:54:21.691] [DEBUG] [P12236:T15604] [phase=frame_stage_notify] [hook=frame_stage_notify] [frame_stage] end stage=11
#9709 [2026-09-17 23:54:21.710] [DEBUG] [P12236:T15604] [phase=frame_stage_notify] [hook=frame_stage_notify] [frame_stage] begin stage=0 this=0x00007FF9936073C0
#9710 [2026-09-17 23:54:21.728] [DEBUG] [P12236:T15604] [phase=frame_stage_notify] [hook=frame_stage_notify] [frame_stage] original begin
#9711 [2026-09-17 23:54:21.746] [DEBUG] [P12236:T15604] [phase=frame_stage_notify] [hook=frame_stage_notify] [frame_stage] original end
#9712 [2026-09-17 23:54:21.764] [DEBUG] [P12236:T15604] [phase=frame_stage_notify] [hook=frame_stage_notify] [frame_stage] end stage=0
#9713 [2026-09-17 23:54:21.783] [DEBUG] [P12236:T15604] [phase=frame_stage_notify] [hook=frame_stage_notify] [frame_stage] begin stage=11 this=0x00007FF9936073C0
#9714 [2026-09-17 23:54:21.802] [DEBUG] [P12236:T15604] [phase=frame_stage_notify] [hook=frame_stage_notify] [frame_stage] original begin
#9715 [2026-09-17 23:54:21.819] [DEBUG] [P12236:T15604] [phase=frame_stage_notify] [hook=frame_stage_notify] [frame_stage] original end
#9716 [2026-09-17 23:54:21.838] [DEBUG] [P12236:T15604] [phase=frame_stage_notify] [hook=frame_stage_notify] [frame_stage] end stage=11
#9717 [2026-09-17 23:54:21.856] [DEBUG] [P12236:T15604] [phase=frame_stage_notify] [hook=frame_stage_notify] [frame_stage] begin stage=0 this=0x00007FF9936073C0
#9718 [2026-09-17 23:54:21.875] [DEBUG] [P12236:T15604] [phase=frame_stage_notify] [hook=frame_stage_notify] [frame_stage] original begin
#9719 [2026-09-17 23:54:21.894] [DEBUG] [P12236:T15604] [phase=frame_stage_notify] [hook=frame_stage_notify] [frame_stage] original end
#9720 [2026-09-17 23:54:21.913] [DEBUG] [P12236:T15604] [phase=frame_stage_notify] [hook=frame_stage_notify] [frame_stage] end stage=0
#9721 [2026-09-17 23:54:21.932] [DEBUG] [P12236:T15604] [phase=frame_stage_notify] [hook=frame_stage_notify] [frame_stage] begin stage=10 this=0x00007FF9936073C0
#9722 [2026-09-17 23:54:21.950] [DEBUG] [P12236:T15604] [phase=frame_stage_notify] [hook=frame_stage_notify] [frame_stage] original begin
#9723 [2026-09-17 23:54:21.968] [DEBUG] [P12236:T15604] [phase=frame_stage_notify] [hook=frame_stage_notify] [frame_stage] original end
#9724 [2026-09-17 23:54:21.985] [DEBUG] [P12236:T15604] [phase=frame_stage_notify] [hook=frame_stage_notify] [frame_stage] end stage=10
#9725 [2026-09-17 23:54:22.005] [DEBUG] [P12236:T15604] [phase=frame_stage_notify] [hook=frame_stage_notify] [frame_stage] begin stage=11 this=0x00007FF9936073C0
#9726 [2026-09-17 23:54:22.024] [DEBUG] [P12236:T15604] [phase=frame_stage_notify] [hook=frame_stage_notify] [frame_stage] original begin
#9727 [2026-09-17 23:54:22.043] [DEBUG] [P12236:T15604] [phase=frame_stage_notify] [hook=frame_stage_notify] [frame_stage] original end
#9728 [2026-09-17 23:54:22.061] [DEBUG] [P12236:T15604] [phase=frame_stage_notify] [hook=frame_stage_notify] [frame_stage] end stage=11
#9729 [2026-09-17 23:54:22.080] [DEBUG] [P12236:T15604] [phase=frame_stage_notify] [hook=frame_stage_notify] [frame_stage] begin stage=1 this=0x00007FF9936073C0
#9730 [2026-09-17 23:54:22.099] [DEBUG] [P12236:T15604] [phase=frame_stage_notify] [hook=frame_stage_notify] [frame_stage] original begin
#9731 [2026-09-17 23:54:22.118] [DEBUG] [P12236:T15604] [phase=frame_stage_notify] [hook=frame_stage_notify] [frame_stage] original end
#9732 [2026-09-17 23:54:22.137] [DEBUG] [P12236:T15604] [phase=frame_stage_notify] [hook=frame_stage_notify] [frame_stage] end stage=1
#9733 [2026-09-17 23:54:22.155] [DEBUG] [P12236:T15604] [phase=frame_stage_notify] [hook=frame_stage_notify] [frame_stage] begin stage=2 this=0x00007FF9936073C0
#9734 [2026-09-17 23:54:22.173] [DEBUG] [P12236:T15604] [phase=frame_stage_notify] [hook=frame_stage_notify] [frame_stage] original begin
#9735 [2026-09-17 23:54:22.191] [DEBUG] [P12236:T15604] [phase=frame_stage_notify] [hook=frame_stage_notify] [frame_stage] original end
#9736 [2026-09-17 23:54:22.209] [DEBUG] [P12236:T15604] [phase=frame_stage_notify] [hook=frame_stage_notify] [frame_stage] end stage=2
#9737 [2026-09-17 23:54:22.227] [DEBUG] [P12236:T15604] [phase=frame_stage_notify] [hook=frame_stage_notify] [frame_stage] begin stage=5 this=0x00007FF9936073C0
#9738 [2026-09-17 23:54:22.245] [DEBUG] [P12236:T15604] [phase=frame_stage_notify] [hook=frame_stage_notify] [frame_stage] original begin
#9739 [2026-09-17 23:54:22.264] [DEBUG] [P12236:T15604] [phase=frame_stage_notify] [hook=frame_stage_notify] [frame_stage] original end
#9740 [2026-09-17 23:54:22.282] [DEBUG] [P12236:T15604] [phase=frame_stage_notify] [hook=frame_stage_notify] [frame_stage] end stage=5
#9741 [2026-09-17 23:54:22.300] [DEBUG] [P12236:T15604] [phase=frame_stage_notify] [hook=frame_stage_notify] [frame_stage] begin stage=6 this=0x00007FF9936073C0
#9742 [2026-09-17 23:54:22.319] [DEBUG] [P12236:T15604] [phase=frame_stage_notify] [hook=frame_stage_notify] [frame_stage] guns begin
#9743 [2026-09-17 23:54:22.337] [DEBUG] [P12236:T15604] [phase=frame_stage_notify] [hook=frame_stage_notify] [frame_stage] guns end
#9744 [2026-09-17 23:54:22.356] [DEBUG] [P12236:T15604] [phase=frame_stage_notify] [hook=frame_stage_notify] [frame_stage] dlight begin
#9745 [2026-09-17 23:54:22.374] [DEBUG] [P12236:T15604] [phase=frame_stage_notify] [hook=frame_stage_notify] [frame_stage] dlight end
#9746 [2026-09-17 23:54:22.392] [DEBUG] [P12236:T15604] [phase=frame_stage_notify] [hook=frame_stage_notify] [frame_stage] original begin
#9747 [2026-09-17 23:54:22.410] [DEBUG] [P12236:T15604] [phase=frame_stage_notify] [hook=frame_stage_notify] [frame_stage] original end
#9748 [2026-09-17 23:54:22.428] [DEBUG] [P12236:T15604] [phase=frame_stage_notify] [hook=frame_stage_notify] [frame_stage] post-network feature updates begin
#9749 [2026-09-17 23:54:22.447] [DEBUG] [P12236:T15604] [phase=frame_stage_notify] [hook=frame_stage_notify] [frame_stage] post-network feature updates end
#9750 [2026-09-17 23:54:22.466] [DEBUG] [P12236:T15604] [phase=frame_stage_notify] [hook=frame_stage_notify] [frame_stage] end stage=6
#9751 [2026-09-17 23:54:22.484] [DEBUG] [P12236:T15604] [phase=frame_stage_notify] [hook=frame_stage_notify] [frame_stage] begin stage=7 this=0x00007FF9936073C0
#9752 [2026-09-17 23:54:22.503] [DEBUG] [P12236:T15604] [phase=frame_stage_notify] [hook=frame_stage_notify] [frame_stage] agents begin
#9753 [2026-09-17 23:54:22.521] [DEBUG] [P12236:T15604] [phase=frame_stage_notify] [hook=frame_stage_notify] [frame_stage] agents end; gloves begin
#9754 [2026-09-17 23:54:22.542] [DEBUG] [P12236:T15604] [phase=frame_stage_notify] [hook=frame_stage_notify] [frame_stage] gloves end; knives begin
#9755 [2026-09-17 23:54:22.562] [DEBUG] [P12236:T15604] [phase=frame_stage_notify] [hook=frame_stage_notify] [frame_stage] knives end; world begin
#9756 [2026-09-17 23:54:22.580] [DEBUG] [P12236:T15604] [phase=frame_stage_notify] [hook=frame_stage_notify] [frame_stage] scene end; weather begin
#9757 [2026-09-17 23:54:22.599] [DEBUG] [P12236:T15604] [phase=frame_stage_notify] [hook=frame_stage_notify] [frame_stage] weather end; other begin
#9758 [2026-09-17 23:54:22.616] [DEBUG] [P12236:T15604] [phase=frame_stage_notify] [hook=frame_stage_notify] [frame_stage] other end; impacts begin
#9759 [2026-09-17 23:54:22.634] [DEBUG] [P12236:T15604] [phase=frame_stage_notify] [hook=frame_stage_notify] [frame_stage] impacts end
#9760 [2026-09-17 23:54:22.653] [DEBUG] [P12236:T15604] [phase=frame_stage_notify] [hook=frame_stage_notify] [frame_stage] original begin
#9761 [2026-09-17 23:54:22.672] [DEBUG] [P12236:T15604] [phase=frame_stage_notify] [hook=frame_stage_notify] [frame_stage] original end
#9762 [2026-09-17 23:54:22.691] [DEBUG] [P12236:T15604] [phase=frame_stage_notify] [hook=frame_stage_notify] [frame_stage] end stage=7
#9763 [2026-09-17 23:54:22.710] [DEBUG] [P12236:T15604] [phase=frame_stage_notify] [hook=frame_stage_notify] [frame_stage] begin stage=8 this=0x00007FF9936073C0
#9764 [2026-09-17 23:54:22.728] [DEBUG] [P12236:T15604] [phase=frame_stage_notify] [hook=frame_stage_notify] [frame_stage] original begin
#9765 [2026-09-17 23:54:22.745] [DEBUG] [P12236:T15604] [phase=frame_stage_notify] [hook=frame_stage_notify] [frame_stage] original end
#9766 [2026-09-17 23:54:22.763] [DEBUG] [P12236:T15604] [phase=frame_stage_notify] [hook=frame_stage_notify] [frame_stage] end stage=8
#9767 [2026-09-17 23:54:22.781] [DEBUG] [P12236:T15604] [phase=frame_stage_notify] [hook=frame_stage_notify] [frame_stage] begin stage=3 this=0x00007FF9936073C0
#9768 [2026-09-17 23:54:22.800] [DEBUG] [P12236:T15604] [phase=frame_stage_notify] [hook=frame_stage_notify] [frame_stage] original begin
#9769 [2026-09-17 23:54:22.819] [DEBUG] [P12236:T15604] [phase=frame_stage_notify] [hook=frame_stage_notify] [frame_stage] original end
#9770 [2026-09-17 23:54:22.838] [DEBUG] [P12236:T15604] [phase=frame_stage_notify] [hook=frame_stage_notify] [frame_stage] end stage=3
#9771 [2026-09-17 23:54:22.856] [DEBUG] [P12236:T15604] [phase=frame_stage_notify] [hook=frame_stage_notify] [frame_stage] begin stage=12 this=0x00007FF9936073C0
#9772 [2026-09-17 23:54:22.875] [DEBUG] [P12236:T15604] [phase=frame_stage_notify] [hook=frame_stage_notify] [frame_stage] original begin
#9773 [2026-09-17 23:54:22.893] [DEBUG] [P12236:T15604] [phase=frame_stage_notify] [hook=frame_stage_notify] [frame_stage] original end
#9774 [2026-09-17 23:54:22.913] [DEBUG] [P12236:T15604] [phase=frame_stage_notify] [hook=frame_stage_notify] [frame_stage] view/frame-data update begin
#9775 [2026-09-17 23:54:22.931] [DEBUG] [P12236:T15604] [phase=frame_stage_notify] [hook=frame_stage_notify] [frame_stage] view/frame-data update end
#9776 [2026-09-17 23:54:22.948] [DEBUG] [P12236:T15604] [phase=frame_stage_notify] [hook=frame_stage_notify] [frame_stage] end stage=12
#9777 [2026-09-17 23:54:22.971] [DEBUG] [P12236:T18300] [phase=present] [hook=present] [present] begin swap_chain=0x00000242DB990F50 sync=0 flags=0x200 ready=1
#9886 [2026-09-17 23:54:22.990] [DEBUG] [P12236:T18300] [phase=present] [hook=present] [present] rendering context updated
#9887 [2026-09-17 23:54:23.009] [DEBUG] [P12236:T18300] [phase=present] [hook=present] [present] forwarding to original
#9888 [2026-09-17 23:54:23.028] [DEBUG] [P12236:T18300] [phase=present] [hook=present] [present] begin swap_chain=0x00000242DB990F50 sync=0 flags=0x200 ready=1
#9965 [2026-09-17 23:54:23.047] [DEBUG] [P12236:T18300] [phase=present] [hook=present] [present] rendering context updated
#9966 [2026-09-17 23:54:23.066] [DEBUG] [P12236:T18300] [phase=present] [hook=present] [present] forwarding to original
#9967 [2026-09-17 23:54:23.086] [DEBUG] [P12236:T15604] [phase=frame_stage_notify] [hook=frame_stage_notify] [frame_stage] begin stage=0 this=0x00007FF9936073C0
#9971 [2026-09-17 23:54:23.104] [DEBUG] [P12236:T15604] [phase=frame_stage_notify] [hook=frame_stage_notify] [frame_stage] original begin
#9972 [2026-09-17 23:54:23.123] [DEBUG] [P12236:T15604] [phase=frame_stage_notify] [hook=frame_stage_notify] [frame_stage] original end
#9973 [2026-09-17 23:54:23.158] [DEBUG] [P12236:T15604] [phase=frame_stage_notify] [hook=frame_stage_notify] [frame_stage] end stage=0
#9974 [2026-09-17 23:54:23.178] [DEBUG] [P12236:T15604] [phase=frame_stage_notify] [hook=frame_stage_notify] [frame_stage] begin stage=11 this=0x00007FF9936073C0
#9975 [2026-09-17 23:54:23.196] [DEBUG] [P12236:T15604] [phase=frame_stage_notify] [hook=frame_stage_notify] [frame_stage] original begin
#9976 [2026-09-17 23:54:23.214] [DEBUG] [P12236:T15604] [phase=frame_stage_notify] [hook=frame_stage_notify] [frame_stage] original end
#9977 [2026-09-17 23:54:23.232] [DEBUG] [P12236:T15604] [phase=frame_stage_notify] [hook=frame_stage_notify] [frame_stage] end stage=11
#9978 [2026-09-17 23:54:23.250] [DEBUG] [P12236:T15604] [phase=frame_stage_notify] [hook=frame_stage_notify] [frame_stage] begin stage=0 this=0x00007FF9936073C0
#9979 [2026-09-17 23:54:23.268] [DEBUG] [P12236:T15604] [phase=frame_stage_notify] [hook=frame_stage_notify] [frame_stage] original begin
#9980 [2026-09-17 23:54:23.286] [DEBUG] [P12236:T15604] [phase=frame_stage_notify] [hook=frame_stage_notify] [frame_stage] original end
#9981 [2026-09-17 23:54:23.304] [DEBUG] [P12236:T15604] [phase=frame_stage_notify] [hook=frame_stage_notify] [frame_stage] end stage=0
#9982 [2026-09-17 23:54:23.323] [DEBUG] [P12236:T15604] [phase=frame_stage_notify] [hook=frame_stage_notify] [frame_stage] begin stage=11 this=0x00007FF9936073C0
#9983 [2026-09-17 23:54:23.341] [DEBUG] [P12236:T15604] [phase=frame_stage_notify] [hook=frame_stage_notify] [frame_stage] original begin
#9984 [2026-09-17 23:54:23.360] [DEBUG] [P12236:T15604] [phase=frame_stage_notify] [hook=frame_stage_notify] [frame_stage] original end
#9985 [2026-09-17 23:54:23.379] [DEBUG] [P12236:T15604] [phase=frame_stage_notify] [hook=frame_stage_notify] [frame_stage] end stage=11
#9986 [2026-09-17 23:54:23.399] [DEBUG] [P12236:T15604] [phase=frame_stage_notify] [hook=frame_stage_notify] [frame_stage] begin stage=0 this=0x00007FF9936073C0
#9987 [2026-09-17 23:54:23.418] [DEBUG] [P12236:T15604] [phase=frame_stage_notify] [hook=frame_stage_notify] [frame_stage] original begin
#9988 [2026-09-17 23:54:23.436] [DEBUG] [P12236:T15604] [phase=frame_stage_notify] [hook=frame_stage_notify] [frame_stage] original end
#9989 [2026-09-17 23:54:23.455] [DEBUG] [P12236:T15604] [phase=frame_stage_notify] [hook=frame_stage_notify] [frame_stage] end stage=0
#9990 [2026-09-17 23:54:23.475] [DEBUG] [P12236:T15604] [phase=frame_stage_notify] [hook=frame_stage_notify] [frame_stage] begin stage=11 this=0x00007FF9936073C0
#9991 [2026-09-17 23:54:23.494] [DEBUG] [P12236:T15604] [phase=frame_stage_notify] [hook=frame_stage_notify] [frame_stage] original begin
#9992 [2026-09-17 23:54:23.512] [DEBUG] [P12236:T15604] [phase=frame_stage_notify] [hook=frame_stage_notify] [frame_stage] original end
#9993 [2026-09-17 23:54:23.532] [DEBUG] [P12236:T15604] [phase=frame_stage_notify] [hook=frame_stage_notify] [frame_stage] end stage=11
#9994 [2026-09-17 23:54:23.536] [DEBUG] [P12236:T15604] [phase=frame_stage_notify] [hook=frame_stage_notify] [frame_stage] begin stage=0 this=0x00007FF9936073C0
#9995 [2026-09-17 23:54:23.554] [DEBUG] [P12236:T15604] [phase=frame_stage_notify] [hook=frame_stage_notify] [frame_stage] original begin
#9996 [2026-09-17 23:54:23.573] [DEBUG] [P12236:T15604] [phase=frame_stage_notify] [hook=frame_stage_notify] [frame_stage] original end
#9997 [2026-09-17 23:54:23.591] [DEBUG] [P12236:T15604] [phase=frame_stage_notify] [hook=frame_stage_notify] [frame_stage] end stage=0
#9998 [2026-09-17 23:54:23.610] [DEBUG] [P12236:T15604] [phase=frame_stage_notify] [hook=frame_stage_notify] [frame_stage] begin stage=10 this=0x00007FF9936073C0
#9999 [2026-09-17 23:54:23.628] [DEBUG] [P12236:T15604] [phase=frame_stage_notify] [hook=frame_stage_notify] [frame_stage] original begin
#10000 [2026-09-17 23:54:23.663] [DEBUG] [P12236:T15604] [phase=frame_stage_notify] [hook=frame_stage_notify] [frame_stage] original end
#10001 [2026-09-17 23:54:23.736] [DEBUG] [P12236:T15604] [phase=frame_stage_notify] [hook=frame_stage_notify] [frame_stage] end stage=10
#10002 [2026-09-17 23:54:23.756] [DEBUG] [P12236:T15604] [phase=frame_stage_notify] [hook=frame_stage_notify] [frame_stage] begin stage=11 this=0x00007FF9936073C0
#10003 [2026-09-17 23:54:23.775] [DEBUG] [P12236:T15604] [phase=frame_stage_notify] [hook=frame_stage_notify] [frame_stage] original begin
#10004 [2026-09-17 23:54:23.795] [DEBUG] [P12236:T15604] [phase=frame_stage_notify] [hook=frame_stage_notify] [frame_stage] original end
#10005 [2026-09-17 23:54:23.813] [DEBUG] [P12236:T15604] [phase=frame_stage_notify] [hook=frame_stage_notify] [frame_stage] end stage=11
#10006 [2026-09-17 23:54:23.849] [DEBUG] [P12236:T15604] [phase=frame_stage_notify] [hook=frame_stage_notify] [frame_stage] begin stage=1 this=0x00007FF9936073C0
#10007 [2026-09-17 23:54:23.885] [DEBUG] [P12236:T15604] [phase=frame_stage_notify] [hook=frame_stage_notify] [frame_stage] original begin
#10008 [2026-09-17 23:54:23.923] [DEBUG] [P12236:T15604] [phase=frame_stage_notify] [hook=frame_stage_notify] [frame_stage] original end
#10009 [2026-09-17 23:54:23.941] [DEBUG] [P12236:T15604] [phase=frame_stage_notify] [hook=frame_stage_notify] [frame_stage] end stage=1
#10010 [2026-09-17 23:54:23.959] [DEBUG] [P12236:T15604] [phase=frame_stage_notify] [hook=frame_stage_notify] [frame_stage] begin stage=2 this=0x00007FF9936073C0
#10011 [2026-09-17 23:54:23.977] [DEBUG] [P12236:T15604] [phase=frame_stage_notify] [hook=frame_stage_notify] [frame_stage] original begin
#10012 [2026-09-17 23:54:23.996] [DEBUG] [P12236:T15604] [phase=frame_stage_notify] [hook=frame_stage_notify] [frame_stage] original end
#10013 [2026-09-17 23:54:24.015] [DEBUG] [P12236:T15604] [phase=frame_stage_notify] [hook=frame_stage_notify] [frame_stage] end stage=2
#10014 [2026-09-17 23:54:24.033] [DEBUG] [P12236:T15604] [phase=frame_stage_notify] [hook=frame_stage_notify] [frame_stage] begin stage=5 this=0x00007FF9936073C0
#10015 [2026-09-17 23:54:24.051] [DEBUG] [P12236:T15604] [phase=frame_stage_notify] [hook=frame_stage_notify] [frame_stage] original begin
#10016 [2026-09-17 23:54:24.070] [DEBUG] [P12236:T15604] [phase=frame_stage_notify] [hook=frame_stage_notify] [frame_stage] original end
#10017 [2026-09-17 23:54:24.088] [DEBUG] [P12236:T15604] [phase=frame_stage_notify] [hook=frame_stage_notify] [frame_stage] end stage=5
#10018 [2026-09-17 23:54:24.106] [DEBUG] [P12236:T15604] [phase=frame_stage_notify] [hook=frame_stage_notify] [frame_stage] begin stage=6 this=0x00007FF9936073C0
#10019 [2026-09-17 23:54:24.124] [DEBUG] [P12236:T15604] [phase=frame_stage_notify] [hook=frame_stage_notify] [frame_stage] guns begin
#10020 [2026-09-17 23:54:24.142] [DEBUG] [P12236:T15604] [phase=frame_stage_notify] [hook=frame_stage_notify] [frame_stage] guns end
#10021 [2026-09-17 23:54:24.160] [DEBUG] [P12236:T15604] [phase=frame_stage_notify] [hook=frame_stage_notify] [frame_stage] dlight begin
#10022 [2026-09-17 23:54:24.179] [DEBUG] [P12236:T15604] [phase=frame_stage_notify] [hook=frame_stage_notify] [frame_stage] dlight end
#10023 [2026-09-17 23:54:24.197] [DEBUG] [P12236:T15604] [phase=frame_stage_notify] [hook=frame_stage_notify] [frame_stage] original begin
#10024 [2026-09-17 23:54:24.215] [DEBUG] [P12236:T15604] [phase=frame_stage_notify] [hook=frame_stage_notify] [frame_stage] original end
#10025 [2026-09-17 23:54:24.234] [DEBUG] [P12236:T15604] [phase=frame_stage_notify] [hook=frame_stage_notify] [frame_stage] post-network feature updates begin
#10026 [2026-09-17 23:54:24.253] [DEBUG] [P12236:T15604] [phase=frame_stage_notify] [hook=frame_stage_notify] [frame_stage] post-network feature updates end
#10027 [2026-09-17 23:54:24.272] [DEBUG] [P12236:T15604] [phase=frame_stage_notify] [hook=frame_stage_notify] [frame_stage] end stage=6
#10028 [2026-09-17 23:54:24.291] [DEBUG] [P12236:T15604] [phase=frame_stage_notify] [hook=frame_stage_notify] [frame_stage] begin stage=7 this=0x00007FF9936073C0
#10029 [2026-09-17 23:54:24.310] [DEBUG] [P12236:T15604] [phase=frame_stage_notify] [hook=frame_stage_notify] [frame_stage] agents begin
#10030 [2026-09-17 23:54:24.328] [DEBUG] [P12236:T15604] [phase=frame_stage_notify] [hook=frame_stage_notify] [frame_stage] agents end; gloves begin
#10031 [2026-09-17 23:54:24.346] [DEBUG] [P12236:T15604] [phase=frame_stage_notify] [hook=frame_stage_notify] [frame_stage] gloves end; knives begin
#10032 [2026-09-17 23:54:24.365] [DEBUG] [P12236:T15604] [phase=frame_stage_notify] [hook=frame_stage_notify] [frame_stage] knives end; world begin
#10033 [2026-09-17 23:54:24.384] [DEBUG] [P12236:T15604] [phase=frame_stage_notify] [hook=frame_stage_notify] [frame_stage] scene end; weather begin
#10034 [2026-09-17 23:54:24.403] [DEBUG] [P12236:T15604] [phase=frame_stage_notify] [hook=frame_stage_notify] [frame_stage] weather end; other begin
#10035 [2026-09-17 23:54:24.422] [DEBUG] [P12236:T15604] [phase=frame_stage_notify] [hook=frame_stage_notify] [frame_stage] other end; impacts begin
#10036 [2026-09-17 23:54:24.440] [DEBUG] [P12236:T15604] [phase=frame_stage_notify] [hook=frame_stage_notify] [frame_stage] impacts end
#10037 [2026-09-17 23:54:24.459] [DEBUG] [P12236:T15604] [phase=frame_stage_notify] [hook=frame_stage_notify] [frame_stage] original begin
#10038 [2026-09-17 23:54:24.478] [DEBUG] [P12236:T15604] [phase=frame_stage_notify] [hook=frame_stage_notify] [frame_stage] original end
#10039 [2026-09-17 23:54:24.495] [DEBUG] [P12236:T15604] [phase=frame_stage_notify] [hook=frame_stage_notify] [frame_stage] end stage=7
#10040 [2026-09-17 23:54:24.513] [DEBUG] [P12236:T15604] [phase=frame_stage_notify] [hook=frame_stage_notify] [frame_stage] begin stage=8 this=0x00007FF9936073C0
#10041 [2026-09-17 23:54:24.531] [DEBUG] [P12236:T15604] [phase=frame_stage_notify] [hook=frame_stage_notify] [frame_stage] original begin
#10042 [2026-09-17 23:54:24.550] [DEBUG] [P12236:T15604] [phase=frame_stage_notify] [hook=frame_stage_notify] [frame_stage] original end
#10043 [2026-09-17 23:54:24.569] [DEBUG] [P12236:T15604] [phase=frame_stage_notify] [hook=frame_stage_notify] [frame_stage] end stage=8
#10044 [2026-09-17 23:54:24.588] [DEBUG] [P12236:T15604] [phase=frame_stage_notify] [hook=frame_stage_notify] [frame_stage] begin stage=3 this=0x00007FF9936073C0
#10045 [2026-09-17 23:54:24.606] [DEBUG] [P12236:T15604] [phase=frame_stage_notify] [hook=frame_stage_notify] [frame_stage] original begin
#10046 [2026-09-17 23:54:24.624] [DEBUG] [P12236:T15604] [phase=frame_stage_notify] [hook=frame_stage_notify] [frame_stage] original end
#10047 [2026-09-17 23:54:24.642] [DEBUG] [P12236:T15604] [phase=frame_stage_notify] [hook=frame_stage_notify] [frame_stage] end stage=3
#10048 [2026-09-17 23:54:24.660] [DEBUG] [P12236:T15604] [phase=frame_stage_notify] [hook=frame_stage_notify] [frame_stage] begin stage=12 this=0x00007FF9936073C0
#10049 [2026-09-17 23:54:24.679] [DEBUG] [P12236:T15604] [phase=frame_stage_notify] [hook=frame_stage_notify] [frame_stage] original begin
#10050 [2026-09-17 23:54:24.697] [DEBUG] [P12236:T15604] [phase=frame_stage_notify] [hook=frame_stage_notify] [frame_stage] original end
#10051 [2026-09-17 23:54:24.716] [DEBUG] [P12236:T15604] [phase=frame_stage_notify] [hook=frame_stage_notify] [frame_stage] view/frame-data update begin
#10052 [2026-09-17 23:54:24.735] [DEBUG] [P12236:T15604] [phase=frame_stage_notify] [hook=frame_stage_notify] [frame_stage] view/frame-data update end
#10053 [2026-09-17 23:54:24.753] [DEBUG] [P12236:T15604] [phase=frame_stage_notify] [hook=frame_stage_notify] [frame_stage] end stage=12
#10054 [2026-09-17 23:54:24.775] [DEBUG] [P12236:T15604] [phase=frame_stage_notify] [hook=frame_stage_notify] [frame_stage] begin stage=0 this=0x00007FF9936073C0
#10058 [2026-09-17 23:54:24.794] [DEBUG] [P12236:T15604] [phase=frame_stage_notify] [hook=frame_stage_notify] [frame_stage] original begin
#10059 [2026-09-17 23:54:24.811] [DEBUG] [P12236:T15604] [phase=frame_stage_notify] [hook=frame_stage_notify] [frame_stage] original end
#10060 [2026-09-17 23:54:24.830] [DEBUG] [P12236:T15604] [phase=frame_stage_notify] [hook=frame_stage_notify] [frame_stage] end stage=0
#10061 [2026-09-17 23:54:24.848] [DEBUG] [P12236:T15604] [phase=frame_stage_notify] [hook=frame_stage_notify] [frame_stage] begin stage=11 this=0x00007FF9936073C0
#10062 [2026-09-17 23:54:24.866] [DEBUG] [P12236:T15604] [phase=frame_stage_notify] [hook=frame_stage_notify] [frame_stage] original begin
#10063 [2026-09-17 23:54:24.885] [DEBUG] [P12236:T15604] [phase=frame_stage_notify] [hook=frame_stage_notify] [frame_stage] original end
#10064 [2026-09-17 23:54:24.903] [DEBUG] [P12236:T15604] [phase=frame_stage_notify] [hook=frame_stage_notify] [frame_stage] end stage=11
#10065 [2026-09-17 23:54:24.922] [DEBUG] [P12236:T15604] [phase=frame_stage_notify] [hook=frame_stage_notify] [frame_stage] begin stage=0 this=0x00007FF9936073C0
#10066 [2026-09-17 23:54:24.941] [DEBUG] [P12236:T15604] [phase=frame_stage_notify] [hook=frame_stage_notify] [frame_stage] original begin
#10067 [2026-09-17 23:54:24.959] [DEBUG] [P12236:T15604] [phase=frame_stage_notify] [hook=frame_stage_notify] [frame_stage] original end
#10068 [2026-09-17 23:54:24.976] [DEBUG] [P12236:T15604] [phase=frame_stage_notify] [hook=frame_stage_notify] [frame_stage] end stage=0
#10069 [2026-09-17 23:54:24.996] [DEBUG] [P12236:T15604] [phase=frame_stage_notify] [hook=frame_stage_notify] [frame_stage] begin stage=11 this=0x00007FF9936073C0
#10070 [2026-09-17 23:54:25.016] [DEBUG] [P12236:T15604] [phase=frame_stage_notify] [hook=frame_stage_notify] [frame_stage] original begin
#10071 [2026-09-17 23:54:25.034] [DEBUG] [P12236:T15604] [phase=frame_stage_notify] [hook=frame_stage_notify] [frame_stage] original end
#10072 [2026-09-17 23:54:25.052] [DEBUG] [P12236:T15604] [phase=frame_stage_notify] [hook=frame_stage_notify] [frame_stage] end stage=11
#10073 [2026-09-17 23:54:25.070] [DEBUG] [P12236:T15604] [phase=frame_stage_notify] [hook=frame_stage_notify] [frame_stage] begin stage=0 this=0x00007FF9936073C0
#10074 [2026-09-17 23:54:25.089] [DEBUG] [P12236:T15604] [phase=frame_stage_notify] [hook=frame_stage_notify] [frame_stage] original begin
#10075 [2026-09-17 23:54:25.107] [DEBUG] [P12236:T15604] [phase=frame_stage_notify] [hook=frame_stage_notify] [frame_stage] original end
#10076 [2026-09-17 23:54:25.125] [DEBUG] [P12236:T15604] [phase=frame_stage_notify] [hook=frame_stage_notify] [frame_stage] end stage=0
#10077 [2026-09-17 23:54:25.145] [DEBUG] [P12236:T15604] [phase=frame_stage_notify] [hook=frame_stage_notify] [frame_stage] begin stage=11 this=0x00007FF9936073C0
#10078 [2026-09-17 23:54:25.163] [DEBUG] [P12236:T15604] [phase=frame_stage_notify] [hook=frame_stage_notify] [frame_stage] original begin
#10079 [2026-09-17 23:54:25.198] [DEBUG] [P12236:T15604] [phase=frame_stage_notify] [hook=frame_stage_notify] [frame_stage] original end
#10080 [2026-09-17 23:54:25.236] [DEBUG] [P12236:T15604] [phase=frame_stage_notify] [hook=frame_stage_notify] [frame_stage] end stage=11
#10081 [2026-09-17 23:54:25.272] [DEBUG] [P12236:T15604] [phase=frame_stage_notify] [hook=frame_stage_notify] [frame_stage] begin stage=0 this=0x00007FF9936073C0
#10082 [2026-09-17 23:54:25.309] [DEBUG] [P12236:T15604] [phase=frame_stage_notify] [hook=frame_stage_notify] [frame_stage] original begin
#10083 [2026-09-17 23:54:25.327] [DEBUG] [P12236:T15604] [phase=frame_stage_notify] [hook=frame_stage_notify] [frame_stage] original end
#10084 [2026-09-17 23:54:25.348] [DEBUG] [P12236:T15604] [phase=frame_stage_notify] [hook=frame_stage_notify] [frame_stage] end stage=0
#10085 [2026-09-17 23:54:25.367] [DEBUG] [P12236:T15604] [phase=frame_stage_notify] [hook=frame_stage_notify] [frame_stage] begin stage=11 this=0x00007FF9936073C0
#10086 [2026-09-17 23:54:25.385] [DEBUG] [P12236:T15604] [phase=frame_stage_notify] [hook=frame_stage_notify] [frame_stage] original begin
#10087 [2026-09-17 23:54:25.403] [DEBUG] [P12236:T15604] [phase=frame_stage_notify] [hook=frame_stage_notify] [frame_stage] original end
#10088 [2026-09-17 23:54:25.421] [DEBUG] [P12236:T15604] [phase=frame_stage_notify] [hook=frame_stage_notify] [frame_stage] end stage=11
#10089 [2026-09-17 23:54:25.440] [DEBUG] [P12236:T15604] [phase=frame_stage_notify] [hook=frame_stage_notify] [frame_stage] begin stage=0 this=0x00007FF9936073C0
#10090 [2026-09-17 23:54:25.459] [DEBUG] [P12236:T15604] [phase=frame_stage_notify] [hook=frame_stage_notify] [frame_stage] original begin
#10091 [2026-09-17 23:54:25.478] [DEBUG] [P12236:T15604] [phase=frame_stage_notify] [hook=frame_stage_notify] [frame_stage] original end
#10092 [2026-09-17 23:54:25.496] [DEBUG] [P12236:T15604] [phase=frame_stage_notify] [hook=frame_stage_notify] [frame_stage] end stage=0
#10093 [2026-09-17 23:54:25.515] [DEBUG] [P12236:T15604] [phase=frame_stage_notify] [hook=frame_stage_notify] [frame_stage] begin stage=11 this=0x00007FF9936073C0
#10094 [2026-09-17 23:54:25.534] [DEBUG] [P12236:T15604] [phase=frame_stage_notify] [hook=frame_stage_notify] [frame_stage] original begin
#10095 [2026-09-17 23:54:25.552] [DEBUG] [P12236:T15604] [phase=frame_stage_notify] [hook=frame_stage_notify] [frame_stage] original end
#10096 [2026-09-17 23:54:25.572] [DEBUG] [P12236:T15604] [phase=frame_stage_notify] [hook=frame_stage_notify] [frame_stage] end stage=11
#10097 [2026-09-17 23:54:25.590] [DEBUG] [P12236:T15604] [phase=frame_stage_notify] [hook=frame_stage_notify] [frame_stage] begin stage=0 this=0x00007FF9936073C0
#10098 [2026-09-17 23:54:25.608] [DEBUG] [P12236:T15604] [phase=frame_stage_notify] [hook=frame_stage_notify] [frame_stage] original begin
#10099 [2026-09-17 23:54:25.627] [DEBUG] [P12236:T15604] [phase=frame_stage_notify] [hook=frame_stage_notify] [frame_stage] original end
#10100 [2026-09-17 23:54:25.645] [DEBUG] [P12236:T15604] [phase=frame_stage_notify] [hook=frame_stage_notify] [frame_stage] end stage=0
#10101 [2026-09-17 23:54:25.664] [DEBUG] [P12236:T15604] [phase=frame_stage_notify] [hook=frame_stage_notify] [frame_stage] begin stage=10 this=0x00007FF9936073C0
#10102 [2026-09-17 23:54:25.683] [DEBUG] [P12236:T15604] [phase=frame_stage_notify] [hook=frame_stage_notify] [frame_stage] original begin
#10103 [2026-09-17 23:54:25.702] [DEBUG] [P12236:T15604] [phase=frame_stage_notify] [hook=frame_stage_notify] [frame_stage] original end
#10104 [2026-09-17 23:54:25.720] [DEBUG] [P12236:T15604] [phase=frame_stage_notify] [hook=frame_stage_notify] [frame_stage] end stage=10
#10105 [2026-09-17 23:54:25.739] [DEBUG] [P12236:T15604] [phase=frame_stage_notify] [hook=frame_stage_notify] [frame_stage] begin stage=11 this=0x00007FF9936073C0
#10106 [2026-09-17 23:54:25.758] [DEBUG] [P12236:T15604] [phase=frame_stage_notify] [hook=frame_stage_notify] [frame_stage] original begin
#10107 [2026-09-17 23:54:25.777] [DEBUG] [P12236:T15604] [phase=frame_stage_notify] [hook=frame_stage_notify] [frame_stage] original end
#10108 [2026-09-17 23:54:25.795] [DEBUG] [P12236:T15604] [phase=frame_stage_notify] [hook=frame_stage_notify] [frame_stage] end stage=11
#10109 [2026-09-17 23:54:25.814] [DEBUG] [P12236:T15604] [phase=frame_stage_notify] [hook=frame_stage_notify] [frame_stage] begin stage=1 this=0x00007FF9936073C0
#10110 [2026-09-17 23:54:25.832] [DEBUG] [P12236:T15604] [phase=frame_stage_notify] [hook=frame_stage_notify] [frame_stage] original begin
#10111 [2026-09-17 23:54:25.851] [DEBUG] [P12236:T15604] [phase=frame_stage_notify] [hook=frame_stage_notify] [frame_stage] original end
#10112 [2026-09-17 23:54:25.870] [DEBUG] [P12236:T15604] [phase=frame_stage_notify] [hook=frame_stage_notify] [frame_stage] end stage=1
#10113 [2026-09-17 23:54:25.888] [DEBUG] [P12236:T15604] [phase=frame_stage_notify] [hook=frame_stage_notify] [frame_stage] begin stage=2 this=0x00007FF9936073C0
#10114 [2026-09-17 23:54:25.906] [DEBUG] [P12236:T15604] [phase=frame_stage_notify] [hook=frame_stage_notify] [frame_stage] original begin
#10115 [2026-09-17 23:54:25.925] [DEBUG] [P12236:T15604] [phase=frame_stage_notify] [hook=frame_stage_notify] [frame_stage] original end
#10116 [2026-09-17 23:54:25.943] [DEBUG] [P12236:T15604] [phase=frame_stage_notify] [hook=frame_stage_notify] [frame_stage] end stage=2
#10117 [2026-09-17 23:54:25.961] [DEBUG] [P12236:T15604] [phase=frame_stage_notify] [hook=frame_stage_notify] [frame_stage] begin stage=5 this=0x00007FF9936073C0
#10118 [2026-09-17 23:54:25.979] [DEBUG] [P12236:T15604] [phase=frame_stage_notify] [hook=frame_stage_notify] [frame_stage] original begin
#10119 [2026-09-17 23:54:25.997] [DEBUG] [P12236:T15604] [phase=frame_stage_notify] [hook=frame_stage_notify] [frame_stage] original end
#10120 [2026-09-17 23:54:26.015] [DEBUG] [P12236:T15604] [phase=frame_stage_notify] [hook=frame_stage_notify] [frame_stage] end stage=5
#10121 [2026-09-17 23:54:26.034] [DEBUG] [P12236:T15604] [phase=frame_stage_notify] [hook=frame_stage_notify] [frame_stage] begin stage=6 this=0x00007FF9936073C0
#10122 [2026-09-17 23:54:26.052] [DEBUG] [P12236:T15604] [phase=frame_stage_notify] [hook=frame_stage_notify] [frame_stage] guns begin
#10123 [2026-09-17 23:54:26.070] [DEBUG] [P12236:T15604] [phase=frame_stage_notify] [hook=frame_stage_notify] [frame_stage] guns end
#10124 [2026-09-17 23:54:26.088] [DEBUG] [P12236:T15604] [phase=frame_stage_notify] [hook=frame_stage_notify] [frame_stage] dlight begin
#10125 [2026-09-17 23:54:26.106] [DEBUG] [P12236:T15604] [phase=frame_stage_notify] [hook=frame_stage_notify] [frame_stage] dlight end
#10126 [2026-09-17 23:54:26.124] [DEBUG] [P12236:T15604] [phase=frame_stage_notify] [hook=frame_stage_notify] [frame_stage] original begin
#10127 [2026-09-17 23:54:26.143] [DEBUG] [P12236:T15604] [phase=frame_stage_notify] [hook=frame_stage_notify] [frame_stage] original end
#10128 [2026-09-17 23:54:26.161] [DEBUG] [P12236:T15604] [phase=frame_stage_notify] [hook=frame_stage_notify] [frame_stage] post-network feature updates begin
#10129 [2026-09-17 23:54:26.179] [DEBUG] [P12236:T15604] [phase=frame_stage_notify] [hook=frame_stage_notify] [frame_stage] post-network feature updates end
#10130 [2026-09-17 23:54:26.197] [DEBUG] [P12236:T15604] [phase=frame_stage_notify] [hook=frame_stage_notify] [frame_stage] end stage=6
#10131 [2026-09-17 23:54:26.215] [DEBUG] [P12236:T15604] [phase=frame_stage_notify] [hook=frame_stage_notify] [frame_stage] begin stage=7 this=0x00007FF9936073C0
#10132 [2026-09-17 23:54:26.233] [DEBUG] [P12236:T15604] [phase=frame_stage_notify] [hook=frame_stage_notify] [frame_stage] agents begin
#10133 [2026-09-17 23:54:26.252] [DEBUG] [P12236:T15604] [phase=frame_stage_notify] [hook=frame_stage_notify] [frame_stage] agents end; gloves begin
#10134 [2026-09-17 23:54:26.271] [DEBUG] [P12236:T15604] [phase=frame_stage_notify] [hook=frame_stage_notify] [frame_stage] gloves end; knives begin
#10135 [2026-09-17 23:54:26.288] [DEBUG] [P12236:T15604] [phase=frame_stage_notify] [hook=frame_stage_notify] [frame_stage] knives end; world begin
#10136 [2026-09-17 23:54:26.306] [DEBUG] [P12236:T15604] [phase=frame_stage_notify] [hook=frame_stage_notify] [frame_stage] scene end; weather begin
#10137 [2026-09-17 23:54:26.324] [DEBUG] [P12236:T15604] [phase=frame_stage_notify] [hook=frame_stage_notify] [frame_stage] weather end; other begin
#10138 [2026-09-17 23:54:26.345] [DEBUG] [P12236:T15604] [phase=frame_stage_notify] [hook=frame_stage_notify] [frame_stage] other end; impacts begin
#10139 [2026-09-17 23:54:26.364] [DEBUG] [P12236:T15604] [phase=frame_stage_notify] [hook=frame_stage_notify] [frame_stage] impacts end
#10140 [2026-09-17 23:54:26.382] [DEBUG] [P12236:T15604] [phase=frame_stage_notify] [hook=frame_stage_notify] [frame_stage] original begin
#10141 [2026-09-17 23:54:26.401] [DEBUG] [P12236:T15604] [phase=frame_stage_notify] [hook=frame_stage_notify] [frame_stage] original end
#10142 [2026-09-17 23:54:26.420] [DEBUG] [P12236:T15604] [phase=frame_stage_notify] [hook=frame_stage_notify] [frame_stage] end stage=7
#10143 [2026-09-17 23:54:26.439] [DEBUG] [P12236:T15604] [phase=frame_stage_notify] [hook=frame_stage_notify] [frame_stage] begin stage=8 this=0x00007FF9936073C0
#10144 [2026-09-17 23:54:26.458] [DEBUG] [P12236:T15604] [phase=frame_stage_notify] [hook=frame_stage_notify] [frame_stage] original begin
#10145 [2026-09-17 23:54:26.477] [DEBUG] [P12236:T15604] [phase=frame_stage_notify] [hook=frame_stage_notify] [frame_stage] original end
#10146 [2026-09-17 23:54:26.501] [DEBUG] [P12236:T15604] [phase=frame_stage_notify] [hook=frame_stage_notify] [frame_stage] end stage=8
#10147 [2026-09-17 23:54:26.519] [DEBUG] [P12236:T15604] [phase=frame_stage_notify] [hook=frame_stage_notify] [frame_stage] begin stage=3 this=0x00007FF9936073C0
#10148 [2026-09-17 23:54:26.538] [DEBUG] [P12236:T15604] [phase=frame_stage_notify] [hook=frame_stage_notify] [frame_stage] original begin
#10149 [2026-09-17 23:54:26.575] [DEBUG] [P12236:T15604] [phase=frame_stage_notify] [hook=frame_stage_notify] [frame_stage] original end
#10150 [2026-09-17 23:54:26.614] [DEBUG] [P12236:T15604] [phase=frame_stage_notify] [hook=frame_stage_notify] [frame_stage] end stage=3
#10151 [2026-09-17 23:54:26.633] [DEBUG] [P12236:T15604] [phase=frame_stage_notify] [hook=frame_stage_notify] [frame_stage] begin stage=12 this=0x00007FF9936073C0
#10152 [2026-09-17 23:54:26.652] [DEBUG] [P12236:T15604] [phase=frame_stage_notify] [hook=frame_stage_notify] [frame_stage] original begin
#10153 [2026-09-17 23:54:26.670] [DEBUG] [P12236:T15604] [phase=frame_stage_notify] [hook=frame_stage_notify] [frame_stage] original end
#10154 [2026-09-17 23:54:26.689] [DEBUG] [P12236:T15604] [phase=frame_stage_notify] [hook=frame_stage_notify] [frame_stage] view/frame-data update begin
#10155 [2026-09-17 23:54:26.708] [DEBUG] [P12236:T15604] [phase=frame_stage_notify] [hook=frame_stage_notify] [frame_stage] view/frame-data update end
#10156 [2026-09-17 23:54:26.726] [DEBUG] [P12236:T15604] [phase=frame_stage_notify] [hook=frame_stage_notify] [frame_stage] end stage=12
#10157 [2026-09-17 23:54:26.748] [DEBUG] [P12236:T15604] [phase=frame_stage_notify] [hook=frame_stage_notify] [frame_stage] begin stage=0 this=0x00007FF9936073C0
#10161 [2026-09-17 23:54:26.767] [DEBUG] [P12236:T15604] [phase=frame_stage_notify] [hook=frame_stage_notify] [frame_stage] original begin
#10162 [2026-09-17 23:54:26.784] [DEBUG] [P12236:T15604] [phase=frame_stage_notify] [hook=frame_stage_notify] [frame_stage] original end
#10163 [2026-09-17 23:54:26.803] [DEBUG] [P12236:T15604] [phase=frame_stage_notify] [hook=frame_stage_notify] [frame_stage] end stage=0
#10164 [2026-09-17 23:54:26.822] [DEBUG] [P12236:T15604] [phase=frame_stage_notify] [hook=frame_stage_notify] [frame_stage] begin stage=11 this=0x00007FF9936073C0
#10165 [2026-09-17 23:54:26.841] [DEBUG] [P12236:T15604] [phase=frame_stage_notify] [hook=frame_stage_notify] [frame_stage] original begin
#10166 [2026-09-17 23:54:26.859] [DEBUG] [P12236:T15604] [phase=frame_stage_notify] [hook=frame_stage_notify] [frame_stage] original end
#10167 [2026-09-17 23:54:26.878] [DEBUG] [P12236:T15604] [phase=frame_stage_notify] [hook=frame_stage_notify] [frame_stage] end stage=11
#10168 [2026-09-17 23:54:26.897] [DEBUG] [P12236:T15604] [phase=frame_stage_notify] [hook=frame_stage_notify] [frame_stage] begin stage=0 this=0x00007FF9936073C0
#10169 [2026-09-17 23:54:26.917] [DEBUG] [P12236:T15604] [phase=frame_stage_notify] [hook=frame_stage_notify] [frame_stage] original begin
#10170 [2026-09-17 23:54:26.936] [DEBUG] [P12236:T15604] [phase=frame_stage_notify] [hook=frame_stage_notify] [frame_stage] original end
#10171 [2026-09-17 23:54:26.954] [DEBUG] [P12236:T15604] [phase=frame_stage_notify] [hook=frame_stage_notify] [frame_stage] end stage=0
#10172 [2026-09-17 23:54:26.973] [DEBUG] [P12236:T15604] [phase=frame_stage_notify] [hook=frame_stage_notify] [frame_stage] begin stage=11 this=0x00007FF9936073C0
#10173 [2026-09-17 23:54:26.991] [DEBUG] [P12236:T15604] [phase=frame_stage_notify] [hook=frame_stage_notify] [frame_stage] original begin
#10174 [2026-09-17 23:54:27.009] [DEBUG] [P12236:T15604] [phase=frame_stage_notify] [hook=frame_stage_notify] [frame_stage] original end
#10175 [2026-09-17 23:54:27.028] [DEBUG] [P12236:T15604] [phase=frame_stage_notify] [hook=frame_stage_notify] [frame_stage] end stage=11
#10176 [2026-09-17 23:54:27.047] [DEBUG] [P12236:T15604] [phase=frame_stage_notify] [hook=frame_stage_notify] [frame_stage] begin stage=0 this=0x00007FF9936073C0
#10177 [2026-09-17 23:54:27.071] [DEBUG] [P12236:T15604] [phase=frame_stage_notify] [hook=frame_stage_notify] [frame_stage] original begin
#10178 [2026-09-17 23:54:27.090] [DEBUG] [P12236:T15604] [phase=frame_stage_notify] [hook=frame_stage_notify] [frame_stage] original end
#10179 [2026-09-17 23:54:27.109] [DEBUG] [P12236:T15604] [phase=frame_stage_notify] [hook=frame_stage_notify] [frame_stage] end stage=0
#10180 [2026-09-17 23:54:27.129] [DEBUG] [P12236:T15604] [phase=frame_stage_notify] [hook=frame_stage_notify] [frame_stage] begin stage=11 this=0x00007FF9936073C0
#10181 [2026-09-17 23:54:27.147] [DEBUG] [P12236:T15604] [phase=frame_stage_notify] [hook=frame_stage_notify] [frame_stage] original begin
#10182 [2026-09-17 23:54:27.166] [DEBUG] [P12236:T15604] [phase=frame_stage_notify] [hook=frame_stage_notify] [frame_stage] original end
#10183 [2026-09-17 23:54:27.184] [DEBUG] [P12236:T15604] [phase=frame_stage_notify] [hook=frame_stage_notify] [frame_stage] end stage=11
#10184 [2026-09-17 23:54:27.202] [DEBUG] [P12236:T15604] [phase=frame_stage_notify] [hook=frame_stage_notify] [frame_stage] begin stage=0 this=0x00007FF9936073C0
#10185 [2026-09-17 23:54:27.221] [DEBUG] [P12236:T15604] [phase=frame_stage_notify] [hook=frame_stage_notify] [frame_stage] original begin
#10186 [2026-09-17 23:54:27.239] [DEBUG] [P12236:T15604] [phase=frame_stage_notify] [hook=frame_stage_notify] [frame_stage] original end
#10187 [2026-09-17 23:54:27.257] [DEBUG] [P12236:T15604] [phase=frame_stage_notify] [hook=frame_stage_notify] [frame_stage] end stage=0
#10188 [2026-09-17 23:54:27.276] [DEBUG] [P12236:T15604] [phase=frame_stage_notify] [hook=frame_stage_notify] [frame_stage] begin stage=11 this=0x00007FF9936073C0
#10189 [2026-09-17 23:54:27.294] [DEBUG] [P12236:T15604] [phase=frame_stage_notify] [hook=frame_stage_notify] [frame_stage] original begin
#10190 [2026-09-17 23:54:27.312] [DEBUG] [P12236:T15604] [phase=frame_stage_notify] [hook=frame_stage_notify] [frame_stage] original end
#10191 [2026-09-17 23:54:27.330] [DEBUG] [P12236:T15604] [phase=frame_stage_notify] [hook=frame_stage_notify] [frame_stage] end stage=11
#10192 [2026-09-17 23:54:27.349] [DEBUG] [P12236:T15604] [phase=frame_stage_notify] [hook=frame_stage_notify] [frame_stage] begin stage=0 this=0x00007FF9936073C0
#10193 [2026-09-17 23:54:27.368] [DEBUG] [P12236:T15604] [phase=frame_stage_notify] [hook=frame_stage_notify] [frame_stage] original begin
#10194 [2026-09-17 23:54:27.404] [DEBUG] [P12236:T15604] [phase=frame_stage_notify] [hook=frame_stage_notify] [frame_stage] original end
#10195 [2026-09-17 23:54:27.473] [DEBUG] [P12236:T15604] [phase=frame_stage_notify] [hook=frame_stage_notify] [frame_stage] end stage=0
#10196 [2026-09-17 23:54:27.544] [DEBUG] [P12236:T15604] [phase=frame_stage_notify] [hook=frame_stage_notify] [frame_stage] begin stage=11 this=0x00007FF9936073C0
#10197 [2026-09-17 23:54:27.562] [DEBUG] [P12236:T15604] [phase=frame_stage_notify] [hook=frame_stage_notify] [frame_stage] original begin
#10198 [2026-09-17 23:54:27.580] [DEBUG] [P12236:T15604] [phase=frame_stage_notify] [hook=frame_stage_notify] [frame_stage] original end
#10199 [2026-09-17 23:54:27.599] [DEBUG] [P12236:T15604] [phase=frame_stage_notify] [hook=frame_stage_notify] [frame_stage] end stage=11
#10200 [2026-09-17 23:54:27.618] [DEBUG] [P12236:T15604] [phase=frame_stage_notify] [hook=frame_stage_notify] [frame_stage] begin stage=0 this=0x00007FF9936073C0
#10201 [2026-09-17 23:54:27.635] [DEBUG] [P12236:T15604] [phase=frame_stage_notify] [hook=frame_stage_notify] [frame_stage] original begin
#10202 [2026-09-17 23:54:27.654] [DEBUG] [P12236:T15604] [phase=frame_stage_notify] [hook=frame_stage_notify] [frame_stage] original end
#10203 [2026-09-17 23:54:27.672] [DEBUG] [P12236:T15604] [phase=frame_stage_notify] [hook=frame_stage_notify] [frame_stage] end stage=0
#10204 [2026-09-17 23:54:27.691] [DEBUG] [P12236:T15604] [phase=frame_stage_notify] [hook=frame_stage_notify] [frame_stage] begin stage=11 this=0x00007FF9936073C0
#10205 [2026-09-17 23:54:27.710] [DEBUG] [P12236:T15604] [phase=frame_stage_notify] [hook=frame_stage_notify] [frame_stage] original begin
#10206 [2026-09-17 23:54:27.728] [DEBUG] [P12236:T15604] [phase=frame_stage_notify] [hook=frame_stage_notify] [frame_stage] original end
#10207 [2026-09-17 23:54:27.746] [DEBUG] [P12236:T15604] [phase=frame_stage_notify] [hook=frame_stage_notify] [frame_stage] end stage=11
#10208 [2026-09-17 23:54:27.764] [DEBUG] [P12236:T15604] [phase=frame_stage_notify] [hook=frame_stage_notify] [frame_stage] begin stage=0 this=0x00007FF9936073C0
#10209 [2026-09-17 23:54:27.783] [DEBUG] [P12236:T15604] [phase=frame_stage_notify] [hook=frame_stage_notify] [frame_stage] original begin
#10210 [2026-09-17 23:54:27.801] [DEBUG] [P12236:T15604] [phase=frame_stage_notify] [hook=frame_stage_notify] [frame_stage] original end
#10211 [2026-09-17 23:54:27.819] [DEBUG] [P12236:T15604] [phase=frame_stage_notify] [hook=frame_stage_notify] [frame_stage] end stage=0
#10212 [2026-09-17 23:54:27.838] [DEBUG] [P12236:T15604] [phase=frame_stage_notify] [hook=frame_stage_notify] [frame_stage] begin stage=10 this=0x00007FF9936073C0
#10213 [2026-09-17 23:54:27.856] [DEBUG] [P12236:T15604] [phase=frame_stage_notify] [hook=frame_stage_notify] [frame_stage] original begin
#10214 [2026-09-17 23:54:27.875] [DEBUG] [P12236:T15604] [phase=frame_stage_notify] [hook=frame_stage_notify] [frame_stage] original end
#10215 [2026-09-17 23:54:27.894] [DEBUG] [P12236:T15604] [phase=frame_stage_notify] [hook=frame_stage_notify] [frame_stage] end stage=10
#10216 [2026-09-17 23:54:27.913] [DEBUG] [P12236:T15604] [phase=frame_stage_notify] [hook=frame_stage_notify] [frame_stage] begin stage=11 this=0x00007FF9936073C0
#10217 [2026-09-17 23:54:27.950] [DEBUG] [P12236:T15604] [phase=frame_stage_notify] [hook=frame_stage_notify] [frame_stage] original begin
#10218 [2026-09-17 23:54:27.986] [DEBUG] [P12236:T15604] [phase=frame_stage_notify] [hook=frame_stage_notify] [frame_stage] original end
#10219 [2026-09-17 23:54:28.005] [DEBUG] [P12236:T15604] [phase=frame_stage_notify] [hook=frame_stage_notify] [frame_stage] end stage=11
#10220 [2026-09-17 23:54:28.024] [DEBUG] [P12236:T15604] [phase=frame_stage_notify] [hook=frame_stage_notify] [frame_stage] begin stage=1 this=0x00007FF9936073C0
#10221 [2026-09-17 23:54:28.042] [DEBUG] [P12236:T15604] [phase=frame_stage_notify] [hook=frame_stage_notify] [frame_stage] original begin
#10222 [2026-09-17 23:54:28.059] [DEBUG] [P12236:T15604] [phase=frame_stage_notify] [hook=frame_stage_notify] [frame_stage] original end
#10223 [2026-09-17 23:54:28.077] [DEBUG] [P12236:T15604] [phase=frame_stage_notify] [hook=frame_stage_notify] [frame_stage] end stage=1
#10224 [2026-09-17 23:54:28.095] [DEBUG] [P12236:T15604] [phase=frame_stage_notify] [hook=frame_stage_notify] [frame_stage] begin stage=2 this=0x00007FF9936073C0
#10225 [2026-09-17 23:54:28.114] [DEBUG] [P12236:T15604] [phase=frame_stage_notify] [hook=frame_stage_notify] [frame_stage] original begin
#10226 [2026-09-17 23:54:28.134] [DEBUG] [P12236:T15604] [phase=frame_stage_notify] [hook=frame_stage_notify] [frame_stage] original end
#10227 [2026-09-17 23:54:28.153] [DEBUG] [P12236:T15604] [phase=frame_stage_notify] [hook=frame_stage_notify] [frame_stage] end stage=2
#10228 [2026-09-17 23:54:28.172] [DEBUG] [P12236:T15604] [phase=frame_stage_notify] [hook=frame_stage_notify] [frame_stage] begin stage=5 this=0x00007FF9936073C0
#10229 [2026-09-17 23:54:28.190] [DEBUG] [P12236:T15604] [phase=frame_stage_notify] [hook=frame_stage_notify] [frame_stage] original begin
#10230 [2026-09-17 23:54:28.208] [DEBUG] [P12236:T15604] [phase=frame_stage_notify] [hook=frame_stage_notify] [frame_stage] original end
#10231 [2026-09-17 23:54:28.226] [DEBUG] [P12236:T15604] [phase=frame_stage_notify] [hook=frame_stage_notify] [frame_stage] end stage=5
#10232 [2026-09-17 23:54:28.244] [DEBUG] [P12236:T15604] [phase=frame_stage_notify] [hook=frame_stage_notify] [frame_stage] begin stage=6 this=0x00007FF9936073C0
#10233 [2026-09-17 23:54:28.263] [DEBUG] [P12236:T15604] [phase=frame_stage_notify] [hook=frame_stage_notify] [frame_stage] guns begin
#10234 [2026-09-17 23:54:28.281] [DEBUG] [P12236:T15604] [phase=frame_stage_notify] [hook=frame_stage_notify] [frame_stage] guns end
#10235 [2026-09-17 23:54:28.299] [DEBUG] [P12236:T15604] [phase=frame_stage_notify] [hook=frame_stage_notify] [frame_stage] dlight begin
#10236 [2026-09-17 23:54:28.318] [DEBUG] [P12236:T15604] [phase=frame_stage_notify] [hook=frame_stage_notify] [frame_stage] dlight end
#10237 [2026-09-17 23:54:28.337] [DEBUG] [P12236:T15604] [phase=frame_stage_notify] [hook=frame_stage_notify] [frame_stage] original begin
#10238 [2026-09-17 23:54:28.356] [DEBUG] [P12236:T15604] [phase=frame_stage_notify] [hook=frame_stage_notify] [frame_stage] original end
#10239 [2026-09-17 23:54:28.374] [DEBUG] [P12236:T15604] [phase=frame_stage_notify] [hook=frame_stage_notify] [frame_stage] post-network feature updates begin
#10240 [2026-09-17 23:54:28.392] [DEBUG] [P12236:T15604] [phase=frame_stage_notify] [hook=frame_stage_notify] [frame_stage] post-network feature updates end
#10241 [2026-09-17 23:54:28.409] [DEBUG] [P12236:T15604] [phase=frame_stage_notify] [hook=frame_stage_notify] [frame_stage] end stage=6
#10242 [2026-09-17 23:54:28.428] [DEBUG] [P12236:T15604] [phase=frame_stage_notify] [hook=frame_stage_notify] [frame_stage] begin stage=7 this=0x00007FF9936073C0
#10243 [2026-09-17 23:54:28.447] [DEBUG] [P12236:T15604] [phase=frame_stage_notify] [hook=frame_stage_notify] [frame_stage] agents begin
#10244 [2026-09-17 23:54:28.465] [DEBUG] [P12236:T15604] [phase=frame_stage_notify] [hook=frame_stage_notify] [frame_stage] agents end; gloves begin
#10245 [2026-09-17 23:54:28.484] [DEBUG] [P12236:T15604] [phase=frame_stage_notify] [hook=frame_stage_notify] [frame_stage] gloves end; knives begin
#10246 [2026-09-17 23:54:28.502] [DEBUG] [P12236:T15604] [phase=frame_stage_notify] [hook=frame_stage_notify] [frame_stage] knives end; world begin
#10247 [2026-09-17 23:54:28.539] [DEBUG] [P12236:T15604] [phase=frame_stage_notify] [hook=frame_stage_notify] [frame_stage] scene end; weather begin
#10248 [2026-09-17 23:54:28.557] [DEBUG] [P12236:T15604] [phase=frame_stage_notify] [hook=frame_stage_notify] [frame_stage] weather end; other begin
#10249 [2026-09-17 23:54:28.576] [DEBUG] [P12236:T15604] [phase=frame_stage_notify] [hook=frame_stage_notify] [frame_stage] other end; impacts begin
#10250 [2026-09-17 23:54:28.593] [DEBUG] [P12236:T15604] [phase=frame_stage_notify] [hook=frame_stage_notify] [frame_stage] impacts end
#10251 [2026-09-17 23:54:28.629] [DEBUG] [P12236:T15604] [phase=frame_stage_notify] [hook=frame_stage_notify] [frame_stage] original begin
#10252 [2026-09-17 23:54:28.647] [DEBUG] [P12236:T15604] [phase=frame_stage_notify] [hook=frame_stage_notify] [frame_stage] original end
#10253 [2026-09-17 23:54:28.666] [DEBUG] [P12236:T15604] [phase=frame_stage_notify] [hook=frame_stage_notify] [frame_stage] end stage=7
#10254 [2026-09-17 23:54:28.685] [DEBUG] [P12236:T15604] [phase=frame_stage_notify] [hook=frame_stage_notify] [frame_stage] begin stage=8 this=0x00007FF9936073C0
#10255 [2026-09-17 23:54:28.704] [DEBUG] [P12236:T15604] [phase=frame_stage_notify] [hook=frame_stage_notify] [frame_stage] original begin
#10256 [2026-09-17 23:54:28.722] [DEBUG] [P12236:T15604] [phase=frame_stage_notify] [hook=frame_stage_notify] [frame_stage] original end
#10257 [2026-09-17 23:54:28.740] [DEBUG] [P12236:T15604] [phase=frame_stage_notify] [hook=frame_stage_notify] [frame_stage] end stage=8
#10258 [2026-09-17 23:54:28.759] [DEBUG] [P12236:T15604] [phase=frame_stage_notify] [hook=frame_stage_notify] [frame_stage] begin stage=3 this=0x00007FF9936073C0
#10259 [2026-09-17 23:54:28.778] [DEBUG] [P12236:T15604] [phase=frame_stage_notify] [hook=frame_stage_notify] [frame_stage] original begin
#10260 [2026-09-17 23:54:28.796] [DEBUG] [P12236:T15604] [phase=frame_stage_notify] [hook=frame_stage_notify] [frame_stage] original end
#10261 [2026-09-17 23:54:28.815] [DEBUG] [P12236:T15604] [phase=frame_stage_notify] [hook=frame_stage_notify] [frame_stage] end stage=3
#10262 [2026-09-17 23:54:28.834] [DEBUG] [P12236:T15604] [phase=frame_stage_notify] [hook=frame_stage_notify] [frame_stage] begin stage=12 this=0x00007FF9936073C0
#10263 [2026-09-17 23:54:28.852] [DEBUG] [P12236:T15604] [phase=frame_stage_notify] [hook=frame_stage_notify] [frame_stage] original begin
#10264 [2026-09-17 23:54:28.870] [DEBUG] [P12236:T15604] [phase=frame_stage_notify] [hook=frame_stage_notify] [frame_stage] original end
#10265 [2026-09-17 23:54:28.889] [DEBUG] [P12236:T15604] [phase=frame_stage_notify] [hook=frame_stage_notify] [frame_stage] view/frame-data update begin
#10266 [2026-09-17 23:54:28.908] [DEBUG] [P12236:T15604] [phase=frame_stage_notify] [hook=frame_stage_notify] [frame_stage] view/frame-data update end
#10267 [2026-09-17 23:54:28.927] [DEBUG] [P12236:T15604] [phase=frame_stage_notify] [hook=frame_stage_notify] [frame_stage] end stage=12
#10268 [2026-09-17 23:54:28.948] [DEBUG] [P12236:T7428] [phase=none] [hook=generate_primitives] hook enter name=generate_primitives arg0=0x00007FF99B387AD0 arg1=0x000002B476F6CD40 arg2=0x000000C716BFF790 arg3=0x000000C716BFED50
#10269 [2026-09-17 23:54:28.967] [DEBUG] [P12236:T7428] [phase=none] [hook=generate_primitives] hook leave name=generate_primitives duration_ms=16
#10270 [2026-09-17 23:54:28.987] [DEBUG] [P12236:T15604] [phase=frame_stage_notify] [hook=frame_stage_notify] [frame_stage] begin stage=0 this=0x00007FF9936073C0
#10274 [2026-09-17 23:54:29.006] [DEBUG] [P12236:T15604] [phase=frame_stage_notify] [hook=frame_stage_notify] [frame_stage] original begin
#10275 [2026-09-17 23:54:29.025] [DEBUG] [P12236:T15604] [phase=frame_stage_notify] [hook=frame_stage_notify] [frame_stage] original end
#10276 [2026-09-17 23:54:29.044] [DEBUG] [P12236:T15604] [phase=frame_stage_notify] [hook=frame_stage_notify] [frame_stage] end stage=0
#10277 [2026-09-17 23:54:29.064] [DEBUG] [P12236:T15604] [phase=frame_stage_notify] [hook=frame_stage_notify] [frame_stage] begin stage=11 this=0x00007FF9936073C0
#10278 [2026-09-17 23:54:29.083] [DEBUG] [P12236:T15604] [phase=frame_stage_notify] [hook=frame_stage_notify] [frame_stage] original begin
#10279 [2026-09-17 23:54:29.101] [DEBUG] [P12236:T15604] [phase=frame_stage_notify] [hook=frame_stage_notify] [frame_stage] original end
#10280 [2026-09-17 23:54:29.120] [DEBUG] [P12236:T15604] [phase=frame_stage_notify] [hook=frame_stage_notify] [frame_stage] end stage=11
#10281 [2026-09-17 23:54:29.140] [DEBUG] [P12236:T15604] [phase=frame_stage_notify] [hook=frame_stage_notify] [frame_stage] begin stage=0 this=0x00007FF9936073C0
#10282 [2026-09-17 23:54:29.158] [DEBUG] [P12236:T15604] [phase=frame_stage_notify] [hook=frame_stage_notify] [frame_stage] original begin
#10283 [2026-09-17 23:54:29.176] [DEBUG] [P12236:T15604] [phase=frame_stage_notify] [hook=frame_stage_notify] [frame_stage] original end
#10284 [2026-09-17 23:54:29.195] [DEBUG] [P12236:T15604] [phase=frame_stage_notify] [hook=frame_stage_notify] [frame_stage] end stage=0
#10285 [2026-09-17 23:54:29.214] [DEBUG] [P12236:T15604] [phase=frame_stage_notify] [hook=frame_stage_notify] [frame_stage] begin stage=11 this=0x00007FF9936073C0
#10286 [2026-09-17 23:54:29.233] [DEBUG] [P12236:T15604] [phase=frame_stage_notify] [hook=frame_stage_notify] [frame_stage] original begin
#10287 [2026-09-17 23:54:29.253] [DEBUG] [P12236:T15604] [phase=frame_stage_notify] [hook=frame_stage_notify] [frame_stage] original end
#10288 [2026-09-17 23:54:29.270] [DEBUG] [P12236:T15604] [phase=frame_stage_notify] [hook=frame_stage_notify] [frame_stage] end stage=11
#10289 [2026-09-17 23:54:29.306] [DEBUG] [P12236:T15604] [phase=frame_stage_notify] [hook=frame_stage_notify] [frame_stage] begin stage=0 this=0x00007FF9936073C0
#10290 [2026-09-17 23:54:29.325] [DEBUG] [P12236:T15604] [phase=frame_stage_notify] [hook=frame_stage_notify] [frame_stage] original begin
#10291 [2026-09-17 23:54:29.345] [DEBUG] [P12236:T15604] [phase=frame_stage_notify] [hook=frame_stage_notify] [frame_stage] original end
#10292 [2026-09-17 23:54:29.364] [DEBUG] [P12236:T15604] [phase=frame_stage_notify] [hook=frame_stage_notify] [frame_stage] end stage=0
#10293 [2026-09-17 23:54:29.383] [DEBUG] [P12236:T15604] [phase=frame_stage_notify] [hook=frame_stage_notify] [frame_stage] begin stage=11 this=0x00007FF9936073C0
#10294 [2026-09-17 23:54:29.402] [DEBUG] [P12236:T15604] [phase=frame_stage_notify] [hook=frame_stage_notify] [frame_stage] original begin
#10295 [2026-09-17 23:54:29.420] [DEBUG] [P12236:T15604] [phase=frame_stage_notify] [hook=frame_stage_notify] [frame_stage] original end
#10296 [2026-09-17 23:54:29.439] [DEBUG] [P12236:T15604] [phase=frame_stage_notify] [hook=frame_stage_notify] [frame_stage] end stage=11
#10297 [2026-09-17 23:54:29.475] [DEBUG] [P12236:T15604] [phase=frame_stage_notify] [hook=frame_stage_notify] [frame_stage] begin stage=0 this=0x00007FF9936073C0
#10298 [2026-09-17 23:54:29.545] [DEBUG] [P12236:T15604] [phase=frame_stage_notify] [hook=frame_stage_notify] [frame_stage] original begin
#10299 [2026-09-17 23:54:29.616] [DEBUG] [P12236:T15604] [phase=frame_stage_notify] [hook=frame_stage_notify] [frame_stage] original end
#10300 [2026-09-17 23:54:29.684] [DEBUG] [P12236:T15604] [phase=frame_stage_notify] [hook=frame_stage_notify] [frame_stage] end stage=0
#10301 [2026-09-17 23:54:29.704] [DEBUG] [P12236:T15604] [phase=frame_stage_notify] [hook=frame_stage_notify] [frame_stage] begin stage=11 this=0x00007FF9936073C0
#10302 [2026-09-17 23:54:29.722] [DEBUG] [P12236:T15604] [phase=frame_stage_notify] [hook=frame_stage_notify] [frame_stage] original begin
#10303 [2026-09-17 23:54:29.740] [DEBUG] [P12236:T15604] [phase=frame_stage_notify] [hook=frame_stage_notify] [frame_stage] original end
#10304 [2026-09-17 23:54:29.758] [DEBUG] [P12236:T15604] [phase=frame_stage_notify] [hook=frame_stage_notify] [frame_stage] end stage=11
#10305 [2026-09-17 23:54:29.777] [DEBUG] [P12236:T15604] [phase=frame_stage_notify] [hook=frame_stage_notify] [frame_stage] begin stage=0 this=0x00007FF9936073C0
#10306 [2026-09-17 23:54:29.795] [DEBUG] [P12236:T15604] [phase=frame_stage_notify] [hook=frame_stage_notify] [frame_stage] original begin
#10307 [2026-09-17 23:54:29.814] [DEBUG] [P12236:T15604] [phase=frame_stage_notify] [hook=frame_stage_notify] [frame_stage] original end
#10308 [2026-09-17 23:54:29.832] [DEBUG] [P12236:T15604] [phase=frame_stage_notify] [hook=frame_stage_notify] [frame_stage] end stage=0
#10309 [2026-09-17 23:54:29.851] [DEBUG] [P12236:T15604] [phase=frame_stage_notify] [hook=frame_stage_notify] [frame_stage] begin stage=11 this=0x00007FF9936073C0
#10310 [2026-09-17 23:54:29.870] [DEBUG] [P12236:T15604] [phase=frame_stage_notify] [hook=frame_stage_notify] [frame_stage] original begin
#10311 [2026-09-17 23:54:29.888] [DEBUG] [P12236:T15604] [phase=frame_stage_notify] [hook=frame_stage_notify] [frame_stage] original end
#10312 [2026-09-17 23:54:29.906] [DEBUG] [P12236:T15604] [phase=frame_stage_notify] [hook=frame_stage_notify] [frame_stage] end stage=11
#10313 [2026-09-17 23:54:29.925] [DEBUG] [P12236:T15604] [phase=frame_stage_notify] [hook=frame_stage_notify] [frame_stage] begin stage=0 this=0x00007FF9936073C0
#10314 [2026-09-17 23:54:29.944] [DEBUG] [P12236:T15604] [phase=frame_stage_notify] [hook=frame_stage_notify] [frame_stage] original begin
#10315 [2026-09-17 23:54:29.962] [DEBUG] [P12236:T15604] [phase=frame_stage_notify] [hook=frame_stage_notify] [frame_stage] original end
#10316 [2026-09-17 23:54:29.980] [DEBUG] [P12236:T15604] [phase=frame_stage_notify] [hook=frame_stage_notify] [frame_stage] end stage=0
#10317 [2026-09-17 23:54:29.998] [DEBUG] [P12236:T15604] [phase=frame_stage_notify] [hook=frame_stage_notify] [frame_stage] begin stage=10 this=0x00007FF9936073C0
#10318 [2026-09-17 23:54:30.017] [DEBUG] [P12236:T15604] [phase=frame_stage_notify] [hook=frame_stage_notify] [frame_stage] original begin
#10319 [2026-09-17 23:54:30.035] [DEBUG] [P12236:T15604] [phase=frame_stage_notify] [hook=frame_stage_notify] [frame_stage] original end
#10320 [2026-09-17 23:54:30.054] [DEBUG] [P12236:T15604] [phase=frame_stage_notify] [hook=frame_stage_notify] [frame_stage] end stage=10
#10321 [2026-09-17 23:54:30.073] [DEBUG] [P12236:T15604] [phase=frame_stage_notify] [hook=frame_stage_notify] [frame_stage] begin stage=11 this=0x00007FF9936073C0
#10322 [2026-09-17 23:54:30.091] [DEBUG] [P12236:T15604] [phase=frame_stage_notify] [hook=frame_stage_notify] [frame_stage] original begin
#10323 [2026-09-17 23:54:30.109] [DEBUG] [P12236:T15604] [phase=frame_stage_notify] [hook=frame_stage_notify] [frame_stage] original end
#10324 [2026-09-17 23:54:30.128] [DEBUG] [P12236:T15604] [phase=frame_stage_notify] [hook=frame_stage_notify] [frame_stage] end stage=11
#10325 [2026-09-17 23:54:30.147] [DEBUG] [P12236:T15604] [phase=frame_stage_notify] [hook=frame_stage_notify] [frame_stage] begin stage=1 this=0x00007FF9936073C0
#10326 [2026-09-17 23:54:30.166] [DEBUG] [P12236:T15604] [phase=frame_stage_notify] [hook=frame_stage_notify] [frame_stage] original begin
#10327 [2026-09-17 23:54:30.184] [DEBUG] [P12236:T15604] [phase=frame_stage_notify] [hook=frame_stage_notify] [frame_stage] original end
#10328 [2026-09-17 23:54:30.202] [DEBUG] [P12236:T15604] [phase=frame_stage_notify] [hook=frame_stage_notify] [frame_stage] end stage=1
#10329 [2026-09-17 23:54:30.220] [DEBUG] [P12236:T15604] [phase=frame_stage_notify] [hook=frame_stage_notify] [frame_stage] begin stage=2 this=0x00007FF9936073C0
#10330 [2026-09-17 23:54:30.239] [DEBUG] [P12236:T15604] [phase=frame_stage_notify] [hook=frame_stage_notify] [frame_stage] original begin
#10331 [2026-09-17 23:54:30.258] [DEBUG] [P12236:T15604] [phase=frame_stage_notify] [hook=frame_stage_notify] [frame_stage] original end
#10332 [2026-09-17 23:54:30.276] [DEBUG] [P12236:T15604] [phase=frame_stage_notify] [hook=frame_stage_notify] [frame_stage] end stage=2
#10333 [2026-09-17 23:54:30.295] [DEBUG] [P12236:T15604] [phase=frame_stage_notify] [hook=frame_stage_notify] [frame_stage] begin stage=5 this=0x00007FF9936073C0
#10334 [2026-09-17 23:54:30.313] [DEBUG] [P12236:T15604] [phase=frame_stage_notify] [hook=frame_stage_notify] [frame_stage] original begin
#10335 [2026-09-17 23:54:30.331] [DEBUG] [P12236:T15604] [phase=frame_stage_notify] [hook=frame_stage_notify] [frame_stage] original end
#10336 [2026-09-17 23:54:30.350] [DEBUG] [P12236:T15604] [phase=frame_stage_notify] [hook=frame_stage_notify] [frame_stage] end stage=5
#10337 [2026-09-17 23:54:30.369] [DEBUG] [P12236:T15604] [phase=frame_stage_notify] [hook=frame_stage_notify] [frame_stage] begin stage=6 this=0x00007FF9936073C0
#10338 [2026-09-17 23:54:30.387] [DEBUG] [P12236:T15604] [phase=frame_stage_notify] [hook=frame_stage_notify] [frame_stage] guns begin
#10339 [2026-09-17 23:54:30.405] [DEBUG] [P12236:T15604] [phase=frame_stage_notify] [hook=frame_stage_notify] [frame_stage] guns end
#10340 [2026-09-17 23:54:30.423] [DEBUG] [P12236:T15604] [phase=frame_stage_notify] [hook=frame_stage_notify] [frame_stage] dlight begin
#10341 [2026-09-17 23:54:30.442] [DEBUG] [P12236:T15604] [phase=frame_stage_notify] [hook=frame_stage_notify] [frame_stage] dlight end
#10342 [2026-09-17 23:54:30.461] [DEBUG] [P12236:T15604] [phase=frame_stage_notify] [hook=frame_stage_notify] [frame_stage] original begin
#10343 [2026-09-17 23:54:30.480] [DEBUG] [P12236:T15604] [phase=frame_stage_notify] [hook=frame_stage_notify] [frame_stage] original end
#10344 [2026-09-17 23:54:30.498] [DEBUG] [P12236:T15604] [phase=frame_stage_notify] [hook=frame_stage_notify] [frame_stage] post-network feature updates begin
#10345 [2026-09-17 23:54:30.516] [DEBUG] [P12236:T15604] [phase=frame_stage_notify] [hook=frame_stage_notify] [frame_stage] post-network feature updates end
#10346 [2026-09-17 23:54:30.533] [DEBUG] [P12236:T15604] [phase=frame_stage_notify] [hook=frame_stage_notify] [frame_stage] end stage=6
#10347 [2026-09-17 23:54:30.552] [DEBUG] [P12236:T15604] [phase=frame_stage_notify] [hook=frame_stage_notify] [frame_stage] begin stage=7 this=0x00007FF9936073C0
#10348 [2026-09-17 23:54:30.571] [DEBUG] [P12236:T15604] [phase=frame_stage_notify] [hook=frame_stage_notify] [frame_stage] agents begin
#10349 [2026-09-17 23:54:30.590] [DEBUG] [P12236:T15604] [phase=frame_stage_notify] [hook=frame_stage_notify] [frame_stage] agents end; gloves begin
#10350 [2026-09-17 23:54:30.608] [DEBUG] [P12236:T15604] [phase=frame_stage_notify] [hook=frame_stage_notify] [frame_stage] gloves end; knives begin
#10351 [2026-09-17 23:54:30.626] [DEBUG] [P12236:T15604] [phase=frame_stage_notify] [hook=frame_stage_notify] [frame_stage] knives end; world begin
#10352 [2026-09-17 23:54:30.645] [DEBUG] [P12236:T15604] [phase=frame_stage_notify] [hook=frame_stage_notify] [frame_stage] scene end; weather begin
#10353 [2026-09-17 23:54:30.682] [DEBUG] [P12236:T15604] [phase=frame_stage_notify] [hook=frame_stage_notify] [frame_stage] weather end; other begin
#10354 [2026-09-17 23:54:30.701] [DEBUG] [P12236:T15604] [phase=frame_stage_notify] [hook=frame_stage_notify] [frame_stage] other end; impacts begin
#10355 [2026-09-17 23:54:30.720] [DEBUG] [P12236:T15604] [phase=frame_stage_notify] [hook=frame_stage_notify] [frame_stage] impacts end
#10356 [2026-09-17 23:54:30.739] [DEBUG] [P12236:T15604] [phase=frame_stage_notify] [hook=frame_stage_notify] [frame_stage] original begin
#10357 [2026-09-17 23:54:30.757] [DEBUG] [P12236:T15604] [phase=frame_stage_notify] [hook=frame_stage_notify] [frame_stage] original end
#10358 [2026-09-17 23:54:30.776] [DEBUG] [P12236:T15604] [phase=frame_stage_notify] [hook=frame_stage_notify] [frame_stage] end stage=7
#10359 [2026-09-17 23:54:30.795] [DEBUG] [P12236:T15604] [phase=frame_stage_notify] [hook=frame_stage_notify] [frame_stage] begin stage=8 this=0x00007FF9936073C0
#10360 [2026-09-17 23:54:30.814] [DEBUG] [P12236:T15604] [phase=frame_stage_notify] [hook=frame_stage_notify] [frame_stage] original begin
#10361 [2026-09-17 23:54:30.831] [DEBUG] [P12236:T15604] [phase=frame_stage_notify] [hook=frame_stage_notify] [frame_stage] original end
#10362 [2026-09-17 23:54:30.849] [DEBUG] [P12236:T15604] [phase=frame_stage_notify] [hook=frame_stage_notify] [frame_stage] end stage=8
#10363 [2026-09-17 23:54:30.868] [DEBUG] [P12236:T15604] [phase=frame_stage_notify] [hook=frame_stage_notify] [frame_stage] begin stage=3 this=0x00007FF9936073C0
#10364 [2026-09-17 23:54:30.886] [DEBUG] [P12236:T15604] [phase=frame_stage_notify] [hook=frame_stage_notify] [frame_stage] original begin
#10365 [2026-09-17 23:54:30.906] [DEBUG] [P12236:T15604] [phase=frame_stage_notify] [hook=frame_stage_notify] [frame_stage] original end
#10366 [2026-09-17 23:54:30.923] [DEBUG] [P12236:T15604] [phase=frame_stage_notify] [hook=frame_stage_notify] [frame_stage] end stage=3
#10367 [2026-09-17 23:54:30.942] [DEBUG] [P12236:T15604] [phase=frame_stage_notify] [hook=frame_stage_notify] [frame_stage] begin stage=12 this=0x00007FF9936073C0
#10368 [2026-09-17 23:54:30.960] [DEBUG] [P12236:T15604] [phase=frame_stage_notify] [hook=frame_stage_notify] [frame_stage] original begin
#10369 [2026-09-17 23:54:30.979] [DEBUG] [P12236:T15604] [phase=frame_stage_notify] [hook=frame_stage_notify] [frame_stage] original end
#10370 [2026-09-17 23:54:30.998] [DEBUG] [P12236:T15604] [phase=frame_stage_notify] [hook=frame_stage_notify] [frame_stage] view/frame-data update begin
#10371 [2026-09-17 23:54:31.017] [DEBUG] [P12236:T15604] [phase=frame_stage_notify] [hook=frame_stage_notify] [frame_stage] view/frame-data update end
#10372 [2026-09-17 23:54:31.036] [DEBUG] [P12236:T15604] [phase=frame_stage_notify] [hook=frame_stage_notify] [frame_stage] end stage=12
#10373 [2026-09-17 23:54:31.059] [DEBUG] [P12236:T15604] [phase=frame_stage_notify] [hook=frame_stage_notify] [frame_stage] begin stage=0 this=0x00007FF9936073C0
#10377 [2026-09-17 23:54:31.077] [DEBUG] [P12236:T15604] [phase=frame_stage_notify] [hook=frame_stage_notify] [frame_stage] original begin
#10378 [2026-09-17 23:54:31.095] [DEBUG] [P12236:T15604] [phase=frame_stage_notify] [hook=frame_stage_notify] [frame_stage] original end
#10379 [2026-09-17 23:54:31.113] [DEBUG] [P12236:T15604] [phase=frame_stage_notify] [hook=frame_stage_notify] [frame_stage] end stage=0
#10380 [2026-09-17 23:54:31.133] [DEBUG] [P12236:T15604] [phase=frame_stage_notify] [hook=frame_stage_notify] [frame_stage] begin stage=11 this=0x00007FF9936073C0
#10381 [2026-09-17 23:54:31.152] [DEBUG] [P12236:T15604] [phase=frame_stage_notify] [hook=frame_stage_notify] [frame_stage] original begin
#10382 [2026-09-17 23:54:31.170] [DEBUG] [P12236:T15604] [phase=frame_stage_notify] [hook=frame_stage_notify] [frame_stage] original end
#10383 [2026-09-17 23:54:31.189] [DEBUG] [P12236:T15604] [phase=frame_stage_notify] [hook=frame_stage_notify] [frame_stage] end stage=11
#10384 [2026-09-17 23:54:31.207] [DEBUG] [P12236:T15604] [phase=frame_stage_notify] [hook=frame_stage_notify] [frame_stage] begin stage=0 this=0x00007FF9936073C0
#10385 [2026-09-17 23:54:31.225] [DEBUG] [P12236:T15604] [phase=frame_stage_notify] [hook=frame_stage_notify] [frame_stage] original begin
#10386 [2026-09-17 23:54:31.243] [DEBUG] [P12236:T15604] [phase=frame_stage_notify] [hook=frame_stage_notify] [frame_stage] original end
#10387 [2026-09-17 23:54:31.261] [DEBUG] [P12236:T15604] [phase=frame_stage_notify] [hook=frame_stage_notify] [frame_stage] end stage=0
#10388 [2026-09-17 23:54:31.280] [DEBUG] [P12236:T15604] [phase=frame_stage_notify] [hook=frame_stage_notify] [frame_stage] begin stage=11 this=0x00007FF9936073C0
#10389 [2026-09-17 23:54:31.298] [DEBUG] [P12236:T15604] [phase=frame_stage_notify] [hook=frame_stage_notify] [frame_stage] original begin
#10390 [2026-09-17 23:54:31.316] [DEBUG] [P12236:T15604] [phase=frame_stage_notify] [hook=frame_stage_notify] [frame_stage] original end
#10391 [2026-09-17 23:54:31.334] [DEBUG] [P12236:T15604] [phase=frame_stage_notify] [hook=frame_stage_notify] [frame_stage] end stage=11
#10392 [2026-09-17 23:54:31.353] [DEBUG] [P12236:T15604] [phase=frame_stage_notify] [hook=frame_stage_notify] [frame_stage] begin stage=0 this=0x00007FF9936073C0
#10393 [2026-09-17 23:54:31.372] [DEBUG] [P12236:T15604] [phase=frame_stage_notify] [hook=frame_stage_notify] [frame_stage] original begin
#10394 [2026-09-17 23:54:31.390] [DEBUG] [P12236:T15604] [phase=frame_stage_notify] [hook=frame_stage_notify] [frame_stage] original end
#10395 [2026-09-17 23:54:31.408] [DEBUG] [P12236:T15604] [phase=frame_stage_notify] [hook=frame_stage_notify] [frame_stage] end stage=0
#10396 [2026-09-17 23:54:31.426] [DEBUG] [P12236:T15604] [phase=frame_stage_notify] [hook=frame_stage_notify] [frame_stage] begin stage=11 this=0x00007FF9936073C0
#10397 [2026-09-17 23:54:31.445] [DEBUG] [P12236:T15604] [phase=frame_stage_notify] [hook=frame_stage_notify] [frame_stage] original begin
#10398 [2026-09-17 23:54:31.465] [DEBUG] [P12236:T15604] [phase=frame_stage_notify] [hook=frame_stage_notify] [frame_stage] original end
#10399 [2026-09-17 23:54:31.484] [DEBUG] [P12236:T15604] [phase=frame_stage_notify] [hook=frame_stage_notify] [frame_stage] end stage=11
#10400 [2026-09-17 23:54:31.501] [DEBUG] [P12236:T15604] [phase=frame_stage_notify] [hook=frame_stage_notify] [frame_stage] begin stage=0 this=0x00007FF9936073C0
#10401 [2026-09-17 23:54:31.520] [DEBUG] [P12236:T15604] [phase=frame_stage_notify] [hook=frame_stage_notify] [frame_stage] original begin
#10402 [2026-09-17 23:54:31.538] [DEBUG] [P12236:T15604] [phase=frame_stage_notify] [hook=frame_stage_notify] [frame_stage] original end
#10403 [2026-09-17 23:54:31.556] [DEBUG] [P12236:T15604] [phase=frame_stage_notify] [hook=frame_stage_notify] [frame_stage] end stage=0
#10404 [2026-09-17 23:54:31.576] [DEBUG] [P12236:T15604] [phase=frame_stage_notify] [hook=frame_stage_notify] [frame_stage] begin stage=11 this=0x00007FF9936073C0
#10405 [2026-09-17 23:54:31.594] [DEBUG] [P12236:T15604] [phase=frame_stage_notify] [hook=frame_stage_notify] [frame_stage] original begin
#10406 [2026-09-17 23:54:31.612] [DEBUG] [P12236:T15604] [phase=frame_stage_notify] [hook=frame_stage_notify] [frame_stage] original end
#10407 [2026-09-17 23:54:31.631] [DEBUG] [P12236:T15604] [phase=frame_stage_notify] [hook=frame_stage_notify] [frame_stage] end stage=11
#10408 [2026-09-17 23:54:31.650] [DEBUG] [P12236:T15604] [phase=frame_stage_notify] [hook=frame_stage_notify] [frame_stage] begin stage=0 this=0x00007FF9936073C0
#10409 [2026-09-17 23:54:31.668] [DEBUG] [P12236:T15604] [phase=frame_stage_notify] [hook=frame_stage_notify] [frame_stage] original begin
#10410 [2026-09-17 23:54:31.687] [DEBUG] [P12236:T15604] [phase=frame_stage_notify] [hook=frame_stage_notify] [frame_stage] original end
#10411 [2026-09-17 23:54:31.706] [DEBUG] [P12236:T15604] [phase=frame_stage_notify] [hook=frame_stage_notify] [frame_stage] end stage=0
#10412 [2026-09-17 23:54:31.724] [DEBUG] [P12236:T15604] [phase=frame_stage_notify] [hook=frame_stage_notify] [frame_stage] begin stage=11 this=0x00007FF9936073C0
#10413 [2026-09-17 23:54:31.743] [DEBUG] [P12236:T15604] [phase=frame_stage_notify] [hook=frame_stage_notify] [frame_stage] original begin
#10414 [2026-09-17 23:54:31.761] [DEBUG] [P12236:T15604] [phase=frame_stage_notify] [hook=frame_stage_notify] [frame_stage] original end
#10415 [2026-09-17 23:54:31.779] [DEBUG] [P12236:T15604] [phase=frame_stage_notify] [hook=frame_stage_notify] [frame_stage] end stage=11
#10416 [2026-09-17 23:54:31.799] [DEBUG] [P12236:T15604] [phase=frame_stage_notify] [hook=frame_stage_notify] [frame_stage] begin stage=0 this=0x00007FF9936073C0
#10417 [2026-09-17 23:54:31.818] [DEBUG] [P12236:T15604] [phase=frame_stage_notify] [hook=frame_stage_notify] [frame_stage] original begin
#10418 [2026-09-17 23:54:31.837] [DEBUG] [P12236:T15604] [phase=frame_stage_notify] [hook=frame_stage_notify] [frame_stage] original end
#10419 [2026-09-17 23:54:31.855] [DEBUG] [P12236:T15604] [phase=frame_stage_notify] [hook=frame_stage_notify] [frame_stage] end stage=0
#10420 [2026-09-17 23:54:31.873] [DEBUG] [P12236:T15604] [phase=frame_stage_notify] [hook=frame_stage_notify] [frame_stage] begin stage=11 this=0x00007FF9936073C0
#10421 [2026-09-17 23:54:31.892] [DEBUG] [P12236:T15604] [phase=frame_stage_notify] [hook=frame_stage_notify] [frame_stage] original begin
#10422 [2026-09-17 23:54:31.910] [DEBUG] [P12236:T15604] [phase=frame_stage_notify] [hook=frame_stage_notify] [frame_stage] original end
#10423 [2026-09-17 23:54:31.929] [DEBUG] [P12236:T15604] [phase=frame_stage_notify] [hook=frame_stage_notify] [frame_stage] end stage=11
#10424 [2026-09-17 23:54:31.947] [DEBUG] [P12236:T15604] [phase=frame_stage_notify] [hook=frame_stage_notify] [frame_stage] begin stage=0 this=0x00007FF9936073C0
#10425 [2026-09-17 23:54:31.966] [DEBUG] [P12236:T15604] [phase=frame_stage_notify] [hook=frame_stage_notify] [frame_stage] original begin
#10426 [2026-09-17 23:54:31.984] [DEBUG] [P12236:T15604] [phase=frame_stage_notify] [hook=frame_stage_notify] [frame_stage] original end
#10427 [2026-09-17 23:54:32.001] [DEBUG] [P12236:T15604] [phase=frame_stage_notify] [hook=frame_stage_notify] [frame_stage] end stage=0
#10428 [2026-09-17 23:54:32.038] [DEBUG] [P12236:T15604] [phase=frame_stage_notify] [hook=frame_stage_notify] [frame_stage] begin stage=10 this=0x00007FF9936073C0
#10429 [2026-09-17 23:54:32.057] [DEBUG] [P12236:T15604] [phase=frame_stage_notify] [hook=frame_stage_notify] [frame_stage] original begin
#10430 [2026-09-17 23:54:32.075] [DEBUG] [P12236:T15604] [phase=frame_stage_notify] [hook=frame_stage_notify] [frame_stage] original end
#10431 [2026-09-17 23:54:32.093] [DEBUG] [P12236:T15604] [phase=frame_stage_notify] [hook=frame_stage_notify] [frame_stage] end stage=10
#10432 [2026-09-17 23:54:32.112] [DEBUG] [P12236:T15604] [phase=frame_stage_notify] [hook=frame_stage_notify] [frame_stage] begin stage=11 this=0x00007FF9936073C0
#10433 [2026-09-17 23:54:32.131] [DEBUG] [P12236:T15604] [phase=frame_stage_notify] [hook=frame_stage_notify] [frame_stage] original begin
#10434 [2026-09-17 23:54:32.150] [DEBUG] [P12236:T15604] [phase=frame_stage_notify] [hook=frame_stage_notify] [frame_stage] original end
#10435 [2026-09-17 23:54:32.168] [DEBUG] [P12236:T15604] [phase=frame_stage_notify] [hook=frame_stage_notify] [frame_stage] end stage=11
#10436 [2026-09-17 23:54:32.185] [DEBUG] [P12236:T15604] [phase=frame_stage_notify] [hook=frame_stage_notify] [frame_stage] begin stage=1 this=0x00007FF9936073C0
#10437 [2026-09-17 23:54:32.203] [DEBUG] [P12236:T15604] [phase=frame_stage_notify] [hook=frame_stage_notify] [frame_stage] original begin
#10438 [2026-09-17 23:54:32.221] [DEBUG] [P12236:T15604] [phase=frame_stage_notify] [hook=frame_stage_notify] [frame_stage] original end
#10439 [2026-09-17 23:54:32.241] [DEBUG] [P12236:T15604] [phase=frame_stage_notify] [hook=frame_stage_notify] [frame_stage] end stage=1
#10440 [2026-09-17 23:54:32.259] [DEBUG] [P12236:T15604] [phase=frame_stage_notify] [hook=frame_stage_notify] [frame_stage] begin stage=2 this=0x00007FF9936073C0
#10441 [2026-09-17 23:54:32.278] [DEBUG] [P12236:T15604] [phase=frame_stage_notify] [hook=frame_stage_notify] [frame_stage] original begin
#10442 [2026-09-17 23:54:32.298] [DEBUG] [P12236:T15604] [phase=frame_stage_notify] [hook=frame_stage_notify] [frame_stage] original end
#10443 [2026-09-17 23:54:32.316] [DEBUG] [P12236:T15604] [phase=frame_stage_notify] [hook=frame_stage_notify] [frame_stage] end stage=2
#10444 [2026-09-17 23:54:32.335] [DEBUG] [P12236:T15604] [phase=frame_stage_notify] [hook=frame_stage_notify] [frame_stage] begin stage=5 this=0x00007FF9936073C0
#10445 [2026-09-17 23:54:32.355] [DEBUG] [P12236:T15604] [phase=frame_stage_notify] [hook=frame_stage_notify] [frame_stage] original begin
#10446 [2026-09-17 23:54:32.373] [DEBUG] [P12236:T15604] [phase=frame_stage_notify] [hook=frame_stage_notify] [frame_stage] original end
#10447 [2026-09-17 23:54:32.392] [DEBUG] [P12236:T15604] [phase=frame_stage_notify] [hook=frame_stage_notify] [frame_stage] end stage=5
#10448 [2026-09-17 23:54:32.410] [DEBUG] [P12236:T15604] [phase=frame_stage_notify] [hook=frame_stage_notify] [frame_stage] begin stage=6 this=0x00007FF9936073C0
#10449 [2026-09-17 23:54:32.427] [DEBUG] [P12236:T15604] [phase=frame_stage_notify] [hook=frame_stage_notify] [frame_stage] guns begin
#10450 [2026-09-17 23:54:32.445] [DEBUG] [P12236:T15604] [phase=frame_stage_notify] [hook=frame_stage_notify] [frame_stage] guns end
#10451 [2026-09-17 23:54:32.465] [DEBUG] [P12236:T15604] [phase=frame_stage_notify] [hook=frame_stage_notify] [frame_stage] dlight begin
#10452 [2026-09-17 23:54:32.483] [DEBUG] [P12236:T15604] [phase=frame_stage_notify] [hook=frame_stage_notify] [frame_stage] dlight end
#10453 [2026-09-17 23:54:32.502] [DEBUG] [P12236:T15604] [phase=frame_stage_notify] [hook=frame_stage_notify] [frame_stage] original begin
#10454 [2026-09-17 23:54:32.520] [DEBUG] [P12236:T15604] [phase=frame_stage_notify] [hook=frame_stage_notify] [frame_stage] original end
#10455 [2026-09-17 23:54:32.538] [DEBUG] [P12236:T15604] [phase=frame_stage_notify] [hook=frame_stage_notify] [frame_stage] post-network feature updates begin
#10456 [2026-09-17 23:54:32.557] [DEBUG] [P12236:T15604] [phase=frame_stage_notify] [hook=frame_stage_notify] [frame_stage] post-network feature updates end
#10457 [2026-09-17 23:54:32.576] [DEBUG] [P12236:T15604] [phase=frame_stage_notify] [hook=frame_stage_notify] [frame_stage] end stage=6
#10458 [2026-09-17 23:54:32.595] [DEBUG] [P12236:T15604] [phase=frame_stage_notify] [hook=frame_stage_notify] [frame_stage] begin stage=7 this=0x00007FF9936073C0
#10459 [2026-09-17 23:54:32.613] [DEBUG] [P12236:T15604] [phase=frame_stage_notify] [hook=frame_stage_notify] [frame_stage] agents begin
#10460 [2026-09-17 23:54:32.632] [DEBUG] [P12236:T15604] [phase=frame_stage_notify] [hook=frame_stage_notify] [frame_stage] agents end; gloves begin
#10461 [2026-09-17 23:54:32.651] [DEBUG] [P12236:T15604] [phase=frame_stage_notify] [hook=frame_stage_notify] [frame_stage] gloves end; knives begin
#10462 [2026-09-17 23:54:32.669] [DEBUG] [P12236:T15604] [phase=frame_stage_notify] [hook=frame_stage_notify] [frame_stage] knives end; world begin
#10463 [2026-09-17 23:54:32.688] [DEBUG] [P12236:T15604] [phase=frame_stage_notify] [hook=frame_stage_notify] [frame_stage] scene end; weather begin
#10464 [2026-09-17 23:54:32.707] [DEBUG] [P12236:T15604] [phase=frame_stage_notify] [hook=frame_stage_notify] [frame_stage] weather end; other begin
#10465 [2026-09-17 23:54:32.725] [DEBUG] [P12236:T15604] [phase=frame_stage_notify] [hook=frame_stage_notify] [frame_stage] other end; impacts begin
#10466 [2026-09-17 23:54:32.743] [DEBUG] [P12236:T15604] [phase=frame_stage_notify] [hook=frame_stage_notify] [frame_stage] impacts end
#10467 [2026-09-17 23:54:32.762] [DEBUG] [P12236:T15604] [phase=frame_stage_notify] [hook=frame_stage_notify] [frame_stage] original begin
#10468 [2026-09-17 23:54:32.780] [DEBUG] [P12236:T15604] [phase=frame_stage_notify] [hook=frame_stage_notify] [frame_stage] original end
#10469 [2026-09-17 23:54:32.799] [DEBUG] [P12236:T15604] [phase=frame_stage_notify] [hook=frame_stage_notify] [frame_stage] end stage=7
#10470 [2026-09-17 23:54:32.817] [DEBUG] [P12236:T15604] [phase=frame_stage_notify] [hook=frame_stage_notify] [frame_stage] begin stage=8 this=0x00007FF9936073C0
#10471 [2026-09-17 23:54:32.835] [DEBUG] [P12236:T15604] [phase=frame_stage_notify] [hook=frame_stage_notify] [frame_stage] original begin
#10472 [2026-09-17 23:54:32.854] [DEBUG] [P12236:T15604] [phase=frame_stage_notify] [hook=frame_stage_notify] [frame_stage] original end
#10473 [2026-09-17 23:54:32.873] [DEBUG] [P12236:T15604] [phase=frame_stage_notify] [hook=frame_stage_notify] [frame_stage] end stage=8
#10474 [2026-09-17 23:54:32.891] [DEBUG] [P12236:T15604] [phase=frame_stage_notify] [hook=frame_stage_notify] [frame_stage] begin stage=3 this=0x00007FF9936073C0
#10475 [2026-09-17 23:54:32.910] [DEBUG] [P12236:T15604] [phase=frame_stage_notify] [hook=frame_stage_notify] [frame_stage] original begin
#10476 [2026-09-17 23:54:32.929] [DEBUG] [P12236:T15604] [phase=frame_stage_notify] [hook=frame_stage_notify] [frame_stage] original end
#10477 [2026-09-17 23:54:32.948] [DEBUG] [P12236:T15604] [phase=frame_stage_notify] [hook=frame_stage_notify] [frame_stage] end stage=3
#10478 [2026-09-17 23:54:32.968] [DEBUG] [P12236:T15604] [phase=frame_stage_notify] [hook=frame_stage_notify] [frame_stage] begin stage=12 this=0x00007FF9936073C0
#10479 [2026-09-17 23:54:32.986] [DEBUG] [P12236:T15604] [phase=frame_stage_notify] [hook=frame_stage_notify] [frame_stage] original begin
#10480 [2026-09-17 23:54:33.005] [DEBUG] [P12236:T15604] [phase=frame_stage_notify] [hook=frame_stage_notify] [frame_stage] original end
#10481 [2026-09-17 23:54:33.023] [DEBUG] [P12236:T15604] [phase=frame_stage_notify] [hook=frame_stage_notify] [frame_stage] view/frame-data update begin
#10482 [2026-09-17 23:54:33.041] [DEBUG] [P12236:T15604] [phase=frame_stage_notify] [hook=frame_stage_notify] [frame_stage] view/frame-data update end
#10483 [2026-09-17 23:54:33.060] [DEBUG] [P12236:T15604] [phase=frame_stage_notify] [hook=frame_stage_notify] [frame_stage] end stage=12
#10484 [2026-09-17 23:54:33.083] [DEBUG] [P12236:T15604] [phase=frame_stage_notify] [hook=frame_stage_notify] [frame_stage] begin stage=0 this=0x00007FF9936073C0
#10488 [2026-09-17 23:54:33.101] [DEBUG] [P12236:T15604] [phase=frame_stage_notify] [hook=frame_stage_notify] [frame_stage] original begin
#10489 [2026-09-17 23:54:33.119] [DEBUG] [P12236:T15604] [phase=frame_stage_notify] [hook=frame_stage_notify] [frame_stage] original end
#10490 [2026-09-17 23:54:33.138] [DEBUG] [P12236:T15604] [phase=frame_stage_notify] [hook=frame_stage_notify] [frame_stage] end stage=0
#10491 [2026-09-17 23:54:33.157] [DEBUG] [P12236:T15604] [phase=frame_stage_notify] [hook=frame_stage_notify] [frame_stage] begin stage=11 this=0x00007FF9936073C0
#10492 [2026-09-17 23:54:33.175] [DEBUG] [P12236:T15604] [phase=frame_stage_notify] [hook=frame_stage_notify] [frame_stage] original begin
#10493 [2026-09-17 23:54:33.193] [DEBUG] [P12236:T15604] [phase=frame_stage_notify] [hook=frame_stage_notify] [frame_stage] original end
#10494 [2026-09-17 23:54:33.211] [DEBUG] [P12236:T15604] [phase=frame_stage_notify] [hook=frame_stage_notify] [frame_stage] end stage=11
#10495 [2026-09-17 23:54:33.230] [DEBUG] [P12236:T15604] [phase=frame_stage_notify] [hook=frame_stage_notify] [frame_stage] begin stage=0 this=0x00007FF9936073C0
#10496 [2026-09-17 23:54:33.249] [DEBUG] [P12236:T15604] [phase=frame_stage_notify] [hook=frame_stage_notify] [frame_stage] original begin
#10497 [2026-09-17 23:54:33.268] [DEBUG] [P12236:T15604] [phase=frame_stage_notify] [hook=frame_stage_notify] [frame_stage] original end
#10498 [2026-09-17 23:54:33.287] [DEBUG] [P12236:T15604] [phase=frame_stage_notify] [hook=frame_stage_notify] [frame_stage] end stage=0
#10499 [2026-09-17 23:54:33.305] [DEBUG] [P12236:T15604] [phase=frame_stage_notify] [hook=frame_stage_notify] [frame_stage] begin stage=11 this=0x00007FF9936073C0
#10500 [2026-09-17 23:54:33.323] [DEBUG] [P12236:T15604] [phase=frame_stage_notify] [hook=frame_stage_notify] [frame_stage] original begin
#10501 [2026-09-17 23:54:33.342] [DEBUG] [P12236:T15604] [phase=frame_stage_notify] [hook=frame_stage_notify] [frame_stage] original end
#10502 [2026-09-17 23:54:33.378] [DEBUG] [P12236:T15604] [phase=frame_stage_notify] [hook=frame_stage_notify] [frame_stage] end stage=11
#10503 [2026-09-17 23:54:33.397] [DEBUG] [P12236:T15604] [phase=frame_stage_notify] [hook=frame_stage_notify] [frame_stage] begin stage=0 this=0x00007FF9936073C0
#10504 [2026-09-17 23:54:33.415] [DEBUG] [P12236:T15604] [phase=frame_stage_notify] [hook=frame_stage_notify] [frame_stage] original begin
#10505 [2026-09-17 23:54:33.433] [DEBUG] [P12236:T15604] [phase=frame_stage_notify] [hook=frame_stage_notify] [frame_stage] original end
#10506 [2026-09-17 23:54:33.451] [DEBUG] [P12236:T15604] [phase=frame_stage_notify] [hook=frame_stage_notify] [frame_stage] end stage=0
#10507 [2026-09-17 23:54:33.471] [DEBUG] [P12236:T15604] [phase=frame_stage_notify] [hook=frame_stage_notify] [frame_stage] begin stage=11 this=0x00007FF9936073C0
#10508 [2026-09-17 23:54:33.489] [DEBUG] [P12236:T15604] [phase=frame_stage_notify] [hook=frame_stage_notify] [frame_stage] original begin
#10509 [2026-09-17 23:54:33.507] [DEBUG] [P12236:T15604] [phase=frame_stage_notify] [hook=frame_stage_notify] [frame_stage] original end
#10510 [2026-09-17 23:54:33.525] [DEBUG] [P12236:T15604] [phase=frame_stage_notify] [hook=frame_stage_notify] [frame_stage] end stage=11
#10511 [2026-09-17 23:54:33.542] [DEBUG] [P12236:T15604] [phase=frame_stage_notify] [hook=frame_stage_notify] [frame_stage] begin stage=0 this=0x00007FF9936073C0
#10512 [2026-09-17 23:54:33.560] [DEBUG] [P12236:T15604] [phase=frame_stage_notify] [hook=frame_stage_notify] [frame_stage] original begin
#10513 [2026-09-17 23:54:33.579] [DEBUG] [P12236:T15604] [phase=frame_stage_notify] [hook=frame_stage_notify] [frame_stage] original end
#10514 [2026-09-17 23:54:33.597] [DEBUG] [P12236:T15604] [phase=frame_stage_notify] [hook=frame_stage_notify] [frame_stage] end stage=0
#10515 [2026-09-17 23:54:33.617] [DEBUG] [P12236:T15604] [phase=frame_stage_notify] [hook=frame_stage_notify] [frame_stage] begin stage=11 this=0x00007FF9936073C0
#10516 [2026-09-17 23:54:33.636] [DEBUG] [P12236:T15604] [phase=frame_stage_notify] [hook=frame_stage_notify] [frame_stage] original begin
#10517 [2026-09-17 23:54:33.655] [DEBUG] [P12236:T15604] [phase=frame_stage_notify] [hook=frame_stage_notify] [frame_stage] original end
#10518 [2026-09-17 23:54:33.673] [DEBUG] [P12236:T15604] [phase=frame_stage_notify] [hook=frame_stage_notify] [frame_stage] end stage=11
#10519 [2026-09-17 23:54:33.692] [DEBUG] [P12236:T15604] [phase=frame_stage_notify] [hook=frame_stage_notify] [frame_stage] begin stage=0 this=0x00007FF9936073C0
#10520 [2026-09-17 23:54:33.711] [DEBUG] [P12236:T15604] [phase=frame_stage_notify] [hook=frame_stage_notify] [frame_stage] original begin
#10521 [2026-09-17 23:54:33.729] [DEBUG] [P12236:T15604] [phase=frame_stage_notify] [hook=frame_stage_notify] [frame_stage] original end
#10522 [2026-09-17 23:54:33.748] [DEBUG] [P12236:T15604] [phase=frame_stage_notify] [hook=frame_stage_notify] [frame_stage] end stage=0
#10523 [2026-09-17 23:54:33.767] [DEBUG] [P12236:T15604] [phase=frame_stage_notify] [hook=frame_stage_notify] [frame_stage] begin stage=11 this=0x00007FF9936073C0
#10524 [2026-09-17 23:54:33.786] [DEBUG] [P12236:T15604] [phase=frame_stage_notify] [hook=frame_stage_notify] [frame_stage] original begin
#10525 [2026-09-17 23:54:33.805] [DEBUG] [P12236:T15604] [phase=frame_stage_notify] [hook=frame_stage_notify] [frame_stage] original end
#10526 [2026-09-17 23:54:33.824] [DEBUG] [P12236:T15604] [phase=frame_stage_notify] [hook=frame_stage_notify] [frame_stage] end stage=11
#10527 [2026-09-17 23:54:33.842] [DEBUG] [P12236:T15604] [phase=frame_stage_notify] [hook=frame_stage_notify] [frame_stage] begin stage=0 this=0x00007FF9936073C0
#10528 [2026-09-17 23:54:33.861] [DEBUG] [P12236:T15604] [phase=frame_stage_notify] [hook=frame_stage_notify] [frame_stage] original begin
#10529 [2026-09-17 23:54:33.880] [DEBUG] [P12236:T15604] [phase=frame_stage_notify] [hook=frame_stage_notify] [frame_stage] original end
#10530 [2026-09-17 23:54:33.898] [DEBUG] [P12236:T15604] [phase=frame_stage_notify] [hook=frame_stage_notify] [frame_stage] end stage=0
#10531 [2026-09-17 23:54:33.918] [DEBUG] [P12236:T15604] [phase=frame_stage_notify] [hook=frame_stage_notify] [frame_stage] begin stage=10 this=0x00007FF9936073C0
#10532 [2026-09-17 23:54:33.936] [DEBUG] [P12236:T15604] [phase=frame_stage_notify] [hook=frame_stage_notify] [frame_stage] original begin
#10533 [2026-09-17 23:54:33.955] [DEBUG] [P12236:T15604] [phase=frame_stage_notify] [hook=frame_stage_notify] [frame_stage] original end
#10534 [2026-09-17 23:54:33.973] [DEBUG] [P12236:T15604] [phase=frame_stage_notify] [hook=frame_stage_notify] [frame_stage] end stage=10
#10535 [2026-09-17 23:54:33.991] [DEBUG] [P12236:T15604] [phase=frame_stage_notify] [hook=frame_stage_notify] [frame_stage] begin stage=11 this=0x00007FF9936073C0
#10536 [2026-09-17 23:54:34.009] [DEBUG] [P12236:T15604] [phase=frame_stage_notify] [hook=frame_stage_notify] [frame_stage] original begin
#10537 [2026-09-17 23:54:34.030] [DEBUG] [P12236:T15604] [phase=frame_stage_notify] [hook=frame_stage_notify] [frame_stage] original end
#10538 [2026-09-17 23:54:34.049] [DEBUG] [P12236:T15604] [phase=frame_stage_notify] [hook=frame_stage_notify] [frame_stage] end stage=11
#10539 [2026-09-17 23:54:34.068] [DEBUG] [P12236:T15604] [phase=frame_stage_notify] [hook=frame_stage_notify] [frame_stage] begin stage=1 this=0x00007FF9936073C0
#10540 [2026-09-17 23:54:34.087] [DEBUG] [P12236:T15604] [phase=frame_stage_notify] [hook=frame_stage_notify] [frame_stage] original begin
#10541 [2026-09-17 23:54:34.105] [DEBUG] [P12236:T15604] [phase=frame_stage_notify] [hook=frame_stage_notify] [frame_stage] original end
#10542 [2026-09-17 23:54:34.123] [DEBUG] [P12236:T15604] [phase=frame_stage_notify] [hook=frame_stage_notify] [frame_stage] end stage=1
#10543 [2026-09-17 23:54:34.143] [DEBUG] [P12236:T15604] [phase=frame_stage_notify] [hook=frame_stage_notify] [frame_stage] begin stage=2 this=0x00007FF9936073C0
#10544 [2026-09-17 23:54:34.160] [DEBUG] [P12236:T15604] [phase=frame_stage_notify] [hook=frame_stage_notify] [frame_stage] original begin
#10545 [2026-09-17 23:54:34.178] [DEBUG] [P12236:T15604] [phase=frame_stage_notify] [hook=frame_stage_notify] [frame_stage] original end
#10546 [2026-09-17 23:54:34.196] [DEBUG] [P12236:T15604] [phase=frame_stage_notify] [hook=frame_stage_notify] [frame_stage] end stage=2
#10547 [2026-09-17 23:54:34.215] [DEBUG] [P12236:T15604] [phase=frame_stage_notify] [hook=frame_stage_notify] [frame_stage] begin stage=5 this=0x00007FF9936073C0
#10548 [2026-09-17 23:54:34.234] [DEBUG] [P12236:T15604] [phase=frame_stage_notify] [hook=frame_stage_notify] [frame_stage] original begin
#10549 [2026-09-17 23:54:34.252] [DEBUG] [P12236:T15604] [phase=frame_stage_notify] [hook=frame_stage_notify] [frame_stage] original end
#10550 [2026-09-17 23:54:34.270] [DEBUG] [P12236:T15604] [phase=frame_stage_notify] [hook=frame_stage_notify] [frame_stage] end stage=5
#10551 [2026-09-17 23:54:34.289] [DEBUG] [P12236:T15604] [phase=frame_stage_notify] [hook=frame_stage_notify] [frame_stage] begin stage=6 this=0x00007FF9936073C0
#10552 [2026-09-17 23:54:34.307] [DEBUG] [P12236:T15604] [phase=frame_stage_notify] [hook=frame_stage_notify] [frame_stage] guns begin
#10553 [2026-09-17 23:54:34.325] [DEBUG] [P12236:T15604] [phase=frame_stage_notify] [hook=frame_stage_notify] [frame_stage] guns end
#10554 [2026-09-17 23:54:34.344] [DEBUG] [P12236:T15604] [phase=frame_stage_notify] [hook=frame_stage_notify] [frame_stage] dlight begin
#10555 [2026-09-17 23:54:34.362] [DEBUG] [P12236:T15604] [phase=frame_stage_notify] [hook=frame_stage_notify] [frame_stage] dlight end
#10556 [2026-09-17 23:54:34.381] [DEBUG] [P12236:T15604] [phase=frame_stage_notify] [hook=frame_stage_notify] [frame_stage] original begin
#10557 [2026-09-17 23:54:34.400] [DEBUG] [P12236:T15604] [phase=frame_stage_notify] [hook=frame_stage_notify] [frame_stage] original end
#10558 [2026-09-17 23:54:34.419] [DEBUG] [P12236:T15604] [phase=frame_stage_notify] [hook=frame_stage_notify] [frame_stage] post-network feature updates begin
#10559 [2026-09-17 23:54:34.437] [DEBUG] [P12236:T15604] [phase=frame_stage_notify] [hook=frame_stage_notify] [frame_stage] post-network feature updates end
#10560 [2026-09-17 23:54:34.456] [DEBUG] [P12236:T15604] [phase=frame_stage_notify] [hook=frame_stage_notify] [frame_stage] end stage=6
#10561 [2026-09-17 23:54:34.474] [DEBUG] [P12236:T15604] [phase=frame_stage_notify] [hook=frame_stage_notify] [frame_stage] begin stage=7 this=0x00007FF9936073C0
#10562 [2026-09-17 23:54:34.493] [DEBUG] [P12236:T15604] [phase=frame_stage_notify] [hook=frame_stage_notify] [frame_stage] agents begin
#10563 [2026-09-17 23:54:34.511] [DEBUG] [P12236:T15604] [phase=frame_stage_notify] [hook=frame_stage_notify] [frame_stage] agents end; gloves begin
#10564 [2026-09-17 23:54:34.529] [DEBUG] [P12236:T15604] [phase=frame_stage_notify] [hook=frame_stage_notify] [frame_stage] gloves end; knives begin
#10565 [2026-09-17 23:54:34.547] [DEBUG] [P12236:T15604] [phase=frame_stage_notify] [hook=frame_stage_notify] [frame_stage] knives end; world begin
#10566 [2026-09-17 23:54:34.565] [DEBUG] [P12236:T15604] [phase=frame_stage_notify] [hook=frame_stage_notify] [frame_stage] scene end; weather begin
#10567 [2026-09-17 23:54:34.583] [DEBUG] [P12236:T15604] [phase=frame_stage_notify] [hook=frame_stage_notify] [frame_stage] weather end; other begin
#10568 [2026-09-17 23:54:34.602] [DEBUG] [P12236:T15604] [phase=frame_stage_notify] [hook=frame_stage_notify] [frame_stage] other end; impacts begin
#10569 [2026-09-17 23:54:34.620] [DEBUG] [P12236:T15604] [phase=frame_stage_notify] [hook=frame_stage_notify] [frame_stage] impacts end
#10570 [2026-09-17 23:54:34.638] [DEBUG] [P12236:T15604] [phase=frame_stage_notify] [hook=frame_stage_notify] [frame_stage] original begin
#10571 [2026-09-17 23:54:34.657] [DEBUG] [P12236:T15604] [phase=frame_stage_notify] [hook=frame_stage_notify] [frame_stage] original end
#10572 [2026-09-17 23:54:34.676] [DEBUG] [P12236:T15604] [phase=frame_stage_notify] [hook=frame_stage_notify] [frame_stage] end stage=7
#10573 [2026-09-17 23:54:34.695] [DEBUG] [P12236:T15604] [phase=frame_stage_notify] [hook=frame_stage_notify] [frame_stage] begin stage=8 this=0x00007FF9936073C0
#10574 [2026-09-17 23:54:34.713] [DEBUG] [P12236:T15604] [phase=frame_stage_notify] [hook=frame_stage_notify] [frame_stage] original begin
#10575 [2026-09-17 23:54:34.731] [DEBUG] [P12236:T15604] [phase=frame_stage_notify] [hook=frame_stage_notify] [frame_stage] original end
#10576 [2026-09-17 23:54:34.750] [DEBUG] [P12236:T15604] [phase=frame_stage_notify] [hook=frame_stage_notify] [frame_stage] end stage=8
#10577 [2026-09-17 23:54:34.769] [DEBUG] [P12236:T15604] [phase=frame_stage_notify] [hook=frame_stage_notify] [frame_stage] begin stage=3 this=0x00007FF9936073C0
#10578 [2026-09-17 23:54:34.787] [DEBUG] [P12236:T15604] [phase=frame_stage_notify] [hook=frame_stage_notify] [frame_stage] original begin
#10579 [2026-09-17 23:54:34.806] [DEBUG] [P12236:T15604] [phase=frame_stage_notify] [hook=frame_stage_notify] [frame_stage] original end
#10580 [2026-09-17 23:54:34.825] [DEBUG] [P12236:T15604] [phase=frame_stage_notify] [hook=frame_stage_notify] [frame_stage] end stage=3
#10581 [2026-09-17 23:54:34.844] [DEBUG] [P12236:T15604] [phase=frame_stage_notify] [hook=frame_stage_notify] [frame_stage] begin stage=12 this=0x00007FF9936073C0
#10582 [2026-09-17 23:54:34.863] [DEBUG] [P12236:T15604] [phase=frame_stage_notify] [hook=frame_stage_notify] [frame_stage] original begin
#10583 [2026-09-17 23:54:34.882] [DEBUG] [P12236:T15604] [phase=frame_stage_notify] [hook=frame_stage_notify] [frame_stage] original end
#10584 [2026-09-17 23:54:34.900] [DEBUG] [P12236:T15604] [phase=frame_stage_notify] [hook=frame_stage_notify] [frame_stage] view/frame-data update begin
#10585 [2026-09-17 23:54:34.919] [DEBUG] [P12236:T15604] [phase=frame_stage_notify] [hook=frame_stage_notify] [frame_stage] view/frame-data update end
#10586 [2026-09-17 23:54:34.938] [DEBUG] [P12236:T15604] [phase=frame_stage_notify] [hook=frame_stage_notify] [frame_stage] end stage=12
#10587 [2026-09-17 23:54:34.959] [DEBUG] [P12236:T18300] [phase=present] [hook=present] [present] begin swap_chain=0x00000242DB990F50 sync=0 flags=0x200 ready=1
#10688 [2026-09-17 23:54:34.979] [DEBUG] [P12236:T18300] [phase=present] [hook=present] [present] rendering context updated
#10689 [2026-09-17 23:54:34.997] [DEBUG] [P12236:T18300] [phase=present] [hook=present] [present] forwarding to original
#10690 [2026-09-17 23:54:35.017] [DEBUG] [P12236:T15604] [phase=frame_stage_notify] [hook=frame_stage_notify] [frame_stage] begin stage=0 this=0x00007FF9936073C0
#10694 [2026-09-17 23:54:35.036] [DEBUG] [P12236:T15604] [phase=frame_stage_notify] [hook=frame_stage_notify] [frame_stage] original begin
#10695 [2026-09-17 23:54:35.054] [DEBUG] [P12236:T15604] [phase=frame_stage_notify] [hook=frame_stage_notify] [frame_stage] original end
#10696 [2026-09-17 23:54:35.073] [DEBUG] [P12236:T15604] [phase=frame_stage_notify] [hook=frame_stage_notify] [frame_stage] end stage=0
#10697 [2026-09-17 23:54:35.091] [DEBUG] [P12236:T15604] [phase=frame_stage_notify] [hook=frame_stage_notify] [frame_stage] begin stage=11 this=0x00007FF9936073C0
#10698 [2026-09-17 23:54:35.110] [DEBUG] [P12236:T15604] [phase=frame_stage_notify] [hook=frame_stage_notify] [frame_stage] original begin
#10699 [2026-09-17 23:54:35.129] [DEBUG] [P12236:T15604] [phase=frame_stage_notify] [hook=frame_stage_notify] [frame_stage] original end
#10700 [2026-09-17 23:54:35.148] [DEBUG] [P12236:T15604] [phase=frame_stage_notify] [hook=frame_stage_notify] [frame_stage] end stage=11
#10701 [2026-09-17 23:54:35.167] [DEBUG] [P12236:T15604] [phase=frame_stage_notify] [hook=frame_stage_notify] [frame_stage] begin stage=0 this=0x00007FF9936073C0
#10702 [2026-09-17 23:54:35.186] [DEBUG] [P12236:T15604] [phase=frame_stage_notify] [hook=frame_stage_notify] [frame_stage] original begin
#10703 [2026-09-17 23:54:35.205] [DEBUG] [P12236:T15604] [phase=frame_stage_notify] [hook=frame_stage_notify] [frame_stage] original end
#10704 [2026-09-17 23:54:35.222] [DEBUG] [P12236:T15604] [phase=frame_stage_notify] [hook=frame_stage_notify] [frame_stage] end stage=0
#10705 [2026-09-17 23:54:35.241] [DEBUG] [P12236:T15604] [phase=frame_stage_notify] [hook=frame_stage_notify] [frame_stage] begin stage=11 this=0x00007FF9936073C0
#10706 [2026-09-17 23:54:35.260] [DEBUG] [P12236:T15604] [phase=frame_stage_notify] [hook=frame_stage_notify] [frame_stage] original begin
#10707 [2026-09-17 23:54:35.278] [DEBUG] [P12236:T15604] [phase=frame_stage_notify] [hook=frame_stage_notify] [frame_stage] original end
#10708 [2026-09-17 23:54:35.298] [DEBUG] [P12236:T15604] [phase=frame_stage_notify] [hook=frame_stage_notify] [frame_stage] end stage=11
#10709 [2026-09-17 23:54:35.318] [DEBUG] [P12236:T15604] [phase=frame_stage_notify] [hook=frame_stage_notify] [frame_stage] begin stage=0 this=0x00007FF9936073C0
#10710 [2026-09-17 23:54:35.336] [DEBUG] [P12236:T15604] [phase=frame_stage_notify] [hook=frame_stage_notify] [frame_stage] original begin
#10711 [2026-09-17 23:54:35.355] [DEBUG] [P12236:T15604] [phase=frame_stage_notify] [hook=frame_stage_notify] [frame_stage] original end
#10712 [2026-09-17 23:54:35.376] [DEBUG] [P12236:T15604] [phase=frame_stage_notify] [hook=frame_stage_notify] [frame_stage] end stage=0
#10713 [2026-09-17 23:54:35.394] [DEBUG] [P12236:T15604] [phase=frame_stage_notify] [hook=frame_stage_notify] [frame_stage] begin stage=11 this=0x00007FF9936073C0
#10714 [2026-09-17 23:54:35.412] [DEBUG] [P12236:T15604] [phase=frame_stage_notify] [hook=frame_stage_notify] [frame_stage] original begin
#10715 [2026-09-17 23:54:35.430] [DEBUG] [P12236:T15604] [phase=frame_stage_notify] [hook=frame_stage_notify] [frame_stage] original end
#10716 [2026-09-17 23:54:35.448] [DEBUG] [P12236:T15604] [phase=frame_stage_notify] [hook=frame_stage_notify] [frame_stage] end stage=11
#10717 [2026-09-17 23:54:35.466] [DEBUG] [P12236:T15604] [phase=frame_stage_notify] [hook=frame_stage_notify] [frame_stage] begin stage=0 this=0x00007FF9936073C0
#10718 [2026-09-17 23:54:35.486] [DEBUG] [P12236:T15604] [phase=frame_stage_notify] [hook=frame_stage_notify] [frame_stage] original begin
#10719 [2026-09-17 23:54:35.504] [DEBUG] [P12236:T15604] [phase=frame_stage_notify] [hook=frame_stage_notify] [frame_stage] original end
#10720 [2026-09-17 23:54:35.522] [DEBUG] [P12236:T15604] [phase=frame_stage_notify] [hook=frame_stage_notify] [frame_stage] end stage=0
#10721 [2026-09-17 23:54:35.541] [DEBUG] [P12236:T15604] [phase=frame_stage_notify] [hook=frame_stage_notify] [frame_stage] begin stage=10 this=0x00007FF9936073C0
#10722 [2026-09-17 23:54:35.559] [DEBUG] [P12236:T15604] [phase=frame_stage_notify] [hook=frame_stage_notify] [frame_stage] original begin
#10723 [2026-09-17 23:54:35.578] [DEBUG] [P12236:T15604] [phase=frame_stage_notify] [hook=frame_stage_notify] [frame_stage] original end
#10724 [2026-09-17 23:54:35.598] [DEBUG] [P12236:T15604] [phase=frame_stage_notify] [hook=frame_stage_notify] [frame_stage] end stage=10
#10725 [2026-09-17 23:54:35.616] [DEBUG] [P12236:T15604] [phase=frame_stage_notify] [hook=frame_stage_notify] [frame_stage] begin stage=11 this=0x00007FF9936073C0
#10726 [2026-09-17 23:54:35.635] [DEBUG] [P12236:T15604] [phase=frame_stage_notify] [hook=frame_stage_notify] [frame_stage] original begin
#10727 [2026-09-17 23:54:35.652] [DEBUG] [P12236:T15604] [phase=frame_stage_notify] [hook=frame_stage_notify] [frame_stage] original end
#10728 [2026-09-17 23:54:35.672] [DEBUG] [P12236:T15604] [phase=frame_stage_notify] [hook=frame_stage_notify] [frame_stage] end stage=11
#10729 [2026-09-17 23:54:35.690] [DEBUG] [P12236:T15604] [phase=frame_stage_notify] [hook=frame_stage_notify] [frame_stage] begin stage=1 this=0x00007FF9936073C0
#10730 [2026-09-17 23:54:35.709] [DEBUG] [P12236:T15604] [phase=frame_stage_notify] [hook=frame_stage_notify] [frame_stage] original begin
#10731 [2026-09-17 23:54:35.728] [DEBUG] [P12236:T15604] [phase=frame_stage_notify] [hook=frame_stage_notify] [frame_stage] original end
#10732 [2026-09-17 23:54:35.746] [DEBUG] [P12236:T15604] [phase=frame_stage_notify] [hook=frame_stage_notify] [frame_stage] end stage=1
#10733 [2026-09-17 23:54:35.765] [DEBUG] [P12236:T15604] [phase=frame_stage_notify] [hook=frame_stage_notify] [frame_stage] begin stage=2 this=0x00007FF9936073C0
#10734 [2026-09-17 23:54:35.784] [DEBUG] [P12236:T15604] [phase=frame_stage_notify] [hook=frame_stage_notify] [frame_stage] original begin
#10735 [2026-09-17 23:54:35.802] [DEBUG] [P12236:T15604] [phase=frame_stage_notify] [hook=frame_stage_notify] [frame_stage] original end
#10736 [2026-09-17 23:54:35.822] [DEBUG] [P12236:T15604] [phase=frame_stage_notify] [hook=frame_stage_notify] [frame_stage] end stage=2
#10737 [2026-09-17 23:54:35.840] [DEBUG] [P12236:T15604] [phase=frame_stage_notify] [hook=frame_stage_notify] [frame_stage] begin stage=5 this=0x00007FF9936073C0
#10738 [2026-09-17 23:54:35.857] [DEBUG] [P12236:T15604] [phase=frame_stage_notify] [hook=frame_stage_notify] [frame_stage] original begin
#10739 [2026-09-17 23:54:35.876] [DEBUG] [P12236:T15604] [phase=frame_stage_notify] [hook=frame_stage_notify] [frame_stage] original end
#10740 [2026-09-17 23:54:35.894] [DEBUG] [P12236:T15604] [phase=frame_stage_notify] [hook=frame_stage_notify] [frame_stage] end stage=5
#10741 [2026-09-17 23:54:35.912] [DEBUG] [P12236:T15604] [phase=frame_stage_notify] [hook=frame_stage_notify] [frame_stage] begin stage=6 this=0x00007FF9936073C0
#10742 [2026-09-17 23:54:35.929] [DEBUG] [P12236:T15604] [phase=frame_stage_notify] [hook=frame_stage_notify] [frame_stage] guns begin
#10743 [2026-09-17 23:54:35.948] [DEBUG] [P12236:T15604] [phase=frame_stage_notify] [hook=frame_stage_notify] [frame_stage] guns end
#10744 [2026-09-17 23:54:35.966] [DEBUG] [P12236:T15604] [phase=frame_stage_notify] [hook=frame_stage_notify] [frame_stage] dlight begin
#10745 [2026-09-17 23:54:35.984] [DEBUG] [P12236:T15604] [phase=frame_stage_notify] [hook=frame_stage_notify] [frame_stage] dlight end
#10746 [2026-09-17 23:54:36.003] [DEBUG] [P12236:T15604] [phase=frame_stage_notify] [hook=frame_stage_notify] [frame_stage] original begin
#10747 [2026-09-17 23:54:36.021] [DEBUG] [P12236:T15604] [phase=frame_stage_notify] [hook=frame_stage_notify] [frame_stage] original end
#10748 [2026-09-17 23:54:36.044] [DEBUG] [P12236:T15604] [phase=frame_stage_notify] [hook=frame_stage_notify] [frame_stage] post-network feature updates begin
#10749 [2026-09-17 23:54:36.062] [DEBUG] [P12236:T15604] [phase=frame_stage_notify] [hook=frame_stage_notify] [frame_stage] post-network feature updates end
#10750 [2026-09-17 23:54:36.080] [DEBUG] [P12236:T15604] [phase=frame_stage_notify] [hook=frame_stage_notify] [frame_stage] end stage=6
#10751 [2026-09-17 23:54:36.099] [DEBUG] [P12236:T15604] [phase=frame_stage_notify] [hook=frame_stage_notify] [frame_stage] begin stage=7 this=0x00007FF9936073C0
#10752 [2026-09-17 23:54:36.117] [DEBUG] [P12236:T15604] [phase=frame_stage_notify] [hook=frame_stage_notify] [frame_stage] agents begin
#10753 [2026-09-17 23:54:36.135] [DEBUG] [P12236:T15604] [phase=frame_stage_notify] [hook=frame_stage_notify] [frame_stage] agents end; gloves begin
#10754 [2026-09-17 23:54:36.153] [DEBUG] [P12236:T15604] [phase=frame_stage_notify] [hook=frame_stage_notify] [frame_stage] gloves end; knives begin
#10755 [2026-09-17 23:54:36.172] [DEBUG] [P12236:T15604] [phase=frame_stage_notify] [hook=frame_stage_notify] [frame_stage] knives end; world begin
#10756 [2026-09-17 23:54:36.190] [DEBUG] [P12236:T15604] [phase=frame_stage_notify] [hook=frame_stage_notify] [frame_stage] scene end; weather begin
#10757 [2026-09-17 23:54:36.208] [DEBUG] [P12236:T15604] [phase=frame_stage_notify] [hook=frame_stage_notify] [frame_stage] weather end; other begin
#10758 [2026-09-17 23:54:36.227] [DEBUG] [P12236:T15604] [phase=frame_stage_notify] [hook=frame_stage_notify] [frame_stage] other end; impacts begin
#10759 [2026-09-17 23:54:36.245] [DEBUG] [P12236:T15604] [phase=frame_stage_notify] [hook=frame_stage_notify] [frame_stage] impacts end
#10760 [2026-09-17 23:54:36.263] [DEBUG] [P12236:T15604] [phase=frame_stage_notify] [hook=frame_stage_notify] [frame_stage] original begin
#10761 [2026-09-17 23:54:36.282] [DEBUG] [P12236:T15604] [phase=frame_stage_notify] [hook=frame_stage_notify] [frame_stage] original end
#10762 [2026-09-17 23:54:36.300] [DEBUG] [P12236:T15604] [phase=frame_stage_notify] [hook=frame_stage_notify] [frame_stage] end stage=7
#10763 [2026-09-17 23:54:36.335] [DEBUG] [P12236:T15604] [phase=frame_stage_notify] [hook=frame_stage_notify] [frame_stage] begin stage=8 this=0x00007FF9936073C0
#10764 [2026-09-17 23:54:36.388] [DEBUG] [P12236:T15604] [phase=frame_stage_notify] [hook=frame_stage_notify] [frame_stage] original begin
#10765 [2026-09-17 23:54:36.406] [DEBUG] [P12236:T15604] [phase=frame_stage_notify] [hook=frame_stage_notify] [frame_stage] original end
#10766 [2026-09-17 23:54:36.424] [DEBUG] [P12236:T15604] [phase=frame_stage_notify] [hook=frame_stage_notify] [frame_stage] end stage=8
#10767 [2026-09-17 23:54:36.443] [DEBUG] [P12236:T15604] [phase=frame_stage_notify] [hook=frame_stage_notify] [frame_stage] begin stage=3 this=0x00007FF9936073C0
#10768 [2026-09-17 23:54:36.461] [DEBUG] [P12236:T15604] [phase=frame_stage_notify] [hook=frame_stage_notify] [frame_stage] original begin
#10769 [2026-09-17 23:54:36.480] [DEBUG] [P12236:T15604] [phase=frame_stage_notify] [hook=frame_stage_notify] [frame_stage] original end
#10770 [2026-09-17 23:54:36.499] [DEBUG] [P12236:T15604] [phase=frame_stage_notify] [hook=frame_stage_notify] [frame_stage] end stage=3
#10771 [2026-09-17 23:54:36.517] [DEBUG] [P12236:T15604] [phase=frame_stage_notify] [hook=frame_stage_notify] [frame_stage] begin stage=12 this=0x00007FF9936073C0
#10772 [2026-09-17 23:54:36.536] [DEBUG] [P12236:T15604] [phase=frame_stage_notify] [hook=frame_stage_notify] [frame_stage] original begin
#10773 [2026-09-17 23:54:36.555] [DEBUG] [P12236:T15604] [phase=frame_stage_notify] [hook=frame_stage_notify] [frame_stage] original end
#10774 [2026-09-17 23:54:36.573] [DEBUG] [P12236:T15604] [phase=frame_stage_notify] [hook=frame_stage_notify] [frame_stage] view/frame-data update begin
#10775 [2026-09-17 23:54:36.592] [DEBUG] [P12236:T15604] [phase=frame_stage_notify] [hook=frame_stage_notify] [frame_stage] view/frame-data update end
#10776 [2026-09-17 23:54:36.611] [DEBUG] [P12236:T15604] [phase=frame_stage_notify] [hook=frame_stage_notify] [frame_stage] end stage=12
#10777 [2026-09-17 23:54:36.632] [DEBUG] [P12236:T18300] [phase=present] [hook=present] [present] begin swap_chain=0x00000242DB990F50 sync=0 flags=0x200 ready=1
#10878 [2026-09-17 23:54:36.652] [DEBUG] [P12236:T18300] [phase=present] [hook=present] [present] rendering context updated
#10879 [2026-09-17 23:54:36.670] [DEBUG] [P12236:T18300] [phase=present] [hook=present] [present] forwarding to original
#10880 [2026-09-17 23:54:36.689] [DEBUG] [P12236:T15604] [phase=frame_stage_notify] [hook=frame_stage_notify] [frame_stage] begin stage=0 this=0x00007FF9936073C0
#10884 [2026-09-17 23:54:36.708] [DEBUG] [P12236:T15604] [phase=frame_stage_notify] [hook=frame_stage_notify] [frame_stage] original begin
#10885 [2026-09-17 23:54:36.727] [DEBUG] [P12236:T15604] [phase=frame_stage_notify] [hook=frame_stage_notify] [frame_stage] original end
#10886 [2026-09-17 23:54:36.762] [DEBUG] [P12236:T15604] [phase=frame_stage_notify] [hook=frame_stage_notify] [frame_stage] end stage=0
#10887 [2026-09-17 23:54:36.781] [DEBUG] [P12236:T15604] [phase=frame_stage_notify] [hook=frame_stage_notify] [frame_stage] begin stage=11 this=0x00007FF9936073C0
#10888 [2026-09-17 23:54:36.799] [DEBUG] [P12236:T15604] [phase=frame_stage_notify] [hook=frame_stage_notify] [frame_stage] original begin
#10889 [2026-09-17 23:54:36.818] [DEBUG] [P12236:T15604] [phase=frame_stage_notify] [hook=frame_stage_notify] [frame_stage] original end
#10890 [2026-09-17 23:54:36.837] [DEBUG] [P12236:T15604] [phase=frame_stage_notify] [hook=frame_stage_notify] [frame_stage] end stage=11
#10891 [2026-09-17 23:54:36.855] [DEBUG] [P12236:T15604] [phase=frame_stage_notify] [hook=frame_stage_notify] [frame_stage] begin stage=0 this=0x00007FF9936073C0
#10892 [2026-09-17 23:54:36.873] [DEBUG] [P12236:T15604] [phase=frame_stage_notify] [hook=frame_stage_notify] [frame_stage] original begin
#10893 [2026-09-17 23:54:36.892] [DEBUG] [P12236:T15604] [phase=frame_stage_notify] [hook=frame_stage_notify] [frame_stage] original end
#10894 [2026-09-17 23:54:36.910] [DEBUG] [P12236:T15604] [phase=frame_stage_notify] [hook=frame_stage_notify] [frame_stage] end stage=0
#10895 [2026-09-17 23:54:36.929] [DEBUG] [P12236:T15604] [phase=frame_stage_notify] [hook=frame_stage_notify] [frame_stage] begin stage=11 this=0x00007FF9936073C0
#10896 [2026-09-17 23:54:36.948] [DEBUG] [P12236:T15604] [phase=frame_stage_notify] [hook=frame_stage_notify] [frame_stage] original begin
#10897 [2026-09-17 23:54:36.966] [DEBUG] [P12236:T15604] [phase=frame_stage_notify] [hook=frame_stage_notify] [frame_stage] original end
#10898 [2026-09-17 23:54:36.984] [DEBUG] [P12236:T15604] [phase=frame_stage_notify] [hook=frame_stage_notify] [frame_stage] end stage=11
#10899 [2026-09-17 23:54:37.004] [DEBUG] [P12236:T15604] [phase=frame_stage_notify] [hook=frame_stage_notify] [frame_stage] begin stage=0 this=0x00007FF9936073C0
#10900 [2026-09-17 23:54:37.022] [DEBUG] [P12236:T15604] [phase=frame_stage_notify] [hook=frame_stage_notify] [frame_stage] original begin
#10901 [2026-09-17 23:54:37.041] [DEBUG] [P12236:T15604] [phase=frame_stage_notify] [hook=frame_stage_notify] [frame_stage] original end
#10902 [2026-09-17 23:54:37.059] [DEBUG] [P12236:T15604] [phase=frame_stage_notify] [hook=frame_stage_notify] [frame_stage] end stage=0
#10903 [2026-09-17 23:54:37.078] [DEBUG] [P12236:T15604] [phase=frame_stage_notify] [hook=frame_stage_notify] [frame_stage] begin stage=11 this=0x00007FF9936073C0
#10904 [2026-09-17 23:54:37.097] [DEBUG] [P12236:T15604] [phase=frame_stage_notify] [hook=frame_stage_notify] [frame_stage] original begin
#10905 [2026-09-17 23:54:37.115] [DEBUG] [P12236:T15604] [phase=frame_stage_notify] [hook=frame_stage_notify] [frame_stage] original end
#10906 [2026-09-17 23:54:37.133] [DEBUG] [P12236:T15604] [phase=frame_stage_notify] [hook=frame_stage_notify] [frame_stage] end stage=11
#10907 [2026-09-17 23:54:37.153] [DEBUG] [P12236:T15604] [phase=frame_stage_notify] [hook=frame_stage_notify] [frame_stage] begin stage=0 this=0x00007FF9936073C0
#10908 [2026-09-17 23:54:37.171] [DEBUG] [P12236:T15604] [phase=frame_stage_notify] [hook=frame_stage_notify] [frame_stage] original begin
#10909 [2026-09-17 23:54:37.189] [DEBUG] [P12236:T15604] [phase=frame_stage_notify] [hook=frame_stage_notify] [frame_stage] original end
#10910 [2026-09-17 23:54:37.207] [DEBUG] [P12236:T15604] [phase=frame_stage_notify] [hook=frame_stage_notify] [frame_stage] end stage=0
#10911 [2026-09-17 23:54:37.225] [DEBUG] [P12236:T15604] [phase=frame_stage_notify] [hook=frame_stage_notify] [frame_stage] begin stage=10 this=0x00007FF9936073C0
#10912 [2026-09-17 23:54:37.244] [DEBUG] [P12236:T15604] [phase=frame_stage_notify] [hook=frame_stage_notify] [frame_stage] original begin
#10913 [2026-09-17 23:54:37.263] [DEBUG] [P12236:T15604] [phase=frame_stage_notify] [hook=frame_stage_notify] [frame_stage] original end
#10914 [2026-09-17 23:54:37.281] [DEBUG] [P12236:T15604] [phase=frame_stage_notify] [hook=frame_stage_notify] [frame_stage] end stage=10
#10915 [2026-09-17 23:54:37.299] [DEBUG] [P12236:T15604] [phase=frame_stage_notify] [hook=frame_stage_notify] [frame_stage] begin stage=11 this=0x00007FF9936073C0
#10916 [2026-09-17 23:54:37.318] [DEBUG] [P12236:T15604] [phase=frame_stage_notify] [hook=frame_stage_notify] [frame_stage] original begin
#10917 [2026-09-17 23:54:37.335] [DEBUG] [P12236:T15604] [phase=frame_stage_notify] [hook=frame_stage_notify] [frame_stage] original end
#10918 [2026-09-17 23:54:37.354] [DEBUG] [P12236:T15604] [phase=frame_stage_notify] [hook=frame_stage_notify] [frame_stage] end stage=11
#10919 [2026-09-17 23:54:37.374] [DEBUG] [P12236:T15604] [phase=frame_stage_notify] [hook=frame_stage_notify] [frame_stage] begin stage=1 this=0x00007FF9936073C0
#10920 [2026-09-17 23:54:37.393] [DEBUG] [P12236:T15604] [phase=frame_stage_notify] [hook=frame_stage_notify] [frame_stage] original begin
#10921 [2026-09-17 23:54:37.411] [DEBUG] [P12236:T15604] [phase=frame_stage_notify] [hook=frame_stage_notify] [frame_stage] original end
#10922 [2026-09-17 23:54:37.430] [DEBUG] [P12236:T15604] [phase=frame_stage_notify] [hook=frame_stage_notify] [frame_stage] end stage=1
#10923 [2026-09-17 23:54:37.448] [DEBUG] [P12236:T15604] [phase=frame_stage_notify] [hook=frame_stage_notify] [frame_stage] begin stage=2 this=0x00007FF9936073C0
#10924 [2026-09-17 23:54:37.468] [DEBUG] [P12236:T15604] [phase=frame_stage_notify] [hook=frame_stage_notify] [frame_stage] original begin
#10925 [2026-09-17 23:54:37.506] [DEBUG] [P12236:T15604] [phase=frame_stage_notify] [hook=frame_stage_notify] [frame_stage] original end
#10926 [2026-09-17 23:54:37.524] [DEBUG] [P12236:T15604] [phase=frame_stage_notify] [hook=frame_stage_notify] [frame_stage] end stage=2
#10927 [2026-09-17 23:54:37.542] [DEBUG] [P12236:T15604] [phase=frame_stage_notify] [hook=frame_stage_notify] [frame_stage] begin stage=5 this=0x00007FF9936073C0
#10928 [2026-09-17 23:54:37.561] [DEBUG] [P12236:T15604] [phase=frame_stage_notify] [hook=frame_stage_notify] [frame_stage] original begin
#10929 [2026-09-17 23:54:37.580] [DEBUG] [P12236:T15604] [phase=frame_stage_notify] [hook=frame_stage_notify] [frame_stage] original end
#10930 [2026-09-17 23:54:37.600] [DEBUG] [P12236:T15604] [phase=frame_stage_notify] [hook=frame_stage_notify] [frame_stage] end stage=5
#10931 [2026-09-17 23:54:37.618] [DEBUG] [P12236:T15604] [phase=frame_stage_notify] [hook=frame_stage_notify] [frame_stage] begin stage=6 this=0x00007FF9936073C0
#10932 [2026-09-17 23:54:37.636] [DEBUG] [P12236:T15604] [phase=frame_stage_notify] [hook=frame_stage_notify] [frame_stage] guns begin
#10933 [2026-09-17 23:54:37.653] [DEBUG] [P12236:T15604] [phase=frame_stage_notify] [hook=frame_stage_notify] [frame_stage] guns end
#10934 [2026-09-17 23:54:37.671] [DEBUG] [P12236:T15604] [phase=frame_stage_notify] [hook=frame_stage_notify] [frame_stage] dlight begin
#10935 [2026-09-17 23:54:37.689] [DEBUG] [P12236:T15604] [phase=frame_stage_notify] [hook=frame_stage_notify] [frame_stage] dlight end
#10936 [2026-09-17 23:54:37.713] [DEBUG] [P12236:T15604] [phase=frame_stage_notify] [hook=frame_stage_notify] [frame_stage] original begin
#10937 [2026-09-17 23:54:37.732] [DEBUG] [P12236:T15604] [phase=frame_stage_notify] [hook=frame_stage_notify] [frame_stage] original end
#10938 [2026-09-17 23:54:37.750] [DEBUG] [P12236:T15604] [phase=frame_stage_notify] [hook=frame_stage_notify] [frame_stage] post-network feature updates begin
#10939 [2026-09-17 23:54:37.769] [DEBUG] [P12236:T15604] [phase=frame_stage_notify] [hook=frame_stage_notify] [frame_stage] post-network feature updates end
#10940 [2026-09-17 23:54:37.788] [DEBUG] [P12236:T15604] [phase=frame_stage_notify] [hook=frame_stage_notify] [frame_stage] end stage=6
#10941 [2026-09-17 23:54:37.806] [DEBUG] [P12236:T15604] [phase=frame_stage_notify] [hook=frame_stage_notify] [frame_stage] begin stage=7 this=0x00007FF9936073C0
#10942 [2026-09-17 23:54:37.825] [DEBUG] [P12236:T15604] [phase=frame_stage_notify] [hook=frame_stage_notify] [frame_stage] agents begin
#10943 [2026-09-17 23:54:37.843] [DEBUG] [P12236:T15604] [phase=frame_stage_notify] [hook=frame_stage_notify] [frame_stage] agents end; gloves begin
#10944 [2026-09-17 23:54:37.862] [DEBUG] [P12236:T15604] [phase=frame_stage_notify] [hook=frame_stage_notify] [frame_stage] gloves end; knives begin
#10945 [2026-09-17 23:54:37.880] [DEBUG] [P12236:T15604] [phase=frame_stage_notify] [hook=frame_stage_notify] [frame_stage] knives end; world begin
#10946 [2026-09-17 23:54:37.898] [DEBUG] [P12236:T15604] [phase=frame_stage_notify] [hook=frame_stage_notify] [frame_stage] scene end; weather begin
#10947 [2026-09-17 23:54:37.916] [DEBUG] [P12236:T15604] [phase=frame_stage_notify] [hook=frame_stage_notify] [frame_stage] weather end; other begin
#10948 [2026-09-17 23:54:37.934] [DEBUG] [P12236:T15604] [phase=frame_stage_notify] [hook=frame_stage_notify] [frame_stage] other end; impacts begin
#10949 [2026-09-17 23:54:37.953] [DEBUG] [P12236:T15604] [phase=frame_stage_notify] [hook=frame_stage_notify] [frame_stage] impacts end
#10950 [2026-09-17 23:54:37.982] [DEBUG] [P12236:T15604] [phase=frame_stage_notify] [hook=frame_stage_notify] [frame_stage] original begin
#10951 [2026-09-17 23:54:38.000] [DEBUG] [P12236:T15604] [phase=frame_stage_notify] [hook=frame_stage_notify] [frame_stage] original end
#10952 [2026-09-17 23:54:38.018] [DEBUG] [P12236:T15604] [phase=frame_stage_notify] [hook=frame_stage_notify] [frame_stage] end stage=7
#10953 [2026-09-17 23:54:38.036] [DEBUG] [P12236:T15604] [phase=frame_stage_notify] [hook=frame_stage_notify] [frame_stage] begin stage=8 this=0x00007FF9936073C0
#10954 [2026-09-17 23:54:38.055] [DEBUG] [P12236:T15604] [phase=frame_stage_notify] [hook=frame_stage_notify] [frame_stage] original begin
#10955 [2026-09-17 23:54:38.074] [DEBUG] [P12236:T15604] [phase=frame_stage_notify] [hook=frame_stage_notify] [frame_stage] original end
#10956 [2026-09-17 23:54:38.092] [DEBUG] [P12236:T15604] [phase=frame_stage_notify] [hook=frame_stage_notify] [frame_stage] end stage=8
#10957 [2026-09-17 23:54:38.110] [DEBUG] [P12236:T15604] [phase=frame_stage_notify] [hook=frame_stage_notify] [frame_stage] begin stage=3 this=0x00007FF9936073C0
#10958 [2026-09-17 23:54:38.128] [DEBUG] [P12236:T15604] [phase=frame_stage_notify] [hook=frame_stage_notify] [frame_stage] original begin
#10959 [2026-09-17 23:54:38.147] [DEBUG] [P12236:T15604] [phase=frame_stage_notify] [hook=frame_stage_notify] [frame_stage] original end
#10960 [2026-09-17 23:54:38.165] [DEBUG] [P12236:T15604] [phase=frame_stage_notify] [hook=frame_stage_notify] [frame_stage] end stage=3
#10961 [2026-09-17 23:54:38.184] [DEBUG] [P12236:T15604] [phase=frame_stage_notify] [hook=frame_stage_notify] [frame_stage] begin stage=12 this=0x00007FF9936073C0
#10962 [2026-09-17 23:54:38.203] [DEBUG] [P12236:T15604] [phase=frame_stage_notify] [hook=frame_stage_notify] [frame_stage] original begin
#10963 [2026-09-17 23:54:38.222] [DEBUG] [P12236:T15604] [phase=frame_stage_notify] [hook=frame_stage_notify] [frame_stage] original end
#10964 [2026-09-17 23:54:38.240] [DEBUG] [P12236:T15604] [phase=frame_stage_notify] [hook=frame_stage_notify] [frame_stage] view/frame-data update begin
#10965 [2026-09-17 23:54:38.258] [DEBUG] [P12236:T15604] [phase=frame_stage_notify] [hook=frame_stage_notify] [frame_stage] view/frame-data update end
#10966 [2026-09-17 23:54:38.276] [DEBUG] [P12236:T15604] [phase=frame_stage_notify] [hook=frame_stage_notify] [frame_stage] end stage=12
#10967 [2026-09-17 23:54:38.298] [DEBUG] [P12236:T15604] [phase=frame_stage_notify] [hook=frame_stage_notify] [frame_stage] begin stage=0 this=0x00007FF9936073C0
#10971 [2026-09-17 23:54:38.316] [DEBUG] [P12236:T15604] [phase=frame_stage_notify] [hook=frame_stage_notify] [frame_stage] original begin
#10972 [2026-09-17 23:54:38.334] [DEBUG] [P12236:T15604] [phase=frame_stage_notify] [hook=frame_stage_notify] [frame_stage] original end
#10973 [2026-09-17 23:54:38.353] [DEBUG] [P12236:T15604] [phase=frame_stage_notify] [hook=frame_stage_notify] [frame_stage] end stage=0
#10974 [2026-09-17 23:54:38.373] [DEBUG] [P12236:T15604] [phase=frame_stage_notify] [hook=frame_stage_notify] [frame_stage] begin stage=11 this=0x00007FF9936073C0
#10975 [2026-09-17 23:54:38.392] [DEBUG] [P12236:T15604] [phase=frame_stage_notify] [hook=frame_stage_notify] [frame_stage] original begin
#10976 [2026-09-17 23:54:38.410] [DEBUG] [P12236:T15604] [phase=frame_stage_notify] [hook=frame_stage_notify] [frame_stage] original end
#10977 [2026-09-17 23:54:38.427] [DEBUG] [P12236:T15604] [phase=frame_stage_notify] [hook=frame_stage_notify] [frame_stage] end stage=11
#10978 [2026-09-17 23:54:38.446] [DEBUG] [P12236:T15604] [phase=frame_stage_notify] [hook=frame_stage_notify] [frame_stage] begin stage=0 this=0x00007FF9936073C0
#10979 [2026-09-17 23:54:38.464] [DEBUG] [P12236:T15604] [phase=frame_stage_notify] [hook=frame_stage_notify] [frame_stage] original begin
#10980 [2026-09-17 23:54:38.482] [DEBUG] [P12236:T15604] [phase=frame_stage_notify] [hook=frame_stage_notify] [frame_stage] original end
#10981 [2026-09-17 23:54:38.500] [DEBUG] [P12236:T15604] [phase=frame_stage_notify] [hook=frame_stage_notify] [frame_stage] end stage=0
#10982 [2026-09-17 23:54:38.519] [DEBUG] [P12236:T15604] [phase=frame_stage_notify] [hook=frame_stage_notify] [frame_stage] begin stage=11 this=0x00007FF9936073C0
#10983 [2026-09-17 23:54:38.538] [DEBUG] [P12236:T15604] [phase=frame_stage_notify] [hook=frame_stage_notify] [frame_stage] original begin
#10984 [2026-09-17 23:54:38.556] [DEBUG] [P12236:T15604] [phase=frame_stage_notify] [hook=frame_stage_notify] [frame_stage] original end
#10985 [2026-09-17 23:54:38.573] [DEBUG] [P12236:T15604] [phase=frame_stage_notify] [hook=frame_stage_notify] [frame_stage] end stage=11
#10986 [2026-09-17 23:54:38.593] [DEBUG] [P12236:T15604] [phase=frame_stage_notify] [hook=frame_stage_notify] [frame_stage] begin stage=0 this=0x00007FF9936073C0
#10987 [2026-09-17 23:54:38.611] [DEBUG] [P12236:T15604] [phase=frame_stage_notify] [hook=frame_stage_notify] [frame_stage] original begin
#10988 [2026-09-17 23:54:38.630] [DEBUG] [P12236:T15604] [phase=frame_stage_notify] [hook=frame_stage_notify] [frame_stage] original end
#10989 [2026-09-17 23:54:38.664] [DEBUG] [P12236:T15604] [phase=frame_stage_notify] [hook=frame_stage_notify] [frame_stage] end stage=0
#10990 [2026-09-17 23:54:38.719] [DEBUG] [P12236:T15604] [phase=frame_stage_notify] [hook=frame_stage_notify] [frame_stage] begin stage=11 this=0x00007FF9936073C0
#10991 [2026-09-17 23:54:38.736] [DEBUG] [P12236:T15604] [phase=frame_stage_notify] [hook=frame_stage_notify] [frame_stage] original begin
#10992 [2026-09-17 23:54:38.754] [DEBUG] [P12236:T15604] [phase=frame_stage_notify] [hook=frame_stage_notify] [frame_stage] original end
#10993 [2026-09-17 23:54:38.773] [DEBUG] [P12236:T15604] [phase=frame_stage_notify] [hook=frame_stage_notify] [frame_stage] end stage=11
#10994 [2026-09-17 23:54:38.791] [DEBUG] [P12236:T15604] [phase=frame_stage_notify] [hook=frame_stage_notify] [frame_stage] begin stage=0 this=0x00007FF9936073C0
#10995 [2026-09-17 23:54:38.809] [DEBUG] [P12236:T15604] [phase=frame_stage_notify] [hook=frame_stage_notify] [frame_stage] original begin
#10996 [2026-09-17 23:54:38.846] [DEBUG] [P12236:T15604] [phase=frame_stage_notify] [hook=frame_stage_notify] [frame_stage] original end
#10997 [2026-09-17 23:54:38.865] [DEBUG] [P12236:T15604] [phase=frame_stage_notify] [hook=frame_stage_notify] [frame_stage] end stage=0
#10998 [2026-09-17 23:54:38.886] [DEBUG] [P12236:T15604] [phase=frame_stage_notify] [hook=frame_stage_notify] [frame_stage] begin stage=11 this=0x00007FF9936073C0
#10999 [2026-09-17 23:54:38.904] [DEBUG] [P12236:T15604] [phase=frame_stage_notify] [hook=frame_stage_notify] [frame_stage] original begin
#11000 [2026-09-17 23:54:38.922] [DEBUG] [P12236:T15604] [phase=frame_stage_notify] [hook=frame_stage_notify] [frame_stage] original end
#11001 [2026-09-17 23:54:38.940] [DEBUG] [P12236:T15604] [phase=frame_stage_notify] [hook=frame_stage_notify] [frame_stage] end stage=11
#11002 [2026-09-17 23:54:38.959] [DEBUG] [P12236:T15604] [phase=frame_stage_notify] [hook=frame_stage_notify] [frame_stage] begin stage=0 this=0x00007FF9936073C0
#11003 [2026-09-17 23:54:38.977] [DEBUG] [P12236:T15604] [phase=frame_stage_notify] [hook=frame_stage_notify] [frame_stage] original begin
#11004 [2026-09-17 23:54:38.997] [DEBUG] [P12236:T15604] [phase=frame_stage_notify] [hook=frame_stage_notify] [frame_stage] original end
#11005 [2026-09-17 23:54:39.015] [DEBUG] [P12236:T15604] [phase=frame_stage_notify] [hook=frame_stage_notify] [frame_stage] end stage=0
#11006 [2026-09-17 23:54:39.034] [DEBUG] [P12236:T15604] [phase=frame_stage_notify] [hook=frame_stage_notify] [frame_stage] begin stage=11 this=0x00007FF9936073C0
#11007 [2026-09-17 23:54:39.052] [DEBUG] [P12236:T15604] [phase=frame_stage_notify] [hook=frame_stage_notify] [frame_stage] original begin
#11008 [2026-09-17 23:54:39.070] [DEBUG] [P12236:T15604] [phase=frame_stage_notify] [hook=frame_stage_notify] [frame_stage] original end
#11009 [2026-09-17 23:54:39.088] [DEBUG] [P12236:T15604] [phase=frame_stage_notify] [hook=frame_stage_notify] [frame_stage] end stage=11
#11010 [2026-09-17 23:54:39.106] [DEBUG] [P12236:T15604] [phase=frame_stage_notify] [hook=frame_stage_notify] [frame_stage] begin stage=0 this=0x00007FF9936073C0
#11011 [2026-09-17 23:54:39.125] [DEBUG] [P12236:T15604] [phase=frame_stage_notify] [hook=frame_stage_notify] [frame_stage] original begin
#11012 [2026-09-17 23:54:39.143] [DEBUG] [P12236:T15604] [phase=frame_stage_notify] [hook=frame_stage_notify] [frame_stage] original end
#11013 [2026-09-17 23:54:39.162] [DEBUG] [P12236:T15604] [phase=frame_stage_notify] [hook=frame_stage_notify] [frame_stage] end stage=0
#11014 [2026-09-17 23:54:39.181] [DEBUG] [P12236:T15604] [phase=frame_stage_notify] [hook=frame_stage_notify] [frame_stage] begin stage=10 this=0x00007FF9936073C0
#11015 [2026-09-17 23:54:39.200] [DEBUG] [P12236:T15604] [phase=frame_stage_notify] [hook=frame_stage_notify] [frame_stage] original begin
#11016 [2026-09-17 23:54:39.219] [DEBUG] [P12236:T15604] [phase=frame_stage_notify] [hook=frame_stage_notify] [frame_stage] original end
#11017 [2026-09-17 23:54:39.237] [DEBUG] [P12236:T15604] [phase=frame_stage_notify] [hook=frame_stage_notify] [frame_stage] end stage=10
#11018 [2026-09-17 23:54:39.255] [DEBUG] [P12236:T15604] [phase=frame_stage_notify] [hook=frame_stage_notify] [frame_stage] begin stage=11 this=0x00007FF9936073C0
#11019 [2026-09-17 23:54:39.275] [DEBUG] [P12236:T15604] [phase=frame_stage_notify] [hook=frame_stage_notify] [frame_stage] original begin
#11020 [2026-09-17 23:54:39.294] [DEBUG] [P12236:T15604] [phase=frame_stage_notify] [hook=frame_stage_notify] [frame_stage] original end
#11021 [2026-09-17 23:54:39.312] [DEBUG] [P12236:T15604] [phase=frame_stage_notify] [hook=frame_stage_notify] [frame_stage] end stage=11
#11022 [2026-09-17 23:54:39.331] [DEBUG] [P12236:T15604] [phase=frame_stage_notify] [hook=frame_stage_notify] [frame_stage] begin stage=1 this=0x00007FF9936073C0
#11023 [2026-09-17 23:54:39.348] [DEBUG] [P12236:T15604] [phase=frame_stage_notify] [hook=frame_stage_notify] [frame_stage] original begin
#11024 [2026-09-17 23:54:39.367] [DEBUG] [P12236:T15604] [phase=frame_stage_notify] [hook=frame_stage_notify] [frame_stage] original end
#11025 [2026-09-17 23:54:39.386] [DEBUG] [P12236:T15604] [phase=frame_stage_notify] [hook=frame_stage_notify] [frame_stage] end stage=1
#11026 [2026-09-17 23:54:39.404] [DEBUG] [P12236:T15604] [phase=frame_stage_notify] [hook=frame_stage_notify] [frame_stage] begin stage=2 this=0x00007FF9936073C0
#11027 [2026-09-17 23:54:39.422] [DEBUG] [P12236:T15604] [phase=frame_stage_notify] [hook=frame_stage_notify] [frame_stage] original begin
#11028 [2026-09-17 23:54:39.440] [DEBUG] [P12236:T15604] [phase=frame_stage_notify] [hook=frame_stage_notify] [frame_stage] original end
#11029 [2026-09-17 23:54:39.458] [DEBUG] [P12236:T15604] [phase=frame_stage_notify] [hook=frame_stage_notify] [frame_stage] end stage=2
#11030 [2026-09-17 23:54:39.477] [DEBUG] [P12236:T15604] [phase=frame_stage_notify] [hook=frame_stage_notify] [frame_stage] begin stage=5 this=0x00007FF9936073C0
#11031 [2026-09-17 23:54:39.496] [DEBUG] [P12236:T15604] [phase=frame_stage_notify] [hook=frame_stage_notify] [frame_stage] original begin
#11032 [2026-09-17 23:54:39.515] [DEBUG] [P12236:T15604] [phase=frame_stage_notify] [hook=frame_stage_notify] [frame_stage] original end
#11033 [2026-09-17 23:54:39.534] [DEBUG] [P12236:T15604] [phase=frame_stage_notify] [hook=frame_stage_notify] [frame_stage] end stage=5
#11034 [2026-09-17 23:54:39.551] [DEBUG] [P12236:T15604] [phase=frame_stage_notify] [hook=frame_stage_notify] [frame_stage] begin stage=6 this=0x00007FF9936073C0
#11035 [2026-09-17 23:54:39.570] [DEBUG] [P12236:T15604] [phase=frame_stage_notify] [hook=frame_stage_notify] [frame_stage] guns begin
#11036 [2026-09-17 23:54:39.587] [DEBUG] [P12236:T15604] [phase=frame_stage_notify] [hook=frame_stage_notify] [frame_stage] guns end
#11037 [2026-09-17 23:54:39.606] [DEBUG] [P12236:T15604] [phase=frame_stage_notify] [hook=frame_stage_notify] [frame_stage] dlight begin
#11038 [2026-09-17 23:54:39.624] [DEBUG] [P12236:T15604] [phase=frame_stage_notify] [hook=frame_stage_notify] [frame_stage] dlight end
#11039 [2026-09-17 23:54:39.643] [DEBUG] [P12236:T15604] [phase=frame_stage_notify] [hook=frame_stage_notify] [frame_stage] original begin
#11040 [2026-09-17 23:54:39.660] [DEBUG] [P12236:T15604] [phase=frame_stage_notify] [hook=frame_stage_notify] [frame_stage] original end
#11041 [2026-09-17 23:54:39.679] [DEBUG] [P12236:T15604] [phase=frame_stage_notify] [hook=frame_stage_notify] [frame_stage] post-network feature updates begin
#11042 [2026-09-17 23:54:39.697] [DEBUG] [P12236:T15604] [phase=frame_stage_notify] [hook=frame_stage_notify] [frame_stage] post-network feature updates end
#11043 [2026-09-17 23:54:39.715] [DEBUG] [P12236:T15604] [phase=frame_stage_notify] [hook=frame_stage_notify] [frame_stage] end stage=6
#11044 [2026-09-17 23:54:39.734] [DEBUG] [P12236:T15604] [phase=frame_stage_notify] [hook=frame_stage_notify] [frame_stage] begin stage=7 this=0x00007FF9936073C0
#11045 [2026-09-17 23:54:39.751] [DEBUG] [P12236:T15604] [phase=frame_stage_notify] [hook=frame_stage_notify] [frame_stage] agents begin
#11046 [2026-09-17 23:54:39.769] [DEBUG] [P12236:T15604] [phase=frame_stage_notify] [hook=frame_stage_notify] [frame_stage] agents end; gloves begin
#11047 [2026-09-17 23:54:39.788] [DEBUG] [P12236:T15604] [phase=frame_stage_notify] [hook=frame_stage_notify] [frame_stage] gloves end; knives begin
#11048 [2026-09-17 23:54:39.806] [DEBUG] [P12236:T15604] [phase=frame_stage_notify] [hook=frame_stage_notify] [frame_stage] knives end; world begin
#11049 [2026-09-17 23:54:39.826] [DEBUG] [P12236:T15604] [phase=frame_stage_notify] [hook=frame_stage_notify] [frame_stage] scene end; weather begin
#11050 [2026-09-17 23:54:39.844] [DEBUG] [P12236:T15604] [phase=frame_stage_notify] [hook=frame_stage_notify] [frame_stage] weather end; other begin
#11051 [2026-09-17 23:54:39.862] [DEBUG] [P12236:T15604] [phase=frame_stage_notify] [hook=frame_stage_notify] [frame_stage] other end; impacts begin
#11052 [2026-09-17 23:54:39.879] [DEBUG] [P12236:T15604] [phase=frame_stage_notify] [hook=frame_stage_notify] [frame_stage] impacts end
#11053 [2026-09-17 23:54:39.897] [DEBUG] [P12236:T15604] [phase=frame_stage_notify] [hook=frame_stage_notify] [frame_stage] original begin
#11054 [2026-09-17 23:54:39.916] [DEBUG] [P12236:T15604] [phase=frame_stage_notify] [hook=frame_stage_notify] [frame_stage] original end
#11055 [2026-09-17 23:54:39.935] [DEBUG] [P12236:T15604] [phase=frame_stage_notify] [hook=frame_stage_notify] [frame_stage] end stage=7
#11056 [2026-09-17 23:54:39.989] [DEBUG] [P12236:T15604] [phase=none] [hook=frame_stage_notify] hook enter name=frame_stage_notify arg0=0x00007FF9936073C0 arg1=0x0000000000000008 arg2=0x0000000000000000 arg3=0x0000000000000000
#11057 [2026-09-17 23:54:40.007] [DEBUG] [P12236:T15604] [phase=frame_stage_notify] [hook=frame_stage_notify] [frame_stage] begin stage=8 this=0x00007FF9936073C0
#11058 [2026-09-17 23:54:40.024] [DEBUG] [P12236:T15604] [phase=frame_stage_notify] [hook=frame_stage_notify] [frame_stage] original begin
#11059 [2026-09-17 23:54:40.043] [DEBUG] [P12236:T15604] [phase=frame_stage_notify] [hook=frame_stage_notify] [frame_stage] original end
#11060 [2026-09-17 23:54:40.061] [DEBUG] [P12236:T15604] [phase=frame_stage_notify] [hook=frame_stage_notify] [frame_stage] end stage=8
#11061 [2026-09-17 23:54:40.080] [DEBUG] [P12236:T15604] [phase=none] [hook=frame_stage_notify] hook leave name=frame_stage_notify duration_ms=78
#11062 [2026-09-17 23:54:40.098] [DEBUG] [P12236:T15604] [phase=frame_stage_notify] [hook=frame_stage_notify] [frame_stage] begin stage=3 this=0x00007FF9936073C0
#11063 [2026-09-17 23:54:40.115] [DEBUG] [P12236:T15604] [phase=frame_stage_notify] [hook=frame_stage_notify] [frame_stage] original begin
#11064 [2026-09-17 23:54:40.133] [DEBUG] [P12236:T15604] [phase=frame_stage_notify] [hook=frame_stage_notify] [frame_stage] original end
#11065 [2026-09-17 23:54:40.152] [DEBUG] [P12236:T15604] [phase=frame_stage_notify] [hook=frame_stage_notify] [frame_stage] end stage=3
#11066 [2026-09-17 23:54:40.171] [DEBUG] [P12236:T15604] [phase=frame_stage_notify] [hook=frame_stage_notify] [frame_stage] begin stage=12 this=0x00007FF9936073C0
#11067 [2026-09-17 23:54:40.206] [DEBUG] [P12236:T15604] [phase=frame_stage_notify] [hook=frame_stage_notify] [frame_stage] original begin
#11068 [2026-09-17 23:54:40.242] [DEBUG] [P12236:T15604] [phase=frame_stage_notify] [hook=frame_stage_notify] [frame_stage] original end
#11069 [2026-09-17 23:54:40.280] [DEBUG] [P12236:T15604] [phase=frame_stage_notify] [hook=frame_stage_notify] [frame_stage] view/frame-data update begin
#11070 [2026-09-17 23:54:40.299] [DEBUG] [P12236:T15604] [phase=frame_stage_notify] [hook=frame_stage_notify] [frame_stage] view/frame-data update end
#11071 [2026-09-17 23:54:40.317] [DEBUG] [P12236:T15604] [phase=frame_stage_notify] [hook=frame_stage_notify] [frame_stage] end stage=12
#11072 [2026-09-17 23:54:40.340] [DEBUG] [P12236:T15604] [phase=frame_stage_notify] [hook=frame_stage_notify] [frame_stage] begin stage=0 this=0x00007FF9936073C0
#11076 [2026-09-17 23:54:40.359] [DEBUG] [P12236:T15604] [phase=frame_stage_notify] [hook=frame_stage_notify] [frame_stage] original begin
#11077 [2026-09-17 23:54:40.377] [DEBUG] [P12236:T15604] [phase=frame_stage_notify] [hook=frame_stage_notify] [frame_stage] original end
#11078 [2026-09-17 23:54:40.396] [DEBUG] [P12236:T15604] [phase=frame_stage_notify] [hook=frame_stage_notify] [frame_stage] end stage=0
#11079 [2026-09-17 23:54:40.415] [DEBUG] [P12236:T15604] [phase=frame_stage_notify] [hook=frame_stage_notify] [frame_stage] begin stage=11 this=0x00007FF9936073C0
#11080 [2026-09-17 23:54:40.433] [DEBUG] [P12236:T15604] [phase=frame_stage_notify] [hook=frame_stage_notify] [frame_stage] original begin
#11081 [2026-09-17 23:54:40.451] [DEBUG] [P12236:T15604] [phase=frame_stage_notify] [hook=frame_stage_notify] [frame_stage] original end
#11082 [2026-09-17 23:54:40.471] [DEBUG] [P12236:T15604] [phase=frame_stage_notify] [hook=frame_stage_notify] [frame_stage] end stage=11
#11083 [2026-09-17 23:54:40.489] [DEBUG] [P12236:T15604] [phase=frame_stage_notify] [hook=frame_stage_notify] [frame_stage] begin stage=0 this=0x00007FF9936073C0
#11084 [2026-09-17 23:54:40.507] [DEBUG] [P12236:T15604] [phase=frame_stage_notify] [hook=frame_stage_notify] [frame_stage] original begin
#11085 [2026-09-17 23:54:40.525] [DEBUG] [P12236:T15604] [phase=frame_stage_notify] [hook=frame_stage_notify] [frame_stage] original end
#11086 [2026-09-17 23:54:40.543] [DEBUG] [P12236:T15604] [phase=frame_stage_notify] [hook=frame_stage_notify] [frame_stage] end stage=0
#11087 [2026-09-17 23:54:40.562] [DEBUG] [P12236:T15604] [phase=frame_stage_notify] [hook=frame_stage_notify] [frame_stage] begin stage=11 this=0x00007FF9936073C0
#11088 [2026-09-17 23:54:40.580] [DEBUG] [P12236:T15604] [phase=frame_stage_notify] [hook=frame_stage_notify] [frame_stage] original begin
#11089 [2026-09-17 23:54:40.599] [DEBUG] [P12236:T15604] [phase=frame_stage_notify] [hook=frame_stage_notify] [frame_stage] original end
#11090 [2026-09-17 23:54:40.617] [DEBUG] [P12236:T15604] [phase=frame_stage_notify] [hook=frame_stage_notify] [frame_stage] end stage=11
#11091 [2026-09-17 23:54:40.636] [DEBUG] [P12236:T15604] [phase=frame_stage_notify] [hook=frame_stage_notify] [frame_stage] begin stage=0 this=0x00007FF9936073C0
#11092 [2026-09-17 23:54:40.655] [DEBUG] [P12236:T15604] [phase=frame_stage_notify] [hook=frame_stage_notify] [frame_stage] original begin
#11093 [2026-09-17 23:54:40.672] [DEBUG] [P12236:T15604] [phase=frame_stage_notify] [hook=frame_stage_notify] [frame_stage] original end
#11094 [2026-09-17 23:54:40.691] [DEBUG] [P12236:T15604] [phase=frame_stage_notify] [hook=frame_stage_notify] [frame_stage] end stage=0
#11095 [2026-09-17 23:54:40.709] [DEBUG] [P12236:T15604] [phase=frame_stage_notify] [hook=frame_stage_notify] [frame_stage] begin stage=11 this=0x00007FF9936073C0
#11096 [2026-09-17 23:54:40.728] [DEBUG] [P12236:T15604] [phase=frame_stage_notify] [hook=frame_stage_notify] [frame_stage] original begin
#11097 [2026-09-17 23:54:40.746] [DEBUG] [P12236:T15604] [phase=frame_stage_notify] [hook=frame_stage_notify] [frame_stage] original end
#11098 [2026-09-17 23:54:40.764] [DEBUG] [P12236:T15604] [phase=frame_stage_notify] [hook=frame_stage_notify] [frame_stage] end stage=11
#11099 [2026-09-17 23:54:40.783] [DEBUG] [P12236:T15604] [phase=frame_stage_notify] [hook=frame_stage_notify] [frame_stage] begin stage=0 this=0x00007FF9936073C0
#11100 [2026-09-17 23:54:40.801] [DEBUG] [P12236:T15604] [phase=frame_stage_notify] [hook=frame_stage_notify] [frame_stage] original begin
#11101 [2026-09-17 23:54:40.819] [DEBUG] [P12236:T15604] [phase=frame_stage_notify] [hook=frame_stage_notify] [frame_stage] original end
#11102 [2026-09-17 23:54:40.837] [DEBUG] [P12236:T15604] [phase=frame_stage_notify] [hook=frame_stage_notify] [frame_stage] end stage=0
#11103 [2026-09-17 23:54:40.857] [DEBUG] [P12236:T15604] [phase=frame_stage_notify] [hook=frame_stage_notify] [frame_stage] begin stage=11 this=0x00007FF9936073C0
#11104 [2026-09-17 23:54:40.876] [DEBUG] [P12236:T15604] [phase=frame_stage_notify] [hook=frame_stage_notify] [frame_stage] original begin
#11105 [2026-09-17 23:54:40.893] [DEBUG] [P12236:T15604] [phase=frame_stage_notify] [hook=frame_stage_notify] [frame_stage] original end
#11106 [2026-09-17 23:54:40.911] [DEBUG] [P12236:T15604] [phase=frame_stage_notify] [hook=frame_stage_notify] [frame_stage] end stage=11
#11107 [2026-09-17 23:54:40.929] [DEBUG] [P12236:T15604] [phase=frame_stage_notify] [hook=frame_stage_notify] [frame_stage] begin stage=0 this=0x00007FF9936073C0
#11108 [2026-09-17 23:54:40.948] [DEBUG] [P12236:T15604] [phase=frame_stage_notify] [hook=frame_stage_notify] [frame_stage] original begin
#11109 [2026-09-17 23:54:40.966] [DEBUG] [P12236:T15604] [phase=frame_stage_notify] [hook=frame_stage_notify] [frame_stage] original end
#11110 [2026-09-17 23:54:40.984] [DEBUG] [P12236:T15604] [phase=frame_stage_notify] [hook=frame_stage_notify] [frame_stage] end stage=0
#11111 [2026-09-17 23:54:41.003] [DEBUG] [P12236:T15604] [phase=frame_stage_notify] [hook=frame_stage_notify] [frame_stage] begin stage=11 this=0x00007FF9936073C0
#11112 [2026-09-17 23:54:41.021] [DEBUG] [P12236:T15604] [phase=frame_stage_notify] [hook=frame_stage_notify] [frame_stage] original begin
#11113 [2026-09-17 23:54:41.039] [DEBUG] [P12236:T15604] [phase=frame_stage_notify] [hook=frame_stage_notify] [frame_stage] original end
#11114 [2026-09-17 23:54:41.058] [DEBUG] [P12236:T15604] [phase=frame_stage_notify] [hook=frame_stage_notify] [frame_stage] end stage=11
#11115 [2026-09-17 23:54:41.077] [DEBUG] [P12236:T15604] [phase=frame_stage_notify] [hook=frame_stage_notify] [frame_stage] begin stage=0 this=0x00007FF9936073C0
#11116 [2026-09-17 23:54:41.095] [DEBUG] [P12236:T15604] [phase=frame_stage_notify] [hook=frame_stage_notify] [frame_stage] original begin
#11117 [2026-09-17 23:54:41.113] [DEBUG] [P12236:T15604] [phase=frame_stage_notify] [hook=frame_stage_notify] [frame_stage] original end
#11118 [2026-09-17 23:54:41.131] [DEBUG] [P12236:T15604] [phase=frame_stage_notify] [hook=frame_stage_notify] [frame_stage] end stage=0
#11119 [2026-09-17 23:54:41.150] [DEBUG] [P12236:T15604] [phase=frame_stage_notify] [hook=frame_stage_notify] [frame_stage] begin stage=11 this=0x00007FF9936073C0
#11120 [2026-09-17 23:54:41.170] [DEBUG] [P12236:T15604] [phase=frame_stage_notify] [hook=frame_stage_notify] [frame_stage] original begin
#11121 [2026-09-17 23:54:41.188] [DEBUG] [P12236:T15604] [phase=frame_stage_notify] [hook=frame_stage_notify] [frame_stage] original end
#11122 [2026-09-17 23:54:41.206] [DEBUG] [P12236:T15604] [phase=frame_stage_notify] [hook=frame_stage_notify] [frame_stage] end stage=11
#11123 [2026-09-17 23:54:41.224] [DEBUG] [P12236:T15604] [phase=frame_stage_notify] [hook=frame_stage_notify] [frame_stage] begin stage=0 this=0x00007FF9936073C0
#11124 [2026-09-17 23:54:41.242] [DEBUG] [P12236:T15604] [phase=frame_stage_notify] [hook=frame_stage_notify] [frame_stage] original begin
#11125 [2026-09-17 23:54:41.260] [DEBUG] [P12236:T15604] [phase=frame_stage_notify] [hook=frame_stage_notify] [frame_stage] original end
#11126 [2026-09-17 23:54:41.280] [DEBUG] [P12236:T15604] [phase=frame_stage_notify] [hook=frame_stage_notify] [frame_stage] end stage=0
#11127 [2026-09-17 23:54:41.299] [DEBUG] [P12236:T15604] [phase=frame_stage_notify] [hook=frame_stage_notify] [frame_stage] begin stage=10 this=0x00007FF9936073C0
#11128 [2026-09-17 23:54:41.317] [DEBUG] [P12236:T15604] [phase=frame_stage_notify] [hook=frame_stage_notify] [frame_stage] original begin
#11129 [2026-09-17 23:54:41.335] [DEBUG] [P12236:T15604] [phase=frame_stage_notify] [hook=frame_stage_notify] [frame_stage] original end
#11130 [2026-09-17 23:54:41.354] [DEBUG] [P12236:T15604] [phase=frame_stage_notify] [hook=frame_stage_notify] [frame_stage] end stage=10
#11131 [2026-09-17 23:54:41.371] [DEBUG] [P12236:T15604] [phase=frame_stage_notify] [hook=frame_stage_notify] [frame_stage] begin stage=11 this=0x00007FF9936073C0
#11132 [2026-09-17 23:54:41.391] [DEBUG] [P12236:T15604] [phase=frame_stage_notify] [hook=frame_stage_notify] [frame_stage] original begin
#11133 [2026-09-17 23:54:41.410] [DEBUG] [P12236:T15604] [phase=frame_stage_notify] [hook=frame_stage_notify] [frame_stage] original end
#11134 [2026-09-17 23:54:41.429] [DEBUG] [P12236:T15604] [phase=frame_stage_notify] [hook=frame_stage_notify] [frame_stage] end stage=11
#11135 [2026-09-17 23:54:41.463] [DEBUG] [P12236:T15604] [phase=frame_stage_notify] [hook=frame_stage_notify] [frame_stage] begin stage=1 this=0x00007FF9936073C0
#11136 [2026-09-17 23:54:41.487] [DEBUG] [P12236:T15604] [phase=frame_stage_notify] [hook=frame_stage_notify] [frame_stage] original begin
#11137 [2026-09-17 23:54:41.505] [DEBUG] [P12236:T15604] [phase=frame_stage_notify] [hook=frame_stage_notify] [frame_stage] original end
#11138 [2026-09-17 23:54:41.524] [DEBUG] [P12236:T15604] [phase=frame_stage_notify] [hook=frame_stage_notify] [frame_stage] end stage=1
#11139 [2026-09-17 23:54:41.559] [DEBUG] [P12236:T15604] [phase=frame_stage_notify] [hook=frame_stage_notify] [frame_stage] begin stage=2 this=0x00007FF9936073C0
#11140 [2026-09-17 23:54:41.629] [DEBUG] [P12236:T15604] [phase=frame_stage_notify] [hook=frame_stage_notify] [frame_stage] original begin
#11141 [2026-09-17 23:54:41.648] [DEBUG] [P12236:T15604] [phase=frame_stage_notify] [hook=frame_stage_notify] [frame_stage] original end
#11142 [2026-09-17 23:54:41.666] [DEBUG] [P12236:T15604] [phase=frame_stage_notify] [hook=frame_stage_notify] [frame_stage] end stage=2
#11143 [2026-09-17 23:54:41.683] [DEBUG] [P12236:T15604] [phase=frame_stage_notify] [hook=frame_stage_notify] [frame_stage] begin stage=5 this=0x00007FF9936073C0
#11144 [2026-09-17 23:54:41.701] [DEBUG] [P12236:T15604] [phase=frame_stage_notify] [hook=frame_stage_notify] [frame_stage] original begin
#11145 [2026-09-17 23:54:41.720] [DEBUG] [P12236:T15604] [phase=frame_stage_notify] [hook=frame_stage_notify] [frame_stage] original end
#11146 [2026-09-17 23:54:41.738] [DEBUG] [P12236:T15604] [phase=frame_stage_notify] [hook=frame_stage_notify] [frame_stage] end stage=5
#11147 [2026-09-17 23:54:41.756] [DEBUG] [P12236:T15604] [phase=frame_stage_notify] [hook=frame_stage_notify] [frame_stage] begin stage=6 this=0x00007FF9936073C0
#11148 [2026-09-17 23:54:41.774] [DEBUG] [P12236:T15604] [phase=frame_stage_notify] [hook=frame_stage_notify] [frame_stage] guns begin
#11149 [2026-09-17 23:54:41.792] [DEBUG] [P12236:T15604] [phase=frame_stage_notify] [hook=frame_stage_notify] [frame_stage] guns end
#11150 [2026-09-17 23:54:41.811] [DEBUG] [P12236:T15604] [phase=frame_stage_notify] [hook=frame_stage_notify] [frame_stage] dlight begin
#11151 [2026-09-17 23:54:41.828] [DEBUG] [P12236:T15604] [phase=frame_stage_notify] [hook=frame_stage_notify] [frame_stage] dlight end
#11152 [2026-09-17 23:54:41.846] [DEBUG] [P12236:T15604] [phase=frame_stage_notify] [hook=frame_stage_notify] [frame_stage] original begin
#11153 [2026-09-17 23:54:41.865] [DEBUG] [P12236:T15604] [phase=frame_stage_notify] [hook=frame_stage_notify] [frame_stage] original end
#11154 [2026-09-17 23:54:41.882] [DEBUG] [P12236:T15604] [phase=frame_stage_notify] [hook=frame_stage_notify] [frame_stage] post-network feature updates begin
#11155 [2026-09-17 23:54:41.900] [DEBUG] [P12236:T15604] [phase=frame_stage_notify] [hook=frame_stage_notify] [frame_stage] post-network feature updates end
#11156 [2026-09-17 23:54:41.918] [DEBUG] [P12236:T15604] [phase=frame_stage_notify] [hook=frame_stage_notify] [frame_stage] end stage=6
#11157 [2026-09-17 23:54:41.937] [DEBUG] [P12236:T15604] [phase=frame_stage_notify] [hook=frame_stage_notify] [frame_stage] begin stage=7 this=0x00007FF9936073C0
#11158 [2026-09-17 23:54:41.956] [DEBUG] [P12236:T15604] [phase=frame_stage_notify] [hook=frame_stage_notify] [frame_stage] agents begin
#11159 [2026-09-17 23:54:41.973] [DEBUG] [P12236:T15604] [phase=frame_stage_notify] [hook=frame_stage_notify] [frame_stage] agents end; gloves begin
#11160 [2026-09-17 23:54:41.991] [DEBUG] [P12236:T15604] [phase=frame_stage_notify] [hook=frame_stage_notify] [frame_stage] gloves end; knives begin
#11161 [2026-09-17 23:54:42.009] [DEBUG] [P12236:T15604] [phase=frame_stage_notify] [hook=frame_stage_notify] [frame_stage] knives end; world begin
#11162 [2026-09-17 23:54:42.027] [DEBUG] [P12236:T15604] [phase=frame_stage_notify] [hook=frame_stage_notify] [frame_stage] scene end; weather begin
#11163 [2026-09-17 23:54:42.046] [DEBUG] [P12236:T15604] [phase=frame_stage_notify] [hook=frame_stage_notify] [frame_stage] weather end; other begin
#11164 [2026-09-17 23:54:42.065] [DEBUG] [P12236:T15604] [phase=frame_stage_notify] [hook=frame_stage_notify] [frame_stage] other end; impacts begin
#11165 [2026-09-17 23:54:42.082] [DEBUG] [P12236:T15604] [phase=frame_stage_notify] [hook=frame_stage_notify] [frame_stage] impacts end
#11166 [2026-09-17 23:54:42.100] [DEBUG] [P12236:T15604] [phase=frame_stage_notify] [hook=frame_stage_notify] [frame_stage] original begin
#11167 [2026-09-17 23:54:42.119] [DEBUG] [P12236:T15604] [phase=frame_stage_notify] [hook=frame_stage_notify] [frame_stage] original end
#11168 [2026-09-17 23:54:42.137] [DEBUG] [P12236:T15604] [phase=frame_stage_notify] [hook=frame_stage_notify] [frame_stage] end stage=7
#11169 [2026-09-17 23:54:42.155] [DEBUG] [P12236:T15604] [phase=frame_stage_notify] [hook=frame_stage_notify] [frame_stage] begin stage=8 this=0x00007FF9936073C0
#11170 [2026-09-17 23:54:42.174] [DEBUG] [P12236:T15604] [phase=frame_stage_notify] [hook=frame_stage_notify] [frame_stage] original begin
#11171 [2026-09-17 23:54:42.191] [DEBUG] [P12236:T15604] [phase=frame_stage_notify] [hook=frame_stage_notify] [frame_stage] original end
#11172 [2026-09-17 23:54:42.209] [DEBUG] [P12236:T15604] [phase=frame_stage_notify] [hook=frame_stage_notify] [frame_stage] end stage=8
#11173 [2026-09-17 23:54:42.227] [DEBUG] [P12236:T15604] [phase=frame_stage_notify] [hook=frame_stage_notify] [frame_stage] begin stage=3 this=0x00007FF9936073C0
#11174 [2026-09-17 23:54:42.247] [DEBUG] [P12236:T15604] [phase=frame_stage_notify] [hook=frame_stage_notify] [frame_stage] original begin
#11175 [2026-09-17 23:54:42.266] [DEBUG] [P12236:T15604] [phase=frame_stage_notify] [hook=frame_stage_notify] [frame_stage] original end
#11176 [2026-09-17 23:54:42.284] [DEBUG] [P12236:T15604] [phase=frame_stage_notify] [hook=frame_stage_notify] [frame_stage] end stage=3
#11177 [2026-09-17 23:54:42.303] [DEBUG] [P12236:T15604] [phase=frame_stage_notify] [hook=frame_stage_notify] [frame_stage] begin stage=12 this=0x00007FF9936073C0
#11178 [2026-09-17 23:54:42.321] [DEBUG] [P12236:T15604] [phase=frame_stage_notify] [hook=frame_stage_notify] [frame_stage] original begin
#11179 [2026-09-17 23:54:42.340] [DEBUG] [P12236:T15604] [phase=frame_stage_notify] [hook=frame_stage_notify] [frame_stage] original end
#11180 [2026-09-17 23:54:42.357] [DEBUG] [P12236:T15604] [phase=frame_stage_notify] [hook=frame_stage_notify] [frame_stage] view/frame-data update begin
#11181 [2026-09-17 23:54:42.376] [DEBUG] [P12236:T15604] [phase=frame_stage_notify] [hook=frame_stage_notify] [frame_stage] view/frame-data update end
#11182 [2026-09-17 23:54:42.395] [DEBUG] [P12236:T15604] [phase=frame_stage_notify] [hook=frame_stage_notify] [frame_stage] end stage=12
#11183 [2026-09-17 23:54:42.417] [DEBUG] [P12236:T15604] [phase=frame_stage_notify] [hook=frame_stage_notify] [frame_stage] begin stage=0 this=0x00007FF9936073C0
#11185 [2026-09-17 23:54:42.436] [DEBUG] [P12236:T15604] [phase=frame_stage_notify] [hook=frame_stage_notify] [frame_stage] original begin
#11186 [2026-09-17 23:54:42.453] [DEBUG] [P12236:T15604] [phase=frame_stage_notify] [hook=frame_stage_notify] [frame_stage] original end
#11187 [2026-09-17 23:54:42.471] [DEBUG] [P12236:T15604] [phase=frame_stage_notify] [hook=frame_stage_notify] [frame_stage] end stage=0
#11188 [2026-09-17 23:54:42.490] [DEBUG] [P12236:T15604] [phase=frame_stage_notify] [hook=frame_stage_notify] [frame_stage] begin stage=11 this=0x00007FF9936073C0
#11189 [2026-09-17 23:54:42.509] [DEBUG] [P12236:T15604] [phase=frame_stage_notify] [hook=frame_stage_notify] [frame_stage] original begin
#11190 [2026-09-17 23:54:42.527] [DEBUG] [P12236:T15604] [phase=frame_stage_notify] [hook=frame_stage_notify] [frame_stage] original end
#11191 [2026-09-17 23:54:42.545] [DEBUG] [P12236:T15604] [phase=frame_stage_notify] [hook=frame_stage_notify] [frame_stage] end stage=11
#11192 [2026-09-17 23:54:42.563] [DEBUG] [P12236:T15604] [phase=frame_stage_notify] [hook=frame_stage_notify] [frame_stage] begin stage=0 this=0x00007FF9936073C0
#11193 [2026-09-17 23:54:42.582] [DEBUG] [P12236:T15604] [phase=frame_stage_notify] [hook=frame_stage_notify] [frame_stage] original begin
#11194 [2026-09-17 23:54:42.600] [DEBUG] [P12236:T15604] [phase=frame_stage_notify] [hook=frame_stage_notify] [frame_stage] original end
#11195 [2026-09-17 23:54:42.619] [DEBUG] [P12236:T15604] [phase=frame_stage_notify] [hook=frame_stage_notify] [frame_stage] end stage=0
#11196 [2026-09-17 23:54:42.637] [DEBUG] [P12236:T15604] [phase=frame_stage_notify] [hook=frame_stage_notify] [frame_stage] begin stage=11 this=0x00007FF9936073C0
#11197 [2026-09-17 23:54:42.656] [DEBUG] [P12236:T15604] [phase=frame_stage_notify] [hook=frame_stage_notify] [frame_stage] original begin
#11198 [2026-09-17 23:54:42.674] [DEBUG] [P12236:T15604] [phase=frame_stage_notify] [hook=frame_stage_notify] [frame_stage] original end
#11199 [2026-09-17 23:54:42.692] [DEBUG] [P12236:T15604] [phase=frame_stage_notify] [hook=frame_stage_notify] [frame_stage] end stage=11
#11200 [2026-09-17 23:54:42.710] [DEBUG] [P12236:T15604] [phase=frame_stage_notify] [hook=frame_stage_notify] [frame_stage] begin stage=0 this=0x00007FF9936073C0
#11201 [2026-09-17 23:54:42.729] [DEBUG] [P12236:T15604] [phase=frame_stage_notify] [hook=frame_stage_notify] [frame_stage] original begin
#11202 [2026-09-17 23:54:42.746] [DEBUG] [P12236:T15604] [phase=frame_stage_notify] [hook=frame_stage_notify] [frame_stage] original end
#11203 [2026-09-17 23:54:42.764] [DEBUG] [P12236:T15604] [phase=frame_stage_notify] [hook=frame_stage_notify] [frame_stage] end stage=0
#11204 [2026-09-17 23:54:42.783] [DEBUG] [P12236:T15604] [phase=frame_stage_notify] [hook=frame_stage_notify] [frame_stage] begin stage=11 this=0x00007FF9936073C0
#11205 [2026-09-17 23:54:42.801] [DEBUG] [P12236:T15604] [phase=frame_stage_notify] [hook=frame_stage_notify] [frame_stage] original begin
#11206 [2026-09-17 23:54:42.820] [DEBUG] [P12236:T15604] [phase=frame_stage_notify] [hook=frame_stage_notify] [frame_stage] original end
#11207 [2026-09-17 23:54:42.838] [DEBUG] [P12236:T15604] [phase=frame_stage_notify] [hook=frame_stage_notify] [frame_stage] end stage=11
#11208 [2026-09-17 23:54:42.856] [DEBUG] [P12236:T15604] [phase=frame_stage_notify] [hook=frame_stage_notify] [frame_stage] begin stage=0 this=0x00007FF9936073C0
#11209 [2026-09-17 23:54:42.875] [DEBUG] [P12236:T15604] [phase=frame_stage_notify] [hook=frame_stage_notify] [frame_stage] original begin
#11210 [2026-09-17 23:54:42.894] [DEBUG] [P12236:T15604] [phase=frame_stage_notify] [hook=frame_stage_notify] [frame_stage] original end
#11211 [2026-09-17 23:54:42.930] [DEBUG] [P12236:T15604] [phase=frame_stage_notify] [hook=frame_stage_notify] [frame_stage] end stage=0
#11212 [2026-09-17 23:54:42.949] [DEBUG] [P12236:T15604] [phase=frame_stage_notify] [hook=frame_stage_notify] [frame_stage] begin stage=11 this=0x00007FF9936073C0
#11213 [2026-09-17 23:54:42.984] [DEBUG] [P12236:T15604] [phase=frame_stage_notify] [hook=frame_stage_notify] [frame_stage] original begin
#11214 [2026-09-17 23:54:43.003] [DEBUG] [P12236:T15604] [phase=frame_stage_notify] [hook=frame_stage_notify] [frame_stage] original end
#11215 [2026-09-17 23:54:43.021] [DEBUG] [P12236:T15604] [phase=frame_stage_notify] [hook=frame_stage_notify] [frame_stage] end stage=11
#11218 [2026-09-17 23:54:43.040] [DEBUG] [P12236:T15604] [phase=frame_stage_notify] [hook=frame_stage_notify] [frame_stage] begin stage=0 this=0x00007FF9936073C0
#11219 [2026-09-17 23:54:43.059] [DEBUG] [P12236:T15604] [phase=frame_stage_notify] [hook=frame_stage_notify] [frame_stage] original begin
#11220 [2026-09-17 23:54:43.076] [DEBUG] [P12236:T15604] [phase=frame_stage_notify] [hook=frame_stage_notify] [frame_stage] original end
#11221 [2026-09-17 23:54:43.095] [DEBUG] [P12236:T15604] [phase=frame_stage_notify] [hook=frame_stage_notify] [frame_stage] end stage=0
#11222 [2026-09-17 23:54:43.113] [DEBUG] [P12236:T15604] [phase=frame_stage_notify] [hook=frame_stage_notify] [frame_stage] begin stage=11 this=0x00007FF9936073C0
#11223 [2026-09-17 23:54:43.131] [DEBUG] [P12236:T15604] [phase=frame_stage_notify] [hook=frame_stage_notify] [frame_stage] original begin
#11224 [2026-09-17 23:54:43.150] [DEBUG] [P12236:T15604] [phase=frame_stage_notify] [hook=frame_stage_notify] [frame_stage] original end
#11225 [2026-09-17 23:54:43.168] [DEBUG] [P12236:T15604] [phase=frame_stage_notify] [hook=frame_stage_notify] [frame_stage] end stage=11
#11226 [2026-09-17 23:54:43.187] [DEBUG] [P12236:T15604] [phase=frame_stage_notify] [hook=frame_stage_notify] [frame_stage] begin stage=0 this=0x00007FF9936073C0
#11227 [2026-09-17 23:54:43.204] [DEBUG] [P12236:T15604] [phase=frame_stage_notify] [hook=frame_stage_notify] [frame_stage] original begin
#11228 [2026-09-17 23:54:43.222] [DEBUG] [P12236:T15604] [phase=frame_stage_notify] [hook=frame_stage_notify] [frame_stage] original end
#11229 [2026-09-17 23:54:43.240] [DEBUG] [P12236:T15604] [phase=frame_stage_notify] [hook=frame_stage_notify] [frame_stage] end stage=0
#11230 [2026-09-17 23:54:43.259] [DEBUG] [P12236:T15604] [phase=frame_stage_notify] [hook=frame_stage_notify] [frame_stage] begin stage=10 this=0x00007FF9936073C0
#11231 [2026-09-17 23:54:43.277] [DEBUG] [P12236:T15604] [phase=frame_stage_notify] [hook=frame_stage_notify] [frame_stage] original begin
#11232 [2026-09-17 23:54:43.296] [DEBUG] [P12236:T15604] [phase=frame_stage_notify] [hook=frame_stage_notify] [frame_stage] original end
#11233 [2026-09-17 23:54:43.313] [DEBUG] [P12236:T15604] [phase=frame_stage_notify] [hook=frame_stage_notify] [frame_stage] end stage=10
#11234 [2026-09-17 23:54:43.331] [DEBUG] [P12236:T15604] [phase=frame_stage_notify] [hook=frame_stage_notify] [frame_stage] begin stage=11 this=0x00007FF9936073C0
#11235 [2026-09-17 23:54:43.350] [DEBUG] [P12236:T15604] [phase=frame_stage_notify] [hook=frame_stage_notify] [frame_stage] original begin
#11236 [2026-09-17 23:54:43.368] [DEBUG] [P12236:T15604] [phase=frame_stage_notify] [hook=frame_stage_notify] [frame_stage] original end
#11237 [2026-09-17 23:54:43.386] [DEBUG] [P12236:T15604] [phase=frame_stage_notify] [hook=frame_stage_notify] [frame_stage] end stage=11
#11238 [2026-09-17 23:54:43.405] [DEBUG] [P12236:T15604] [phase=frame_stage_notify] [hook=frame_stage_notify] [frame_stage] begin stage=1 this=0x00007FF9936073C0
#11239 [2026-09-17 23:54:43.423] [DEBUG] [P12236:T15604] [phase=frame_stage_notify] [hook=frame_stage_notify] [frame_stage] original begin
#11240 [2026-09-17 23:54:43.441] [DEBUG] [P12236:T15604] [phase=frame_stage_notify] [hook=frame_stage_notify] [frame_stage] original end
#11241 [2026-09-17 23:54:43.459] [DEBUG] [P12236:T15604] [phase=frame_stage_notify] [hook=frame_stage_notify] [frame_stage] end stage=1
#11242 [2026-09-17 23:54:43.478] [DEBUG] [P12236:T15604] [phase=frame_stage_notify] [hook=frame_stage_notify] [frame_stage] begin stage=2 this=0x00007FF9936073C0
#11243 [2026-09-17 23:54:43.497] [DEBUG] [P12236:T15604] [phase=frame_stage_notify] [hook=frame_stage_notify] [frame_stage] original begin
#11244 [2026-09-17 23:54:43.517] [DEBUG] [P12236:T15604] [phase=frame_stage_notify] [hook=frame_stage_notify] [frame_stage] original end
#11245 [2026-09-17 23:54:43.535] [DEBUG] [P12236:T15604] [phase=frame_stage_notify] [hook=frame_stage_notify] [frame_stage] end stage=2
#11246 [2026-09-17 23:54:43.553] [DEBUG] [P12236:T15604] [phase=frame_stage_notify] [hook=frame_stage_notify] [frame_stage] begin stage=5 this=0x00007FF9936073C0
#11247 [2026-09-17 23:54:43.571] [DEBUG] [P12236:T15604] [phase=frame_stage_notify] [hook=frame_stage_notify] [frame_stage] original begin
#11248 [2026-09-17 23:54:43.590] [DEBUG] [P12236:T15604] [phase=frame_stage_notify] [hook=frame_stage_notify] [frame_stage] original end
#11249 [2026-09-17 23:54:43.609] [DEBUG] [P12236:T15604] [phase=frame_stage_notify] [hook=frame_stage_notify] [frame_stage] end stage=5
#11250 [2026-09-17 23:54:43.627] [DEBUG] [P12236:T15604] [phase=frame_stage_notify] [hook=frame_stage_notify] [frame_stage] begin stage=6 this=0x00007FF9936073C0
#11251 [2026-09-17 23:54:43.645] [DEBUG] [P12236:T15604] [phase=frame_stage_notify] [hook=frame_stage_notify] [frame_stage] guns begin
#11252 [2026-09-17 23:54:43.664] [DEBUG] [P12236:T15604] [phase=frame_stage_notify] [hook=frame_stage_notify] [frame_stage] guns end
#11253 [2026-09-17 23:54:43.682] [DEBUG] [P12236:T15604] [phase=frame_stage_notify] [hook=frame_stage_notify] [frame_stage] dlight begin
#11254 [2026-09-17 23:54:43.701] [DEBUG] [P12236:T15604] [phase=frame_stage_notify] [hook=frame_stage_notify] [frame_stage] dlight end
#11255 [2026-09-17 23:54:43.720] [DEBUG] [P12236:T15604] [phase=frame_stage_notify] [hook=frame_stage_notify] [frame_stage] original begin
#11256 [2026-09-17 23:54:43.739] [DEBUG] [P12236:T15604] [phase=frame_stage_notify] [hook=frame_stage_notify] [frame_stage] original end
#11257 [2026-09-17 23:54:43.756] [DEBUG] [P12236:T15604] [phase=frame_stage_notify] [hook=frame_stage_notify] [frame_stage] post-network feature updates begin
#11258 [2026-09-17 23:54:43.774] [DEBUG] [P12236:T15604] [phase=frame_stage_notify] [hook=frame_stage_notify] [frame_stage] post-network feature updates end
#11259 [2026-09-17 23:54:43.792] [DEBUG] [P12236:T15604] [phase=frame_stage_notify] [hook=frame_stage_notify] [frame_stage] end stage=6
#11260 [2026-09-17 23:54:43.811] [DEBUG] [P12236:T15604] [phase=frame_stage_notify] [hook=frame_stage_notify] [frame_stage] begin stage=7 this=0x00007FF9936073C0
#11261 [2026-09-17 23:54:43.830] [DEBUG] [P12236:T15604] [phase=frame_stage_notify] [hook=frame_stage_notify] [frame_stage] agents begin
#11262 [2026-09-17 23:54:43.848] [DEBUG] [P12236:T15604] [phase=frame_stage_notify] [hook=frame_stage_notify] [frame_stage] agents end; gloves begin
#11263 [2026-09-17 23:54:43.866] [DEBUG] [P12236:T15604] [phase=frame_stage_notify] [hook=frame_stage_notify] [frame_stage] gloves end; knives begin
#11264 [2026-09-17 23:54:43.885] [DEBUG] [P12236:T15604] [phase=frame_stage_notify] [hook=frame_stage_notify] [frame_stage] knives end; world begin
#11265 [2026-09-17 23:54:43.903] [DEBUG] [P12236:T15604] [phase=frame_stage_notify] [hook=frame_stage_notify] [frame_stage] scene end; weather begin
#11266 [2026-09-17 23:54:43.922] [DEBUG] [P12236:T15604] [phase=frame_stage_notify] [hook=frame_stage_notify] [frame_stage] weather end; other begin
#11267 [2026-09-17 23:54:43.941] [DEBUG] [P12236:T15604] [phase=frame_stage_notify] [hook=frame_stage_notify] [frame_stage] other end; impacts begin
#11268 [2026-09-17 23:54:43.959] [DEBUG] [P12236:T15604] [phase=frame_stage_notify] [hook=frame_stage_notify] [frame_stage] impacts end
#11269 [2026-09-17 23:54:43.977] [DEBUG] [P12236:T15604] [phase=frame_stage_notify] [hook=frame_stage_notify] [frame_stage] original begin
#11270 [2026-09-17 23:54:43.996] [DEBUG] [P12236:T15604] [phase=frame_stage_notify] [hook=frame_stage_notify] [frame_stage] original end
#11271 [2026-09-17 23:54:44.015] [DEBUG] [P12236:T15604] [phase=frame_stage_notify] [hook=frame_stage_notify] [frame_stage] end stage=7
#11272 [2026-09-17 23:54:44.033] [DEBUG] [P12236:T15604] [phase=frame_stage_notify] [hook=frame_stage_notify] [frame_stage] begin stage=8 this=0x00007FF9936073C0
#11273 [2026-09-17 23:54:44.051] [DEBUG] [P12236:T15604] [phase=frame_stage_notify] [hook=frame_stage_notify] [frame_stage] original begin
#11274 [2026-09-17 23:54:44.070] [DEBUG] [P12236:T15604] [phase=frame_stage_notify] [hook=frame_stage_notify] [frame_stage] original end
#11275 [2026-09-17 23:54:44.088] [DEBUG] [P12236:T15604] [phase=frame_stage_notify] [hook=frame_stage_notify] [frame_stage] end stage=8
#11276 [2026-09-17 23:54:44.106] [DEBUG] [P12236:T15604] [phase=frame_stage_notify] [hook=frame_stage_notify] [frame_stage] begin stage=3 this=0x00007FF9936073C0
#11277 [2026-09-17 23:54:44.125] [DEBUG] [P12236:T15604] [phase=frame_stage_notify] [hook=frame_stage_notify] [frame_stage] original begin
#11278 [2026-09-17 23:54:44.142] [DEBUG] [P12236:T15604] [phase=frame_stage_notify] [hook=frame_stage_notify] [frame_stage] original end
#11279 [2026-09-17 23:54:44.161] [DEBUG] [P12236:T15604] [phase=frame_stage_notify] [hook=frame_stage_notify] [frame_stage] end stage=3
#11280 [2026-09-17 23:54:44.180] [DEBUG] [P12236:T15604] [phase=frame_stage_notify] [hook=frame_stage_notify] [frame_stage] begin stage=12 this=0x00007FF9936073C0
#11281 [2026-09-17 23:54:44.199] [DEBUG] [P12236:T15604] [phase=frame_stage_notify] [hook=frame_stage_notify] [frame_stage] original begin
#11282 [2026-09-17 23:54:44.217] [DEBUG] [P12236:T15604] [phase=frame_stage_notify] [hook=frame_stage_notify] [frame_stage] original end
#11283 [2026-09-17 23:54:44.236] [DEBUG] [P12236:T15604] [phase=frame_stage_notify] [hook=frame_stage_notify] [frame_stage] view/frame-data update begin
#11284 [2026-09-17 23:54:44.255] [DEBUG] [P12236:T15604] [phase=frame_stage_notify] [hook=frame_stage_notify] [frame_stage] view/frame-data update end
#11285 [2026-09-17 23:54:44.274] [DEBUG] [P12236:T15604] [phase=frame_stage_notify] [hook=frame_stage_notify] [frame_stage] end stage=12
#11286 [2026-09-17 23:54:44.313] [DEBUG] [P12236:T18300] [phase=present] [hook=present] [present] begin swap_chain=0x00000242DB990F50 sync=0 flags=0x200 ready=1
#11395 [2026-09-17 23:54:44.388] [DEBUG] [P12236:T18300] [phase=present] [hook=present] [present] rendering context updated
#11396 [2026-09-17 23:54:44.408] [DEBUG] [P12236:T18300] [phase=present] [hook=present] [present] forwarding to original
#11397 [2026-09-17 23:54:44.437] [DEBUG] [P12236:T18300] [phase=present] [hook=present] [present] begin swap_chain=0x00000242DB990F50 sync=0 flags=0x200 ready=1
#11498 [2026-09-17 23:54:44.457] [DEBUG] [P12236:T18300] [phase=present] [hook=present] [present] rendering context updated
#11499 [2026-09-17 23:54:44.475] [DEBUG] [P12236:T18300] [phase=present] [hook=present] [present] forwarding to original
#11500 [2026-09-17 23:54:44.494] [DEBUG] [P12236:T15604] [phase=frame_stage_notify] [hook=frame_stage_notify] [frame_stage] begin stage=0 this=0x00007FF9936073C0
#11504 [2026-09-17 23:54:44.512] [DEBUG] [P12236:T15604] [phase=frame_stage_notify] [hook=frame_stage_notify] [frame_stage] original begin
#11505 [2026-09-17 23:54:44.530] [DEBUG] [P12236:T15604] [phase=frame_stage_notify] [hook=frame_stage_notify] [frame_stage] original end
#11506 [2026-09-17 23:54:44.549] [DEBUG] [P12236:T15604] [phase=frame_stage_notify] [hook=frame_stage_notify] [frame_stage] end stage=0
#11507 [2026-09-17 23:54:44.567] [DEBUG] [P12236:T15604] [phase=frame_stage_notify] [hook=frame_stage_notify] [frame_stage] begin stage=11 this=0x00007FF9936073C0
#11508 [2026-09-17 23:54:44.586] [DEBUG] [P12236:T15604] [phase=frame_stage_notify] [hook=frame_stage_notify] [frame_stage] original begin
#11509 [2026-09-17 23:54:44.605] [DEBUG] [P12236:T15604] [phase=frame_stage_notify] [hook=frame_stage_notify] [frame_stage] original end
#11510 [2026-09-17 23:54:44.623] [DEBUG] [P12236:T15604] [phase=frame_stage_notify] [hook=frame_stage_notify] [frame_stage] end stage=11
#11511 [2026-09-17 23:54:44.643] [DEBUG] [P12236:T15604] [phase=frame_stage_notify] [hook=frame_stage_notify] [frame_stage] begin stage=0 this=0x00007FF9936073C0
#11512 [2026-09-17 23:54:44.661] [DEBUG] [P12236:T15604] [phase=frame_stage_notify] [hook=frame_stage_notify] [frame_stage] original begin
#11513 [2026-09-17 23:54:44.679] [DEBUG] [P12236:T15604] [phase=frame_stage_notify] [hook=frame_stage_notify] [frame_stage] original end
#11514 [2026-09-17 23:54:44.698] [DEBUG] [P12236:T15604] [phase=frame_stage_notify] [hook=frame_stage_notify] [frame_stage] end stage=0
#11515 [2026-09-17 23:54:44.716] [DEBUG] [P12236:T15604] [phase=frame_stage_notify] [hook=frame_stage_notify] [frame_stage] begin stage=11 this=0x00007FF9936073C0
#11516 [2026-09-17 23:54:44.735] [DEBUG] [P12236:T15604] [phase=frame_stage_notify] [hook=frame_stage_notify] [frame_stage] original begin
#11517 [2026-09-17 23:54:44.753] [DEBUG] [P12236:T15604] [phase=frame_stage_notify] [hook=frame_stage_notify] [frame_stage] original end
#11518 [2026-09-17 23:54:44.772] [DEBUG] [P12236:T15604] [phase=frame_stage_notify] [hook=frame_stage_notify] [frame_stage] end stage=11
#11519 [2026-09-17 23:54:44.792] [DEBUG] [P12236:T15604] [phase=frame_stage_notify] [hook=frame_stage_notify] [frame_stage] begin stage=0 this=0x00007FF9936073C0
#11520 [2026-09-17 23:54:44.810] [DEBUG] [P12236:T15604] [phase=frame_stage_notify] [hook=frame_stage_notify] [frame_stage] original begin
#11521 [2026-09-17 23:54:44.828] [DEBUG] [P12236:T15604] [phase=frame_stage_notify] [hook=frame_stage_notify] [frame_stage] original end
#11522 [2026-09-17 23:54:44.846] [DEBUG] [P12236:T15604] [phase=frame_stage_notify] [hook=frame_stage_notify] [frame_stage] end stage=0
#11523 [2026-09-17 23:54:44.865] [DEBUG] [P12236:T15604] [phase=frame_stage_notify] [hook=frame_stage_notify] [frame_stage] begin stage=11 this=0x00007FF9936073C0
#11524 [2026-09-17 23:54:44.885] [DEBUG] [P12236:T15604] [phase=frame_stage_notify] [hook=frame_stage_notify] [frame_stage] original begin
#11525 [2026-09-17 23:54:44.903] [DEBUG] [P12236:T15604] [phase=frame_stage_notify] [hook=frame_stage_notify] [frame_stage] original end
#11526 [2026-09-17 23:54:44.921] [DEBUG] [P12236:T15604] [phase=frame_stage_notify] [hook=frame_stage_notify] [frame_stage] end stage=11
#11527 [2026-09-17 23:54:44.940] [DEBUG] [P12236:T15604] [phase=frame_stage_notify] [hook=frame_stage_notify] [frame_stage] begin stage=0 this=0x00007FF9936073C0
#11528 [2026-09-17 23:54:44.959] [DEBUG] [P12236:T15604] [phase=frame_stage_notify] [hook=frame_stage_notify] [frame_stage] original begin
#11529 [2026-09-17 23:54:44.978] [DEBUG] [P12236:T15604] [phase=frame_stage_notify] [hook=frame_stage_notify] [frame_stage] original end
#11530 [2026-09-17 23:54:44.997] [DEBUG] [P12236:T15604] [phase=frame_stage_notify] [hook=frame_stage_notify] [frame_stage] end stage=0
#11531 [2026-09-17 23:54:45.016] [DEBUG] [P12236:T15604] [phase=frame_stage_notify] [hook=frame_stage_notify] [frame_stage] begin stage=10 this=0x00007FF9936073C0
#11532 [2026-09-17 23:54:45.035] [DEBUG] [P12236:T15604] [phase=frame_stage_notify] [hook=frame_stage_notify] [frame_stage] original begin
#11533 [2026-09-17 23:54:45.053] [DEBUG] [P12236:T15604] [phase=frame_stage_notify] [hook=frame_stage_notify] [frame_stage] original end
#11534 [2026-09-17 23:54:45.072] [DEBUG] [P12236:T15604] [phase=frame_stage_notify] [hook=frame_stage_notify] [frame_stage] end stage=10
#11535 [2026-09-17 23:54:45.091] [DEBUG] [P12236:T15604] [phase=frame_stage_notify] [hook=frame_stage_notify] [frame_stage] begin stage=11 this=0x00007FF9936073C0
#11536 [2026-09-17 23:54:45.110] [DEBUG] [P12236:T15604] [phase=frame_stage_notify] [hook=frame_stage_notify] [frame_stage] original begin
#11537 [2026-09-17 23:54:45.128] [DEBUG] [P12236:T15604] [phase=frame_stage_notify] [hook=frame_stage_notify] [frame_stage] original end
#11538 [2026-09-17 23:54:45.147] [DEBUG] [P12236:T15604] [phase=frame_stage_notify] [hook=frame_stage_notify] [frame_stage] end stage=11
#11539 [2026-09-17 23:54:45.166] [DEBUG] [P12236:T15604] [phase=frame_stage_notify] [hook=frame_stage_notify] [frame_stage] begin stage=1 this=0x00007FF9936073C0
#11540 [2026-09-17 23:54:45.184] [DEBUG] [P12236:T15604] [phase=frame_stage_notify] [hook=frame_stage_notify] [frame_stage] original begin
#11541 [2026-09-17 23:54:45.202] [DEBUG] [P12236:T15604] [phase=frame_stage_notify] [hook=frame_stage_notify] [frame_stage] original end
#11542 [2026-09-17 23:54:45.220] [DEBUG] [P12236:T15604] [phase=frame_stage_notify] [hook=frame_stage_notify] [frame_stage] end stage=1
#11543 [2026-09-17 23:54:45.239] [DEBUG] [P12236:T15604] [phase=frame_stage_notify] [hook=frame_stage_notify] [frame_stage] begin stage=2 this=0x00007FF9936073C0
#11544 [2026-09-17 23:54:45.257] [DEBUG] [P12236:T15604] [phase=frame_stage_notify] [hook=frame_stage_notify] [frame_stage] original begin
#11545 [2026-09-17 23:54:45.275] [DEBUG] [P12236:T15604] [phase=frame_stage_notify] [hook=frame_stage_notify] [frame_stage] original end
#11546 [2026-09-17 23:54:45.293] [DEBUG] [P12236:T15604] [phase=frame_stage_notify] [hook=frame_stage_notify] [frame_stage] end stage=2
#11547 [2026-09-17 23:54:45.311] [DEBUG] [P12236:T15604] [phase=frame_stage_notify] [hook=frame_stage_notify] [frame_stage] begin stage=5 this=0x00007FF9936073C0
#11548 [2026-09-17 23:54:45.330] [DEBUG] [P12236:T15604] [phase=frame_stage_notify] [hook=frame_stage_notify] [frame_stage] original begin
#11549 [2026-09-17 23:54:45.349] [DEBUG] [P12236:T15604] [phase=frame_stage_notify] [hook=frame_stage_notify] [frame_stage] original end
#11550 [2026-09-17 23:54:45.367] [DEBUG] [P12236:T15604] [phase=frame_stage_notify] [hook=frame_stage_notify] [frame_stage] end stage=5
#11551 [2026-09-17 23:54:45.385] [DEBUG] [P12236:T15604] [phase=frame_stage_notify] [hook=frame_stage_notify] [frame_stage] begin stage=6 this=0x00007FF9936073C0
#11552 [2026-09-17 23:54:45.404] [DEBUG] [P12236:T15604] [phase=frame_stage_notify] [hook=frame_stage_notify] [frame_stage] guns begin
#11553 [2026-09-17 23:54:45.423] [DEBUG] [P12236:T15604] [phase=frame_stage_notify] [hook=frame_stage_notify] [frame_stage] guns end
#11554 [2026-09-17 23:54:45.441] [DEBUG] [P12236:T15604] [phase=frame_stage_notify] [hook=frame_stage_notify] [frame_stage] dlight begin
#11555 [2026-09-17 23:54:45.459] [DEBUG] [P12236:T15604] [phase=frame_stage_notify] [hook=frame_stage_notify] [frame_stage] dlight end
#11556 [2026-09-17 23:54:45.478] [DEBUG] [P12236:T15604] [phase=frame_stage_notify] [hook=frame_stage_notify] [frame_stage] original begin
#11557 [2026-09-17 23:54:45.496] [DEBUG] [P12236:T15604] [phase=frame_stage_notify] [hook=frame_stage_notify] [frame_stage] original end
#11558 [2026-09-17 23:54:45.514] [DEBUG] [P12236:T15604] [phase=frame_stage_notify] [hook=frame_stage_notify] [frame_stage] post-network feature updates begin
#11559 [2026-09-17 23:54:45.533] [DEBUG] [P12236:T15604] [phase=frame_stage_notify] [hook=frame_stage_notify] [frame_stage] post-network feature updates end
#11560 [2026-09-17 23:54:45.551] [DEBUG] [P12236:T15604] [phase=frame_stage_notify] [hook=frame_stage_notify] [frame_stage] end stage=6
#11561 [2026-09-17 23:54:45.569] [DEBUG] [P12236:T15604] [phase=frame_stage_notify] [hook=frame_stage_notify] [frame_stage] begin stage=7 this=0x00007FF9936073C0
#11562 [2026-09-17 23:54:45.588] [DEBUG] [P12236:T15604] [phase=frame_stage_notify] [hook=frame_stage_notify] [frame_stage] agents begin
#11563 [2026-09-17 23:54:45.605] [DEBUG] [P12236:T15604] [phase=frame_stage_notify] [hook=frame_stage_notify] [frame_stage] agents end; gloves begin
#11564 [2026-09-17 23:54:45.642] [DEBUG] [P12236:T15604] [phase=frame_stage_notify] [hook=frame_stage_notify] [frame_stage] gloves end; knives begin
#11565 [2026-09-17 23:54:45.694] [DEBUG] [P12236:T15604] [phase=frame_stage_notify] [hook=frame_stage_notify] [frame_stage] knives end; world begin
#11566 [2026-09-17 23:54:45.712] [DEBUG] [P12236:T15604] [phase=frame_stage_notify] [hook=frame_stage_notify] [frame_stage] scene end; weather begin
#11567 [2026-09-17 23:54:45.731] [DEBUG] [P12236:T15604] [phase=frame_stage_notify] [hook=frame_stage_notify] [frame_stage] weather end; other begin
#11568 [2026-09-17 23:54:45.748] [DEBUG] [P12236:T15604] [phase=frame_stage_notify] [hook=frame_stage_notify] [frame_stage] other end; impacts begin
#11569 [2026-09-17 23:54:45.767] [DEBUG] [P12236:T15604] [phase=frame_stage_notify] [hook=frame_stage_notify] [frame_stage] impacts end
#11570 [2026-09-17 23:54:45.786] [DEBUG] [P12236:T15604] [phase=frame_stage_notify] [hook=frame_stage_notify] [frame_stage] original begin
#11571 [2026-09-17 23:54:45.805] [DEBUG] [P12236:T15604] [phase=frame_stage_notify] [hook=frame_stage_notify] [frame_stage] original end
#11572 [2026-09-17 23:54:45.823] [DEBUG] [P12236:T15604] [phase=frame_stage_notify] [hook=frame_stage_notify] [frame_stage] end stage=7
#11573 [2026-09-17 23:54:45.841] [DEBUG] [P12236:T15604] [phase=frame_stage_notify] [hook=frame_stage_notify] [frame_stage] begin stage=8 this=0x00007FF9936073C0
#11574 [2026-09-17 23:54:45.859] [DEBUG] [P12236:T15604] [phase=frame_stage_notify] [hook=frame_stage_notify] [frame_stage] original begin
#11575 [2026-09-17 23:54:45.878] [DEBUG] [P12236:T15604] [phase=frame_stage_notify] [hook=frame_stage_notify] [frame_stage] original end
#11576 [2026-09-17 23:54:45.897] [DEBUG] [P12236:T15604] [phase=frame_stage_notify] [hook=frame_stage_notify] [frame_stage] end stage=8
#11577 [2026-09-17 23:54:45.915] [DEBUG] [P12236:T15604] [phase=frame_stage_notify] [hook=frame_stage_notify] [frame_stage] begin stage=3 this=0x00007FF9936073C0
#11578 [2026-09-17 23:54:45.933] [DEBUG] [P12236:T15604] [phase=frame_stage_notify] [hook=frame_stage_notify] [frame_stage] original begin
#11579 [2026-09-17 23:54:45.952] [DEBUG] [P12236:T15604] [phase=frame_stage_notify] [hook=frame_stage_notify] [frame_stage] original end
#11580 [2026-09-17 23:54:45.970] [DEBUG] [P12236:T15604] [phase=frame_stage_notify] [hook=frame_stage_notify] [frame_stage] end stage=3
#11581 [2026-09-17 23:54:45.990] [DEBUG] [P12236:T15604] [phase=frame_stage_notify] [hook=frame_stage_notify] [frame_stage] begin stage=12 this=0x00007FF9936073C0
#11582 [2026-09-17 23:54:46.008] [DEBUG] [P12236:T15604] [phase=frame_stage_notify] [hook=frame_stage_notify] [frame_stage] original begin
#11583 [2026-09-17 23:54:46.026] [DEBUG] [P12236:T15604] [phase=frame_stage_notify] [hook=frame_stage_notify] [frame_stage] original end
#11584 [2026-09-17 23:54:46.044] [DEBUG] [P12236:T15604] [phase=frame_stage_notify] [hook=frame_stage_notify] [frame_stage] view/frame-data update begin
#11585 [2026-09-17 23:54:46.062] [DEBUG] [P12236:T15604] [phase=frame_stage_notify] [hook=frame_stage_notify] [frame_stage] view/frame-data update end
#11586 [2026-09-17 23:54:46.080] [DEBUG] [P12236:T15604] [phase=frame_stage_notify] [hook=frame_stage_notify] [frame_stage] end stage=12
#11587 [2026-09-17 23:54:46.103] [DEBUG] [P12236:T18300] [phase=present] [hook=present] [present] begin swap_chain=0x00000242DB990F50 sync=0 flags=0x200 ready=1
#11688 [2026-09-17 23:54:46.122] [DEBUG] [P12236:T18300] [phase=present] [hook=present] [present] rendering context updated
#11689 [2026-09-17 23:54:46.139] [DEBUG] [P12236:T18300] [phase=present] [hook=present] [present] forwarding to original
#11690 [2026-09-17 23:54:46.159] [DEBUG] [P12236:T15604] [phase=frame_stage_notify] [hook=frame_stage_notify] [frame_stage] begin stage=0 this=0x00007FF9936073C0
#11694 [2026-09-17 23:54:46.180] [DEBUG] [P12236:T15604] [phase=frame_stage_notify] [hook=frame_stage_notify] [frame_stage] original begin
#11695 [2026-09-17 23:54:46.197] [DEBUG] [P12236:T15604] [phase=frame_stage_notify] [hook=frame_stage_notify] [frame_stage] original end
#11696 [2026-09-17 23:54:46.218] [DEBUG] [P12236:T15604] [phase=frame_stage_notify] [hook=frame_stage_notify] [frame_stage] end stage=0
#11697 [2026-09-17 23:54:46.237] [DEBUG] [P12236:T15604] [phase=frame_stage_notify] [hook=frame_stage_notify] [frame_stage] begin stage=11 this=0x00007FF9936073C0
#11698 [2026-09-17 23:54:46.255] [DEBUG] [P12236:T15604] [phase=frame_stage_notify] [hook=frame_stage_notify] [frame_stage] original begin
#11699 [2026-09-17 23:54:46.273] [DEBUG] [P12236:T15604] [phase=frame_stage_notify] [hook=frame_stage_notify] [frame_stage] original end
#11700 [2026-09-17 23:54:46.291] [DEBUG] [P12236:T15604] [phase=frame_stage_notify] [hook=frame_stage_notify] [frame_stage] end stage=11
#11701 [2026-09-17 23:54:46.309] [DEBUG] [P12236:T15604] [phase=frame_stage_notify] [hook=frame_stage_notify] [frame_stage] begin stage=0 this=0x00007FF9936073C0
#11702 [2026-09-17 23:54:46.328] [DEBUG] [P12236:T15604] [phase=frame_stage_notify] [hook=frame_stage_notify] [frame_stage] original begin
#11703 [2026-09-17 23:54:46.347] [DEBUG] [P12236:T15604] [phase=frame_stage_notify] [hook=frame_stage_notify] [frame_stage] original end
#11704 [2026-09-17 23:54:46.365] [DEBUG] [P12236:T15604] [phase=frame_stage_notify] [hook=frame_stage_notify] [frame_stage] end stage=0
#11705 [2026-09-17 23:54:46.385] [DEBUG] [P12236:T15604] [phase=frame_stage_notify] [hook=frame_stage_notify] [frame_stage] begin stage=11 this=0x00007FF9936073C0
#11706 [2026-09-17 23:54:46.403] [DEBUG] [P12236:T15604] [phase=frame_stage_notify] [hook=frame_stage_notify] [frame_stage] original begin
#11707 [2026-09-17 23:54:46.420] [DEBUG] [P12236:T15604] [phase=frame_stage_notify] [hook=frame_stage_notify] [frame_stage] original end
#11708 [2026-09-17 23:54:46.439] [DEBUG] [P12236:T15604] [phase=frame_stage_notify] [hook=frame_stage_notify] [frame_stage] end stage=11
#11709 [2026-09-17 23:54:46.458] [DEBUG] [P12236:T15604] [phase=frame_stage_notify] [hook=frame_stage_notify] [frame_stage] begin stage=0 this=0x00007FF9936073C0
#11710 [2026-09-17 23:54:46.475] [DEBUG] [P12236:T15604] [phase=frame_stage_notify] [hook=frame_stage_notify] [frame_stage] original begin
#11711 [2026-09-17 23:54:46.494] [DEBUG] [P12236:T15604] [phase=frame_stage_notify] [hook=frame_stage_notify] [frame_stage] original end
#11712 [2026-09-17 23:54:46.512] [DEBUG] [P12236:T15604] [phase=frame_stage_notify] [hook=frame_stage_notify] [frame_stage] end stage=0
#11713 [2026-09-17 23:54:46.531] [DEBUG] [P12236:T15604] [phase=frame_stage_notify] [hook=frame_stage_notify] [frame_stage] begin stage=11 this=0x00007FF9936073C0
#11714 [2026-09-17 23:54:46.550] [DEBUG] [P12236:T15604] [phase=frame_stage_notify] [hook=frame_stage_notify] [frame_stage] original begin
#11715 [2026-09-17 23:54:46.569] [DEBUG] [P12236:T15604] [phase=frame_stage_notify] [hook=frame_stage_notify] [frame_stage] original end
#11716 [2026-09-17 23:54:46.587] [DEBUG] [P12236:T15604] [phase=frame_stage_notify] [hook=frame_stage_notify] [frame_stage] end stage=11
#11717 [2026-09-17 23:54:46.605] [DEBUG] [P12236:T15604] [phase=frame_stage_notify] [hook=frame_stage_notify] [frame_stage] begin stage=0 this=0x00007FF9936073C0
#11718 [2026-09-17 23:54:46.623] [DEBUG] [P12236:T15604] [phase=frame_stage_notify] [hook=frame_stage_notify] [frame_stage] original begin
#11719 [2026-09-17 23:54:46.641] [DEBUG] [P12236:T15604] [phase=frame_stage_notify] [hook=frame_stage_notify] [frame_stage] original end
#11720 [2026-09-17 23:54:46.659] [DEBUG] [P12236:T15604] [phase=frame_stage_notify] [hook=frame_stage_notify] [frame_stage] end stage=0
#11721 [2026-09-17 23:54:46.678] [DEBUG] [P12236:T15604] [phase=frame_stage_notify] [hook=frame_stage_notify] [frame_stage] begin stage=10 this=0x00007FF9936073C0
#11722 [2026-09-17 23:54:46.697] [DEBUG] [P12236:T15604] [phase=frame_stage_notify] [hook=frame_stage_notify] [frame_stage] original begin
#11723 [2026-09-17 23:54:46.715] [DEBUG] [P12236:T15604] [phase=frame_stage_notify] [hook=frame_stage_notify] [frame_stage] original end
#11724 [2026-09-17 23:54:46.733] [DEBUG] [P12236:T15604] [phase=frame_stage_notify] [hook=frame_stage_notify] [frame_stage] end stage=10
#11725 [2026-09-17 23:54:46.751] [DEBUG] [P12236:T15604] [phase=frame_stage_notify] [hook=frame_stage_notify] [frame_stage] begin stage=11 this=0x00007FF9936073C0
#11726 [2026-09-17 23:54:46.770] [DEBUG] [P12236:T15604] [phase=frame_stage_notify] [hook=frame_stage_notify] [frame_stage] original begin
#11727 [2026-09-17 23:54:46.789] [DEBUG] [P12236:T15604] [phase=frame_stage_notify] [hook=frame_stage_notify] [frame_stage] original end
#11728 [2026-09-17 23:54:46.807] [DEBUG] [P12236:T15604] [phase=frame_stage_notify] [hook=frame_stage_notify] [frame_stage] end stage=11
#11729 [2026-09-17 23:54:46.825] [DEBUG] [P12236:T15604] [phase=frame_stage_notify] [hook=frame_stage_notify] [frame_stage] begin stage=1 this=0x00007FF9936073C0
#11730 [2026-09-17 23:54:46.843] [DEBUG] [P12236:T15604] [phase=frame_stage_notify] [hook=frame_stage_notify] [frame_stage] original begin
#11731 [2026-09-17 23:54:46.861] [DEBUG] [P12236:T15604] [phase=frame_stage_notify] [hook=frame_stage_notify] [frame_stage] original end
#11732 [2026-09-17 23:54:46.880] [DEBUG] [P12236:T15604] [phase=frame_stage_notify] [hook=frame_stage_notify] [frame_stage] end stage=1
#11733 [2026-09-17 23:54:46.898] [DEBUG] [P12236:T15604] [phase=frame_stage_notify] [hook=frame_stage_notify] [frame_stage] begin stage=2 this=0x00007FF9936073C0
#11734 [2026-09-17 23:54:46.916] [DEBUG] [P12236:T15604] [phase=frame_stage_notify] [hook=frame_stage_notify] [frame_stage] original begin
#11735 [2026-09-17 23:54:46.935] [DEBUG] [P12236:T15604] [phase=frame_stage_notify] [hook=frame_stage_notify] [frame_stage] original end
#11736 [2026-09-17 23:54:46.953] [DEBUG] [P12236:T15604] [phase=frame_stage_notify] [hook=frame_stage_notify] [frame_stage] end stage=2
#11737 [2026-09-17 23:54:46.972] [DEBUG] [P12236:T15604] [phase=frame_stage_notify] [hook=frame_stage_notify] [frame_stage] begin stage=5 this=0x00007FF9936073C0
#11738 [2026-09-17 23:54:46.990] [DEBUG] [P12236:T15604] [phase=frame_stage_notify] [hook=frame_stage_notify] [frame_stage] original begin
#11739 [2026-09-17 23:54:47.027] [DEBUG] [P12236:T15604] [phase=frame_stage_notify] [hook=frame_stage_notify] [frame_stage] original end
#11740 [2026-09-17 23:54:47.062] [DEBUG] [P12236:T15604] [phase=frame_stage_notify] [hook=frame_stage_notify] [frame_stage] end stage=5
#11741 [2026-09-17 23:54:47.081] [DEBUG] [P12236:T15604] [phase=frame_stage_notify] [hook=frame_stage_notify] [frame_stage] begin stage=6 this=0x00007FF9936073C0
#11742 [2026-09-17 23:54:47.099] [DEBUG] [P12236:T15604] [phase=frame_stage_notify] [hook=frame_stage_notify] [frame_stage] guns begin
#11743 [2026-09-17 23:54:47.118] [DEBUG] [P12236:T15604] [phase=frame_stage_notify] [hook=frame_stage_notify] [frame_stage] guns end
#11744 [2026-09-17 23:54:47.136] [DEBUG] [P12236:T15604] [phase=frame_stage_notify] [hook=frame_stage_notify] [frame_stage] dlight begin
#11745 [2026-09-17 23:54:47.155] [DEBUG] [P12236:T15604] [phase=frame_stage_notify] [hook=frame_stage_notify] [frame_stage] dlight end
#11746 [2026-09-17 23:54:47.173] [DEBUG] [P12236:T15604] [phase=frame_stage_notify] [hook=frame_stage_notify] [frame_stage] original begin
#11747 [2026-09-17 23:54:47.191] [DEBUG] [P12236:T15604] [phase=frame_stage_notify] [hook=frame_stage_notify] [frame_stage] original end
#11748 [2026-09-17 23:54:47.210] [DEBUG] [P12236:T15604] [phase=frame_stage_notify] [hook=frame_stage_notify] [frame_stage] post-network feature updates begin
#11749 [2026-09-17 23:54:47.228] [DEBUG] [P12236:T15604] [phase=frame_stage_notify] [hook=frame_stage_notify] [frame_stage] post-network feature updates end
#11750 [2026-09-17 23:54:47.246] [DEBUG] [P12236:T15604] [phase=frame_stage_notify] [hook=frame_stage_notify] [frame_stage] end stage=6
#11751 [2026-09-17 23:54:47.265] [DEBUG] [P12236:T15604] [phase=frame_stage_notify] [hook=frame_stage_notify] [frame_stage] begin stage=7 this=0x00007FF9936073C0
#11752 [2026-09-17 23:54:47.282] [DEBUG] [P12236:T15604] [phase=frame_stage_notify] [hook=frame_stage_notify] [frame_stage] agents begin
#11753 [2026-09-17 23:54:47.301] [DEBUG] [P12236:T15604] [phase=frame_stage_notify] [hook=frame_stage_notify] [frame_stage] agents end; gloves begin
#11754 [2026-09-17 23:54:47.319] [DEBUG] [P12236:T15604] [phase=frame_stage_notify] [hook=frame_stage_notify] [frame_stage] gloves end; knives begin
#11755 [2026-09-17 23:54:47.338] [DEBUG] [P12236:T15604] [phase=frame_stage_notify] [hook=frame_stage_notify] [frame_stage] knives end; world begin
#11756 [2026-09-17 23:54:47.356] [DEBUG] [P12236:T15604] [phase=frame_stage_notify] [hook=frame_stage_notify] [frame_stage] scene end; weather begin
#11757 [2026-09-17 23:54:47.375] [DEBUG] [P12236:T15604] [phase=frame_stage_notify] [hook=frame_stage_notify] [frame_stage] weather end; other begin
#11758 [2026-09-17 23:54:47.393] [DEBUG] [P12236:T15604] [phase=frame_stage_notify] [hook=frame_stage_notify] [frame_stage] other end; impacts begin
#11759 [2026-09-17 23:54:47.413] [DEBUG] [P12236:T15604] [phase=frame_stage_notify] [hook=frame_stage_notify] [frame_stage] impacts end
#11760 [2026-09-17 23:54:47.432] [DEBUG] [P12236:T15604] [phase=frame_stage_notify] [hook=frame_stage_notify] [frame_stage] original begin
#11761 [2026-09-17 23:54:47.450] [DEBUG] [P12236:T15604] [phase=frame_stage_notify] [hook=frame_stage_notify] [frame_stage] original end
#11762 [2026-09-17 23:54:47.469] [DEBUG] [P12236:T15604] [phase=frame_stage_notify] [hook=frame_stage_notify] [frame_stage] end stage=7
#11763 [2026-09-17 23:54:47.488] [DEBUG] [P12236:T15604] [phase=frame_stage_notify] [hook=frame_stage_notify] [frame_stage] begin stage=8 this=0x00007FF9936073C0
#11764 [2026-09-17 23:54:47.505] [DEBUG] [P12236:T15604] [phase=frame_stage_notify] [hook=frame_stage_notify] [frame_stage] original begin
#11765 [2026-09-17 23:54:47.524] [DEBUG] [P12236:T15604] [phase=frame_stage_notify] [hook=frame_stage_notify] [frame_stage] original end
#11766 [2026-09-17 23:54:47.542] [DEBUG] [P12236:T15604] [phase=frame_stage_notify] [hook=frame_stage_notify] [frame_stage] end stage=8
#11767 [2026-09-17 23:54:47.561] [DEBUG] [P12236:T15604] [phase=frame_stage_notify] [hook=frame_stage_notify] [frame_stage] begin stage=3 this=0x00007FF9936073C0
#11768 [2026-09-17 23:54:47.580] [DEBUG] [P12236:T15604] [phase=frame_stage_notify] [hook=frame_stage_notify] [frame_stage] original begin
#11769 [2026-09-17 23:54:47.599] [DEBUG] [P12236:T15604] [phase=frame_stage_notify] [hook=frame_stage_notify] [frame_stage] original end
#11770 [2026-09-17 23:54:47.618] [DEBUG] [P12236:T15604] [phase=frame_stage_notify] [hook=frame_stage_notify] [frame_stage] end stage=3
#11771 [2026-09-17 23:54:47.637] [DEBUG] [P12236:T15604] [phase=frame_stage_notify] [hook=frame_stage_notify] [frame_stage] begin stage=12 this=0x00007FF9936073C0
#11772 [2026-09-17 23:54:47.655] [DEBUG] [P12236:T15604] [phase=frame_stage_notify] [hook=frame_stage_notify] [frame_stage] original begin
#11773 [2026-09-17 23:54:47.674] [DEBUG] [P12236:T15604] [phase=frame_stage_notify] [hook=frame_stage_notify] [frame_stage] original end
#11774 [2026-09-17 23:54:47.693] [DEBUG] [P12236:T15604] [phase=frame_stage_notify] [hook=frame_stage_notify] [frame_stage] view/frame-data update begin
#11775 [2026-09-17 23:54:47.711] [DEBUG] [P12236:T15604] [phase=frame_stage_notify] [hook=frame_stage_notify] [frame_stage] view/frame-data update end
#11776 [2026-09-17 23:54:47.729] [DEBUG] [P12236:T15604] [phase=frame_stage_notify] [hook=frame_stage_notify] [frame_stage] end stage=12
#11777 [2026-09-17 23:54:47.750] [DEBUG] [P12236:T15604] [phase=frame_stage_notify] [hook=frame_stage_notify] [frame_stage] begin stage=0 this=0x00007FF9936073C0
#11781 [2026-09-17 23:54:47.769] [DEBUG] [P12236:T15604] [phase=frame_stage_notify] [hook=frame_stage_notify] [frame_stage] original begin
#11782 [2026-09-17 23:54:47.787] [DEBUG] [P12236:T15604] [phase=frame_stage_notify] [hook=frame_stage_notify] [frame_stage] original end
#11783 [2026-09-17 23:54:47.806] [DEBUG] [P12236:T15604] [phase=frame_stage_notify] [hook=frame_stage_notify] [frame_stage] end stage=0
#11784 [2026-09-17 23:54:47.825] [DEBUG] [P12236:T15604] [phase=frame_stage_notify] [hook=frame_stage_notify] [frame_stage] begin stage=11 this=0x00007FF9936073C0
#11785 [2026-09-17 23:54:47.842] [DEBUG] [P12236:T15604] [phase=frame_stage_notify] [hook=frame_stage_notify] [frame_stage] original begin
#11786 [2026-09-17 23:54:47.860] [DEBUG] [P12236:T15604] [phase=frame_stage_notify] [hook=frame_stage_notify] [frame_stage] original end
#11787 [2026-09-17 23:54:47.880] [DEBUG] [P12236:T15604] [phase=frame_stage_notify] [hook=frame_stage_notify] [frame_stage] end stage=11
#11788 [2026-09-17 23:54:47.898] [DEBUG] [P12236:T15604] [phase=frame_stage_notify] [hook=frame_stage_notify] [frame_stage] begin stage=0 this=0x00007FF9936073C0
#11789 [2026-09-17 23:54:47.916] [DEBUG] [P12236:T15604] [phase=frame_stage_notify] [hook=frame_stage_notify] [frame_stage] original begin
#11790 [2026-09-17 23:54:47.934] [DEBUG] [P12236:T15604] [phase=frame_stage_notify] [hook=frame_stage_notify] [frame_stage] original end
#11791 [2026-09-17 23:54:47.952] [DEBUG] [P12236:T15604] [phase=frame_stage_notify] [hook=frame_stage_notify] [frame_stage] end stage=0
#11792 [2026-09-17 23:54:47.971] [DEBUG] [P12236:T15604] [phase=frame_stage_notify] [hook=frame_stage_notify] [frame_stage] begin stage=11 this=0x00007FF9936073C0
#11793 [2026-09-17 23:54:47.990] [DEBUG] [P12236:T15604] [phase=frame_stage_notify] [hook=frame_stage_notify] [frame_stage] original begin
#11794 [2026-09-17 23:54:48.008] [DEBUG] [P12236:T15604] [phase=frame_stage_notify] [hook=frame_stage_notify] [frame_stage] original end
#11795 [2026-09-17 23:54:48.026] [DEBUG] [P12236:T15604] [phase=frame_stage_notify] [hook=frame_stage_notify] [frame_stage] end stage=11
#11796 [2026-09-17 23:54:48.043] [DEBUG] [P12236:T15604] [phase=frame_stage_notify] [hook=frame_stage_notify] [frame_stage] begin stage=0 this=0x00007FF9936073C0
#11797 [2026-09-17 23:54:48.062] [DEBUG] [P12236:T15604] [phase=frame_stage_notify] [hook=frame_stage_notify] [frame_stage] original begin
#11798 [2026-09-17 23:54:48.080] [DEBUG] [P12236:T15604] [phase=frame_stage_notify] [hook=frame_stage_notify] [frame_stage] original end
#11799 [2026-09-17 23:54:48.098] [DEBUG] [P12236:T15604] [phase=frame_stage_notify] [hook=frame_stage_notify] [frame_stage] end stage=0
#11800 [2026-09-17 23:54:48.117] [DEBUG] [P12236:T15604] [phase=frame_stage_notify] [hook=frame_stage_notify] [frame_stage] begin stage=11 this=0x00007FF9936073C0
#11801 [2026-09-17 23:54:48.136] [DEBUG] [P12236:T15604] [phase=frame_stage_notify] [hook=frame_stage_notify] [frame_stage] original begin
#11802 [2026-09-17 23:54:48.155] [DEBUG] [P12236:T15604] [phase=frame_stage_notify] [hook=frame_stage_notify] [frame_stage] original end
#11803 [2026-09-17 23:54:48.173] [DEBUG] [P12236:T15604] [phase=frame_stage_notify] [hook=frame_stage_notify] [frame_stage] end stage=11
#11804 [2026-09-17 23:54:48.191] [DEBUG] [P12236:T15604] [phase=none] [hook=frame_stage_notify] hook enter name=frame_stage_notify arg0=0x00007FF9936073C0 arg1=0x0000000000000000 arg2=0x0000000000000000 arg3=0x0000000000000000
#11805 [2026-09-17 23:54:48.210] [DEBUG] [P12236:T15604] [phase=frame_stage_notify] [hook=frame_stage_notify] [frame_stage] begin stage=0 this=0x00007FF9936073C0
#11806 [2026-09-17 23:54:48.229] [DEBUG] [P12236:T15604] [phase=frame_stage_notify] [hook=frame_stage_notify] [frame_stage] original begin
#11807 [2026-09-17 23:54:48.248] [DEBUG] [P12236:T15604] [phase=frame_stage_notify] [hook=frame_stage_notify] [frame_stage] original end
#11808 [2026-09-17 23:54:48.272] [DEBUG] [P12236:T15604] [phase=frame_stage_notify] [hook=frame_stage_notify] [frame_stage] end stage=0
#11809 [2026-09-17 23:54:48.290] [DEBUG] [P12236:T15604] [phase=none] [hook=frame_stage_notify] hook leave name=frame_stage_notify duration_ms=109
#11810 [2026-09-17 23:54:48.309] [DEBUG] [P12236:T15604] [phase=frame_stage_notify] [hook=frame_stage_notify] [frame_stage] begin stage=11 this=0x00007FF9936073C0
#11811 [2026-09-17 23:54:48.327] [DEBUG] [P12236:T15604] [phase=frame_stage_notify] [hook=frame_stage_notify] [frame_stage] original begin
#11812 [2026-09-17 23:54:48.346] [DEBUG] [P12236:T15604] [phase=frame_stage_notify] [hook=frame_stage_notify] [frame_stage] original end
#11813 [2026-09-17 23:54:48.364] [DEBUG] [P12236:T15604] [phase=frame_stage_notify] [hook=frame_stage_notify] [frame_stage] end stage=11
#11814 [2026-09-17 23:54:48.399] [DEBUG] [P12236:T15604] [phase=frame_stage_notify] [hook=frame_stage_notify] [frame_stage] begin stage=0 this=0x00007FF9936073C0
#11815 [2026-09-17 23:54:48.418] [DEBUG] [P12236:T15604] [phase=frame_stage_notify] [hook=frame_stage_notify] [frame_stage] original begin
#11816 [2026-09-17 23:54:48.436] [DEBUG] [P12236:T15604] [phase=frame_stage_notify] [hook=frame_stage_notify] [frame_stage] original end
#11817 [2026-09-17 23:54:48.454] [DEBUG] [P12236:T15604] [phase=frame_stage_notify] [hook=frame_stage_notify] [frame_stage] end stage=0
#11818 [2026-09-17 23:54:48.490] [DEBUG] [P12236:T15604] [phase=frame_stage_notify] [hook=frame_stage_notify] [frame_stage] begin stage=11 this=0x00007FF9936073C0
#11819 [2026-09-17 23:54:48.509] [DEBUG] [P12236:T15604] [phase=frame_stage_notify] [hook=frame_stage_notify] [frame_stage] original begin
#11820 [2026-09-17 23:54:48.527] [DEBUG] [P12236:T15604] [phase=frame_stage_notify] [hook=frame_stage_notify] [frame_stage] original end
#11821 [2026-09-17 23:54:48.545] [DEBUG] [P12236:T15604] [phase=frame_stage_notify] [hook=frame_stage_notify] [frame_stage] end stage=11
#11822 [2026-09-17 23:54:48.564] [DEBUG] [P12236:T15604] [phase=frame_stage_notify] [hook=frame_stage_notify] [frame_stage] begin stage=0 this=0x00007FF9936073C0
#11823 [2026-09-17 23:54:48.583] [DEBUG] [P12236:T15604] [phase=frame_stage_notify] [hook=frame_stage_notify] [frame_stage] original begin
#11824 [2026-09-17 23:54:48.601] [DEBUG] [P12236:T15604] [phase=frame_stage_notify] [hook=frame_stage_notify] [frame_stage] original end
#11825 [2026-09-17 23:54:48.620] [DEBUG] [P12236:T15604] [phase=frame_stage_notify] [hook=frame_stage_notify] [frame_stage] end stage=0
#11826 [2026-09-17 23:54:48.638] [DEBUG] [P12236:T15604] [phase=frame_stage_notify] [hook=frame_stage_notify] [frame_stage] begin stage=10 this=0x00007FF9936073C0
#11827 [2026-09-17 23:54:48.659] [DEBUG] [P12236:T15604] [phase=frame_stage_notify] [hook=frame_stage_notify] [frame_stage] original begin
#11828 [2026-09-17 23:54:48.677] [DEBUG] [P12236:T15604] [phase=frame_stage_notify] [hook=frame_stage_notify] [frame_stage] original end
#11829 [2026-09-17 23:54:48.695] [DEBUG] [P12236:T15604] [phase=frame_stage_notify] [hook=frame_stage_notify] [frame_stage] end stage=10
#11830 [2026-09-17 23:54:48.714] [DEBUG] [P12236:T15604] [phase=frame_stage_notify] [hook=frame_stage_notify] [frame_stage] begin stage=11 this=0x00007FF9936073C0
#11831 [2026-09-17 23:54:48.732] [DEBUG] [P12236:T15604] [phase=frame_stage_notify] [hook=frame_stage_notify] [frame_stage] original begin
#11832 [2026-09-17 23:54:48.750] [DEBUG] [P12236:T15604] [phase=frame_stage_notify] [hook=frame_stage_notify] [frame_stage] original end
#11833 [2026-09-17 23:54:48.768] [DEBUG] [P12236:T15604] [phase=frame_stage_notify] [hook=frame_stage_notify] [frame_stage] end stage=11
#11834 [2026-09-17 23:54:48.787] [DEBUG] [P12236:T15604] [phase=frame_stage_notify] [hook=frame_stage_notify] [frame_stage] begin stage=1 this=0x00007FF9936073C0
#11835 [2026-09-17 23:54:48.806] [DEBUG] [P12236:T15604] [phase=frame_stage_notify] [hook=frame_stage_notify] [frame_stage] original begin
#11836 [2026-09-17 23:54:48.825] [DEBUG] [P12236:T15604] [phase=frame_stage_notify] [hook=frame_stage_notify] [frame_stage] original end
#11837 [2026-09-17 23:54:48.843] [DEBUG] [P12236:T15604] [phase=frame_stage_notify] [hook=frame_stage_notify] [frame_stage] end stage=1
#11838 [2026-09-17 23:54:48.861] [DEBUG] [P12236:T15604] [phase=frame_stage_notify] [hook=frame_stage_notify] [frame_stage] begin stage=2 this=0x00007FF9936073C0
#11839 [2026-09-17 23:54:48.879] [DEBUG] [P12236:T15604] [phase=frame_stage_notify] [hook=frame_stage_notify] [frame_stage] original begin
#11840 [2026-09-17 23:54:48.898] [DEBUG] [P12236:T15604] [phase=frame_stage_notify] [hook=frame_stage_notify] [frame_stage] original end
#11841 [2026-09-17 23:54:48.916] [DEBUG] [P12236:T15604] [phase=frame_stage_notify] [hook=frame_stage_notify] [frame_stage] end stage=2
#11842 [2026-09-17 23:54:48.934] [DEBUG] [P12236:T15604] [phase=frame_stage_notify] [hook=frame_stage_notify] [frame_stage] begin stage=5 this=0x00007FF9936073C0
#11843 [2026-09-17 23:54:48.952] [DEBUG] [P12236:T15604] [phase=frame_stage_notify] [hook=frame_stage_notify] [frame_stage] original begin
#11844 [2026-09-17 23:54:48.970] [DEBUG] [P12236:T15604] [phase=frame_stage_notify] [hook=frame_stage_notify] [frame_stage] original end
#11845 [2026-09-17 23:54:48.989] [DEBUG] [P12236:T15604] [phase=frame_stage_notify] [hook=frame_stage_notify] [frame_stage] end stage=5
#11846 [2026-09-17 23:54:49.007] [DEBUG] [P12236:T15604] [phase=frame_stage_notify] [hook=frame_stage_notify] [frame_stage] begin stage=6 this=0x00007FF9936073C0
#11847 [2026-09-17 23:54:49.026] [DEBUG] [P12236:T15604] [phase=frame_stage_notify] [hook=frame_stage_notify] [frame_stage] guns begin
#11848 [2026-09-17 23:54:49.044] [DEBUG] [P12236:T15604] [phase=frame_stage_notify] [hook=frame_stage_notify] [frame_stage] guns end
#11849 [2026-09-17 23:54:49.062] [DEBUG] [P12236:T15604] [phase=frame_stage_notify] [hook=frame_stage_notify] [frame_stage] dlight begin
#11850 [2026-09-17 23:54:49.080] [DEBUG] [P12236:T15604] [phase=frame_stage_notify] [hook=frame_stage_notify] [frame_stage] dlight end
#11851 [2026-09-17 23:54:49.098] [DEBUG] [P12236:T15604] [phase=frame_stage_notify] [hook=frame_stage_notify] [frame_stage] original begin
#11852 [2026-09-17 23:54:49.117] [DEBUG] [P12236:T15604] [phase=frame_stage_notify] [hook=frame_stage_notify] [frame_stage] original end
#11853 [2026-09-17 23:54:49.135] [DEBUG] [P12236:T15604] [phase=frame_stage_notify] [hook=frame_stage_notify] [frame_stage] post-network feature updates begin
#11854 [2026-09-17 23:54:49.154] [DEBUG] [P12236:T15604] [phase=frame_stage_notify] [hook=frame_stage_notify] [frame_stage] post-network feature updates end
#11855 [2026-09-17 23:54:49.172] [DEBUG] [P12236:T15604] [phase=frame_stage_notify] [hook=frame_stage_notify] [frame_stage] end stage=6
#11856 [2026-09-17 23:54:49.190] [DEBUG] [P12236:T15604] [phase=frame_stage_notify] [hook=frame_stage_notify] [frame_stage] begin stage=7 this=0x00007FF9936073C0
#11857 [2026-09-17 23:54:49.209] [DEBUG] [P12236:T15604] [phase=frame_stage_notify] [hook=frame_stage_notify] [frame_stage] agents begin
#11858 [2026-09-17 23:54:49.227] [DEBUG] [P12236:T15604] [phase=frame_stage_notify] [hook=frame_stage_notify] [frame_stage] agents end; gloves begin
#11859 [2026-09-17 23:54:49.245] [DEBUG] [P12236:T15604] [phase=frame_stage_notify] [hook=frame_stage_notify] [frame_stage] gloves end; knives begin
#11860 [2026-09-17 23:54:49.263] [DEBUG] [P12236:T15604] [phase=frame_stage_notify] [hook=frame_stage_notify] [frame_stage] knives end; world begin
#11861 [2026-09-17 23:54:49.280] [DEBUG] [P12236:T15604] [phase=frame_stage_notify] [hook=frame_stage_notify] [frame_stage] scene end; weather begin
#11862 [2026-09-17 23:54:49.299] [DEBUG] [P12236:T15604] [phase=frame_stage_notify] [hook=frame_stage_notify] [frame_stage] weather end; other begin
#11863 [2026-09-17 23:54:49.318] [DEBUG] [P12236:T15604] [phase=frame_stage_notify] [hook=frame_stage_notify] [frame_stage] other end; impacts begin
#11864 [2026-09-17 23:54:49.337] [DEBUG] [P12236:T15604] [phase=frame_stage_notify] [hook=frame_stage_notify] [frame_stage] impacts end
#11865 [2026-09-17 23:54:49.355] [DEBUG] [P12236:T15604] [phase=frame_stage_notify] [hook=frame_stage_notify] [frame_stage] original begin
#11866 [2026-09-17 23:54:49.373] [DEBUG] [P12236:T15604] [phase=frame_stage_notify] [hook=frame_stage_notify] [frame_stage] original end
#11867 [2026-09-17 23:54:49.391] [DEBUG] [P12236:T15604] [phase=frame_stage_notify] [hook=frame_stage_notify] [frame_stage] end stage=7
#11868 [2026-09-17 23:54:49.409] [DEBUG] [P12236:T15604] [phase=frame_stage_notify] [hook=frame_stage_notify] [frame_stage] begin stage=8 this=0x00007FF9936073C0
#11869 [2026-09-17 23:54:49.428] [DEBUG] [P12236:T15604] [phase=frame_stage_notify] [hook=frame_stage_notify] [frame_stage] original begin
#11870 [2026-09-17 23:54:49.453] [DEBUG] [P12236:T15604] [phase=frame_stage_notify] [hook=frame_stage_notify] [frame_stage] original end
#11871 [2026-09-17 23:54:49.472] [DEBUG] [P12236:T15604] [phase=frame_stage_notify] [hook=frame_stage_notify] [frame_stage] end stage=8
#11872 [2026-09-17 23:54:49.491] [DEBUG] [P12236:T15604] [phase=frame_stage_notify] [hook=frame_stage_notify] [frame_stage] begin stage=3 this=0x00007FF9936073C0
#11873 [2026-09-17 23:54:49.509] [DEBUG] [P12236:T15604] [phase=frame_stage_notify] [hook=frame_stage_notify] [frame_stage] original begin
#11874 [2026-09-17 23:54:49.527] [DEBUG] [P12236:T15604] [phase=frame_stage_notify] [hook=frame_stage_notify] [frame_stage] original end
#11875 [2026-09-17 23:54:49.546] [DEBUG] [P12236:T15604] [phase=frame_stage_notify] [hook=frame_stage_notify] [frame_stage] end stage=3
#11876 [2026-09-17 23:54:49.565] [DEBUG] [P12236:T15604] [phase=frame_stage_notify] [hook=frame_stage_notify] [frame_stage] begin stage=12 this=0x00007FF9936073C0
#11877 [2026-09-17 23:54:49.583] [DEBUG] [P12236:T15604] [phase=frame_stage_notify] [hook=frame_stage_notify] [frame_stage] original begin
#11878 [2026-09-17 23:54:49.601] [DEBUG] [P12236:T15604] [phase=frame_stage_notify] [hook=frame_stage_notify] [frame_stage] original end
#11879 [2026-09-17 23:54:49.618] [DEBUG] [P12236:T15604] [phase=frame_stage_notify] [hook=frame_stage_notify] [frame_stage] view/frame-data update begin
#11880 [2026-09-17 23:54:49.637] [DEBUG] [P12236:T15604] [phase=frame_stage_notify] [hook=frame_stage_notify] [frame_stage] view/frame-data update end
#11881 [2026-09-17 23:54:49.656] [DEBUG] [P12236:T15604] [phase=frame_stage_notify] [hook=frame_stage_notify] [frame_stage] end stage=12
#11882 [2026-09-17 23:54:49.679] [DEBUG] [P12236:T18300] [phase=present] [hook=present] [present] begin swap_chain=0x00000242DB990F50 sync=0 flags=0x200 ready=1
#11991 [2026-09-17 23:54:49.698] [DEBUG] [P12236:T18300] [phase=present] [hook=present] [present] rendering context updated
#11992 [2026-09-17 23:54:49.734] [DEBUG] [P12236:T18300] [phase=present] [hook=present] [present] forwarding to original
#11993 [2026-09-17 23:54:49.754] [DEBUG] [P12236:T15604] [phase=frame_stage_notify] [hook=frame_stage_notify] [frame_stage] begin stage=0 this=0x00007FF9936073C0
#11997 [2026-09-17 23:54:49.773] [DEBUG] [P12236:T15604] [phase=frame_stage_notify] [hook=frame_stage_notify] [frame_stage] original begin
#11998 [2026-09-17 23:54:49.792] [DEBUG] [P12236:T15604] [phase=frame_stage_notify] [hook=frame_stage_notify] [frame_stage] original end
#11999 [2026-09-17 23:54:49.810] [DEBUG] [P12236:T15604] [phase=frame_stage_notify] [hook=frame_stage_notify] [frame_stage] end stage=0
#12000 [2026-09-17 23:54:49.828] [DEBUG] [P12236:T15604] [phase=frame_stage_notify] [hook=frame_stage_notify] [frame_stage] begin stage=11 this=0x00007FF9936073C0
#12001 [2026-09-17 23:54:49.847] [DEBUG] [P12236:T15604] [phase=frame_stage_notify] [hook=frame_stage_notify] [frame_stage] original begin
#12002 [2026-09-17 23:54:49.866] [DEBUG] [P12236:T15604] [phase=frame_stage_notify] [hook=frame_stage_notify] [frame_stage] original end
#12003 [2026-09-17 23:54:49.885] [DEBUG] [P12236:T15604] [phase=frame_stage_notify] [hook=frame_stage_notify] [frame_stage] end stage=11
#12004 [2026-09-17 23:54:49.904] [DEBUG] [P12236:T15604] [phase=frame_stage_notify] [hook=frame_stage_notify] [frame_stage] begin stage=0 this=0x00007FF9936073C0
#12005 [2026-09-17 23:54:49.922] [DEBUG] [P12236:T15604] [phase=frame_stage_notify] [hook=frame_stage_notify] [frame_stage] original begin
#12006 [2026-09-17 23:54:49.940] [DEBUG] [P12236:T15604] [phase=frame_stage_notify] [hook=frame_stage_notify] [frame_stage] original end
#12007 [2026-09-17 23:54:49.957] [DEBUG] [P12236:T15604] [phase=frame_stage_notify] [hook=frame_stage_notify] [frame_stage] end stage=0
#12008 [2026-09-17 23:54:49.976] [DEBUG] [P12236:T15604] [phase=frame_stage_notify] [hook=frame_stage_notify] [frame_stage] begin stage=11 this=0x00007FF9936073C0
#12009 [2026-09-17 23:54:49.995] [DEBUG] [P12236:T15604] [phase=frame_stage_notify] [hook=frame_stage_notify] [frame_stage] original begin
#12010 [2026-09-17 23:54:50.014] [DEBUG] [P12236:T15604] [phase=frame_stage_notify] [hook=frame_stage_notify] [frame_stage] original end
#12011 [2026-09-17 23:54:50.032] [DEBUG] [P12236:T15604] [phase=frame_stage_notify] [hook=frame_stage_notify] [frame_stage] end stage=11
#12012 [2026-09-17 23:54:50.050] [DEBUG] [P12236:T15604] [phase=frame_stage_notify] [hook=frame_stage_notify] [frame_stage] begin stage=0 this=0x00007FF9936073C0
#12013 [2026-09-17 23:54:50.068] [DEBUG] [P12236:T15604] [phase=frame_stage_notify] [hook=frame_stage_notify] [frame_stage] original begin
#12014 [2026-09-17 23:54:50.087] [DEBUG] [P12236:T15604] [phase=frame_stage_notify] [hook=frame_stage_notify] [frame_stage] original end
#12015 [2026-09-17 23:54:50.106] [DEBUG] [P12236:T15604] [phase=frame_stage_notify] [hook=frame_stage_notify] [frame_stage] end stage=0
#12016 [2026-09-17 23:54:50.125] [DEBUG] [P12236:T15604] [phase=frame_stage_notify] [hook=frame_stage_notify] [frame_stage] begin stage=11 this=0x00007FF9936073C0
#12017 [2026-09-17 23:54:50.143] [DEBUG] [P12236:T15604] [phase=frame_stage_notify] [hook=frame_stage_notify] [frame_stage] original begin
#12018 [2026-09-17 23:54:50.161] [DEBUG] [P12236:T15604] [phase=frame_stage_notify] [hook=frame_stage_notify] [frame_stage] original end
#12019 [2026-09-17 23:54:50.178] [DEBUG] [P12236:T15604] [phase=frame_stage_notify] [hook=frame_stage_notify] [frame_stage] end stage=11
#12020 [2026-09-17 23:54:50.197] [DEBUG] [P12236:T15604] [phase=frame_stage_notify] [hook=frame_stage_notify] [frame_stage] begin stage=0 this=0x00007FF9936073C0
#12021 [2026-09-17 23:54:50.216] [DEBUG] [P12236:T15604] [phase=frame_stage_notify] [hook=frame_stage_notify] [frame_stage] original begin
#12022 [2026-09-17 23:54:50.235] [DEBUG] [P12236:T15604] [phase=frame_stage_notify] [hook=frame_stage_notify] [frame_stage] original end
#12023 [2026-09-17 23:54:50.253] [DEBUG] [P12236:T15604] [phase=frame_stage_notify] [hook=frame_stage_notify] [frame_stage] end stage=0
#12024 [2026-09-17 23:54:50.272] [DEBUG] [P12236:T15604] [phase=frame_stage_notify] [hook=frame_stage_notify] [frame_stage] begin stage=10 this=0x00007FF9936073C0
#12025 [2026-09-17 23:54:50.291] [DEBUG] [P12236:T15604] [phase=frame_stage_notify] [hook=frame_stage_notify] [frame_stage] original begin
#12026 [2026-09-17 23:54:50.309] [DEBUG] [P12236:T15604] [phase=frame_stage_notify] [hook=frame_stage_notify] [frame_stage] original end
#12027 [2026-09-17 23:54:50.328] [DEBUG] [P12236:T15604] [phase=frame_stage_notify] [hook=frame_stage_notify] [frame_stage] end stage=10
#12028 [2026-09-17 23:54:50.347] [DEBUG] [P12236:T15604] [phase=frame_stage_notify] [hook=frame_stage_notify] [frame_stage] begin stage=11 this=0x00007FF9936073C0
#12029 [2026-09-17 23:54:50.366] [DEBUG] [P12236:T15604] [phase=frame_stage_notify] [hook=frame_stage_notify] [frame_stage] original begin
#12030 [2026-09-17 23:54:50.384] [DEBUG] [P12236:T15604] [phase=frame_stage_notify] [hook=frame_stage_notify] [frame_stage] original end
#12031 [2026-09-17 23:54:50.402] [DEBUG] [P12236:T15604] [phase=frame_stage_notify] [hook=frame_stage_notify] [frame_stage] end stage=11
#12032 [2026-09-17 23:54:50.420] [DEBUG] [P12236:T15604] [phase=frame_stage_notify] [hook=frame_stage_notify] [frame_stage] begin stage=1 this=0x00007FF9936073C0
#12033 [2026-09-17 23:54:50.439] [DEBUG] [P12236:T15604] [phase=frame_stage_notify] [hook=frame_stage_notify] [frame_stage] original begin
#12034 [2026-09-17 23:54:50.457] [DEBUG] [P12236:T15604] [phase=frame_stage_notify] [hook=frame_stage_notify] [frame_stage] original end
#12035 [2026-09-17 23:54:50.475] [DEBUG] [P12236:T15604] [phase=frame_stage_notify] [hook=frame_stage_notify] [frame_stage] end stage=1
#12036 [2026-09-17 23:54:50.493] [DEBUG] [P12236:T15604] [phase=frame_stage_notify] [hook=frame_stage_notify] [frame_stage] begin stage=2 this=0x00007FF9936073C0
#12037 [2026-09-17 23:54:50.511] [DEBUG] [P12236:T15604] [phase=frame_stage_notify] [hook=frame_stage_notify] [frame_stage] original begin
#12038 [2026-09-17 23:54:50.529] [DEBUG] [P12236:T15604] [phase=frame_stage_notify] [hook=frame_stage_notify] [frame_stage] original end
#12039 [2026-09-17 23:54:50.547] [DEBUG] [P12236:T15604] [phase=frame_stage_notify] [hook=frame_stage_notify] [frame_stage] end stage=2
#12040 [2026-09-17 23:54:50.565] [DEBUG] [P12236:T15604] [phase=frame_stage_notify] [hook=frame_stage_notify] [frame_stage] begin stage=5 this=0x00007FF9936073C0
#12041 [2026-09-17 23:54:50.584] [DEBUG] [P12236:T15604] [phase=frame_stage_notify] [hook=frame_stage_notify] [frame_stage] original begin
#12042 [2026-09-17 23:54:50.601] [DEBUG] [P12236:T15604] [phase=frame_stage_notify] [hook=frame_stage_notify] [frame_stage] original end
#12043 [2026-09-17 23:54:50.619] [DEBUG] [P12236:T15604] [phase=frame_stage_notify] [hook=frame_stage_notify] [frame_stage] end stage=5
#12044 [2026-09-17 23:54:50.638] [DEBUG] [P12236:T15604] [phase=frame_stage_notify] [hook=frame_stage_notify] [frame_stage] begin stage=6 this=0x00007FF9936073C0
#12045 [2026-09-17 23:54:50.656] [DEBUG] [P12236:T15604] [phase=frame_stage_notify] [hook=frame_stage_notify] [frame_stage] guns begin
#12046 [2026-09-17 23:54:50.675] [DEBUG] [P12236:T15604] [phase=frame_stage_notify] [hook=frame_stage_notify] [frame_stage] guns end
#12047 [2026-09-17 23:54:50.694] [DEBUG] [P12236:T15604] [phase=frame_stage_notify] [hook=frame_stage_notify] [frame_stage] dlight begin
#12048 [2026-09-17 23:54:50.712] [DEBUG] [P12236:T15604] [phase=frame_stage_notify] [hook=frame_stage_notify] [frame_stage] dlight end
#12049 [2026-09-17 23:54:50.730] [DEBUG] [P12236:T15604] [phase=frame_stage_notify] [hook=frame_stage_notify] [frame_stage] original begin
#12050 [2026-09-17 23:54:50.748] [DEBUG] [P12236:T15604] [phase=frame_stage_notify] [hook=frame_stage_notify] [frame_stage] original end
#12051 [2026-09-17 23:54:50.768] [DEBUG] [P12236:T15604] [phase=frame_stage_notify] [hook=frame_stage_notify] [frame_stage] post-network feature updates begin
#12052 [2026-09-17 23:54:50.786] [DEBUG] [P12236:T15604] [phase=frame_stage_notify] [hook=frame_stage_notify] [frame_stage] post-network feature updates end
#12053 [2026-09-17 23:54:50.804] [DEBUG] [P12236:T15604] [phase=frame_stage_notify] [hook=frame_stage_notify] [frame_stage] end stage=6
#12054 [2026-09-17 23:54:50.822] [DEBUG] [P12236:T15604] [phase=frame_stage_notify] [hook=frame_stage_notify] [frame_stage] begin stage=7 this=0x00007FF9936073C0
#12055 [2026-09-17 23:54:50.841] [DEBUG] [P12236:T15604] [phase=frame_stage_notify] [hook=frame_stage_notify] [frame_stage] agents begin
#12056 [2026-09-17 23:54:50.859] [DEBUG] [P12236:T15604] [phase=frame_stage_notify] [hook=frame_stage_notify] [frame_stage] agents end; gloves begin
#12057 [2026-09-17 23:54:50.878] [DEBUG] [P12236:T15604] [phase=frame_stage_notify] [hook=frame_stage_notify] [frame_stage] gloves end; knives begin
#12058 [2026-09-17 23:54:50.896] [DEBUG] [P12236:T15604] [phase=frame_stage_notify] [hook=frame_stage_notify] [frame_stage] knives end; world begin
#12059 [2026-09-17 23:54:50.913] [DEBUG] [P12236:T15604] [phase=frame_stage_notify] [hook=frame_stage_notify] [frame_stage] scene end; weather begin
#12060 [2026-09-17 23:54:50.932] [DEBUG] [P12236:T15604] [phase=frame_stage_notify] [hook=frame_stage_notify] [frame_stage] weather end; other begin
#12061 [2026-09-17 23:54:50.950] [DEBUG] [P12236:T15604] [phase=frame_stage_notify] [hook=frame_stage_notify] [frame_stage] other end; impacts begin
#12062 [2026-09-17 23:54:50.969] [DEBUG] [P12236:T15604] [phase=frame_stage_notify] [hook=frame_stage_notify] [frame_stage] impacts end
#12063 [2026-09-17 23:54:50.988] [DEBUG] [P12236:T15604] [phase=frame_stage_notify] [hook=frame_stage_notify] [frame_stage] original begin
#12064 [2026-09-17 23:54:51.007] [DEBUG] [P12236:T15604] [phase=frame_stage_notify] [hook=frame_stage_notify] [frame_stage] original end
#12065 [2026-09-17 23:54:51.025] [DEBUG] [P12236:T15604] [phase=frame_stage_notify] [hook=frame_stage_notify] [frame_stage] end stage=7
#12066 [2026-09-17 23:54:51.043] [DEBUG] [P12236:T15604] [phase=frame_stage_notify] [hook=frame_stage_notify] [frame_stage] begin stage=8 this=0x00007FF9936073C0
#12067 [2026-09-17 23:54:51.061] [DEBUG] [P12236:T15604] [phase=frame_stage_notify] [hook=frame_stage_notify] [frame_stage] original begin
#12068 [2026-09-17 23:54:51.079] [DEBUG] [P12236:T15604] [phase=frame_stage_notify] [hook=frame_stage_notify] [frame_stage] original end
#12069 [2026-09-17 23:54:51.098] [DEBUG] [P12236:T15604] [phase=frame_stage_notify] [hook=frame_stage_notify] [frame_stage] end stage=8
#12070 [2026-09-17 23:54:51.116] [DEBUG] [P12236:T15604] [phase=frame_stage_notify] [hook=frame_stage_notify] [frame_stage] begin stage=3 this=0x00007FF9936073C0
#12071 [2026-09-17 23:54:51.136] [DEBUG] [P12236:T15604] [phase=frame_stage_notify] [hook=frame_stage_notify] [frame_stage] original begin
#12072 [2026-09-17 23:54:51.155] [DEBUG] [P12236:T15604] [phase=frame_stage_notify] [hook=frame_stage_notify] [frame_stage] original end
#12073 [2026-09-17 23:54:51.172] [DEBUG] [P12236:T15604] [phase=frame_stage_notify] [hook=frame_stage_notify] [frame_stage] end stage=3
#12074 [2026-09-17 23:54:51.191] [DEBUG] [P12236:T15604] [phase=frame_stage_notify] [hook=frame_stage_notify] [frame_stage] begin stage=12 this=0x00007FF9936073C0
#12075 [2026-09-17 23:54:51.210] [DEBUG] [P12236:T15604] [phase=frame_stage_notify] [hook=frame_stage_notify] [frame_stage] original begin
#12076 [2026-09-17 23:54:51.229] [DEBUG] [P12236:T15604] [phase=frame_stage_notify] [hook=frame_stage_notify] [frame_stage] original end
#12077 [2026-09-17 23:54:51.246] [DEBUG] [P12236:T15604] [phase=frame_stage_notify] [hook=frame_stage_notify] [frame_stage] view/frame-data update begin
#12078 [2026-09-17 23:54:51.265] [DEBUG] [P12236:T15604] [phase=frame_stage_notify] [hook=frame_stage_notify] [frame_stage] view/frame-data update end
#12079 [2026-09-17 23:54:51.283] [DEBUG] [P12236:T15604] [phase=frame_stage_notify] [hook=frame_stage_notify] [frame_stage] end stage=12
#12080 [2026-09-17 23:54:51.304] [DEBUG] [P12236:T18300] [phase=present] [hook=present] [present] begin swap_chain=0x00000242DB990F50 sync=0 flags=0x200 ready=1
#12189 [2026-09-17 23:54:51.323] [DEBUG] [P12236:T18300] [phase=present] [hook=present] [present] rendering context updated
#12190 [2026-09-17 23:54:51.342] [DEBUG] [P12236:T18300] [phase=present] [hook=present] [present] forwarding to original
#12191 [2026-09-17 23:54:51.361] [DEBUG] [P12236:T18300] [phase=present] [hook=present] [present] begin swap_chain=0x00000242DB990F50 sync=0 flags=0x200 ready=1
#12268 [2026-09-17 23:54:51.380] [DEBUG] [P12236:T18300] [phase=present] [hook=present] [present] rendering context updated
#12269 [2026-09-17 23:54:51.397] [DEBUG] [P12236:T18300] [phase=present] [hook=present] [present] forwarding to original
#12270 [2026-09-17 23:54:51.417] [DEBUG] [P12236:T18300] [phase=present] [hook=present] [present] begin swap_chain=0x00000242DB990F50 sync=0 flags=0x200 ready=1
#12355 [2026-09-17 23:54:51.436] [DEBUG] [P12236:T18300] [phase=render: present] [hook=present] render frame begin index=120 swap_chain=0x00000242DB990F50 initialized=true
#12356 [2026-09-17 23:54:51.455] [DEBUG] [P12236:T18300] [phase=render: ImGui submit] [hook=present] render frame end index=120 gameplay_ready=true menu_open=false
#12357 [2026-09-17 23:54:51.473] [DEBUG] [P12236:T18300] [phase=present] [hook=present] [present] rendering context updated
#12358 [2026-09-17 23:54:51.490] [DEBUG] [P12236:T18300] [phase=present] [hook=present] [present] forwarding to original
#12359 [2026-09-17 23:54:51.511] [DEBUG] [P12236:T15604] [phase=frame_stage_notify] [hook=frame_stage_notify] [frame_stage] begin stage=0 this=0x00007FF9936073C0
#12363 [2026-09-17 23:54:51.529] [DEBUG] [P12236:T15604] [phase=frame_stage_notify] [hook=frame_stage_notify] [frame_stage] original begin
#12364 [2026-09-17 23:54:51.547] [DEBUG] [P12236:T15604] [phase=frame_stage_notify] [hook=frame_stage_notify] [frame_stage] original end
#12365 [2026-09-17 23:54:51.566] [DEBUG] [P12236:T15604] [phase=frame_stage_notify] [hook=frame_stage_notify] [frame_stage] end stage=0
#12366 [2026-09-17 23:54:51.584] [DEBUG] [P12236:T15604] [phase=frame_stage_notify] [hook=frame_stage_notify] [frame_stage] begin stage=11 this=0x00007FF9936073C0
#12367 [2026-09-17 23:54:51.603] [DEBUG] [P12236:T15604] [phase=frame_stage_notify] [hook=frame_stage_notify] [frame_stage] original begin
#12368 [2026-09-17 23:54:51.622] [DEBUG] [P12236:T15604] [phase=frame_stage_notify] [hook=frame_stage_notify] [frame_stage] original end
#12369 [2026-09-17 23:54:51.640] [DEBUG] [P12236:T15604] [phase=frame_stage_notify] [hook=frame_stage_notify] [frame_stage] end stage=11
#12370 [2026-09-17 23:54:51.659] [DEBUG] [P12236:T15604] [phase=frame_stage_notify] [hook=frame_stage_notify] [frame_stage] begin stage=0 this=0x00007FF9936073C0
#12371 [2026-09-17 23:54:51.678] [DEBUG] [P12236:T15604] [phase=frame_stage_notify] [hook=frame_stage_notify] [frame_stage] original begin
#12372 [2026-09-17 23:54:51.696] [DEBUG] [P12236:T15604] [phase=frame_stage_notify] [hook=frame_stage_notify] [frame_stage] original end
#12373 [2026-09-17 23:54:51.714] [DEBUG] [P12236:T15604] [phase=frame_stage_notify] [hook=frame_stage_notify] [frame_stage] end stage=0
#12374 [2026-09-17 23:54:51.749] [DEBUG] [P12236:T15604] [phase=frame_stage_notify] [hook=frame_stage_notify] [frame_stage] begin stage=11 this=0x00007FF9936073C0
#12375 [2026-09-17 23:54:51.769] [DEBUG] [P12236:T15604] [phase=frame_stage_notify] [hook=frame_stage_notify] [frame_stage] original begin
#12376 [2026-09-17 23:54:51.787] [DEBUG] [P12236:T15604] [phase=frame_stage_notify] [hook=frame_stage_notify] [frame_stage] original end
#12377 [2026-09-17 23:54:51.805] [DEBUG] [P12236:T15604] [phase=frame_stage_notify] [hook=frame_stage_notify] [frame_stage] end stage=11
#12378 [2026-09-17 23:54:51.825] [DEBUG] [P12236:T15604] [phase=frame_stage_notify] [hook=frame_stage_notify] [frame_stage] begin stage=0 this=0x00007FF9936073C0
#12379 [2026-09-17 23:54:51.843] [DEBUG] [P12236:T15604] [phase=frame_stage_notify] [hook=frame_stage_notify] [frame_stage] original begin
#12380 [2026-09-17 23:54:51.861] [DEBUG] [P12236:T15604] [phase=frame_stage_notify] [hook=frame_stage_notify] [frame_stage] original end
#12381 [2026-09-17 23:54:51.880] [DEBUG] [P12236:T15604] [phase=frame_stage_notify] [hook=frame_stage_notify] [frame_stage] end stage=0
#12382 [2026-09-17 23:54:51.899] [DEBUG] [P12236:T15604] [phase=frame_stage_notify] [hook=frame_stage_notify] [frame_stage] begin stage=11 this=0x00007FF9936073C0
#12383 [2026-09-17 23:54:51.918] [DEBUG] [P12236:T15604] [phase=frame_stage_notify] [hook=frame_stage_notify] [frame_stage] original begin
#12384 [2026-09-17 23:54:51.936] [DEBUG] [P12236:T15604] [phase=frame_stage_notify] [hook=frame_stage_notify] [frame_stage] original end
#12385 [2026-09-17 23:54:51.954] [DEBUG] [P12236:T15604] [phase=frame_stage_notify] [hook=frame_stage_notify] [frame_stage] end stage=11
#12386 [2026-09-17 23:54:51.973] [DEBUG] [P12236:T15604] [phase=frame_stage_notify] [hook=frame_stage_notify] [frame_stage] begin stage=0 this=0x00007FF9936073C0
#12387 [2026-09-17 23:54:51.993] [DEBUG] [P12236:T15604] [phase=frame_stage_notify] [hook=frame_stage_notify] [frame_stage] original begin
#12388 [2026-09-17 23:54:52.011] [DEBUG] [P12236:T15604] [phase=frame_stage_notify] [hook=frame_stage_notify] [frame_stage] original end
#12389 [2026-09-17 23:54:52.028] [DEBUG] [P12236:T15604] [phase=frame_stage_notify] [hook=frame_stage_notify] [frame_stage] end stage=0
#12390 [2026-09-17 23:54:52.047] [DEBUG] [P12236:T15604] [phase=frame_stage_notify] [hook=frame_stage_notify] [frame_stage] begin stage=11 this=0x00007FF9936073C0
#12391 [2026-09-17 23:54:52.065] [DEBUG] [P12236:T15604] [phase=frame_stage_notify] [hook=frame_stage_notify] [frame_stage] original begin
#12392 [2026-09-17 23:54:52.084] [DEBUG] [P12236:T15604] [phase=frame_stage_notify] [hook=frame_stage_notify] [frame_stage] original end
#12393 [2026-09-17 23:54:52.102] [DEBUG] [P12236:T15604] [phase=frame_stage_notify] [hook=frame_stage_notify] [frame_stage] end stage=11
#12394 [2026-09-17 23:54:52.121] [DEBUG] [P12236:T15604] [phase=frame_stage_notify] [hook=frame_stage_notify] [frame_stage] begin stage=0 this=0x00007FF9936073C0
#12395 [2026-09-17 23:54:52.140] [DEBUG] [P12236:T15604] [phase=frame_stage_notify] [hook=frame_stage_notify] [frame_stage] original begin
#12396 [2026-09-17 23:54:52.158] [DEBUG] [P12236:T15604] [phase=frame_stage_notify] [hook=frame_stage_notify] [frame_stage] original end
#12397 [2026-09-17 23:54:52.177] [DEBUG] [P12236:T15604] [phase=frame_stage_notify] [hook=frame_stage_notify] [frame_stage] end stage=0
#12398 [2026-09-17 23:54:52.196] [DEBUG] [P12236:T15604] [phase=frame_stage_notify] [hook=frame_stage_notify] [frame_stage] begin stage=11 this=0x00007FF9936073C0
#12399 [2026-09-17 23:54:52.215] [DEBUG] [P12236:T15604] [phase=frame_stage_notify] [hook=frame_stage_notify] [frame_stage] original begin
#12400 [2026-09-17 23:54:52.234] [DEBUG] [P12236:T15604] [phase=frame_stage_notify] [hook=frame_stage_notify] [frame_stage] original end
#12401 [2026-09-17 23:54:52.253] [DEBUG] [P12236:T15604] [phase=frame_stage_notify] [hook=frame_stage_notify] [frame_stage] end stage=11
#12402 [2026-09-17 23:54:52.276] [DEBUG] [P12236:T15604] [phase=frame_stage_notify] [hook=frame_stage_notify] [frame_stage] begin stage=0 this=0x00007FF9936073C0
#12403 [2026-09-17 23:54:52.294] [DEBUG] [P12236:T15604] [phase=frame_stage_notify] [hook=frame_stage_notify] [frame_stage] original begin
#12404 [2026-09-17 23:54:52.312] [DEBUG] [P12236:T15604] [phase=frame_stage_notify] [hook=frame_stage_notify] [frame_stage] original end
#12405 [2026-09-17 23:54:52.332] [DEBUG] [P12236:T15604] [phase=frame_stage_notify] [hook=frame_stage_notify] [frame_stage] end stage=0
#12406 [2026-09-17 23:54:52.351] [DEBUG] [P12236:T15604] [phase=frame_stage_notify] [hook=frame_stage_notify] [frame_stage] begin stage=10 this=0x00007FF9936073C0
#12407 [2026-09-17 23:54:52.369] [DEBUG] [P12236:T15604] [phase=frame_stage_notify] [hook=frame_stage_notify] [frame_stage] original begin
#12408 [2026-09-17 23:54:52.388] [DEBUG] [P12236:T15604] [phase=frame_stage_notify] [hook=frame_stage_notify] [frame_stage] original end
#12409 [2026-09-17 23:54:52.406] [DEBUG] [P12236:T15604] [phase=frame_stage_notify] [hook=frame_stage_notify] [frame_stage] end stage=10
#12410 [2026-09-17 23:54:52.424] [DEBUG] [P12236:T15604] [phase=frame_stage_notify] [hook=frame_stage_notify] [frame_stage] begin stage=11 this=0x00007FF9936073C0
#12411 [2026-09-17 23:54:52.443] [DEBUG] [P12236:T15604] [phase=frame_stage_notify] [hook=frame_stage_notify] [frame_stage] original begin
#12412 [2026-09-17 23:54:52.460] [DEBUG] [P12236:T15604] [phase=frame_stage_notify] [hook=frame_stage_notify] [frame_stage] original end
#12413 [2026-09-17 23:54:52.479] [DEBUG] [P12236:T15604] [phase=frame_stage_notify] [hook=frame_stage_notify] [frame_stage] end stage=11
#12414 [2026-09-17 23:54:52.498] [DEBUG] [P12236:T15604] [phase=frame_stage_notify] [hook=frame_stage_notify] [frame_stage] begin stage=1 this=0x00007FF9936073C0
#12415 [2026-09-17 23:54:52.516] [DEBUG] [P12236:T15604] [phase=frame_stage_notify] [hook=frame_stage_notify] [frame_stage] original begin
#12416 [2026-09-17 23:54:52.534] [DEBUG] [P12236:T15604] [phase=frame_stage_notify] [hook=frame_stage_notify] [frame_stage] original end
#12417 [2026-09-17 23:54:52.553] [DEBUG] [P12236:T15604] [phase=frame_stage_notify] [hook=frame_stage_notify] [frame_stage] end stage=1
#12418 [2026-09-17 23:54:52.572] [DEBUG] [P12236:T15604] [phase=frame_stage_notify] [hook=frame_stage_notify] [frame_stage] begin stage=2 this=0x00007FF9936073C0
#12419 [2026-09-17 23:54:52.590] [DEBUG] [P12236:T15604] [phase=frame_stage_notify] [hook=frame_stage_notify] [frame_stage] original begin
#12420 [2026-09-17 23:54:52.608] [DEBUG] [P12236:T15604] [phase=frame_stage_notify] [hook=frame_stage_notify] [frame_stage] original end
#12421 [2026-09-17 23:54:52.627] [DEBUG] [P12236:T15604] [phase=frame_stage_notify] [hook=frame_stage_notify] [frame_stage] end stage=2
#12422 [2026-09-17 23:54:52.646] [DEBUG] [P12236:T15604] [phase=frame_stage_notify] [hook=frame_stage_notify] [frame_stage] begin stage=5 this=0x00007FF9936073C0
#12423 [2026-09-17 23:54:52.665] [DEBUG] [P12236:T15604] [phase=frame_stage_notify] [hook=frame_stage_notify] [frame_stage] original begin
#12424 [2026-09-17 23:54:52.684] [DEBUG] [P12236:T15604] [phase=frame_stage_notify] [hook=frame_stage_notify] [frame_stage] original end
#12425 [2026-09-17 23:54:52.702] [DEBUG] [P12236:T15604] [phase=frame_stage_notify] [hook=frame_stage_notify] [frame_stage] end stage=5
#12426 [2026-09-17 23:54:52.720] [DEBUG] [P12236:T15604] [phase=frame_stage_notify] [hook=frame_stage_notify] [frame_stage] begin stage=6 this=0x00007FF9936073C0
#12427 [2026-09-17 23:54:52.739] [DEBUG] [P12236:T15604] [phase=frame_stage_notify] [hook=frame_stage_notify] [frame_stage] guns begin
#12428 [2026-09-17 23:54:52.757] [DEBUG] [P12236:T15604] [phase=frame_stage_notify] [hook=frame_stage_notify] [frame_stage] guns end
#12429 [2026-09-17 23:54:52.776] [DEBUG] [P12236:T15604] [phase=frame_stage_notify] [hook=frame_stage_notify] [frame_stage] dlight begin
#12430 [2026-09-17 23:54:52.794] [DEBUG] [P12236:T15604] [phase=frame_stage_notify] [hook=frame_stage_notify] [frame_stage] dlight end
#12431 [2026-09-17 23:54:52.812] [DEBUG] [P12236:T15604] [phase=frame_stage_notify] [hook=frame_stage_notify] [frame_stage] original begin
#12432 [2026-09-17 23:54:52.830] [DEBUG] [P12236:T15604] [phase=frame_stage_notify] [hook=frame_stage_notify] [frame_stage] original end
#12433 [2026-09-17 23:54:52.847] [DEBUG] [P12236:T15604] [phase=frame_stage_notify] [hook=frame_stage_notify] [frame_stage] post-network feature updates begin
#12434 [2026-09-17 23:54:52.866] [DEBUG] [P12236:T15604] [phase=frame_stage_notify] [hook=frame_stage_notify] [frame_stage] post-network feature updates end
#12435 [2026-09-17 23:54:52.886] [DEBUG] [P12236:T15604] [phase=frame_stage_notify] [hook=frame_stage_notify] [frame_stage] end stage=6
#12436 [2026-09-17 23:54:52.904] [DEBUG] [P12236:T15604] [phase=frame_stage_notify] [hook=frame_stage_notify] [frame_stage] begin stage=7 this=0x00007FF9936073C0
#12437 [2026-09-17 23:54:52.922] [DEBUG] [P12236:T15604] [phase=frame_stage_notify] [hook=frame_stage_notify] [frame_stage] agents begin
#12438 [2026-09-17 23:54:52.939] [DEBUG] [P12236:T15604] [phase=frame_stage_notify] [hook=frame_stage_notify] [frame_stage] agents end; gloves begin
#12439 [2026-09-17 23:54:52.957] [DEBUG] [P12236:T15604] [phase=frame_stage_notify] [hook=frame_stage_notify] [frame_stage] gloves end; knives begin
#12440 [2026-09-17 23:54:52.975] [DEBUG] [P12236:T15604] [phase=frame_stage_notify] [hook=frame_stage_notify] [frame_stage] knives end; world begin
#12441 [2026-09-17 23:54:52.994] [DEBUG] [P12236:T15604] [phase=frame_stage_notify] [hook=frame_stage_notify] [frame_stage] scene end; weather begin
#12442 [2026-09-17 23:54:53.013] [DEBUG] [P12236:T15604] [phase=frame_stage_notify] [hook=frame_stage_notify] [frame_stage] weather end; other begin
#12443 [2026-09-17 23:54:53.031] [DEBUG] [P12236:T15604] [phase=frame_stage_notify] [hook=frame_stage_notify] [frame_stage] other end; impacts begin
#12444 [2026-09-17 23:54:53.049] [DEBUG] [P12236:T15604] [phase=frame_stage_notify] [hook=frame_stage_notify] [frame_stage] impacts end
#12445 [2026-09-17 23:54:53.067] [DEBUG] [P12236:T15604] [phase=frame_stage_notify] [hook=frame_stage_notify] [frame_stage] original begin
#12446 [2026-09-17 23:54:53.085] [DEBUG] [P12236:T15604] [phase=frame_stage_notify] [hook=frame_stage_notify] [frame_stage] original end
#12447 [2026-09-17 23:54:53.104] [DEBUG] [P12236:T15604] [phase=frame_stage_notify] [hook=frame_stage_notify] [frame_stage] end stage=7
#12448 [2026-09-17 23:54:53.123] [DEBUG] [P12236:T15604] [phase=frame_stage_notify] [hook=frame_stage_notify] [frame_stage] begin stage=8 this=0x00007FF9936073C0
#12449 [2026-09-17 23:54:53.141] [DEBUG] [P12236:T15604] [phase=frame_stage_notify] [hook=frame_stage_notify] [frame_stage] original begin
#12450 [2026-09-17 23:54:53.159] [DEBUG] [P12236:T15604] [phase=frame_stage_notify] [hook=frame_stage_notify] [frame_stage] original end
#12451 [2026-09-17 23:54:53.177] [DEBUG] [P12236:T15604] [phase=frame_stage_notify] [hook=frame_stage_notify] [frame_stage] end stage=8
#12452 [2026-09-17 23:54:53.195] [DEBUG] [P12236:T15604] [phase=frame_stage_notify] [hook=frame_stage_notify] [frame_stage] begin stage=3 this=0x00007FF9936073C0
#12453 [2026-09-17 23:54:53.214] [DEBUG] [P12236:T15604] [phase=frame_stage_notify] [hook=frame_stage_notify] [frame_stage] original begin
#12454 [2026-09-17 23:54:53.232] [DEBUG] [P12236:T15604] [phase=frame_stage_notify] [hook=frame_stage_notify] [frame_stage] original end
#12455 [2026-09-17 23:54:53.250] [DEBUG] [P12236:T15604] [phase=frame_stage_notify] [hook=frame_stage_notify] [frame_stage] end stage=3
#12456 [2026-09-17 23:54:53.269] [DEBUG] [P12236:T15604] [phase=frame_stage_notify] [hook=frame_stage_notify] [frame_stage] begin stage=12 this=0x00007FF9936073C0
#12457 [2026-09-17 23:54:53.287] [DEBUG] [P12236:T15604] [phase=frame_stage_notify] [hook=frame_stage_notify] [frame_stage] original begin
#12458 [2026-09-17 23:54:53.304] [DEBUG] [P12236:T15604] [phase=frame_stage_notify] [hook=frame_stage_notify] [frame_stage] original end
#12459 [2026-09-17 23:54:53.323] [DEBUG] [P12236:T15604] [phase=frame_stage_notify] [hook=frame_stage_notify] [frame_stage] view/frame-data update begin
#12460 [2026-09-17 23:54:53.342] [DEBUG] [P12236:T15604] [phase=frame_stage_notify] [hook=frame_stage_notify] [frame_stage] view/frame-data update end
#12461 [2026-09-17 23:54:53.359] [DEBUG] [P12236:T15604] [phase=frame_stage_notify] [hook=frame_stage_notify] [frame_stage] end stage=12
#12462 [2026-09-17 23:54:53.386] [DEBUG] [P12236:T15604] [phase=frame_stage_notify] [hook=frame_stage_notify] [frame_stage] begin stage=0 this=0x00007FF9936073C0
#12466 [2026-09-17 23:54:53.405] [DEBUG] [P12236:T15604] [phase=frame_stage_notify] [hook=frame_stage_notify] [frame_stage] original begin
#12467 [2026-09-17 23:54:53.423] [DEBUG] [P12236:T15604] [phase=frame_stage_notify] [hook=frame_stage_notify] [frame_stage] original end
#12468 [2026-09-17 23:54:53.442] [DEBUG] [P12236:T15604] [phase=frame_stage_notify] [hook=frame_stage_notify] [frame_stage] end stage=0
#12469 [2026-09-17 23:54:53.460] [DEBUG] [P12236:T15604] [phase=frame_stage_notify] [hook=frame_stage_notify] [frame_stage] begin stage=11 this=0x00007FF9936073C0
#12470 [2026-09-17 23:54:53.479] [DEBUG] [P12236:T15604] [phase=frame_stage_notify] [hook=frame_stage_notify] [frame_stage] original begin
#12471 [2026-09-17 23:54:53.497] [DEBUG] [P12236:T15604] [phase=frame_stage_notify] [hook=frame_stage_notify] [frame_stage] original end
#12472 [2026-09-17 23:54:53.515] [DEBUG] [P12236:T15604] [phase=frame_stage_notify] [hook=frame_stage_notify] [frame_stage] end stage=11
#12473 [2026-09-17 23:54:53.535] [DEBUG] [P12236:T15604] [phase=frame_stage_notify] [hook=frame_stage_notify] [frame_stage] begin stage=0 this=0x00007FF9936073C0
#12474 [2026-09-17 23:54:53.554] [DEBUG] [P12236:T15604] [phase=frame_stage_notify] [hook=frame_stage_notify] [frame_stage] original begin
#12475 [2026-09-17 23:54:53.573] [DEBUG] [P12236:T15604] [phase=frame_stage_notify] [hook=frame_stage_notify] [frame_stage] original end
#12476 [2026-09-17 23:54:53.591] [DEBUG] [P12236:T15604] [phase=frame_stage_notify] [hook=frame_stage_notify] [frame_stage] end stage=0
#12477 [2026-09-17 23:54:53.610] [DEBUG] [P12236:T15604] [phase=frame_stage_notify] [hook=frame_stage_notify] [frame_stage] begin stage=11 this=0x00007FF9936073C0
#12478 [2026-09-17 23:54:53.629] [DEBUG] [P12236:T15604] [phase=frame_stage_notify] [hook=frame_stage_notify] [frame_stage] original begin
#12479 [2026-09-17 23:54:53.647] [DEBUG] [P12236:T15604] [phase=frame_stage_notify] [hook=frame_stage_notify] [frame_stage] original end
#12480 [2026-09-17 23:54:53.665] [DEBUG] [P12236:T15604] [phase=frame_stage_notify] [hook=frame_stage_notify] [frame_stage] end stage=11
#12481 [2026-09-17 23:54:53.684] [DEBUG] [P12236:T15604] [phase=frame_stage_notify] [hook=frame_stage_notify] [frame_stage] begin stage=0 this=0x00007FF9936073C0
#12482 [2026-09-17 23:54:53.702] [DEBUG] [P12236:T15604] [phase=frame_stage_notify] [hook=frame_stage_notify] [frame_stage] original begin
#12483 [2026-09-17 23:54:53.720] [DEBUG] [P12236:T15604] [phase=frame_stage_notify] [hook=frame_stage_notify] [frame_stage] original end
#12484 [2026-09-17 23:54:53.738] [DEBUG] [P12236:T15604] [phase=frame_stage_notify] [hook=frame_stage_notify] [frame_stage] end stage=0
#12485 [2026-09-17 23:54:53.756] [DEBUG] [P12236:T15604] [phase=frame_stage_notify] [hook=frame_stage_notify] [frame_stage] begin stage=11 this=0x00007FF9936073C0
#12486 [2026-09-17 23:54:53.775] [DEBUG] [P12236:T15604] [phase=frame_stage_notify] [hook=frame_stage_notify] [frame_stage] original begin
#12487 [2026-09-17 23:54:53.794] [DEBUG] [P12236:T15604] [phase=frame_stage_notify] [hook=frame_stage_notify] [frame_stage] original end
#12488 [2026-09-17 23:54:53.830] [DEBUG] [P12236:T15604] [phase=frame_stage_notify] [hook=frame_stage_notify] [frame_stage] end stage=11
#12489 [2026-09-17 23:54:53.849] [DEBUG] [P12236:T15604] [phase=frame_stage_notify] [hook=frame_stage_notify] [frame_stage] begin stage=0 this=0x00007FF9936073C0
#12490 [2026-09-17 23:54:53.868] [DEBUG] [P12236:T15604] [phase=frame_stage_notify] [hook=frame_stage_notify] [frame_stage] original begin
#12491 [2026-09-17 23:54:53.887] [DEBUG] [P12236:T15604] [phase=frame_stage_notify] [hook=frame_stage_notify] [frame_stage] original end
#12492 [2026-09-17 23:54:53.905] [DEBUG] [P12236:T15604] [phase=frame_stage_notify] [hook=frame_stage_notify] [frame_stage] end stage=0
#12493 [2026-09-17 23:54:53.923] [DEBUG] [P12236:T15604] [phase=frame_stage_notify] [hook=frame_stage_notify] [frame_stage] begin stage=11 this=0x00007FF9936073C0
#12494 [2026-09-17 23:54:53.942] [DEBUG] [P12236:T15604] [phase=frame_stage_notify] [hook=frame_stage_notify] [frame_stage] original begin
#12495 [2026-09-17 23:54:53.960] [DEBUG] [P12236:T15604] [phase=frame_stage_notify] [hook=frame_stage_notify] [frame_stage] original end
#12496 [2026-09-17 23:54:53.978] [DEBUG] [P12236:T15604] [phase=frame_stage_notify] [hook=frame_stage_notify] [frame_stage] end stage=11
#12497 [2026-09-17 23:54:53.997] [DEBUG] [P12236:T15604] [phase=frame_stage_notify] [hook=frame_stage_notify] [frame_stage] begin stage=0 this=0x00007FF9936073C0
#12498 [2026-09-17 23:54:54.015] [DEBUG] [P12236:T15604] [phase=frame_stage_notify] [hook=frame_stage_notify] [frame_stage] original begin
#12499 [2026-09-17 23:54:54.033] [DEBUG] [P12236:T15604] [phase=frame_stage_notify] [hook=frame_stage_notify] [frame_stage] original end
#12500 [2026-09-17 23:54:54.051] [DEBUG] [P12236:T15604] [phase=frame_stage_notify] [hook=frame_stage_notify] [frame_stage] end stage=0
#12501 [2026-09-17 23:54:54.070] [DEBUG] [P12236:T15604] [phase=frame_stage_notify] [hook=frame_stage_notify] [frame_stage] begin stage=11 this=0x00007FF9936073C0
#12502 [2026-09-17 23:54:54.087] [DEBUG] [P12236:T15604] [phase=frame_stage_notify] [hook=frame_stage_notify] [frame_stage] original begin
#12503 [2026-09-17 23:54:54.106] [DEBUG] [P12236:T15604] [phase=frame_stage_notify] [hook=frame_stage_notify] [frame_stage] original end
#12504 [2026-09-17 23:54:54.125] [DEBUG] [P12236:T15604] [phase=frame_stage_notify] [hook=frame_stage_notify] [frame_stage] end stage=11
#12505 [2026-09-17 23:54:54.144] [DEBUG] [P12236:T15604] [phase=frame_stage_notify] [hook=frame_stage_notify] [frame_stage] begin stage=0 this=0x00007FF9936073C0
#12506 [2026-09-17 23:54:54.162] [DEBUG] [P12236:T15604] [phase=frame_stage_notify] [hook=frame_stage_notify] [frame_stage] original begin
#12507 [2026-09-17 23:54:54.180] [DEBUG] [P12236:T15604] [phase=frame_stage_notify] [hook=frame_stage_notify] [frame_stage] original end
#12508 [2026-09-17 23:54:54.198] [DEBUG] [P12236:T15604] [phase=frame_stage_notify] [hook=frame_stage_notify] [frame_stage] end stage=0
#12509 [2026-09-17 23:54:54.217] [DEBUG] [P12236:T15604] [phase=frame_stage_notify] [hook=frame_stage_notify] [frame_stage] begin stage=10 this=0x00007FF9936073C0
#12510 [2026-09-17 23:54:54.235] [DEBUG] [P12236:T15604] [phase=frame_stage_notify] [hook=frame_stage_notify] [frame_stage] original begin
#12511 [2026-09-17 23:54:54.253] [DEBUG] [P12236:T15604] [phase=frame_stage_notify] [hook=frame_stage_notify] [frame_stage] original end
#12512 [2026-09-17 23:54:54.272] [DEBUG] [P12236:T15604] [phase=frame_stage_notify] [hook=frame_stage_notify] [frame_stage] end stage=10
#12513 [2026-09-17 23:54:54.290] [DEBUG] [P12236:T15604] [phase=frame_stage_notify] [hook=frame_stage_notify] [frame_stage] begin stage=11 this=0x00007FF9936073C0
#12514 [2026-09-17 23:54:54.309] [DEBUG] [P12236:T15604] [phase=frame_stage_notify] [hook=frame_stage_notify] [frame_stage] original begin
#12515 [2026-09-17 23:54:54.327] [DEBUG] [P12236:T15604] [phase=frame_stage_notify] [hook=frame_stage_notify] [frame_stage] original end
#12516 [2026-09-17 23:54:54.345] [DEBUG] [P12236:T15604] [phase=frame_stage_notify] [hook=frame_stage_notify] [frame_stage] end stage=11
#12517 [2026-09-17 23:54:54.364] [DEBUG] [P12236:T15604] [phase=frame_stage_notify] [hook=frame_stage_notify] [frame_stage] begin stage=1 this=0x00007FF9936073C0
#12518 [2026-09-17 23:54:54.382] [DEBUG] [P12236:T15604] [phase=frame_stage_notify] [hook=frame_stage_notify] [frame_stage] original begin
#12519 [2026-09-17 23:54:54.401] [DEBUG] [P12236:T15604] [phase=frame_stage_notify] [hook=frame_stage_notify] [frame_stage] original end
#12520 [2026-09-17 23:54:54.419] [DEBUG] [P12236:T15604] [phase=frame_stage_notify] [hook=frame_stage_notify] [frame_stage] end stage=1
#12521 [2026-09-17 23:54:54.438] [DEBUG] [P12236:T15604] [phase=frame_stage_notify] [hook=frame_stage_notify] [frame_stage] begin stage=2 this=0x00007FF9936073C0
#12522 [2026-09-17 23:54:54.457] [DEBUG] [P12236:T15604] [phase=frame_stage_notify] [hook=frame_stage_notify] [frame_stage] original begin
#12523 [2026-09-17 23:54:54.474] [DEBUG] [P12236:T15604] [phase=frame_stage_notify] [hook=frame_stage_notify] [frame_stage] original end
#12524 [2026-09-17 23:54:54.493] [DEBUG] [P12236:T15604] [phase=frame_stage_notify] [hook=frame_stage_notify] [frame_stage] end stage=2
#12525 [2026-09-17 23:54:54.511] [DEBUG] [P12236:T15604] [phase=frame_stage_notify] [hook=frame_stage_notify] [frame_stage] begin stage=5 this=0x00007FF9936073C0
#12526 [2026-09-17 23:54:54.530] [DEBUG] [P12236:T15604] [phase=frame_stage_notify] [hook=frame_stage_notify] [frame_stage] original begin
#12527 [2026-09-17 23:54:54.548] [DEBUG] [P12236:T15604] [phase=frame_stage_notify] [hook=frame_stage_notify] [frame_stage] original end
#12528 [2026-09-17 23:54:54.567] [DEBUG] [P12236:T15604] [phase=frame_stage_notify] [hook=frame_stage_notify] [frame_stage] end stage=5
#12529 [2026-09-17 23:54:54.586] [DEBUG] [P12236:T15604] [phase=frame_stage_notify] [hook=frame_stage_notify] [frame_stage] begin stage=6 this=0x00007FF9936073C0
#12530 [2026-09-17 23:54:54.604] [DEBUG] [P12236:T15604] [phase=frame_stage_notify] [hook=frame_stage_notify] [frame_stage] guns begin
#12531 [2026-09-17 23:54:54.622] [DEBUG] [P12236:T15604] [phase=frame_stage_notify] [hook=frame_stage_notify] [frame_stage] guns end
#12532 [2026-09-17 23:54:54.640] [DEBUG] [P12236:T15604] [phase=frame_stage_notify] [hook=frame_stage_notify] [frame_stage] dlight begin
#12533 [2026-09-17 23:54:54.658] [DEBUG] [P12236:T15604] [phase=frame_stage_notify] [hook=frame_stage_notify] [frame_stage] dlight end
#12534 [2026-09-17 23:54:54.677] [DEBUG] [P12236:T15604] [phase=frame_stage_notify] [hook=frame_stage_notify] [frame_stage] original begin
#12535 [2026-09-17 23:54:54.695] [DEBUG] [P12236:T15604] [phase=frame_stage_notify] [hook=frame_stage_notify] [frame_stage] original end
#12536 [2026-09-17 23:54:54.714] [DEBUG] [P12236:T15604] [phase=frame_stage_notify] [hook=frame_stage_notify] [frame_stage] post-network feature updates begin
#12537 [2026-09-17 23:54:54.732] [DEBUG] [P12236:T15604] [phase=frame_stage_notify] [hook=frame_stage_notify] [frame_stage] post-network feature updates end
#12538 [2026-09-17 23:54:54.751] [DEBUG] [P12236:T15604] [phase=frame_stage_notify] [hook=frame_stage_notify] [frame_stage] end stage=6
#12539 [2026-09-17 23:54:54.770] [DEBUG] [P12236:T15604] [phase=frame_stage_notify] [hook=frame_stage_notify] [frame_stage] begin stage=7 this=0x00007FF9936073C0
#12540 [2026-09-17 23:54:54.788] [DEBUG] [P12236:T15604] [phase=frame_stage_notify] [hook=frame_stage_notify] [frame_stage] agents begin
#12541 [2026-09-17 23:54:54.807] [DEBUG] [P12236:T15604] [phase=frame_stage_notify] [hook=frame_stage_notify] [frame_stage] agents end; gloves begin
#12542 [2026-09-17 23:54:54.825] [DEBUG] [P12236:T15604] [phase=frame_stage_notify] [hook=frame_stage_notify] [frame_stage] gloves end; knives begin
#12543 [2026-09-17 23:54:54.844] [DEBUG] [P12236:T15604] [phase=frame_stage_notify] [hook=frame_stage_notify] [frame_stage] knives end; world begin
#12544 [2026-09-17 23:54:54.862] [DEBUG] [P12236:T15604] [phase=frame_stage_notify] [hook=frame_stage_notify] [frame_stage] scene end; weather begin
#12545 [2026-09-17 23:54:54.880] [DEBUG] [P12236:T15604] [phase=frame_stage_notify] [hook=frame_stage_notify] [frame_stage] weather end; other begin
#12546 [2026-09-17 23:54:54.899] [DEBUG] [P12236:T15604] [phase=frame_stage_notify] [hook=frame_stage_notify] [frame_stage] other end; impacts begin
#12547 [2026-09-17 23:54:54.918] [DEBUG] [P12236:T15604] [phase=frame_stage_notify] [hook=frame_stage_notify] [frame_stage] impacts end
#12548 [2026-09-17 23:54:54.937] [DEBUG] [P12236:T15604] [phase=frame_stage_notify] [hook=frame_stage_notify] [frame_stage] original begin
#12549 [2026-09-17 23:54:54.955] [DEBUG] [P12236:T15604] [phase=frame_stage_notify] [hook=frame_stage_notify] [frame_stage] original end
#12550 [2026-09-17 23:54:54.973] [DEBUG] [P12236:T15604] [phase=frame_stage_notify] [hook=frame_stage_notify] [frame_stage] end stage=7
#12551 [2026-09-17 23:54:54.992] [DEBUG] [P12236:T15604] [phase=frame_stage_notify] [hook=frame_stage_notify] [frame_stage] begin stage=8 this=0x00007FF9936073C0
#12552 [2026-09-17 23:54:55.011] [DEBUG] [P12236:T15604] [phase=frame_stage_notify] [hook=frame_stage_notify] [frame_stage] original begin
#12553 [2026-09-17 23:54:55.029] [DEBUG] [P12236:T15604] [phase=frame_stage_notify] [hook=frame_stage_notify] [frame_stage] original end
#12554 [2026-09-17 23:54:55.047] [DEBUG] [P12236:T15604] [phase=frame_stage_notify] [hook=frame_stage_notify] [frame_stage] end stage=8
#12555 [2026-09-17 23:54:55.066] [DEBUG] [P12236:T15604] [phase=frame_stage_notify] [hook=frame_stage_notify] [frame_stage] begin stage=3 this=0x00007FF9936073C0
#12556 [2026-09-17 23:54:55.084] [DEBUG] [P12236:T15604] [phase=frame_stage_notify] [hook=frame_stage_notify] [frame_stage] original begin
#12557 [2026-09-17 23:54:55.102] [DEBUG] [P12236:T15604] [phase=frame_stage_notify] [hook=frame_stage_notify] [frame_stage] original end
#12558 [2026-09-17 23:54:55.121] [DEBUG] [P12236:T15604] [phase=frame_stage_notify] [hook=frame_stage_notify] [frame_stage] end stage=3
#12559 [2026-09-17 23:54:55.140] [DEBUG] [P12236:T15604] [phase=frame_stage_notify] [hook=frame_stage_notify] [frame_stage] begin stage=12 this=0x00007FF9936073C0
#12560 [2026-09-17 23:54:55.157] [DEBUG] [P12236:T15604] [phase=frame_stage_notify] [hook=frame_stage_notify] [frame_stage] original begin
#12561 [2026-09-17 23:54:55.194] [DEBUG] [P12236:T15604] [phase=frame_stage_notify] [hook=frame_stage_notify] [frame_stage] original end
#12562 [2026-09-17 23:54:55.214] [DEBUG] [P12236:T15604] [phase=frame_stage_notify] [hook=frame_stage_notify] [frame_stage] view/frame-data update begin
#12563 [2026-09-17 23:54:55.232] [DEBUG] [P12236:T15604] [phase=frame_stage_notify] [hook=frame_stage_notify] [frame_stage] view/frame-data update end
#12564 [2026-09-17 23:54:55.251] [DEBUG] [P12236:T15604] [phase=frame_stage_notify] [hook=frame_stage_notify] [frame_stage] end stage=12
#12565 [2026-09-17 23:54:55.276] [DEBUG] [P12236:T18300] [phase=present] [hook=present] [present] begin swap_chain=0x00000242DB990F50 sync=0 flags=0x200 ready=1
#12676 [2026-09-17 23:54:55.294] [DEBUG] [P12236:T18300] [phase=present] [hook=present] [present] rendering context updated
#12677 [2026-09-17 23:54:55.313] [DEBUG] [P12236:T18300] [phase=present] [hook=present] [present] forwarding to original
#12678 [2026-09-17 23:54:55.332] [DEBUG] [P12236:T18300] [phase=present] [hook=present] [present] begin swap_chain=0x00000242DB990F50 sync=0 flags=0x200 ready=1
#12755 [2026-09-17 23:54:55.351] [DEBUG] [P12236:T18300] [phase=present] [hook=present] [present] rendering context updated
#12756 [2026-09-17 23:54:55.371] [DEBUG] [P12236:T18300] [phase=present] [hook=present] [present] forwarding to original
#12757 [2026-09-17 23:54:55.390] [DEBUG] [P12236:T18300] [phase=present] [hook=present] [present] begin swap_chain=0x00000242DB990F50 sync=0 flags=0x200 ready=1
#12758 [2026-09-17 23:54:55.730] [DEBUG] [P12236:T18300] [phase=present] [hook=present] [present] rendering context updated
#12759 [2026-09-17 23:54:55.749] [DEBUG] [P12236:T18300] [phase=present] [hook=present] [present] forwarding to original
#12760 [2026-09-17 23:54:57.811] [INFO ] [P12236:T15604] [phase=none] [hook=none] diagnostics shutting down
#12761 [2026-09-17 23:54:57.830] [INFO ] [P12236:T15604] [phase=none] [hook=none] diagnostics log writes dropped=6617
