#1 [2026-09-17 23:39:34.587] [INFO ] [P8724:T15388] [phase=none] [hook=none] diagnostics initialized; module=0x00007FF98EA60000 size=0x1782000 log=C:\Users\tuerleprince\xiro-benz\runlogs\velocity_init.log previous=C:\Users\tuerleprince\xiro-benz\runlogs\velocity_init.previous.log dump=C:\Users\tuerleprince\xiro-benz\runlogs\velocity_crash.dmp verbose=true
#2 [2026-09-17 23:39:34.624] [INFO ] [P8724:T15388] [phase=none] [hook=none] crash handlers installed
#3 [2026-09-17 23:39:34.660] [DEBUG] [P8724:T15388] [phase=none] [hook=none] stage: dll attach
#4 [2026-09-17 23:39:34.696] [DEBUG] [P8724:T15388] [phase=none] [hook=none] build: development diagnostics
#5 [2026-09-17 23:39:34.714] [DEBUG] [P8724:T15388] [phase=none] [hook=none] stage: crt done, spawning thread
#6 [2026-09-17 23:39:34.733] [DEBUG] [P8724:T16940] [phase=none] [hook=none] stage: thread start
#7 [2026-09-17 23:39:34.752] [INFO ] [P8724:T16940] [phase=none] [hook=none] crash dumps enabled; path=C:\Users\tuerleprince\xiro-benz\runlogs\velocity_crash.dmp
#8 [2026-09-17 23:39:34.916] [DEBUG] [P8724:T16940] [phase=none] [hook=none] stage: coinit
#9 [2026-09-17 23:39:34.936] [DEBUG] [P8724:T16940] [phase=none] [hook=none] stage: config
#10 [2026-09-17 23:39:34.965] [DEBUG] [P8724:T16940] [phase=none] [hook=none] stage: regions
#11 [2026-09-17 23:39:34.983] [DEBUG] [P8724:T16940] [phase=none] [hook=none] stage: logging
#12 [2026-09-17 23:39:35.151] [DEBUG] [P8724:T16940] [phase=none] [hook=none] stage: integrity
#13 [2026-09-17 23:39:35.171] [DEBUG] [P8724:T16940] [phase=none] [hook=none] [hook] prepare name=dbghelp!MiniDumpWriteDump target=0x00000000800671A0 detour=0x00007FF98F590EA0
#14 [2026-09-17 23:39:35.189] [DEBUG] [P8724:T16940] [phase=none] [hook=none] [hook] create begin name=dbghelp!MiniDumpWriteDump target=0x00000000800671A0
#15 [2026-09-17 23:39:35.208] [DEBUG] [P8724:T16940] [phase=none] [hook=none] [hook] enable begin name=dbghelp!MiniDumpWriteDump target=0x00000000800671A0
#16 [2026-09-17 23:39:35.226] [INFO ] [P8724:T16940] [phase=none] [hook=none] [hook] enabled name=dbghelp!MiniDumpWriteDump target=0x00000000800671A0 trampoline=0x000000007FFD0000 original_length=14
#17 [2026-09-17 23:39:35.245] [INFO ] [P8724:T16940] [phase=none] [hook=none] Source 2 fatal minidump path hooked
#18 [2026-09-17 23:39:35.263] [DEBUG] [P8724:T16940] [phase=none] [hook=none] [hook] prepare name=kernel32!TerminateProcess target=0x00007FFA8EA00AA0 detour=0x00007FF98F590FE0
#19 [2026-09-17 23:39:35.281] [DEBUG] [P8724:T16940] [phase=none] [hook=none] [hook] create begin name=kernel32!TerminateProcess target=0x00007FFA8EA00AA0
#20 [2026-09-17 23:39:35.300] [DEBUG] [P8724:T16940] [phase=none] [hook=none] [hook] enable begin name=kernel32!TerminateProcess target=0x00007FFA8EA00AA0
#21 [2026-09-17 23:39:35.318] [INFO ] [P8724:T16940] [phase=none] [hook=none] [hook] enabled name=kernel32!TerminateProcess target=0x00007FFA8EA00AA0 trampoline=0x00007FFA8E490000 original_length=14
#22 [2026-09-17 23:39:35.336] [INFO ] [P8724:T16940] [phase=none] [hook=none] forced process termination capture hooked
#23 [2026-09-17 23:39:35.368] [DEBUG] [P8724:T16940] [phase=none] [hook=none] stage: addresses
#24 [2026-09-17 23:39:35.387] [INFO ] [P8724:T16940] [phase=none] [hook=none] [modules] client:              0x7ff994dc0000
#25 [2026-09-17 23:39:35.406] [INFO ] [P8724:T16940] [phase=none] [hook=none] [modules] engine2:             0x7ffa3d080000
#26 [2026-09-17 23:39:35.425] [INFO ] [P8724:T16940] [phase=none] [hook=none] [modules] server:              0x7ff9975a0000
#27 [2026-09-17 23:39:35.443] [INFO ] [P8724:T16940] [phase=none] [hook=none] [modules] scene_system:        0x7ffa364d0000
#28 [2026-09-17 23:39:35.461] [INFO ] [P8724:T16940] [phase=none] [hook=none] [modules] material_system2:    0x7ffa40670000
#29 [2026-09-17 23:39:35.478] [INFO ] [P8724:T16940] [phase=none] [hook=none] [modules] render_system_dx11:  0x7ffa3bf30000
#30 [2026-09-17 23:39:35.496] [INFO ] [P8724:T16940] [phase=none] [hook=none] [modules] panorama:            0x7ff9f0bb0000
#31 [2026-09-17 23:39:35.515] [INFO ] [P8724:T16940] [phase=none] [hook=none] [modules] game_overlay:        0x7ffa407f0000
#32 [2026-09-17 23:39:35.533] [INFO ] [P8724:T16940] [phase=none] [hook=none] [modules] schema_system:       0x7ffa62ff0000
#33 [2026-09-17 23:39:35.551] [INFO ] [P8724:T16940] [phase=none] [hook=none] [modules] input_system:        0x7ffa6a1a0000
#34 [2026-09-17 23:39:35.569] [INFO ] [P8724:T16940] [phase=none] [hook=none] [modules] sound_system:        0x7ffa37880000
#35 [2026-09-17 23:39:35.587] [INFO ] [P8724:T16940] [phase=none] [hook=none] [modules] tier0:               0x7ffa40050000
#36 [2026-09-17 23:39:35.606] [INFO ] [P8724:T16940] [phase=none] [hook=none] [modules] particles:           0x7ff99d170000
#37 [2026-09-17 23:39:35.626] [INFO ] [P8724:T16940] [phase=none] [hook=none] [modules] resource_system:     0x7ffa63070000
#38 [2026-09-17 23:39:35.644] [INFO ] [P8724:T16940] [phase=none] [hook=none] [modules] localize:            0x7ffa661b0000
#39 [2026-09-17 23:39:35.662] [INFO ] [P8724:T16940] [phase=none] [hook=none] [modules] mesh_system:         0x7ffa3a200000
#40 [2026-09-17 23:39:35.680] [INFO ] [P8724:T16940] [phase=none] [hook=none] [modules] file_system_stdio:   0x7ffa3ea00000
#41 [2026-09-17 23:39:35.698] [INFO ] [P8724:T16940] [phase=none] [hook=none] [modules] vphysics2:           0x7ffa37f60000
#42 [2026-09-17 23:39:35.717] [DEBUG] [P8724:T16940] [phase=none] [hook=none] [pattern] resolve request=client.dll:84C0740C488D0D*????????E8????????
#43 [2026-09-17 23:39:35.741] [DEBUG] [P8724:T16940] [phase=none] [hook=none] [pattern] resolved request=client.dll:84C0740C488D0D*????????E8???????? match=0x00007FF995A7C6AB result=0x00007FF9971A2610 duration_ms=31
#44 [2026-09-17 23:39:35.760] [DEBUG] [P8724:T16940] [phase=none] [hook=none] [pattern] resolve request=client.dll:488B0D*????????8BFBC1EB0E
#45 [2026-09-17 23:39:35.805] [DEBUG] [P8724:T16940] [phase=none] [hook=none] [pattern] resolved request=client.dll:488B0D*????????8BFBC1EB0E match=0x00007FF995796838 result=0x00007FF996FFFC40 duration_ms=47
#46 [2026-09-17 23:39:35.823] [DEBUG] [P8724:T16940] [phase=none] [hook=none] [pattern] resolve request=client.dll:48391D*????????7504B001
#47 [2026-09-17 23:39:35.870] [DEBUG] [P8724:T16940] [phase=none] [hook=none] [pattern] resolved request=client.dll:48391D*????????7504B001 match=0x00007FF9956EEDA9 result=0x00007FF9971678D0 duration_ms=47
#48 [2026-09-17 23:39:35.888] [DEBUG] [P8724:T16940] [phase=none] [hook=none] [pattern] resolve request=client.dll:488B05*????????448B4044
#49 [2026-09-17 23:39:35.913] [DEBUG] [P8724:T16940] [phase=none] [hook=none] [pattern] resolved request=client.dll:488B05*????????448B4044 match=0x00007FF994FA66B8 result=0x00007FF996E757C0 duration_ms=31
#50 [2026-09-17 23:39:35.936] [DEBUG] [P8724:T16940] [phase=none] [hook=none] [pattern] resolve request=client.dll:488D0D*????????48C1E006
#51 [2026-09-17 23:39:35.988] [DEBUG] [P8724:T16940] [phase=none] [hook=none] [pattern] resolved request=client.dll:488D0D*????????48C1E006 match=0x00007FF995986243 result=0x00007FF9971921F0 duration_ms=46
#52 [2026-09-17 23:39:36.006] [DEBUG] [P8724:T16940] [phase=none] [hook=none] [pattern] resolve request=client.dll:488B0D*????????4C897010
#53 [2026-09-17 23:39:36.035] [DEBUG] [P8724:T16940] [phase=none] [hook=none] [pattern] resolved request=client.dll:488B0D*????????4C897010 match=0x00007FF995167835 result=0x00007FF99718C6C8 duration_ms=15
#54 [2026-09-17 23:39:36.053] [DEBUG] [P8724:T16940] [phase=none] [hook=none] [pattern] resolve request=scenesystem.dll:488B05*????????48C1E104+8
#55 [2026-09-17 23:39:36.073] [DEBUG] [P8724:T16940] [phase=none] [hook=none] [pattern] resolved request=scenesystem.dll:488B05*????????48C1E104+8 match=0x00007FFA3652601F result=0x00007FFA36DE33E8 duration_ms=15
#56 [2026-09-17 23:39:36.092] [DEBUG] [P8724:T16940] [phase=none] [hook=none] [pattern] resolve request=client.dll:488B35*????????44896C24??
#57 [2026-09-17 23:39:36.136] [DEBUG] [P8724:T16940] [phase=none] [hook=none] [pattern] resolved request=client.dll:488B35*????????44896C24?? match=0x00007FF99578A942 result=0x00007FF996E69A78 duration_ms=47
#58 [2026-09-17 23:39:36.155] [DEBUG] [P8724:T16940] [phase=none] [hook=none] [pattern] resolve request=client.dll:488B0D*????????488B01FF50??FFC3~
#59 [2026-09-17 23:39:36.199] [DEBUG] [P8724:T16940] [phase=none] [hook=none] [pattern] resolved request=client.dll:488B0D*????????488B01FF50??FFC3~ match=0x00007FF99573E4C6 result=0x00007FF996E69B20 duration_ms=47
#60 [2026-09-17 23:39:36.216] [DEBUG] [P8724:T16940] [phase=none] [hook=none] [pattern] resolve request=client.dll:488B0D*????????488D3452~
#61 [2026-09-17 23:39:36.244] [DEBUG] [P8724:T16940] [phase=none] [hook=none] [pattern] resolved request=client.dll:488B0D*????????488D3452~ match=0x00007FF995163ED2 result=0x00007FF9971745A0 duration_ms=31
#62 [2026-09-17 23:39:36.262] [DEBUG] [P8724:T16940] [phase=none] [hook=none] [pattern] resolve request=client.dll:488B0D*????????418BD6E8????????418B5F
#63 [2026-09-17 23:39:36.288] [DEBUG] [P8724:T16940] [phase=none] [hook=none] [pattern] resolved request=client.dll:488B0D*????????418BD6E8????????418B5F match=0x00007FF99510967B result=0x00007FF9970014B0 duration_ms=31
#64 [2026-09-17 23:39:36.308] [DEBUG] [P8724:T16940] [phase=none] [hook=none] [pattern] resolve request=client.dll:488B0D*????????80A5E7000000EF
#65 [2026-09-17 23:39:36.330] [DEBUG] [P8724:T16940] [phase=none] [hook=none] [pattern] resolved request=client.dll:488B0D*????????80A5E7000000EF match=0x00007FF994FA3A7A result=0x00007FF9973B1318 duration_ms=15
#66 [2026-09-17 23:39:36.349] [DEBUG] [P8724:T16940] [phase=none] [hook=none] [pattern] resolve request=client.dll:488B0D*????????EB028BC6
#67 [2026-09-17 23:39:36.370] [DEBUG] [P8724:T16940] [phase=none] [hook=none] [pattern] resolved request=client.dll:488B0D*????????EB028BC6 match=0x00007FF994F31746 result=0x00007FF997337BE0 duration_ms=16
#68 [2026-09-17 23:39:36.405] [DEBUG] [P8724:T16940] [phase=none] [hook=none] [pattern] resolve request=client.dll:488D0D*????????488D8424????????41B801000000
#69 [2026-09-17 23:39:36.463] [DEBUG] [P8724:T16940] [phase=none] [hook=none] [pattern] resolved request=client.dll:488D0D*????????488D8424????????41B801000000 match=0x00007FF9955BCF96 result=0x00007FF996E57DB8 duration_ms=63
#70 [2026-09-17 23:39:36.483] [DEBUG] [P8724:T16940] [phase=none] [hook=none] [pattern] resolve request=client.dll:488B05*????????4885C07471
#71 [2026-09-17 23:39:36.538] [DEBUG] [P8724:T16940] [phase=none] [hook=none] [pattern] resolved request=client.dll:488B05*????????4885C07471 match=0x00007FF995AB7A6B result=0x00007FF9971FD0B8 duration_ms=63
#72 [2026-09-17 23:39:36.557] [DEBUG] [P8724:T16940] [phase=none] [hook=none] [pattern] resolve request=client.dll:8B3D*????????488B03488BCB
#73 [2026-09-17 23:39:36.586] [DEBUG] [P8724:T16940] [phase=none] [hook=none] [pattern] resolved request=client.dll:8B3D*????????488B03488BCB match=0x00007FF9955BCF29 result=0x00007FF996DF75E8 duration_ms=31
#74 [2026-09-17 23:39:36.605] [DEBUG] [P8724:T16940] [phase=none] [hook=none] [pattern] resolve request=client.dll:4C3905*????????410F94C6
#75 [2026-09-17 23:39:36.630] [DEBUG] [P8724:T16940] [phase=none] [hook=none] [pattern] resolved request=client.dll:4C3905*????????410F94C6 match=0x00007FF9957EA0B2 result=0x00007FF99717EE90 duration_ms=32
#76 [2026-09-17 23:39:36.649] [DEBUG] [P8724:T16940] [phase=none] [hook=none] [pattern] resolve request=client.dll:488B4338488905*????????4183FC03
#77 [2026-09-17 23:39:36.695] [DEBUG] [P8724:T16940] [phase=none] [hook=none] [pattern] resolved request=client.dll:488B4338488905*????????4183FC03 match=0x00007FF9957F41B8 result=0x00007FF99717EE90 duration_ms=47
#78 [2026-09-17 23:39:36.714] [DEBUG] [P8724:T16940] [phase=none] [hook=none] [pattern] resolve request=client.dll:488B1D*????????488BD34C8B81
#79 [2026-09-17 23:39:36.755] [DEBUG] [P8724:T16940] [phase=none] [hook=none] [pattern] resolved request=client.dll:488B1D*????????488BD34C8B81 match=0x00007FF9955EAC9E result=0x00007FF9971573B8 duration_ms=47
#80 [2026-09-17 23:39:36.773] [DEBUG] [P8724:T16940] [phase=none] [hook=none] [pattern] resolve request=client.dll:4883EC28488B05????????4885C00F8581
#81 [2026-09-17 23:39:36.833] [DEBUG] [P8724:T16940] [phase=none] [hook=none] [pattern] resolved request=client.dll:4883EC28488B05????????4885C00F8581 match=0x00007FF995EDDCF0 result=0x00007FF995EDDCF0 duration_ms=63
#82 [2026-09-17 23:39:36.851] [DEBUG] [P8724:T16940] [phase=none] [hook=none] [pattern] resolve request=engine2.dll:486315*????????83FA0A7D61
#83 [2026-09-17 23:39:36.874] [DEBUG] [P8724:T16940] [phase=none] [hook=none] [pattern] resolved request=engine2.dll:486315*????????83FA0A7D61 match=0x00007FFA3D2A7F43 result=0x00007FFA3D98F35C duration_ms=16
#84 [2026-09-17 23:39:36.893] [DEBUG] [P8724:T16940] [phase=none] [hook=none] [pattern] resolve request=engine2.dll:488D05*????????0F1004C8
#85 [2026-09-17 23:39:36.912] [DEBUG] [P8724:T16940] [phase=none] [hook=none] [pattern] resolved request=engine2.dll:488D05*????????0F1004C8 match=0x00007FFA3D0F50A8 result=0x00007FFA3D990780 duration_ms=31
#86 [2026-09-17 23:39:36.931] [DEBUG] [P8724:T16940] [phase=none] [hook=none] [pattern] resolve request=client.dll:488B0D*????????33D28B5B38
#87 [2026-09-17 23:39:36.954] [DEBUG] [P8724:T16940] [phase=none] [hook=none] [pattern] resolved request=client.dll:488B0D*????????33D28B5B38 match=0x00007FF994FC4E9A result=0x00007FF9971742E8 duration_ms=15
#88 [2026-09-17 23:39:37.042] [DEBUG] [P8724:T16940] [phase=none] [hook=none] stage: systems
#89 [2026-09-17 23:39:37.062] [DEBUG] [P8724:T16940] [phase=none] [hook=none] [pattern] resolve request=tier0.dll:40534883EC3080FA060FB6C241B916
#90 [2026-09-17 23:39:37.083] [DEBUG] [P8724:T16940] [phase=none] [hook=none] [pattern] resolved request=tier0.dll:40534883EC3080FA060FB6C241B916 match=0x00007FFA40260350 result=0x00007FFA40260350 duration_ms=31
#91 [2026-09-17 23:39:37.101] [DEBUG] [P8724:T16940] [phase=none] [hook=none] [pattern] resolve request=tier0.dll:405741574883EC384C8B01448BFA498BC0488BF948C1E802
#92 [2026-09-17 23:39:37.120] [DEBUG] [P8724:T16940] [phase=none] [hook=none] [pattern] resolved request=tier0.dll:405741574883EC384C8B01448BFA498BC0488BF948C1E802 match=0x00007FFA40266730 result=0x00007FFA40266730 duration_ms=16
#93 [2026-09-17 23:39:37.139] [DEBUG] [P8724:T16940] [phase=none] [hook=none] [pattern] resolve request=materialsystem2.dll:48895C24??48896C24??48897424??48897C24??41564881EC????????488B05????????488BF2
#94 [2026-09-17 23:39:37.157] [DEBUG] [P8724:T16940] [phase=none] [hook=none] [pattern] resolved request=materialsystem2.dll:48895C24??48896C24??48897424??48897C24??41564881EC????????488B05????????488BF2 match=0x00007FFA406AAFD0 result=0x00007FFA406AAFD0 duration_ms=15
#95 [2026-09-17 23:39:38.120] [INFO ] [P8724:T16940] [phase=none] [hook=none] [model_preview] initialized; waiting for C_CSGO_PreviewPlayer scene
#96 [2026-09-17 23:39:38.141] [DEBUG] [P8724:T16940] [phase=none] [hook=none] stage: econ
#97 [2026-09-17 23:39:38.159] [INFO ] [P8724:T16940] [phase=none] [hook=none] [econ] waiting for item schema
#98 [2026-09-17 23:39:50.777] [DEBUG] [P8724:T16940] [phase=none] [hook=none] stage: hooks
#99 [2026-09-17 23:39:50.798] [DEBUG] [P8724:T16940] [phase=none] [hook=none] [pattern] resolve request=filesystem_stdio.dll:00488907488D05*????????488987E0000000~
#100 [2026-09-17 23:39:50.817] [DEBUG] [P8724:T16940] [phase=none] [hook=none] [pattern] resolved request=filesystem_stdio.dll:00488907488D05*????????488987E0000000~ match=0x00007FFA3EA4BB4C result=0x00007FFA3EA4C160 duration_ms=31
#101 [2026-09-17 23:39:50.835] [DEBUG] [P8724:T16940] [phase=none] [hook=none] [pattern] resolve request=tier0.dll:>E8????????448B55B3
#102 [2026-09-17 23:39:50.856] [DEBUG] [P8724:T16940] [phase=none] [hook=none] [pattern] resolved request=tier0.dll:>E8????????448B55B3 match=0x00007FFA4017BD38 result=0x00007FFA40178DE0 duration_ms=15
#103 [2026-09-17 23:39:50.874] [DEBUG] [P8724:T16940] [phase=none] [hook=none] [hook] prepare name=service_read target=0x00007FFA3EA4C160 detour=0x00007FF98EA71950
#104 [2026-09-17 23:39:50.893] [DEBUG] [P8724:T16940] [phase=none] [hook=none] [hook] prepare name=log_internal target=0x00007FFA40178DE0 detour=0x00007FF98EA7BEA5
#105 [2026-09-17 23:39:50.912] [DEBUG] [P8724:T16940] [phase=none] [hook=none] [hook] create begin name=service_read target=0x00007FFA3EA4C160
#106 [2026-09-17 23:39:50.931] [DEBUG] [P8724:T16940] [phase=none] [hook=none] [hook] enable begin name=service_read target=0x00007FFA3EA4C160
#107 [2026-09-17 23:39:50.948] [INFO ] [P8724:T16940] [phase=none] [hook=none] [hook] enabled name=service_read target=0x00007FFA3EA4C160 trampoline=0x00007FFA3E9F0000 original_length=14
#108 [2026-09-17 23:39:50.966] [DEBUG] [P8724:T16940] [phase=none] [hook=none] [hook] create begin name=log_internal target=0x00007FFA40178DE0
#109 [2026-09-17 23:39:50.985] [DEBUG] [P8724:T16940] [phase=none] [hook=none] [hook] enable begin name=log_internal target=0x00007FFA40178DE0
#110 [2026-09-17 23:39:51.003] [INFO ] [P8724:T16940] [phase=none] [hook=none] [hook] enabled name=log_internal target=0x00007FFA40178DE0 trampoline=0x00007FFA3FC20000 original_length=14
#111 [2026-09-17 23:39:51.021] [DEBUG] [P8724:T16940] [phase=none] [hook=none] [pattern] resolve request=rendersystemdx11.dll:>E8????????4183BDC000000000
#112 [2026-09-17 23:39:51.039] [DEBUG] [P8724:T16940] [phase=none] [hook=none] [pattern] resolved request=rendersystemdx11.dll:>E8????????4183BDC000000000 match=0x00007FFA3BF8C112 result=0x00007FFA3BF8E2D0 duration_ms=16
#113 [2026-09-17 23:39:51.058] [DEBUG] [P8724:T16940] [phase=none] [hook=none] [pattern] resolve request=client.dll:48895C241848896C2420574883EC40488BF9
#114 [2026-09-17 23:39:51.113] [DEBUG] [P8724:T16940] [phase=none] [hook=none] [pattern] resolved request=client.dll:48895C241848896C2420574883EC40488BF9 match=0x00007FF9958E9E60 result=0x00007FF9958E9E60 duration_ms=46
#115 [2026-09-17 23:39:51.132] [DEBUG] [P8724:T16940] [phase=none] [hook=none] [pattern] resolve request=client.dll:FFFFFFFF488D05*????????48890D????????+28~
#116 [2026-09-17 23:39:51.150] [DEBUG] [P8724:T16940] [phase=none] [hook=none] [pattern] resolved request=client.dll:FFFFFFFF488D05*????????48890D????????+28~ match=0x00007FF994EAAF78 result=0x00007FF9958E23E0 duration_ms=15
#117 [2026-09-17 23:39:51.167] [DEBUG] [P8724:T16940] [phase=none] [hook=none] [pattern] resolve request=client.dll:FFFFFFFF488D05*????????48890D????????+40~
#118 [2026-09-17 23:39:51.186] [DEBUG] [P8724:T16940] [phase=none] [hook=none] [pattern] resolved request=client.dll:FFFFFFFF488D05*????????48890D????????+40~ match=0x00007FF994EAAF78 result=0x00007FF995A58770 duration_ms=16
#119 [2026-09-17 23:39:51.205] [DEBUG] [P8724:T16940] [phase=none] [hook=none] [pattern] resolve request=client.dll:90200000488D05*????????48890733D2+78~
#120 [2026-09-17 23:39:51.226] [DEBUG] [P8724:T16940] [phase=none] [hook=none] [pattern] resolved request=client.dll:90200000488D05*????????48890733D2+78~ match=0x00007FF99574DAC3 result=0x00007FF995784670 duration_ms=31
#121 [2026-09-17 23:39:51.245] [DEBUG] [P8724:T16940] [phase=none] [hook=none] [pattern] resolve request=client.dll:90200000488D05*????????48890733D2+80~
#122 [2026-09-17 23:39:51.265] [DEBUG] [P8724:T16940] [phase=none] [hook=none] [pattern] resolved request=client.dll:90200000488D05*????????48890733D2+80~ match=0x00007FF99574DAC3 result=0x00007FF995784FB0 duration_ms=16
#123 [2026-09-17 23:39:51.284] [DEBUG] [P8724:T16940] [phase=none] [hook=none] [pattern] resolve request=client.dll:4C8BDC535556574881ECD8000000488D05????????48C7442448????????
#124 [2026-09-17 23:39:51.312] [DEBUG] [P8724:T16940] [phase=none] [hook=none] [pattern] resolved request=client.dll:4C8BDC535556574881ECD8000000488D05????????48C7442448???????? match=0x00007FF995989840 result=0x00007FF995989840 duration_ms=32
#125 [2026-09-17 23:39:51.330] [DEBUG] [P8724:T16940] [phase=none] [hook=none] [pattern] resolve request=scenesystem.dll:4585C90F8E????????4C8BDC
#126 [2026-09-17 23:39:51.349] [DEBUG] [P8724:T16940] [phase=none] [hook=none] [pattern] resolved request=scenesystem.dll:4585C90F8E????????4C8BDC match=0x00007FFA36620750 result=0x00007FFA36620750 duration_ms=31
#127 [2026-09-17 23:39:51.368] [DEBUG] [P8724:T16940] [phase=none] [hook=none] [pattern] resolve request=scenesystem.dll:>E8????????440F285C2460
#128 [2026-09-17 23:39:51.387] [DEBUG] [P8724:T16940] [phase=none] [hook=none] [pattern] resolved request=scenesystem.dll:>E8????????440F285C2460 match=0x00007FFA3666D586 result=0x00007FFA36669590 duration_ms=16
#129 [2026-09-17 23:39:51.406] [DEBUG] [P8724:T16940] [phase=none] [hook=none] [pattern] resolve request=scenesystem.dll:488BC4488950??488948??555356574154415541564157488DA8????????4881EC????????0F2970??
#130 [2026-09-17 23:39:51.425] [DEBUG] [P8724:T16940] [phase=none] [hook=none] [pattern] resolved request=scenesystem.dll:488BC4488950??488948??555356574154415541564157488DA8????????4881EC????????0F2970?? match=0x00007FFA3650B8B0 result=0x00007FFA3650B8B0 duration_ms=16
#131 [2026-09-17 23:39:51.443] [DEBUG] [P8724:T16940] [phase=none] [hook=none] [pattern] resolve request=scenesystem.dll:488D05*????????488907488B7C2448+8~
#132 [2026-09-17 23:39:51.464] [DEBUG] [P8724:T16940] [phase=none] [hook=none] [pattern] resolved request=scenesystem.dll:488D05*????????488907488B7C2448+8~ match=0x00007FFA3650A15E result=0x00007FFA36542720 duration_ms=16
#133 [2026-09-17 23:39:51.482] [DEBUG] [P8724:T16940] [phase=none] [hook=none] [pattern] resolve request=client.dll:0000488BEA488BF9>E8????????4533F684C0
#134 [2026-09-17 23:39:51.533] [DEBUG] [P8724:T16940] [phase=none] [hook=none] [pattern] resolved request=client.dll:0000488BEA488BF9>E8????????4533F684C0 match=0x00007FF9958DDA06 result=0x00007FF995924260 duration_ms=47
#135 [2026-09-17 23:39:51.551] [DEBUG] [P8724:T16940] [phase=none] [hook=none] [pattern] resolve request=client.dll:>E8????????F30F10BE????????488BCF
#136 [2026-09-17 23:39:51.581] [DEBUG] [P8724:T16940] [phase=none] [hook=none] [pattern] resolved request=client.dll:>E8????????F30F10BE????????488BCF match=0x00007FF9958DDAC2 result=0x00007FF9959228B0 duration_ms=15
#137 [2026-09-17 23:39:51.599] [DEBUG] [P8724:T16940] [phase=none] [hook=none] [pattern] resolve request=scenesystem.dll:488D05*????????488907488B7C2448+20~
#138 [2026-09-17 23:39:51.619] [DEBUG] [P8724:T16940] [phase=none] [hook=none] [pattern] resolved request=scenesystem.dll:488D05*????????488907488B7C2448+20~ match=0x00007FFA3650A15E result=0x00007FFA36540520 duration_ms=16
#139 [2026-09-17 23:39:51.637] [DEBUG] [P8724:T16940] [phase=none] [hook=none] [pattern] resolve request=client.dll:48895C24184889742420574883EC20488D05????????
#140 [2026-09-17 23:39:51.668] [DEBUG] [P8724:T16940] [phase=none] [hook=none] [pattern] resolved request=client.dll:48895C24184889742420574883EC20488D05???????? match=0x00007FF9952A0BA0 result=0x00007FF9952A0BA0 duration_ms=31
#141 [2026-09-17 23:39:51.686] [DEBUG] [P8724:T16940] [phase=none] [hook=none] [pattern] resolve request=client.dll:48895C24??48896C24??48897424??48894C24??5741544155415641574883EC20486302
#142 [2026-09-17 23:39:51.712] [DEBUG] [P8724:T16940] [phase=none] [hook=none] [pattern] resolved request=client.dll:48895C24??48896C24??48897424??48894C24??5741544155415641574883EC20486302 match=0x00007FF99503EA10 result=0x00007FF99503EA10 duration_ms=31
#143 [2026-09-17 23:39:51.730] [DEBUG] [P8724:T16940] [phase=none] [hook=none] [pattern] resolve request=client.dll:>E8????????0FB64325
#144 [2026-09-17 23:39:51.750] [DEBUG] [P8724:T16940] [phase=none] [hook=none] [pattern] resolved request=client.dll:>E8????????0FB64325 match=0x00007FF994FC51E9 result=0x00007FF994F31420 duration_ms=16
#145 [2026-09-17 23:39:51.769] [DEBUG] [P8724:T16940] [phase=none] [hook=none] [pattern] resolve request=engine2.dll:>E8????????440F289424
#146 [2026-09-17 23:39:51.789] [DEBUG] [P8724:T16940] [phase=none] [hook=none] [pattern] resolved request=engine2.dll:>E8????????440F289424 match=0x00007FFA3D2C1E5B result=0x00007FFA3D2C6620 duration_ms=31
#147 [2026-09-17 23:39:51.807] [DEBUG] [P8724:T16940] [phase=none] [hook=none] [pattern] resolve request=client.dll:A8000000488D05*????????4C89742420+78~
#148 [2026-09-17 23:39:51.829] [DEBUG] [P8724:T16940] [phase=none] [hook=none] [pattern] resolved request=client.dll:A8000000488D05*????????4C89742420+78~ match=0x00007FF995A47F78 result=0x00007FF995A72930 duration_ms=15
#149 [2026-09-17 23:39:51.847] [DEBUG] [P8724:T16940] [phase=none] [hook=none] [pattern] resolve request=client.dll:48895C24??48896C24??48897424??574883EC20488BB9????????488BF1
#150 [2026-09-17 23:39:51.898] [DEBUG] [P8724:T16940] [phase=none] [hook=none] [pattern] resolved request=client.dll:48895C24??48896C24??48897424??574883EC20488BB9????????488BF1 match=0x00007FF9958A18E0 result=0x00007FF9958A18E0 duration_ms=62
#151 [2026-09-17 23:39:51.917] [DEBUG] [P8724:T16940] [phase=none] [hook=none] [pattern] resolve request=client.dll:488BC453574883EC68488BFA
#152 [2026-09-17 23:39:51.975] [DEBUG] [P8724:T16940] [phase=none] [hook=none] [pattern] resolved request=client.dll:488BC453574883EC68488BFA match=0x00007FF995678FC0 result=0x00007FF995678FC0 duration_ms=62
#153 [2026-09-17 23:39:52.005] [DEBUG] [P8724:T16940] [phase=none] [hook=none] [pattern] resolve request=client.dll:488BC844887C2430>E8????????84C00F849B000000
#154 [2026-09-17 23:39:52.081] [DEBUG] [P8724:T16940] [phase=none] [hook=none] [pattern] resolved request=client.dll:488BC844887C2430>E8????????84C00F849B000000 match=0x00007FF995C05043 result=0x00007FF9955C3BF0 duration_ms=62
#155 [2026-09-17 23:39:52.139] [DEBUG] [P8724:T16940] [phase=none] [hook=none] [pattern] resolve request=materialsystem2.dll:48895C24084889742410574883EC30488B5920
#156 [2026-09-17 23:39:52.194] [DEBUG] [P8724:T16940] [phase=none] [hook=none] [pattern] resolved request=materialsystem2.dll:48895C24084889742410574883EC30488B5920 match=0x00007FFA406811F0 result=0x00007FFA406811F0 duration_ms=62
#157 [2026-09-17 23:39:52.233] [DEBUG] [P8724:T16940] [phase=none] [hook=none] [pattern] resolve request=client.dll:48895C241048894C24085556574154415541564157488DAC24B0FCFFFF4881EC500400004C8BE9488B0D????????488B01FF90B8000000488BC8488B10FF5238498BCD8945848BF0E8????????498BCDE8????????
#158 [2026-09-17 23:39:52.364] [DEBUG] [P8724:T16940] [phase=none] [hook=none] [pattern] resolved request=client.dll:48895C241048894C24085556574154415541564157488DAC24B0FCFFFF4881EC500400004C8BE9488B0D????????488B01FF90B8000000488BC8488B10FF5238498BCD8945848BF0E8????????498BCDE8???????? match=0x00007FF99595D440 result=0x00007FF99595D440 duration_ms=141
#159 [2026-09-17 23:39:52.468] [DEBUG] [P8724:T16940] [phase=none] [hook=none] [pattern] resolve request=client.dll:40534883EC??488BD983FA??75??
#160 [2026-09-17 23:39:52.527] [DEBUG] [P8724:T16940] [phase=none] [hook=none] [pattern] resolved request=client.dll:40534883EC??488BD983FA??75?? match=0x00007FF99587EED0 result=0x00007FF99587EED0 duration_ms=62
#161 [2026-09-17 23:39:52.594] [DEBUG] [P8724:T16940] [phase=none] [hook=none] [pattern] resolve request=client.dll:4055535641564157488DAC24????????4881EC????????F20F1042??
#162 [2026-09-17 23:39:52.657] [DEBUG] [P8724:T16940] [phase=none] [hook=none] [pattern] resolved request=client.dll:4055535641564157488DAC24????????4881EC????????F20F1042?? match=0x00007FF995F18870 result=0x00007FF995F18870 duration_ms=62
#163 [2026-09-17 23:39:52.739] [DEBUG] [P8724:T16940] [phase=none] [hook=none] [pattern] resolve request=client.dll:48895C24??555657415441554881EC????????4963304D8BE0488BEA488BD985F6
#164 [2026-09-17 23:39:52.835] [DEBUG] [P8724:T16940] [phase=none] [hook=none] [pattern] resolved request=client.dll:48895C24??555657415441554881EC????????4963304D8BE0488BEA488BD985F6 match=0x00007FF995831FC0 result=0x00007FF995831FC0 duration_ms=94
#165 [2026-09-17 23:39:52.881] [DEBUG] [P8724:T16940] [phase=none] [hook=none] [pattern] resolve request=scenesystem.dll:4585C90F84????????5556574883EC30
#166 [2026-09-17 23:39:52.918] [DEBUG] [P8724:T16940] [phase=none] [hook=none] [pattern] resolved request=scenesystem.dll:4585C90F84????????5556574883EC30 match=0x00007FFA365B7590 result=0x00007FFA365B7590 duration_ms=31
#167 [2026-09-17 23:39:53.006] [DEBUG] [P8724:T16940] [phase=none] [hook=none] [pattern] resolve request=client.dll:40555641564881EC20010000
#168 [2026-09-17 23:39:53.048] [DEBUG] [P8724:T16940] [phase=none] [hook=none] [pattern] resolved request=client.dll:40555641564881EC20010000 match=0x00007FF99569B770 result=0x00007FF99569B770 duration_ms=31
#169 [2026-09-17 23:39:53.096] [DEBUG] [P8724:T16940] [phase=none] [hook=none] [pattern] resolve request=client.dll:488D05*????????C6411000+B8~
#170 [2026-09-17 23:39:53.173] [DEBUG] [P8724:T16940] [phase=none] [hook=none] [pattern] resolved request=client.dll:488D05*????????C6411000+B8~ match=0x00007FF9959062DA result=0x00007FF9959134C0 duration_ms=78
#171 [2026-09-17 23:39:53.192] [DEBUG] [P8724:T16940] [phase=none] [hook=none] [pattern] resolve request=client.dll:4883EC??488B0D????????488D15????????4533C94533C0488B01FF50304885C074??488B0D????????488BD04C8B0141FF50404883C4??
#172 [2026-09-17 23:39:53.238] [DEBUG] [P8724:T16940] [phase=none] [hook=none] [pattern] resolved request=client.dll:4883EC??488B0D????????488D15????????4533C94533C0488B01FF50304885C074??488B0D????????488BD04C8B0141FF50404883C4?? match=0x00007FF9959135C0 result=0x00007FF9959135C0 duration_ms=31
#173 [2026-09-17 23:39:53.256] [DEBUG] [P8724:T16940] [phase=none] [hook=none] [pattern] resolve request=client.dll:>E8????????4D8BC58BD3
#174 [2026-09-17 23:39:53.286] [DEBUG] [P8724:T16940] [phase=none] [hook=none] [pattern] resolved request=client.dll:>E8????????4D8BC58BD3 match=0x00007FF995A718D9 result=0x00007FF995A74EA0 duration_ms=31
#175 [2026-09-17 23:39:53.360] [DEBUG] [P8724:T16940] [phase=none] [hook=none] [pattern] resolve request=client.dll:CCCC48895C2408574883EC20C6410800488D05*????????488901488BD9+20~
#176 [2026-09-17 23:39:53.397] [DEBUG] [P8724:T16940] [phase=none] [hook=none] [pattern] resolved request=client.dll:CCCC48895C2408574883EC20C6410800488D05*????????488901488BD9+20~ match=0x00007FF9958D849E result=0x00007FF9958F8A40 duration_ms=47
#177 [2026-09-17 23:39:53.415] [DEBUG] [P8724:T16940] [phase=none] [hook=none] [pattern] resolve request=client.dll:B001488BD7498BCD>E8????????BAFFFFFFFF
#178 [2026-09-17 23:39:53.438] [DEBUG] [P8724:T16940] [phase=none] [hook=none] [pattern] resolved request=client.dll:B001488BD7498BCD>E8????????BAFFFFFFFF match=0x00007FF995F1829F result=0x00007FF995F150C0 duration_ms=16
#179 [2026-09-17 23:39:53.456] [DEBUG] [P8724:T16940] [phase=none] [hook=none] [pattern] resolve request=client.dll:5C24284889442420>E8????????488B5C2460
#180 [2026-09-17 23:39:53.480] [DEBUG] [P8724:T16940] [phase=none] [hook=none] [pattern] resolved request=client.dll:5C24284889442420>E8????????488B5C2460 match=0x00007FF995A8E518 result=0x00007FF995A8E540 duration_ms=31
#181 [2026-09-17 23:39:53.500] [DEBUG] [P8724:T16940] [phase=none] [hook=none] [pattern] resolve request=client.dll:85D20F88????????48894C24??5556
#182 [2026-09-17 23:39:53.530] [DEBUG] [P8724:T16940] [phase=none] [hook=none] [pattern] resolved request=client.dll:85D20F88????????48894C24??5556 match=0x00007FF995F1A2F0 result=0x00007FF995F1A2F0 duration_ms=31
#183 [2026-09-17 23:39:53.548] [DEBUG] [P8724:T16940] [phase=none] [hook=none] [pattern] resolve request=engine2.dll:40554157488D6C24??4881EC????????4533FF
#184 [2026-09-17 23:39:53.568] [DEBUG] [P8724:T16940] [phase=none] [hook=none] [pattern] resolved request=engine2.dll:40554157488D6C24??4881EC????????4533FF match=0x00007FFA3D184120 result=0x00007FFA3D184120 duration_ms=31
#185 [2026-09-17 23:39:53.586] [DEBUG] [P8724:T16940] [phase=none] [hook=none] [hook] prepare name=cmd_interpreter target=0x00007FFA3BF8E2D0 detour=0x00007FF98EA62833
#186 [2026-09-17 23:39:53.605] [DEBUG] [P8724:T16940] [phase=none] [hook=none] [hook] create begin name=cmd_interpreter target=0x00007FFA3BF8E2D0
#187 [2026-09-17 23:39:53.623] [DEBUG] [P8724:T16940] [phase=none] [hook=none] [hook] enable begin name=cmd_interpreter target=0x00007FFA3BF8E2D0
#188 [2026-09-17 23:39:53.642] [INFO ] [P8724:T16940] [phase=none] [hook=none] [hook] enabled name=cmd_interpreter target=0x00007FFA3BF8E2D0 trampoline=0x00007FFA3BAF0000 original_length=15
#189 [2026-09-17 23:39:53.677] [DEBUG] [P8724:T16940] [phase=none] [hook=none] [hook] prepare name=frame_stage_notify target=0x00007FF9958E9E60 detour=0x00007FF98EA656FF
#190 [2026-09-17 23:39:53.748] [DEBUG] [P8724:T16940] [phase=none] [hook=none] [hook] create begin name=frame_stage_notify target=0x00007FF9958E9E60
#191 [2026-09-17 23:39:53.801] [DEBUG] [P8724:T16940] [phase=none] [hook=none] [hook] enable begin name=frame_stage_notify target=0x00007FF9958E9E60
#192 [2026-09-17 23:39:53.838] [INFO ] [P8724:T16940] [phase=none] [hook=none] [hook] enabled name=frame_stage_notify target=0x00007FF9958E9E60 trampoline=0x00007FF994DB0000 original_length=15
#193 [2026-09-17 23:39:53.892] [DEBUG] [P8724:T16940] [phase=none] [hook=none] [hook] prepare name=create_move target=0x00007FF9958E23E0 detour=0x00007FF98EA73BD3
#194 [2026-09-17 23:39:53.911] [DEBUG] [P8724:T16940] [phase=none] [hook=none] [hook] create begin name=create_move target=0x00007FF9958E23E0
#195 [2026-09-17 23:39:53.930] [DEBUG] [P8724:T16940] [phase=none] [hook=none] [hook] enable begin name=create_move target=0x00007FF9958E23E0
#196 [2026-09-17 23:39:53.948] [INFO ] [P8724:T16940] [phase=none] [hook=none] [hook] enabled name=create_move target=0x00007FF9958E23E0 trampoline=0x00007FF994DA0000 original_length=15
#197 [2026-09-17 23:39:53.967] [DEBUG] [P8724:T16940] [phase=none] [hook=none] [hook] prepare name=handle_view_angles target=0x00007FF995A58770 detour=0x00007FF98EA644DA
#198 [2026-09-17 23:39:54.002] [DEBUG] [P8724:T16940] [phase=none] [hook=none] [hook] create begin name=handle_view_angles target=0x00007FF995A58770
#199 [2026-09-17 23:39:54.091] [DEBUG] [P8724:T16940] [phase=none] [hook=none] [hook] enable begin name=handle_view_angles target=0x00007FF995A58770
#200 [2026-09-17 23:39:54.109] [INFO ] [P8724:T16940] [phase=none] [hook=none] [hook] enabled name=handle_view_angles target=0x00007FF995A58770 trampoline=0x00007FF994D90000 original_length=14
#201 [2026-09-17 23:39:54.129] [DEBUG] [P8724:T16940] [phase=none] [hook=none] [hook] prepare name=add_entity target=0x00007FF995784670 detour=0x00007FF98EA661CC
#202 [2026-09-17 23:39:54.165] [DEBUG] [P8724:T16940] [phase=none] [hook=none] [hook] create begin name=add_entity target=0x00007FF995784670
#203 [2026-09-17 23:39:54.185] [DEBUG] [P8724:T16940] [phase=none] [hook=none] [hook] enable begin name=add_entity target=0x00007FF995784670
#204 [2026-09-17 23:39:54.203] [INFO ] [P8724:T16940] [phase=none] [hook=none] [hook] enabled name=add_entity target=0x00007FF995784670 trampoline=0x00007FF994D80000 original_length=16
#205 [2026-09-17 23:39:54.222] [DEBUG] [P8724:T16940] [phase=none] [hook=none] [hook] prepare name=remove_entity target=0x00007FF995784FB0 detour=0x00007FF98EA68166
#206 [2026-09-17 23:39:54.240] [DEBUG] [P8724:T16940] [phase=none] [hook=none] [hook] create begin name=remove_entity target=0x00007FF995784FB0
#207 [2026-09-17 23:39:54.261] [DEBUG] [P8724:T16940] [phase=none] [hook=none] [hook] enable begin name=remove_entity target=0x00007FF995784FB0
#208 [2026-09-17 23:39:54.279] [INFO ] [P8724:T16940] [phase=none] [hook=none] [hook] enabled name=remove_entity target=0x00007FF995784FB0 trampoline=0x00007FF994D70000 original_length=16
#209 [2026-09-17 23:39:54.315] [DEBUG] [P8724:T16940] [phase=none] [hook=none] [hook] prepare name=render_view target=0x00007FF995989840 detour=0x00007FF98EA64854
#210 [2026-09-17 23:39:54.368] [DEBUG] [P8724:T16940] [phase=none] [hook=none] [hook] create begin name=render_view target=0x00007FF995989840
#211 [2026-09-17 23:39:54.388] [DEBUG] [P8724:T16940] [phase=none] [hook=none] [hook] enable begin name=render_view target=0x00007FF995989840
#212 [2026-09-17 23:39:54.407] [INFO ] [P8724:T16940] [phase=none] [hook=none] [hook] enabled name=render_view target=0x00007FF995989840 trampoline=0x00007FF994D60000 original_length=14
#213 [2026-09-17 23:39:54.425] [DEBUG] [P8724:T16940] [phase=none] [hook=none] [hook] prepare name=draw_skybox_array target=0x00007FFA36620750 detour=0x00007FF98EA774BD
#214 [2026-09-17 23:39:54.444] [DEBUG] [P8724:T16940] [phase=none] [hook=none] [hook] create begin name=draw_skybox_array target=0x00007FFA36620750
#215 [2026-09-17 23:39:54.462] [DEBUG] [P8724:T16940] [phase=none] [hook=none] [hook] enable begin name=draw_skybox_array target=0x00007FFA36620750
#216 [2026-09-17 23:39:54.481] [INFO ] [P8724:T16940] [phase=none] [hook=none] [hook] enabled name=draw_skybox_array target=0x00007FFA36620750 trampoline=0x00007FFA36150000 original_length=15
#217 [2026-09-17 23:39:54.499] [DEBUG] [P8724:T16940] [phase=none] [hook=none] [hook] prepare name=light_scene_object target=0x00007FFA36669590 detour=0x00007FF98EA61FBE
#218 [2026-09-17 23:39:54.518] [DEBUG] [P8724:T16940] [phase=none] [hook=none] [hook] create begin name=light_scene_object target=0x00007FFA36669590
#219 [2026-09-17 23:39:54.536] [DEBUG] [P8724:T16940] [phase=none] [hook=none] [hook] enable begin name=light_scene_object target=0x00007FFA36669590
#220 [2026-09-17 23:39:54.555] [INFO ] [P8724:T16940] [phase=none] [hook=none] [hook] enabled name=light_scene_object target=0x00007FFA36669590 trampoline=0x00007FFA36140000 original_length=16
#221 [2026-09-17 23:39:54.574] [DEBUG] [P8724:T16940] [phase=none] [hook=none] [hook] prepare name=draw_scene_object_array target=0x00007FFA3650B8B0 detour=0x00007FF98EA71301
#222 [2026-09-17 23:39:54.592] [DEBUG] [P8724:T16940] [phase=none] [hook=none] [hook] create begin name=draw_scene_object_array target=0x00007FFA3650B8B0
#223 [2026-09-17 23:39:54.610] [DEBUG] [P8724:T16940] [phase=none] [hook=none] [hook] enable begin name=draw_scene_object_array target=0x00007FFA3650B8B0
#224 [2026-09-17 23:39:54.630] [INFO ] [P8724:T16940] [phase=none] [hook=none] [hook] enabled name=draw_scene_object_array target=0x00007FFA3650B8B0 trampoline=0x00007FFA36130000 original_length=14
#225 [2026-09-17 23:39:54.648] [DEBUG] [P8724:T16940] [phase=none] [hook=none] [hook] prepare name=draw_scene_object target=0x00007FFA36542720 detour=0x00007FF98EA705AA
#226 [2026-09-17 23:39:54.666] [DEBUG] [P8724:T16940] [phase=none] [hook=none] [hook] create begin name=draw_scene_object target=0x00007FFA36542720
#227 [2026-09-17 23:39:54.685] [DEBUG] [P8724:T16940] [phase=none] [hook=none] [hook] enable begin name=draw_scene_object target=0x00007FFA36542720
#228 [2026-09-17 23:39:54.703] [INFO ] [P8724:T16940] [phase=none] [hook=none] [hook] enabled name=draw_scene_object target=0x00007FFA36542720 trampoline=0x00007FFA36120000 original_length=15
#229 [2026-09-17 23:39:54.721] [DEBUG] [P8724:T16940] [phase=none] [hook=none] [hook] prepare name=is_glowing target=0x00007FF995924260 detour=0x00007FF98EA6DC29
#230 [2026-09-17 23:39:54.740] [DEBUG] [P8724:T16940] [phase=none] [hook=none] [hook] create begin name=is_glowing target=0x00007FF995924260
#231 [2026-09-17 23:39:54.761] [DEBUG] [P8724:T16940] [phase=none] [hook=none] [hook] enable begin name=is_glowing target=0x00007FF995924260
#232 [2026-09-17 23:39:54.779] [INFO ] [P8724:T16940] [phase=none] [hook=none] [hook] enabled name=is_glowing target=0x00007FF995924260 trampoline=0x00007FF994D50000 original_length=14
#233 [2026-09-17 23:39:54.797] [DEBUG] [P8724:T16940] [phase=none] [hook=none] [hook] prepare name=get_glow_color target=0x00007FF9959228B0 detour=0x00007FF98EA7B7D4
#234 [2026-09-17 23:39:54.815] [DEBUG] [P8724:T16940] [phase=none] [hook=none] [hook] create begin name=get_glow_color target=0x00007FF9959228B0
#235 [2026-09-17 23:39:54.835] [DEBUG] [P8724:T16940] [phase=none] [hook=none] [hook] enable begin name=get_glow_color target=0x00007FF9959228B0
#236 [2026-09-17 23:39:54.853] [INFO ] [P8724:T16940] [phase=none] [hook=none] [hook] enabled name=get_glow_color target=0x00007FF9959228B0 trampoline=0x00007FF994D40000 original_length=15
#237 [2026-09-17 23:39:54.872] [DEBUG] [P8724:T16940] [phase=none] [hook=none] [hook] prepare name=generate_primitives target=0x00007FFA36540520 detour=0x00007FF98EA6329C
#238 [2026-09-17 23:39:54.890] [DEBUG] [P8724:T16940] [phase=none] [hook=none] [hook] create begin name=generate_primitives target=0x00007FFA36540520
#239 [2026-09-17 23:39:54.910] [DEBUG] [P8724:T16940] [phase=none] [hook=none] [hook] enable begin name=generate_primitives target=0x00007FFA36540520
#240 [2026-09-17 23:39:54.929] [INFO ] [P8724:T16940] [phase=none] [hook=none] [hook] enabled name=generate_primitives target=0x00007FFA36540520 trampoline=0x00007FFA36110000 original_length=14
#241 [2026-09-17 23:39:54.948] [DEBUG] [P8724:T16940] [phase=none] [hook=none] [hook] prepare name=parse_report_hit target=0x00007FF9952A0BA0 detour=0x00007FF98EA77148
#242 [2026-09-17 23:39:54.967] [DEBUG] [P8724:T16940] [phase=none] [hook=none] [hook] create begin name=parse_report_hit target=0x00007FF9952A0BA0
#243 [2026-09-17 23:39:54.986] [DEBUG] [P8724:T16940] [phase=none] [hook=none] [hook] enable begin name=parse_report_hit target=0x00007FF9952A0BA0
#244 [2026-09-17 23:39:55.004] [INFO ] [P8724:T16940] [phase=none] [hook=none] [hook] enabled name=parse_report_hit target=0x00007FF9952A0BA0 trampoline=0x00007FF994D30000 original_length=15
#245 [2026-09-17 23:39:55.023] [DEBUG] [P8724:T16940] [phase=none] [hook=none] [hook] prepare name=setup_fog target=0x00007FF99503EA10 detour=0x00007FF98EA79F65
#246 [2026-09-17 23:39:55.041] [DEBUG] [P8724:T16940] [phase=none] [hook=none] [hook] create begin name=setup_fog target=0x00007FF99503EA10
#247 [2026-09-17 23:39:55.061] [DEBUG] [P8724:T16940] [phase=none] [hook=none] [hook] enable begin name=setup_fog target=0x00007FF99503EA10
#248 [2026-09-17 23:39:55.080] [INFO ] [P8724:T16940] [phase=none] [hook=none] [hook] enabled name=setup_fog target=0x00007FF99503EA10 trampoline=0x00007FF994D20000 original_length=15
#249 [2026-09-17 23:39:55.098] [DEBUG] [P8724:T16940] [phase=none] [hook=none] [hook] prepare name=set_shader_param target=0x00007FF994F31420 detour=0x00007FF98EA6F5C4
#250 [2026-09-17 23:39:55.116] [DEBUG] [P8724:T16940] [phase=none] [hook=none] [hook] create begin name=set_shader_param target=0x00007FF994F31420
#251 [2026-09-17 23:39:55.152] [DEBUG] [P8724:T16940] [phase=none] [hook=none] [hook] enable begin name=set_shader_param target=0x00007FF994F31420
#252 [2026-09-17 23:39:55.171] [INFO ] [P8724:T16940] [phase=none] [hook=none] [hook] enabled name=set_shader_param target=0x00007FF994F31420 trampoline=0x00007FF994D10000 original_length=15
#253 [2026-09-17 23:39:55.190] [DEBUG] [P8724:T16940] [phase=none] [hook=none] [hook] prepare name=set_postprocess_vec target=0x00007FFA3D2C6620 detour=0x00007FF98EA77517
#254 [2026-09-17 23:39:55.208] [DEBUG] [P8724:T16940] [phase=none] [hook=none] [hook] create begin name=set_postprocess_vec target=0x00007FFA3D2C6620
#255 [2026-09-17 23:39:55.227] [DEBUG] [P8724:T16940] [phase=none] [hook=none] [hook] enable begin name=set_postprocess_vec target=0x00007FFA3D2C6620
#256 [2026-09-17 23:39:55.247] [INFO ] [P8724:T16940] [phase=none] [hook=none] [hook] enabled name=set_postprocess_vec target=0x00007FFA3D2C6620 trampoline=0x00007FFA3CDA0000 original_length=15
#257 [2026-09-17 23:39:55.265] [DEBUG] [P8724:T16940] [phase=none] [hook=none] [hook] prepare name=override_view target=0x00007FF995A72930 detour=0x00007FF98EA7A393
#258 [2026-09-17 23:39:55.284] [DEBUG] [P8724:T16940] [phase=none] [hook=none] [hook] create begin name=override_view target=0x00007FF995A72930
#259 [2026-09-17 23:39:55.303] [DEBUG] [P8724:T16940] [phase=none] [hook=none] [hook] enable begin name=override_view target=0x00007FF995A72930
#260 [2026-09-17 23:39:55.322] [INFO ] [P8724:T16940] [phase=none] [hook=none] [hook] enabled name=override_view target=0x00007FF995A72930 trampoline=0x00007FF994D00000 original_length=14
#261 [2026-09-17 23:39:55.340] [DEBUG] [P8724:T16940] [phase=none] [hook=none] [hook] prepare name=update_fov_sensitivity target=0x00007FF9958A18E0 detour=0x00007FF98EA7BC48
#262 [2026-09-17 23:39:55.358] [DEBUG] [P8724:T16940] [phase=none] [hook=none] [hook] create begin name=update_fov_sensitivity target=0x00007FF9958A18E0
#263 [2026-09-17 23:39:55.378] [DEBUG] [P8724:T16940] [phase=none] [hook=none] [hook] enable begin name=update_fov_sensitivity target=0x00007FF9958A18E0
#264 [2026-09-17 23:39:55.396] [INFO ] [P8724:T16940] [phase=none] [hook=none] [hook] enabled name=update_fov_sensitivity target=0x00007FF9958A18E0 trampoline=0x00007FF994CF0000 original_length=15
#265 [2026-09-17 23:39:55.415] [DEBUG] [P8724:T16940] [phase=none] [hook=none] [hook] prepare name=render_scope target=0x00007FF995678FC0 detour=0x00007FF98EA7158B
#266 [2026-09-17 23:39:55.433] [DEBUG] [P8724:T16940] [phase=none] [hook=none] [hook] create begin name=render_scope target=0x00007FF995678FC0
#267 [2026-09-17 23:39:55.452] [DEBUG] [P8724:T16940] [phase=none] [hook=none] [hook] enable begin name=render_scope target=0x00007FF995678FC0
#268 [2026-09-17 23:39:55.470] [INFO ] [P8724:T16940] [phase=none] [hook=none] [hook] enabled name=render_scope target=0x00007FF995678FC0 trampoline=0x00007FF994CE0000 original_length=17
#269 [2026-09-17 23:39:55.488] [DEBUG] [P8724:T16940] [phase=none] [hook=none] [hook] prepare name=render_crosshair target=0x00007FF9955C3BF0 detour=0x00007FF98EA70799
#270 [2026-09-17 23:39:55.506] [DEBUG] [P8724:T16940] [phase=none] [hook=none] [hook] create begin name=render_crosshair target=0x00007FF9955C3BF0
#271 [2026-09-17 23:39:55.526] [DEBUG] [P8724:T16940] [phase=none] [hook=none] [hook] enable begin name=render_crosshair target=0x00007FF9955C3BF0
#272 [2026-09-17 23:39:55.544] [INFO ] [P8724:T16940] [phase=none] [hook=none] [hook] enabled name=render_crosshair target=0x00007FF9955C3BF0 trampoline=0x00007FF994CD0000 original_length=18
#273 [2026-09-17 23:39:55.562] [DEBUG] [P8724:T16940] [phase=none] [hook=none] [hook] prepare name=prepare_scene_material target=0x00007FFA406811F0 detour=0x00007FF98EA68AAD
#274 [2026-09-17 23:39:55.597] [DEBUG] [P8724:T16940] [phase=none] [hook=none] [hook] create begin name=prepare_scene_material target=0x00007FFA406811F0
#275 [2026-09-17 23:39:55.632] [DEBUG] [P8724:T16940] [phase=none] [hook=none] [hook] enable begin name=prepare_scene_material target=0x00007FFA406811F0
#276 [2026-09-17 23:39:55.651] [INFO ] [P8724:T16940] [phase=none] [hook=none] [hook] enabled name=prepare_scene_material target=0x00007FFA406811F0 trampoline=0x00007FFA40660000 original_length=15
#277 [2026-09-17 23:39:55.670] [DEBUG] [P8724:T16940] [phase=none] [hook=none] [hook] prepare name=post_network_data_received target=0x00007FF99595D440 detour=0x00007FF98EA75546
#278 [2026-09-17 23:39:55.688] [DEBUG] [P8724:T16940] [phase=none] [hook=none] [hook] create begin name=post_network_data_received target=0x00007FF99595D440
#279 [2026-09-17 23:39:55.708] [DEBUG] [P8724:T16940] [phase=none] [hook=none] [hook] enable begin name=post_network_data_received target=0x00007FF99595D440
#280 [2026-09-17 23:39:55.727] [INFO ] [P8724:T16940] [phase=none] [hook=none] [hook] enabled name=post_network_data_received target=0x00007FF99595D440 trampoline=0x00007FF994CC0000 original_length=15
#281 [2026-09-17 23:39:55.744] [DEBUG] [P8724:T16940] [phase=none] [hook=none] [hook] prepare name=draw_overhead target=0x00007FF99587EED0 detour=0x00007FF98EA637E2
#282 [2026-09-17 23:39:55.764] [DEBUG] [P8724:T16940] [phase=none] [hook=none] [hook] create begin name=draw_overhead target=0x00007FF99587EED0
#283 [2026-09-17 23:39:55.783] [DEBUG] [P8724:T16940] [phase=none] [hook=none] [hook] enable begin name=draw_overhead target=0x00007FF99587EED0
#284 [2026-09-17 23:39:55.801] [INFO ] [P8724:T16940] [phase=none] [hook=none] [hook] enabled name=draw_overhead target=0x00007FF99587EED0 trampoline=0x00007FF994CB0000 original_length=14
#285 [2026-09-17 23:39:55.819] [DEBUG] [P8724:T16940] [phase=none] [hook=none] [hook] prepare name=draw_legs target=0x00007FF995F18870 detour=0x00007FF98EA78903
#286 [2026-09-17 23:39:55.838] [DEBUG] [P8724:T16940] [phase=none] [hook=none] [hook] create begin name=draw_legs target=0x00007FF995F18870
#287 [2026-09-17 23:39:55.857] [DEBUG] [P8724:T16940] [phase=none] [hook=none] [hook] enable begin name=draw_legs target=0x00007FF995F18870
#288 [2026-09-17 23:39:55.875] [INFO ] [P8724:T16940] [phase=none] [hook=none] [hook] enabled name=draw_legs target=0x00007FF995F18870 trampoline=0x00007FF994CA0000 original_length=16
#289 [2026-09-17 23:39:55.895] [DEBUG] [P8724:T16940] [phase=none] [hook=none] [hook] prepare name=get_transforms_for_hitbox_list target=0x00007FF995831FC0 detour=0x00007FF98EA66C30
#290 [2026-09-17 23:39:55.913] [DEBUG] [P8724:T16940] [phase=none] [hook=none] [hook] create begin name=get_transforms_for_hitbox_list target=0x00007FF995831FC0
#291 [2026-09-17 23:39:55.932] [DEBUG] [P8724:T16940] [phase=none] [hook=none] [hook] enable begin name=get_transforms_for_hitbox_list target=0x00007FF995831FC0
#292 [2026-09-17 23:39:55.951] [INFO ] [P8724:T16940] [phase=none] [hook=none] [hook] enabled name=get_transforms_for_hitbox_list target=0x00007FF995831FC0 trampoline=0x00007FF994C90000 original_length=19
#293 [2026-09-17 23:39:55.969] [DEBUG] [P8724:T16940] [phase=none] [hook=none] [hook] prepare name=sort_primitives target=0x00007FFA365B7590 detour=0x00007FF98EA6BEF6
#294 [2026-09-17 23:39:55.987] [DEBUG] [P8724:T16940] [phase=none] [hook=none] [hook] create begin name=sort_primitives target=0x00007FFA365B7590
#295 [2026-09-17 23:39:56.007] [DEBUG] [P8724:T16940] [phase=none] [hook=none] [hook] enable begin name=sort_primitives target=0x00007FFA365B7590
#296 [2026-09-17 23:39:56.025] [INFO ] [P8724:T16940] [phase=none] [hook=none] [hook] enabled name=sort_primitives target=0x00007FFA365B7590 trampoline=0x00007FFA36100000 original_length=16
#297 [2026-09-17 23:39:56.044] [DEBUG] [P8724:T16940] [phase=none] [hook=none] [hook] prepare name=get_interpolated_shoot_position target=0x00007FF99569B770 detour=0x00007FF98EA6FCEA
#298 [2026-09-17 23:39:56.062] [DEBUG] [P8724:T16940] [phase=none] [hook=none] [hook] create begin name=get_interpolated_shoot_position target=0x00007FF99569B770
#299 [2026-09-17 23:39:56.081] [DEBUG] [P8724:T16940] [phase=none] [hook=none] [hook] enable begin name=get_interpolated_shoot_position target=0x00007FF99569B770
#300 [2026-09-17 23:39:56.100] [INFO ] [P8724:T16940] [phase=none] [hook=none] [hook] enabled name=get_interpolated_shoot_position target=0x00007FF99569B770 trampoline=0x00007FF994C80000 original_length=15
#301 [2026-09-17 23:39:56.119] [DEBUG] [P8724:T16940] [phase=none] [hook=none] [hook] prepare name=level_initialization target=0x00007FF9959134C0 detour=0x00007FF98EA753FC
#302 [2026-09-17 23:39:56.137] [DEBUG] [P8724:T16940] [phase=none] [hook=none] [hook] create begin name=level_initialization target=0x00007FF9959134C0
#303 [2026-09-17 23:39:56.157] [DEBUG] [P8724:T16940] [phase=none] [hook=none] [hook] enable begin name=level_initialization target=0x00007FF9959134C0
#304 [2026-09-17 23:39:56.176] [INFO ] [P8724:T16940] [phase=none] [hook=none] [hook] enabled name=level_initialization target=0x00007FF9959134C0 trampoline=0x00007FF994C70000 original_length=17
#305 [2026-09-17 23:39:56.194] [DEBUG] [P8724:T16940] [phase=none] [hook=none] [hook] prepare name=level_shutdown target=0x00007FF9959135C0 detour=0x00007FF98EA65C54
#306 [2026-09-17 23:39:56.213] [DEBUG] [P8724:T16940] [phase=none] [hook=none] [hook] create begin name=level_shutdown target=0x00007FF9959135C0
#307 [2026-09-17 23:39:56.233] [DEBUG] [P8724:T16940] [phase=none] [hook=none] [hook] enable begin name=level_shutdown target=0x00007FF9959135C0
#308 [2026-09-17 23:39:56.251] [INFO ] [P8724:T16940] [phase=none] [hook=none] [hook] enabled name=level_shutdown target=0x00007FF9959135C0 trampoline=0x00007FF994C60000 original_length=18
#309 [2026-09-17 23:39:56.269] [DEBUG] [P8724:T16940] [phase=none] [hook=none] [hook] prepare name=read_frame_input target=0x00007FF995A74EA0 detour=0x00007FF98EA68701
#310 [2026-09-17 23:39:56.287] [DEBUG] [P8724:T16940] [phase=none] [hook=none] [hook] create begin name=read_frame_input target=0x00007FF995A74EA0
#311 [2026-09-17 23:39:56.306] [DEBUG] [P8724:T16940] [phase=none] [hook=none] [hook] enable begin name=read_frame_input target=0x00007FF995A74EA0
#312 [2026-09-17 23:39:56.326] [INFO ] [P8724:T16940] [phase=none] [hook=none] [hook] enabled name=read_frame_input target=0x00007FF995A74EA0 trampoline=0x00007FF994C50000 original_length=17
#313 [2026-09-17 23:39:56.344] [DEBUG] [P8724:T16940] [phase=none] [hook=none] [hook] prepare name=process_input_event target=0x00007FF9958F8A40 detour=0x00007FF98EA7BB67
#314 [2026-09-17 23:39:56.379] [DEBUG] [P8724:T16940] [phase=none] [hook=none] [hook] create begin name=process_input_event target=0x00007FF9958F8A40
#315 [2026-09-17 23:39:56.399] [DEBUG] [P8724:T16940] [phase=none] [hook=none] [hook] enable begin name=process_input_event target=0x00007FF9958F8A40
#316 [2026-09-17 23:39:56.418] [INFO ] [P8724:T16940] [phase=none] [hook=none] [hook] enabled name=process_input_event target=0x00007FF9958F8A40 trampoline=0x00007FF994C40000 original_length=15
#317 [2026-09-17 23:39:56.437] [DEBUG] [P8724:T16940] [phase=none] [hook=none] [hook] prepare name=render_decals target=0x00007FF995F150C0 detour=0x00007FF98EA7B85B
#318 [2026-09-17 23:39:56.455] [DEBUG] [P8724:T16940] [phase=none] [hook=none] [hook] create begin name=render_decals target=0x00007FF995F150C0
#319 [2026-09-17 23:39:56.474] [DEBUG] [P8724:T16940] [phase=none] [hook=none] [hook] enable begin name=render_decals target=0x00007FF995F150C0
#320 [2026-09-17 23:39:56.493] [INFO ] [P8724:T16940] [phase=none] [hook=none] [hook] enabled name=render_decals target=0x00007FF995F150C0 trampoline=0x00007FF994C30000 original_length=15
#321 [2026-09-17 23:39:56.511] [DEBUG] [P8724:T16940] [phase=none] [hook=none] [hook] prepare name=render_smoke target=0x00007FF995A8E540 detour=0x00007FF98EA64EFD
#322 [2026-09-17 23:39:56.529] [DEBUG] [P8724:T16940] [phase=none] [hook=none] [hook] create begin name=render_smoke target=0x00007FF995A8E540
#323 [2026-09-17 23:39:56.549] [DEBUG] [P8724:T16940] [phase=none] [hook=none] [hook] enable begin name=render_smoke target=0x00007FF995A8E540
#324 [2026-09-17 23:39:56.568] [INFO ] [P8724:T16940] [phase=none] [hook=none] [hook] enabled name=render_smoke target=0x00007FF995A8E540 trampoline=0x00007FF994C20000 original_length=16
#325 [2026-09-17 23:39:56.587] [DEBUG] [P8724:T16940] [phase=none] [hook=none] [hook] prepare name=draw_flash_effect target=0x00007FF995F1A2F0 detour=0x00007FF98EA742BD
#326 [2026-09-17 23:39:56.605] [DEBUG] [P8724:T16940] [phase=none] [hook=none] [hook] create begin name=draw_flash_effect target=0x00007FF995F1A2F0
#327 [2026-09-17 23:39:56.624] [DEBUG] [P8724:T16940] [phase=none] [hook=none] [hook] enable begin name=draw_flash_effect target=0x00007FF995F1A2F0
#328 [2026-09-17 23:39:56.642] [INFO ] [P8724:T16940] [phase=none] [hook=none] [hook] enabled name=draw_flash_effect target=0x00007FF995F1A2F0 trampoline=0x00007FF994C10000 original_length=14
#329 [2026-09-17 23:39:56.662] [DEBUG] [P8724:T16940] [phase=none] [hook=none] [hook] prepare name=set_info target=0x00007FFA3D184120 detour=0x00007FF98EA6D689
#330 [2026-09-17 23:39:56.680] [DEBUG] [P8724:T16940] [phase=none] [hook=none] [hook] create begin name=set_info target=0x00007FFA3D184120
#331 [2026-09-17 23:39:56.698] [DEBUG] [P8724:T16940] [phase=none] [hook=none] [hook] enable begin name=set_info target=0x00007FFA3D184120
#332 [2026-09-17 23:39:56.716] [INFO ] [P8724:T16940] [phase=none] [hook=none] [hook] enabled name=set_info target=0x00007FFA3D184120 trampoline=0x00007FFA3CD90000 original_length=16
#333 [2026-09-17 23:39:56.734] [DEBUG] [P8724:T16940] [phase=none] [hook=none] [hook] prepare name=present target=0x00007FFA8ADE18C0 detour=0x00007FF98EA6C7CF
#334 [2026-09-17 23:39:56.752] [DEBUG] [P8724:T16940] [phase=none] [hook=none] [hook] prepare name=resize_buffers target=0x00007FFA8AE02810 detour=0x00007FF98EA6F8CB
#335 [2026-09-17 23:39:56.771] [DEBUG] [P8724:T16940] [phase=none] [hook=none] [hook] create begin name=present target=0x00007FFA8ADE18C0
#336 [2026-09-17 23:39:56.790] [DEBUG] [P8724:T16940] [phase=none] [hook=none] [hook] enable begin name=present target=0x00007FFA8ADE18C0
#337 [2026-09-17 23:39:56.808] [INFO ] [P8724:T16940] [phase=none] [hook=none] [hook] enabled name=present target=0x00007FFA8ADE18C0 trampoline=0x00007FFA40650000 original_length=14
#350 [2026-09-17 23:39:56.826] [DEBUG] [P8724:T16940] [phase=none] [hook=none] [hook] create begin name=resize_buffers target=0x00007FFA8AE02810
#359 [2026-09-17 23:39:56.844] [DEBUG] [P8724:T16940] [phase=none] [hook=none] [hook] enable begin name=resize_buffers target=0x00007FFA8AE02810
#372 [2026-09-17 23:39:56.863] [INFO ] [P8724:T16940] [phase=none] [hook=none] [hook] enabled name=resize_buffers target=0x00007FFA8AE02810 trampoline=0x00007FFA40640000 original_length=15
#385 [2026-09-17 23:39:56.882] [INFO ] [P8724:T16940] [phase=none] [hook=none] [hook] feature batch installed; runtime path held until initialization completes
#394 [2026-09-17 23:39:56.900] [DEBUG] [P8724:T16940] [phase=none] [hook=none] stage: cvars
#407 [2026-09-17 23:39:56.919] [DEBUG] [P8724:T16940] [phase=none] [hook=none] stage: skyboxes
#416 [2026-09-17 23:39:56.938] [DEBUG] [P8724:T17744] [phase=none] [hook=present] hook enter name=present arg0=0x0000026A946CF720 arg1=0x0000000000000000 arg2=0x0000000000000200 arg3=0x0000000000000000
#419 [2026-09-17 23:39:56.956] [DEBUG] [P8724:T17744] [phase=present] [hook=present] [present] begin swap_chain=0x0000026A946CF720 sync=0 flags=0x200 ready=1
#420 [2026-09-17 23:39:56.975] [DEBUG] [P8724:T17744] [phase=render: present] [hook=present] render frame begin index=1 swap_chain=0x0000026A946CF720 initialized=false
#421 [2026-09-17 23:39:57.125] [INFO ] [P8724:T17744] [phase=render: context initialization] [hook=present] render pipeline initialized; ImGui interactive path ready, XDraw gameplay pass ready
#422 [2026-09-17 23:39:57.174] [DEBUG] [P8724:T17744] [phase=render: ImGui submit] [hook=present] render frame end index=1 gameplay_ready=true menu_open=false
#423 [2026-09-17 23:39:57.192] [DEBUG] [P8724:T17744] [phase=present] [hook=present] [present] rendering context updated
#424 [2026-09-17 23:39:57.211] [DEBUG] [P8724:T17744] [phase=present] [hook=present] [present] forwarding to original
#425 [2026-09-17 23:39:57.241] [DEBUG] [P8724:T17744] [phase=none] [hook=present] hook leave name=present duration_ms=312
#426 [2026-09-17 23:39:57.270] [DEBUG] [P8724:T17744] [phase=none] [hook=present] hook enter name=present arg0=0x0000026A946CF720 arg1=0x0000000000000000 arg2=0x0000000000000200 arg3=0x0000000000000000
#427 [2026-09-17 23:39:57.289] [DEBUG] [P8724:T17744] [phase=present] [hook=present] [present] begin swap_chain=0x0000026A946CF720 sync=0 flags=0x200 ready=1
#428 [2026-09-17 23:39:57.309] [DEBUG] [P8724:T17744] [phase=render: present] [hook=present] render frame begin index=2 swap_chain=0x0000026A946CF720 initialized=true
#429 [2026-09-17 23:39:57.328] [DEBUG] [P8724:T17744] [phase=render: ImGui submit] [hook=present] render frame end index=2 gameplay_ready=true menu_open=false
#430 [2026-09-17 23:39:57.347] [DEBUG] [P8724:T17744] [phase=present] [hook=present] [present] rendering context updated
#431 [2026-09-17 23:39:57.365] [DEBUG] [P8724:T17744] [phase=present] [hook=present] [present] forwarding to original
#432 [2026-09-17 23:39:57.394] [DEBUG] [P8724:T17744] [phase=none] [hook=present] hook leave name=present duration_ms=110
#433 [2026-09-17 23:39:57.420] [DEBUG] [P8724:T17744] [phase=none] [hook=present] hook enter name=present arg0=0x0000026A946CF720 arg1=0x0000000000000000 arg2=0x0000000000000200 arg3=0x0000000000000000
#434 [2026-09-17 23:39:57.437] [DEBUG] [P8724:T17744] [phase=present] [hook=present] [present] begin swap_chain=0x0000026A946CF720 sync=0 flags=0x200 ready=1
#435 [2026-09-17 23:39:57.457] [DEBUG] [P8724:T17744] [phase=render: present] [hook=present] render frame begin index=3 swap_chain=0x0000026A946CF720 initialized=true
#436 [2026-09-17 23:39:57.474] [DEBUG] [P8724:T17744] [phase=render: ImGui submit] [hook=present] render frame end index=3 gameplay_ready=true menu_open=false
#437 [2026-09-17 23:39:57.494] [DEBUG] [P8724:T17744] [phase=present] [hook=present] [present] rendering context updated
#438 [2026-09-17 23:39:57.512] [DEBUG] [P8724:T17744] [phase=present] [hook=present] [present] forwarding to original
#439 [2026-09-17 23:39:57.542] [DEBUG] [P8724:T17744] [phase=none] [hook=present] hook leave name=present duration_ms=125
#440 [2026-09-17 23:39:57.564] [DEBUG] [P8724:T17744] [phase=none] [hook=present] hook enter name=present arg0=0x0000026A946CF720 arg1=0x0000000000000000 arg2=0x0000000000000200 arg3=0x0000000000000000
#441 [2026-09-17 23:39:57.584] [DEBUG] [P8724:T17744] [phase=present] [hook=present] [present] begin swap_chain=0x0000026A946CF720 sync=0 flags=0x200 ready=1
#442 [2026-09-17 23:39:57.602] [DEBUG] [P8724:T17744] [phase=render: present] [hook=present] render frame begin index=4 swap_chain=0x0000026A946CF720 initialized=true
#443 [2026-09-17 23:39:57.621] [DEBUG] [P8724:T17744] [phase=render: ImGui submit] [hook=present] render frame end index=4 gameplay_ready=true menu_open=false
#444 [2026-09-17 23:39:57.639] [DEBUG] [P8724:T17744] [phase=present] [hook=present] [present] rendering context updated
#445 [2026-09-17 23:39:57.657] [DEBUG] [P8724:T17744] [phase=present] [hook=present] [present] forwarding to original
#446 [2026-09-17 23:39:57.695] [DEBUG] [P8724:T17744] [phase=none] [hook=present] hook leave name=present duration_ms=140
#447 [2026-09-17 23:39:57.724] [DEBUG] [P8724:T17744] [phase=none] [hook=present] hook enter name=present arg0=0x0000026A946CF720 arg1=0x0000000000000000 arg2=0x0000000000000200 arg3=0x0000000000000000
#448 [2026-09-17 23:39:57.743] [DEBUG] [P8724:T17744] [phase=present] [hook=present] [present] begin swap_chain=0x0000026A946CF720 sync=0 flags=0x200 ready=1
#449 [2026-09-17 23:39:57.761] [DEBUG] [P8724:T17744] [phase=render: present] [hook=present] render frame begin index=5 swap_chain=0x0000026A946CF720 initialized=true
#450 [2026-09-17 23:39:57.780] [DEBUG] [P8724:T17744] [phase=render: ImGui submit] [hook=present] render frame end index=5 gameplay_ready=true menu_open=false
#451 [2026-09-17 23:39:57.798] [DEBUG] [P8724:T17744] [phase=present] [hook=present] [present] rendering context updated
#452 [2026-09-17 23:39:57.816] [DEBUG] [P8724:T17744] [phase=present] [hook=present] [present] forwarding to original
#453 [2026-09-17 23:39:57.835] [DEBUG] [P8724:T17744] [phase=none] [hook=present] hook leave name=present duration_ms=110
#454 [2026-09-17 23:39:57.858] [DEBUG] [P8724:T17744] [phase=none] [hook=present] hook enter name=present arg0=0x0000026A946CF720 arg1=0x0000000000000000 arg2=0x0000000000000200 arg3=0x0000000000000000
#455 [2026-09-17 23:39:57.877] [DEBUG] [P8724:T17744] [phase=present] [hook=present] [present] begin swap_chain=0x0000026A946CF720 sync=0 flags=0x200 ready=1
#456 [2026-09-17 23:39:57.896] [DEBUG] [P8724:T17744] [phase=render: present] [hook=present] render frame begin index=6 swap_chain=0x0000026A946CF720 initialized=true
#457 [2026-09-17 23:39:57.915] [DEBUG] [P8724:T17744] [phase=render: ImGui submit] [hook=present] render frame end index=6 gameplay_ready=true menu_open=false
#458 [2026-09-17 23:39:57.934] [DEBUG] [P8724:T17744] [phase=present] [hook=present] [present] rendering context updated
#459 [2026-09-17 23:39:57.952] [DEBUG] [P8724:T17744] [phase=present] [hook=present] [present] forwarding to original
#460 [2026-09-17 23:39:57.973] [DEBUG] [P8724:T17744] [phase=none] [hook=present] hook leave name=present duration_ms=110
#461 [2026-09-17 23:39:58.004] [DEBUG] [P8724:T17744] [phase=none] [hook=present] hook enter name=present arg0=0x0000026A946CF720 arg1=0x0000000000000000 arg2=0x0000000000000200 arg3=0x0000000000000000
#462 [2026-09-17 23:39:58.022] [DEBUG] [P8724:T17744] [phase=present] [hook=present] [present] begin swap_chain=0x0000026A946CF720 sync=0 flags=0x200 ready=1
#463 [2026-09-17 23:39:58.041] [DEBUG] [P8724:T17744] [phase=render: present] [hook=present] render frame begin index=7 swap_chain=0x0000026A946CF720 initialized=true
#464 [2026-09-17 23:39:58.059] [DEBUG] [P8724:T17744] [phase=render: ImGui submit] [hook=present] render frame end index=7 gameplay_ready=true menu_open=false
#465 [2026-09-17 23:39:58.078] [DEBUG] [P8724:T17744] [phase=present] [hook=present] [present] rendering context updated
#466 [2026-09-17 23:39:58.096] [DEBUG] [P8724:T17744] [phase=present] [hook=present] [present] forwarding to original
#467 [2026-09-17 23:39:58.115] [DEBUG] [P8724:T17744] [phase=none] [hook=present] hook leave name=present duration_ms=125
#468 [2026-09-17 23:39:58.140] [DEBUG] [P8724:T17744] [phase=none] [hook=present] hook enter name=present arg0=0x0000026A946CF720 arg1=0x0000000000000000 arg2=0x0000000000000200 arg3=0x0000000000000000
#469 [2026-09-17 23:39:58.159] [DEBUG] [P8724:T17744] [phase=present] [hook=present] [present] begin swap_chain=0x0000026A946CF720 sync=0 flags=0x200 ready=1
#470 [2026-09-17 23:39:58.194] [DEBUG] [P8724:T17744] [phase=render: present] [hook=present] render frame begin index=8 swap_chain=0x0000026A946CF720 initialized=true
#471 [2026-09-17 23:39:58.212] [DEBUG] [P8724:T17744] [phase=render: ImGui submit] [hook=present] render frame end index=8 gameplay_ready=true menu_open=false
#472 [2026-09-17 23:39:58.231] [DEBUG] [P8724:T17744] [phase=present] [hook=present] [present] rendering context updated
#473 [2026-09-17 23:39:58.250] [DEBUG] [P8724:T17744] [phase=present] [hook=present] [present] forwarding to original
#474 [2026-09-17 23:39:58.269] [DEBUG] [P8724:T17744] [phase=none] [hook=present] hook leave name=present duration_ms=125
#475 [2026-09-17 23:39:58.292] [DEBUG] [P8724:T17744] [phase=none] [hook=present] hook enter name=present arg0=0x0000026A946CF720 arg1=0x0000000000000000 arg2=0x0000000000000200 arg3=0x0000000000000000
#476 [2026-09-17 23:39:58.310] [DEBUG] [P8724:T17744] [phase=present] [hook=present] [present] begin swap_chain=0x0000026A946CF720 sync=0 flags=0x200 ready=1
#477 [2026-09-17 23:39:58.347] [DEBUG] [P8724:T17744] [phase=present] [hook=present] [present] rendering context updated
#478 [2026-09-17 23:39:58.424] [DEBUG] [P8724:T17744] [phase=present] [hook=present] [present] forwarding to original
#479 [2026-09-17 23:39:58.478] [DEBUG] [P8724:T17744] [phase=none] [hook=present] hook leave name=present duration_ms=187
#480 [2026-09-17 23:39:58.520] [DEBUG] [P8724:T17744] [phase=none] [hook=present] hook enter name=present arg0=0x0000026A946CF720 arg1=0x0000000000000000 arg2=0x0000000000000200 arg3=0x0000000000000000
#481 [2026-09-17 23:39:58.568] [DEBUG] [P8724:T17744] [phase=present] [hook=present] [present] begin swap_chain=0x0000026A946CF720 sync=0 flags=0x200 ready=1
#482 [2026-09-17 23:39:58.587] [DEBUG] [P8724:T17744] [phase=present] [hook=present] [present] rendering context updated
#483 [2026-09-17 23:39:58.606] [DEBUG] [P8724:T17744] [phase=present] [hook=present] [present] forwarding to original
#484 [2026-09-17 23:39:58.626] [DEBUG] [P8724:T17744] [phase=none] [hook=present] hook leave name=present duration_ms=94
#485 [2026-09-17 23:39:58.651] [DEBUG] [P8724:T17744] [phase=none] [hook=present] hook enter name=present arg0=0x0000026A946CF720 arg1=0x0000000000000000 arg2=0x0000000000000200 arg3=0x0000000000000000
#486 [2026-09-17 23:39:58.670] [DEBUG] [P8724:T17744] [phase=present] [hook=present] [present] begin swap_chain=0x0000026A946CF720 sync=0 flags=0x200 ready=1
#487 [2026-09-17 23:39:58.689] [DEBUG] [P8724:T17744] [phase=present] [hook=present] [present] rendering context updated
#488 [2026-09-17 23:39:58.707] [DEBUG] [P8724:T17744] [phase=present] [hook=present] [present] forwarding to original
#489 [2026-09-17 23:39:58.727] [DEBUG] [P8724:T17744] [phase=none] [hook=present] hook leave name=present duration_ms=78
#490 [2026-09-17 23:39:58.747] [DEBUG] [P8724:T17744] [phase=none] [hook=present] hook enter name=present arg0=0x0000026A946CF720 arg1=0x0000000000000000 arg2=0x0000000000000200 arg3=0x0000000000000000
#491 [2026-09-17 23:39:58.765] [DEBUG] [P8724:T17744] [phase=present] [hook=present] [present] begin swap_chain=0x0000026A946CF720 sync=0 flags=0x200 ready=1
#492 [2026-09-17 23:39:58.783] [DEBUG] [P8724:T17744] [phase=present] [hook=present] [present] rendering context updated
#493 [2026-09-17 23:39:58.802] [DEBUG] [P8724:T17744] [phase=present] [hook=present] [present] forwarding to original
#494 [2026-09-17 23:39:58.821] [DEBUG] [P8724:T17744] [phase=none] [hook=present] hook leave name=present duration_ms=78
#495 [2026-09-17 23:39:58.845] [DEBUG] [P8724:T17744] [phase=none] [hook=present] hook enter name=present arg0=0x0000026A946CF720 arg1=0x0000000000000000 arg2=0x0000000000000200 arg3=0x0000000000000000
#496 [2026-09-17 23:39:58.864] [DEBUG] [P8724:T17744] [phase=present] [hook=present] [present] begin swap_chain=0x0000026A946CF720 sync=0 flags=0x200 ready=1
#497 [2026-09-17 23:39:58.882] [DEBUG] [P8724:T17744] [phase=present] [hook=present] [present] rendering context updated
#498 [2026-09-17 23:39:58.901] [DEBUG] [P8724:T17744] [phase=present] [hook=present] [present] forwarding to original
#499 [2026-09-17 23:39:58.921] [DEBUG] [P8724:T17744] [phase=none] [hook=present] hook leave name=present duration_ms=78
#500 [2026-09-17 23:39:58.944] [DEBUG] [P8724:T17744] [phase=none] [hook=present] hook enter name=present arg0=0x0000026A946CF720 arg1=0x0000000000000000 arg2=0x0000000000000200 arg3=0x0000000000000000
#501 [2026-09-17 23:39:58.964] [DEBUG] [P8724:T17744] [phase=present] [hook=present] [present] begin swap_chain=0x0000026A946CF720 sync=0 flags=0x200 ready=1
#502 [2026-09-17 23:39:58.983] [DEBUG] [P8724:T17744] [phase=present] [hook=present] [present] rendering context updated
#503 [2026-09-17 23:39:59.002] [DEBUG] [P8724:T17744] [phase=present] [hook=present] [present] forwarding to original
#504 [2026-09-17 23:39:59.021] [DEBUG] [P8724:T17744] [phase=none] [hook=present] hook leave name=present duration_ms=78
#505 [2026-09-17 23:39:59.047] [DEBUG] [P8724:T17744] [phase=none] [hook=present] hook enter name=present arg0=0x0000026A946CF720 arg1=0x0000000000000000 arg2=0x0000000000000200 arg3=0x0000000000000000
#506 [2026-09-17 23:39:59.066] [DEBUG] [P8724:T17744] [phase=present] [hook=present] [present] begin swap_chain=0x0000026A946CF720 sync=0 flags=0x200 ready=1
#507 [2026-09-17 23:39:59.085] [DEBUG] [P8724:T17744] [phase=present] [hook=present] [present] rendering context updated
#508 [2026-09-17 23:39:59.103] [DEBUG] [P8724:T17744] [phase=present] [hook=present] [present] forwarding to original
#509 [2026-09-17 23:39:59.122] [DEBUG] [P8724:T17744] [phase=none] [hook=present] hook leave name=present duration_ms=78
#510 [2026-09-17 23:39:59.145] [DEBUG] [P8724:T17744] [phase=none] [hook=present] hook enter name=present arg0=0x0000026A946CF720 arg1=0x0000000000000000 arg2=0x0000000000000200 arg3=0x0000000000000000
#511 [2026-09-17 23:39:59.163] [DEBUG] [P8724:T17744] [phase=present] [hook=present] [present] begin swap_chain=0x0000026A946CF720 sync=0 flags=0x200 ready=1
#512 [2026-09-17 23:39:59.199] [DEBUG] [P8724:T17744] [phase=present] [hook=present] [present] rendering context updated
#513 [2026-09-17 23:39:59.218] [DEBUG] [P8724:T17744] [phase=present] [hook=present] [present] forwarding to original
#514 [2026-09-17 23:39:59.254] [DEBUG] [P8724:T17744] [phase=none] [hook=present] hook leave name=present duration_ms=94
#515 [2026-09-17 23:39:59.276] [DEBUG] [P8724:T17744] [phase=none] [hook=present] hook enter name=present arg0=0x0000026A946CF720 arg1=0x0000000000000000 arg2=0x0000000000000200 arg3=0x0000000000000000
#516 [2026-09-17 23:39:59.295] [DEBUG] [P8724:T17744] [phase=present] [hook=present] [present] begin swap_chain=0x0000026A946CF720 sync=0 flags=0x200 ready=1
#517 [2026-09-17 23:39:59.313] [DEBUG] [P8724:T17744] [phase=present] [hook=present] [present] rendering context updated
#518 [2026-09-17 23:39:59.332] [DEBUG] [P8724:T17744] [phase=present] [hook=present] [present] forwarding to original
#519 [2026-09-17 23:39:59.352] [DEBUG] [P8724:T17744] [phase=none] [hook=present] hook leave name=present duration_ms=78
#520 [2026-09-17 23:39:59.377] [DEBUG] [P8724:T17744] [phase=none] [hook=present] hook enter name=present arg0=0x0000026A946CF720 arg1=0x0000000000000000 arg2=0x0000000000000200 arg3=0x0000000000000000
#521 [2026-09-17 23:39:59.396] [DEBUG] [P8724:T17744] [phase=present] [hook=present] [present] begin swap_chain=0x0000026A946CF720 sync=0 flags=0x200 ready=1
#522 [2026-09-17 23:39:59.416] [DEBUG] [P8724:T17744] [phase=present] [hook=present] [present] rendering context updated
#523 [2026-09-17 23:39:59.434] [DEBUG] [P8724:T17744] [phase=present] [hook=present] [present] forwarding to original
#524 [2026-09-17 23:39:59.452] [DEBUG] [P8724:T17744] [phase=none] [hook=present] hook leave name=present duration_ms=78
#525 [2026-09-17 23:39:59.475] [DEBUG] [P8724:T17744] [phase=none] [hook=present] hook enter name=present arg0=0x0000026A946CF720 arg1=0x0000000000000000 arg2=0x0000000000000200 arg3=0x0000000000000000
#526 [2026-09-17 23:39:59.494] [DEBUG] [P8724:T17744] [phase=present] [hook=present] [present] begin swap_chain=0x0000026A946CF720 sync=0 flags=0x200 ready=1
#527 [2026-09-17 23:39:59.512] [DEBUG] [P8724:T17744] [phase=present] [hook=present] [present] rendering context updated
#528 [2026-09-17 23:39:59.532] [DEBUG] [P8724:T17744] [phase=present] [hook=present] [present] forwarding to original
#529 [2026-09-17 23:39:59.551] [DEBUG] [P8724:T17744] [phase=none] [hook=present] hook leave name=present duration_ms=63
#530 [2026-09-17 23:39:59.576] [DEBUG] [P8724:T17744] [phase=none] [hook=present] hook enter name=present arg0=0x0000026A946CF720 arg1=0x0000000000000000 arg2=0x0000000000000200 arg3=0x0000000000000000
#531 [2026-09-17 23:39:59.595] [DEBUG] [P8724:T17744] [phase=present] [hook=present] [present] begin swap_chain=0x0000026A946CF720 sync=0 flags=0x200 ready=1
#532 [2026-09-17 23:39:59.614] [DEBUG] [P8724:T17744] [phase=present] [hook=present] [present] rendering context updated
#533 [2026-09-17 23:39:59.634] [DEBUG] [P8724:T17744] [phase=present] [hook=present] [present] forwarding to original
#534 [2026-09-17 23:39:59.653] [DEBUG] [P8724:T17744] [phase=none] [hook=present] hook leave name=present duration_ms=78
#535 [2026-09-17 23:39:59.674] [DEBUG] [P8724:T17744] [phase=none] [hook=present] hook enter name=present arg0=0x0000026A946CF720 arg1=0x0000000000000000 arg2=0x0000000000000200 arg3=0x0000000000000000
#536 [2026-09-17 23:39:59.692] [DEBUG] [P8724:T17744] [phase=present] [hook=present] [present] begin swap_chain=0x0000026A946CF720 sync=0 flags=0x200 ready=1
#537 [2026-09-17 23:39:59.711] [DEBUG] [P8724:T17744] [phase=present] [hook=present] [present] rendering context updated
#538 [2026-09-17 23:39:59.729] [DEBUG] [P8724:T17744] [phase=present] [hook=present] [present] forwarding to original
#539 [2026-09-17 23:39:59.747] [DEBUG] [P8724:T17744] [phase=none] [hook=present] hook leave name=present duration_ms=78
#540 [2026-09-17 23:39:59.772] [DEBUG] [P8724:T17744] [phase=none] [hook=present] hook enter name=present arg0=0x0000026A946CF720 arg1=0x0000000000000000 arg2=0x0000000000000200 arg3=0x0000000000000000
#541 [2026-09-17 23:39:59.790] [DEBUG] [P8724:T17744] [phase=present] [hook=present] [present] begin swap_chain=0x0000026A946CF720 sync=0 flags=0x200 ready=1
#542 [2026-09-17 23:39:59.809] [DEBUG] [P8724:T17744] [phase=present] [hook=present] [present] rendering context updated
#543 [2026-09-17 23:39:59.827] [DEBUG] [P8724:T17744] [phase=present] [hook=present] [present] forwarding to original
#544 [2026-09-17 23:39:59.846] [DEBUG] [P8724:T17744] [phase=none] [hook=present] hook leave name=present duration_ms=63
#545 [2026-09-17 23:39:59.870] [DEBUG] [P8724:T17744] [phase=none] [hook=present] hook enter name=present arg0=0x0000026A946CF720 arg1=0x0000000000000000 arg2=0x0000000000000200 arg3=0x0000000000000000
#546 [2026-09-17 23:39:59.889] [DEBUG] [P8724:T17744] [phase=present] [hook=present] [present] begin swap_chain=0x0000026A946CF720 sync=0 flags=0x200 ready=1
#547 [2026-09-17 23:39:59.908] [DEBUG] [P8724:T17744] [phase=present] [hook=present] [present] rendering context updated
#548 [2026-09-17 23:39:59.926] [DEBUG] [P8724:T17744] [phase=present] [hook=present] [present] forwarding to original
#549 [2026-09-17 23:39:59.945] [DEBUG] [P8724:T17744] [phase=none] [hook=present] hook leave name=present duration_ms=78
#550 [2026-09-17 23:39:59.966] [DEBUG] [P8724:T17744] [phase=none] [hook=present] hook enter name=present arg0=0x0000026A946CF720 arg1=0x0000000000000000 arg2=0x0000000000000200 arg3=0x0000000000000000
#551 [2026-09-17 23:39:59.984] [DEBUG] [P8724:T17744] [phase=present] [hook=present] [present] begin swap_chain=0x0000026A946CF720 sync=0 flags=0x200 ready=1
#552 [2026-09-17 23:40:00.003] [DEBUG] [P8724:T17744] [phase=present] [hook=present] [present] rendering context updated
#553 [2026-09-17 23:40:00.022] [DEBUG] [P8724:T17744] [phase=present] [hook=present] [present] forwarding to original
#554 [2026-09-17 23:40:00.041] [DEBUG] [P8724:T17744] [phase=none] [hook=present] hook leave name=present duration_ms=78
#555 [2026-09-17 23:40:00.064] [DEBUG] [P8724:T17744] [phase=none] [hook=present] hook enter name=present arg0=0x0000026A946CF720 arg1=0x0000000000000000 arg2=0x0000000000000200 arg3=0x0000000000000000
#556 [2026-09-17 23:40:00.082] [DEBUG] [P8724:T17744] [phase=present] [hook=present] [present] begin swap_chain=0x0000026A946CF720 sync=0 flags=0x200 ready=1
#557 [2026-09-17 23:40:00.100] [DEBUG] [P8724:T17744] [phase=present] [hook=present] [present] rendering context updated
#558 [2026-09-17 23:40:00.120] [DEBUG] [P8724:T17744] [phase=present] [hook=present] [present] forwarding to original
#559 [2026-09-17 23:40:00.139] [DEBUG] [P8724:T17744] [phase=none] [hook=present] hook leave name=present duration_ms=78
#560 [2026-09-17 23:40:00.161] [DEBUG] [P8724:T17744] [phase=none] [hook=present] hook enter name=present arg0=0x0000026A946CF720 arg1=0x0000000000000000 arg2=0x0000000000000200 arg3=0x0000000000000000
#561 [2026-09-17 23:40:00.179] [DEBUG] [P8724:T17744] [phase=present] [hook=present] [present] begin swap_chain=0x0000026A946CF720 sync=0 flags=0x200 ready=1
#562 [2026-09-17 23:40:00.198] [DEBUG] [P8724:T17744] [phase=present] [hook=present] [present] rendering context updated
#563 [2026-09-17 23:40:00.217] [DEBUG] [P8724:T17744] [phase=present] [hook=present] [present] forwarding to original
#564 [2026-09-17 23:40:00.236] [DEBUG] [P8724:T17744] [phase=none] [hook=present] hook leave name=present duration_ms=62
#565 [2026-09-17 23:40:00.261] [DEBUG] [P8724:T17744] [phase=none] [hook=present] hook enter name=present arg0=0x0000026A946CF720 arg1=0x0000000000000000 arg2=0x0000000000000200 arg3=0x0000000000000000
#566 [2026-09-17 23:40:00.280] [DEBUG] [P8724:T17744] [phase=present] [hook=present] [present] begin swap_chain=0x0000026A946CF720 sync=0 flags=0x200 ready=1
#567 [2026-09-17 23:40:00.298] [DEBUG] [P8724:T17744] [phase=present] [hook=present] [present] rendering context updated
#568 [2026-09-17 23:40:00.317] [DEBUG] [P8724:T17744] [phase=present] [hook=present] [present] forwarding to original
#569 [2026-09-17 23:40:00.337] [DEBUG] [P8724:T17744] [phase=none] [hook=present] hook leave name=present duration_ms=78
#570 [2026-09-17 23:40:00.362] [DEBUG] [P8724:T17744] [phase=none] [hook=present] hook enter name=present arg0=0x0000026A946CF720 arg1=0x0000000000000000 arg2=0x0000000000000200 arg3=0x0000000000000000
#571 [2026-09-17 23:40:00.398] [DEBUG] [P8724:T17744] [phase=present] [hook=present] [present] begin swap_chain=0x0000026A946CF720 sync=0 flags=0x200 ready=1
#572 [2026-09-17 23:40:00.416] [DEBUG] [P8724:T17744] [phase=present] [hook=present] [present] rendering context updated
#573 [2026-09-17 23:40:00.435] [DEBUG] [P8724:T17744] [phase=present] [hook=present] [present] forwarding to original
#574 [2026-09-17 23:40:00.455] [DEBUG] [P8724:T17744] [phase=none] [hook=present] hook leave name=present duration_ms=94
#575 [2026-09-17 23:40:00.477] [DEBUG] [P8724:T17744] [phase=none] [hook=present] hook enter name=present arg0=0x0000026A946CF720 arg1=0x0000000000000000 arg2=0x0000000000000200 arg3=0x0000000000000000
#576 [2026-09-17 23:40:00.495] [DEBUG] [P8724:T17744] [phase=present] [hook=present] [present] begin swap_chain=0x0000026A946CF720 sync=0 flags=0x200 ready=1
#577 [2026-09-17 23:40:00.513] [DEBUG] [P8724:T17744] [phase=present] [hook=present] [present] rendering context updated
#578 [2026-09-17 23:40:00.532] [DEBUG] [P8724:T17744] [phase=present] [hook=present] [present] forwarding to original
#579 [2026-09-17 23:40:00.551] [DEBUG] [P8724:T17744] [phase=none] [hook=present] hook leave name=present duration_ms=79
#580 [2026-09-17 23:40:00.581] [DEBUG] [P8724:T17744] [phase=none] [hook=present] hook enter name=present arg0=0x0000026A946CF720 arg1=0x0000000000000000 arg2=0x0000000000000200 arg3=0x0000000000000000
#581 [2026-09-17 23:40:00.601] [DEBUG] [P8724:T17744] [phase=present] [hook=present] [present] begin swap_chain=0x0000026A946CF720 sync=0 flags=0x200 ready=1
#582 [2026-09-17 23:40:00.619] [DEBUG] [P8724:T17744] [phase=present] [hook=present] [present] rendering context updated
#583 [2026-09-17 23:40:00.638] [DEBUG] [P8724:T17744] [phase=present] [hook=present] [present] forwarding to original
#584 [2026-09-17 23:40:00.656] [DEBUG] [P8724:T17744] [phase=none] [hook=present] hook leave name=present duration_ms=78
#585 [2026-09-17 23:40:00.679] [DEBUG] [P8724:T17744] [phase=none] [hook=present] hook enter name=present arg0=0x0000026A946CF720 arg1=0x0000000000000000 arg2=0x0000000000000200 arg3=0x0000000000000000
#586 [2026-09-17 23:40:00.697] [DEBUG] [P8724:T17744] [phase=present] [hook=present] [present] begin swap_chain=0x0000026A946CF720 sync=0 flags=0x200 ready=1
#587 [2026-09-17 23:40:00.734] [DEBUG] [P8724:T17744] [phase=present] [hook=present] [present] rendering context updated
#588 [2026-09-17 23:40:00.752] [DEBUG] [P8724:T17744] [phase=present] [hook=present] [present] forwarding to original
#589 [2026-09-17 23:40:00.770] [DEBUG] [P8724:T17744] [phase=none] [hook=present] hook leave name=present duration_ms=93
#590 [2026-09-17 23:40:00.791] [DEBUG] [P8724:T17744] [phase=none] [hook=present] hook enter name=present arg0=0x0000026A946CF720 arg1=0x0000000000000000 arg2=0x0000000000000200 arg3=0x0000000000000000
#591 [2026-09-17 23:40:00.810] [DEBUG] [P8724:T17744] [phase=present] [hook=present] [present] begin swap_chain=0x0000026A946CF720 sync=0 flags=0x200 ready=1
#592 [2026-09-17 23:40:00.829] [DEBUG] [P8724:T17744] [phase=present] [hook=present] [present] rendering context updated
#593 [2026-09-17 23:40:00.847] [DEBUG] [P8724:T17744] [phase=present] [hook=present] [present] forwarding to original
#594 [2026-09-17 23:40:00.866] [DEBUG] [P8724:T17744] [phase=none] [hook=present] hook leave name=present duration_ms=78
#595 [2026-09-17 23:40:00.892] [DEBUG] [P8724:T17744] [phase=none] [hook=present] hook enter name=present arg0=0x0000026A946CF720 arg1=0x0000000000000000 arg2=0x0000000000000200 arg3=0x0000000000000000
#596 [2026-09-17 23:40:00.909] [DEBUG] [P8724:T17744] [phase=present] [hook=present] [present] begin swap_chain=0x0000026A946CF720 sync=0 flags=0x200 ready=1
#597 [2026-09-17 23:40:00.927] [DEBUG] [P8724:T17744] [phase=present] [hook=present] [present] rendering context updated
#598 [2026-09-17 23:40:00.946] [DEBUG] [P8724:T17744] [phase=present] [hook=present] [present] forwarding to original
#599 [2026-09-17 23:40:00.965] [DEBUG] [P8724:T17744] [phase=none] [hook=present] hook leave name=present duration_ms=78
#600 [2026-09-17 23:40:00.987] [DEBUG] [P8724:T17744] [phase=none] [hook=present] hook enter name=present arg0=0x0000026A946CF720 arg1=0x0000000000000000 arg2=0x0000000000000200 arg3=0x0000000000000000
#601 [2026-09-17 23:40:01.006] [DEBUG] [P8724:T17744] [phase=present] [hook=present] [present] begin swap_chain=0x0000026A946CF720 sync=0 flags=0x200 ready=1
#602 [2026-09-17 23:40:01.024] [DEBUG] [P8724:T17744] [phase=present] [hook=present] [present] rendering context updated
#603 [2026-09-17 23:40:01.043] [DEBUG] [P8724:T17744] [phase=present] [hook=present] [present] forwarding to original
#604 [2026-09-17 23:40:01.062] [DEBUG] [P8724:T17744] [phase=none] [hook=present] hook leave name=present duration_ms=79
#605 [2026-09-17 23:40:01.082] [DEBUG] [P8724:T17744] [phase=none] [hook=present] hook enter name=present arg0=0x0000026A946CF720 arg1=0x0000000000000000 arg2=0x0000000000000200 arg3=0x0000000000000000
#606 [2026-09-17 23:40:01.100] [DEBUG] [P8724:T17744] [phase=present] [hook=present] [present] begin swap_chain=0x0000026A946CF720 sync=0 flags=0x200 ready=1
#607 [2026-09-17 23:40:01.120] [DEBUG] [P8724:T17744] [phase=present] [hook=present] [present] rendering context updated
#608 [2026-09-17 23:40:01.138] [DEBUG] [P8724:T17744] [phase=present] [hook=present] [present] forwarding to original
#609 [2026-09-17 23:40:01.173] [DEBUG] [P8724:T17744] [phase=none] [hook=present] hook leave name=present duration_ms=78
#610 [2026-09-17 23:40:01.199] [DEBUG] [P8724:T17744] [phase=none] [hook=present] hook enter name=present arg0=0x0000026A946CF720 arg1=0x0000000000000000 arg2=0x0000000000000200 arg3=0x0000000000000000
#611 [2026-09-17 23:40:01.218] [DEBUG] [P8724:T17744] [phase=present] [hook=present] [present] begin swap_chain=0x0000026A946CF720 sync=0 flags=0x200 ready=1
#612 [2026-09-17 23:40:01.237] [DEBUG] [P8724:T17744] [phase=present] [hook=present] [present] rendering context updated
#613 [2026-09-17 23:40:01.256] [DEBUG] [P8724:T17744] [phase=present] [hook=present] [present] forwarding to original
#614 [2026-09-17 23:40:01.276] [DEBUG] [P8724:T17744] [phase=none] [hook=present] hook leave name=present duration_ms=78
#615 [2026-09-17 23:40:01.302] [DEBUG] [P8724:T17744] [phase=none] [hook=present] hook enter name=present arg0=0x0000026A946CF720 arg1=0x0000000000000000 arg2=0x0000000000000200 arg3=0x0000000000000000
#616 [2026-09-17 23:40:01.321] [DEBUG] [P8724:T17744] [phase=present] [hook=present] [present] begin swap_chain=0x0000026A946CF720 sync=0 flags=0x200 ready=1
#617 [2026-09-17 23:40:01.339] [DEBUG] [P8724:T17744] [phase=present] [hook=present] [present] rendering context updated
#618 [2026-09-17 23:40:01.358] [DEBUG] [P8724:T17744] [phase=present] [hook=present] [present] forwarding to original
#619 [2026-09-17 23:40:01.377] [DEBUG] [P8724:T17744] [phase=none] [hook=present] hook leave name=present duration_ms=62
#620 [2026-09-17 23:40:01.403] [DEBUG] [P8724:T17744] [phase=none] [hook=present] hook enter name=present arg0=0x0000026A946CF720 arg1=0x0000000000000000 arg2=0x0000000000000200 arg3=0x0000000000000000
#621 [2026-09-17 23:40:01.422] [DEBUG] [P8724:T17744] [phase=present] [hook=present] [present] begin swap_chain=0x0000026A946CF720 sync=0 flags=0x200 ready=1
#622 [2026-09-17 23:40:01.440] [DEBUG] [P8724:T17744] [phase=present] [hook=present] [present] rendering context updated
#623 [2026-09-17 23:40:01.459] [DEBUG] [P8724:T17744] [phase=present] [hook=present] [present] forwarding to original
#624 [2026-09-17 23:40:01.479] [DEBUG] [P8724:T17744] [phase=none] [hook=present] hook leave name=present duration_ms=78
#625 [2026-09-17 23:40:01.500] [DEBUG] [P8724:T17744] [phase=none] [hook=present] hook enter name=present arg0=0x0000026A946CF720 arg1=0x0000000000000000 arg2=0x0000000000000200 arg3=0x0000000000000000
#626 [2026-09-17 23:40:01.518] [DEBUG] [P8724:T17744] [phase=present] [hook=present] [present] begin swap_chain=0x0000026A946CF720 sync=0 flags=0x200 ready=1
#627 [2026-09-17 23:40:01.538] [DEBUG] [P8724:T17744] [phase=present] [hook=present] [present] rendering context updated
#628 [2026-09-17 23:40:01.557] [DEBUG] [P8724:T17744] [phase=present] [hook=present] [present] forwarding to original
#629 [2026-09-17 23:40:01.577] [DEBUG] [P8724:T17744] [phase=none] [hook=present] hook leave name=present duration_ms=78
#630 [2026-09-17 23:40:01.598] [DEBUG] [P8724:T17744] [phase=none] [hook=present] hook enter name=present arg0=0x0000026A946CF720 arg1=0x0000000000000000 arg2=0x0000000000000200 arg3=0x0000000000000000
#631 [2026-09-17 23:40:01.617] [DEBUG] [P8724:T17744] [phase=present] [hook=present] [present] begin swap_chain=0x0000026A946CF720 sync=0 flags=0x200 ready=1
#632 [2026-09-17 23:40:01.636] [DEBUG] [P8724:T17744] [phase=present] [hook=present] [present] rendering context updated
#633 [2026-09-17 23:40:01.655] [DEBUG] [P8724:T17744] [phase=present] [hook=present] [present] forwarding to original
#634 [2026-09-17 23:40:01.673] [DEBUG] [P8724:T17744] [phase=none] [hook=present] hook leave name=present duration_ms=78
#635 [2026-09-17 23:40:01.699] [DEBUG] [P8724:T17744] [phase=none] [hook=present] hook enter name=present arg0=0x0000026A946CF720 arg1=0x0000000000000000 arg2=0x0000000000000200 arg3=0x0000000000000000
#636 [2026-09-17 23:40:01.718] [DEBUG] [P8724:T17744] [phase=present] [hook=present] [present] begin swap_chain=0x0000026A946CF720 sync=0 flags=0x200 ready=1
#637 [2026-09-17 23:40:01.737] [DEBUG] [P8724:T17744] [phase=present] [hook=present] [present] rendering context updated
#638 [2026-09-17 23:40:01.756] [DEBUG] [P8724:T17744] [phase=present] [hook=present] [present] forwarding to original
#639 [2026-09-17 23:40:01.776] [DEBUG] [P8724:T17744] [phase=none] [hook=present] hook leave name=present duration_ms=78
#640 [2026-09-17 23:40:01.800] [DEBUG] [P8724:T17744] [phase=none] [hook=present] hook enter name=present arg0=0x0000026A946CF720 arg1=0x0000000000000000 arg2=0x0000000000000200 arg3=0x0000000000000000
#641 [2026-09-17 23:40:01.819] [DEBUG] [P8724:T17744] [phase=present] [hook=present] [present] begin swap_chain=0x0000026A946CF720 sync=0 flags=0x200 ready=1
#642 [2026-09-17 23:40:01.839] [DEBUG] [P8724:T17744] [phase=present] [hook=present] [present] rendering context updated
#643 [2026-09-17 23:40:01.857] [DEBUG] [P8724:T17744] [phase=present] [hook=present] [present] forwarding to original
#644 [2026-09-17 23:40:01.875] [DEBUG] [P8724:T17744] [phase=none] [hook=present] hook leave name=present duration_ms=78
#645 [2026-09-17 23:40:01.897] [DEBUG] [P8724:T17744] [phase=none] [hook=present] hook enter name=present arg0=0x0000026A946CF720 arg1=0x0000000000000000 arg2=0x0000000000000200 arg3=0x0000000000000000
#646 [2026-09-17 23:40:01.916] [DEBUG] [P8724:T17744] [phase=present] [hook=present] [present] begin swap_chain=0x0000026A946CF720 sync=0 flags=0x200 ready=1
#647 [2026-09-17 23:40:01.935] [DEBUG] [P8724:T17744] [phase=present] [hook=present] [present] rendering context updated
#648 [2026-09-17 23:40:01.954] [DEBUG] [P8724:T17744] [phase=present] [hook=present] [present] forwarding to original
#649 [2026-09-17 23:40:01.972] [DEBUG] [P8724:T17744] [phase=none] [hook=present] hook leave name=present duration_ms=63
#650 [2026-09-17 23:40:01.999] [DEBUG] [P8724:T17744] [phase=none] [hook=present] hook enter name=present arg0=0x0000026A946CF720 arg1=0x0000000000000000 arg2=0x0000000000000200 arg3=0x0000000000000000
#651 [2026-09-17 23:40:02.018] [DEBUG] [P8724:T17744] [phase=present] [hook=present] [present] begin swap_chain=0x0000026A946CF720 sync=0 flags=0x200 ready=1
#652 [2026-09-17 23:40:02.037] [DEBUG] [P8724:T17744] [phase=present] [hook=present] [present] rendering context updated
#653 [2026-09-17 23:40:02.056] [DEBUG] [P8724:T17744] [phase=present] [hook=present] [present] forwarding to original
#654 [2026-09-17 23:40:02.076] [DEBUG] [P8724:T17744] [phase=none] [hook=present] hook leave name=present duration_ms=78
#655 [2026-09-17 23:40:02.101] [DEBUG] [P8724:T17744] [phase=none] [hook=present] hook enter name=present arg0=0x0000026A946CF720 arg1=0x0000000000000000 arg2=0x0000000000000200 arg3=0x0000000000000000
#656 [2026-09-17 23:40:02.119] [DEBUG] [P8724:T17744] [phase=present] [hook=present] [present] begin swap_chain=0x0000026A946CF720 sync=0 flags=0x200 ready=1
#657 [2026-09-17 23:40:02.139] [DEBUG] [P8724:T17744] [phase=present] [hook=present] [present] rendering context updated
#658 [2026-09-17 23:40:02.157] [DEBUG] [P8724:T17744] [phase=present] [hook=present] [present] forwarding to original
#659 [2026-09-17 23:40:02.177] [DEBUG] [P8724:T17744] [phase=none] [hook=present] hook leave name=present duration_ms=79
#660 [2026-09-17 23:40:02.200] [DEBUG] [P8724:T17744] [phase=none] [hook=present] hook enter name=present arg0=0x0000026A946CF720 arg1=0x0000000000000000 arg2=0x0000000000000200 arg3=0x0000000000000000
#661 [2026-09-17 23:40:02.236] [DEBUG] [P8724:T17744] [phase=present] [hook=present] [present] begin swap_chain=0x0000026A946CF720 sync=0 flags=0x200 ready=1
#662 [2026-09-17 23:40:02.307] [DEBUG] [P8724:T17744] [phase=present] [hook=present] [present] rendering context updated
#663 [2026-09-17 23:40:02.360] [DEBUG] [P8724:T17744] [phase=present] [hook=present] [present] forwarding to original
#664 [2026-09-17 23:40:02.381] [DEBUG] [P8724:T17744] [phase=none] [hook=present] hook leave name=present duration_ms=188
#665 [2026-09-17 23:40:02.401] [DEBUG] [P8724:T17744] [phase=present] [hook=present] [present] begin swap_chain=0x0000026A946CF720 sync=0 flags=0x200 ready=1
#666 [2026-09-17 23:40:02.420] [DEBUG] [P8724:T17744] [phase=present] [hook=present] [present] rendering context updated
#667 [2026-09-17 23:40:02.439] [DEBUG] [P8724:T17744] [phase=present] [hook=present] [present] forwarding to original
#668 [2026-09-17 23:40:02.466] [DEBUG] [P8724:T17744] [phase=present] [hook=present] [present] begin swap_chain=0x0000026A946CF720 sync=0 flags=0x200 ready=1
#669 [2026-09-17 23:40:02.485] [DEBUG] [P8724:T17744] [phase=present] [hook=present] [present] rendering context updated
#670 [2026-09-17 23:40:02.504] [DEBUG] [P8724:T17744] [phase=present] [hook=present] [present] forwarding to original
#671 [2026-09-17 23:40:02.529] [DEBUG] [P8724:T17744] [phase=present] [hook=present] [present] begin swap_chain=0x0000026A946CF720 sync=0 flags=0x200 ready=1
#672 [2026-09-17 23:40:02.547] [DEBUG] [P8724:T17744] [phase=present] [hook=present] [present] rendering context updated
#673 [2026-09-17 23:40:02.565] [DEBUG] [P8724:T17744] [phase=present] [hook=present] [present] forwarding to original
#674 [2026-09-17 23:40:02.590] [DEBUG] [P8724:T17744] [phase=present] [hook=present] [present] begin swap_chain=0x0000026A946CF720 sync=0 flags=0x200 ready=1
#675 [2026-09-17 23:40:02.609] [DEBUG] [P8724:T17744] [phase=present] [hook=present] [present] rendering context updated
#676 [2026-09-17 23:40:02.627] [DEBUG] [P8724:T17744] [phase=present] [hook=present] [present] forwarding to original
#677 [2026-09-17 23:40:02.651] [DEBUG] [P8724:T17744] [phase=present] [hook=present] [present] begin swap_chain=0x0000026A946CF720 sync=0 flags=0x200 ready=1
#678 [2026-09-17 23:40:02.670] [DEBUG] [P8724:T17744] [phase=present] [hook=present] [present] rendering context updated
#679 [2026-09-17 23:40:02.688] [DEBUG] [P8724:T17744] [phase=present] [hook=present] [present] forwarding to original
#680 [2026-09-17 23:40:02.712] [DEBUG] [P8724:T17744] [phase=present] [hook=present] [present] begin swap_chain=0x0000026A946CF720 sync=0 flags=0x200 ready=1
#681 [2026-09-17 23:40:02.730] [DEBUG] [P8724:T17744] [phase=present] [hook=present] [present] rendering context updated
#682 [2026-09-17 23:40:02.749] [DEBUG] [P8724:T17744] [phase=present] [hook=present] [present] forwarding to original
#683 [2026-09-17 23:40:02.770] [DEBUG] [P8724:T17744] [phase=present] [hook=present] [present] begin swap_chain=0x0000026A946CF720 sync=0 flags=0x200 ready=1
#684 [2026-09-17 23:40:02.788] [DEBUG] [P8724:T17744] [phase=present] [hook=present] [present] rendering context updated
#685 [2026-09-17 23:40:02.807] [DEBUG] [P8724:T17744] [phase=present] [hook=present] [present] forwarding to original
#686 [2026-09-17 23:40:02.836] [DEBUG] [P8724:T17744] [phase=present] [hook=present] [present] begin swap_chain=0x0000026A946CF720 sync=0 flags=0x200 ready=1
#687 [2026-09-17 23:40:02.854] [DEBUG] [P8724:T17744] [phase=present] [hook=present] [present] rendering context updated
#688 [2026-09-17 23:40:02.873] [DEBUG] [P8724:T17744] [phase=present] [hook=present] [present] forwarding to original
#689 [2026-09-17 23:40:02.896] [DEBUG] [P8724:T17744] [phase=present] [hook=present] [present] begin swap_chain=0x0000026A946CF720 sync=0 flags=0x200 ready=1
#690 [2026-09-17 23:40:02.914] [DEBUG] [P8724:T17744] [phase=present] [hook=present] [present] rendering context updated
#691 [2026-09-17 23:40:02.933] [DEBUG] [P8724:T17744] [phase=present] [hook=present] [present] forwarding to original
#692 [2026-09-17 23:40:02.957] [DEBUG] [P8724:T17744] [phase=present] [hook=present] [present] begin swap_chain=0x0000026A946CF720 sync=0 flags=0x200 ready=1
#693 [2026-09-17 23:40:02.976] [DEBUG] [P8724:T17744] [phase=present] [hook=present] [present] rendering context updated
#694 [2026-09-17 23:40:02.995] [DEBUG] [P8724:T17744] [phase=present] [hook=present] [present] forwarding to original
#695 [2026-09-17 23:40:03.019] [DEBUG] [P8724:T17744] [phase=present] [hook=present] [present] begin swap_chain=0x0000026A946CF720 sync=0 flags=0x200 ready=1
#696 [2026-09-17 23:40:03.038] [DEBUG] [P8724:T17744] [phase=present] [hook=present] [present] rendering context updated
#697 [2026-09-17 23:40:03.057] [DEBUG] [P8724:T17744] [phase=present] [hook=present] [present] forwarding to original
#698 [2026-09-17 23:40:03.084] [DEBUG] [P8724:T17744] [phase=present] [hook=present] [present] begin swap_chain=0x0000026A946CF720 sync=0 flags=0x200 ready=1
#699 [2026-09-17 23:40:03.103] [DEBUG] [P8724:T17744] [phase=present] [hook=present] [present] rendering context updated
#700 [2026-09-17 23:40:03.121] [DEBUG] [P8724:T17744] [phase=present] [hook=present] [present] forwarding to original
#701 [2026-09-17 23:40:03.144] [DEBUG] [P8724:T17744] [phase=present] [hook=present] [present] begin swap_chain=0x0000026A946CF720 sync=0 flags=0x200 ready=1
#702 [2026-09-17 23:40:03.199] [DEBUG] [P8724:T17744] [phase=present] [hook=present] [present] rendering context updated
#813 [2026-09-17 23:40:03.261] [DEBUG] [P8724:T17744] [phase=present] [hook=present] [present] forwarding to original
#814 [2026-09-17 23:40:03.419] [DEBUG] [P8724:T14672] [phase=frame_stage_notify] [hook=frame_stage_notify] [frame_stage] begin stage=3 this=0x00007FF9971873C0
#815 [2026-09-17 23:40:03.439] [DEBUG] [P8724:T14672] [phase=frame_stage_notify] [hook=frame_stage_notify] [frame_stage] entity list refreshed
#816 [2026-09-17 23:40:03.457] [DEBUG] [P8724:T14672] [phase=frame_stage_notify] [hook=frame_stage_notify] [frame_stage] original begin
#817 [2026-09-17 23:40:03.492] [DEBUG] [P8724:T14672] [phase=frame_stage_notify] [hook=frame_stage_notify] [frame_stage] original end
#818 [2026-09-17 23:40:03.512] [DEBUG] [P8724:T14672] [phase=frame_stage_notify] [hook=frame_stage_notify] [frame_stage] end stage=3
#819 [2026-09-17 23:40:03.531] [DEBUG] [P8724:T14672] [phase=frame_stage_notify] [hook=frame_stage_notify] [frame_stage] begin stage=1 this=0x00007FF9971873C0
#820 [2026-09-17 23:40:03.551] [DEBUG] [P8724:T14672] [phase=frame_stage_notify] [hook=frame_stage_notify] [frame_stage] entity list refreshed
#821 [2026-09-17 23:40:03.569] [DEBUG] [P8724:T14672] [phase=frame_stage_notify] [hook=frame_stage_notify] [frame_stage] original begin
#822 [2026-09-17 23:40:03.588] [DEBUG] [P8724:T14672] [phase=frame_stage_notify] [hook=frame_stage_notify] [frame_stage] original end
#823 [2026-09-17 23:40:03.607] [DEBUG] [P8724:T14672] [phase=frame_stage_notify] [hook=frame_stage_notify] [frame_stage] end stage=1
#824 [2026-09-17 23:40:03.626] [DEBUG] [P8724:T14672] [phase=frame_stage_notify] [hook=frame_stage_notify] [frame_stage] begin stage=2 this=0x00007FF9971873C0
#825 [2026-09-17 23:40:03.644] [DEBUG] [P8724:T14672] [phase=frame_stage_notify] [hook=frame_stage_notify] [frame_stage] entity list refreshed
#826 [2026-09-17 23:40:03.663] [DEBUG] [P8724:T14672] [phase=frame_stage_notify] [hook=frame_stage_notify] [frame_stage] original begin
#827 [2026-09-17 23:40:03.699] [DEBUG] [P8724:T14672] [phase=frame_stage_notify] [hook=frame_stage_notify] [frame_stage] original end
#828 [2026-09-17 23:40:03.718] [DEBUG] [P8724:T14672] [phase=frame_stage_notify] [hook=frame_stage_notify] [frame_stage] end stage=2
#829 [2026-09-17 23:40:03.736] [DEBUG] [P8724:T14672] [phase=frame_stage_notify] [hook=frame_stage_notify] [frame_stage] begin stage=3 this=0x00007FF9971873C0
#830 [2026-09-17 23:40:03.755] [DEBUG] [P8724:T14672] [phase=frame_stage_notify] [hook=frame_stage_notify] [frame_stage] entity list refreshed
#831 [2026-09-17 23:40:03.774] [DEBUG] [P8724:T14672] [phase=frame_stage_notify] [hook=frame_stage_notify] [frame_stage] original begin
#832 [2026-09-17 23:40:03.810] [DEBUG] [P8724:T14672] [phase=frame_stage_notify] [hook=frame_stage_notify] [frame_stage] original end
#833 [2026-09-17 23:40:03.829] [DEBUG] [P8724:T14672] [phase=frame_stage_notify] [hook=frame_stage_notify] [frame_stage] end stage=3
#834 [2026-09-17 23:40:03.855] [DEBUG] [P8724:T14672] [phase=frame_stage_notify] [hook=frame_stage_notify] [frame_stage] begin stage=1 this=0x00007FF9971873C0
#835 [2026-09-17 23:40:03.874] [DEBUG] [P8724:T14672] [phase=frame_stage_notify] [hook=frame_stage_notify] [frame_stage] entity list refreshed
#836 [2026-09-17 23:40:03.893] [DEBUG] [P8724:T14672] [phase=frame_stage_notify] [hook=frame_stage_notify] [frame_stage] original begin
#837 [2026-09-17 23:40:03.912] [DEBUG] [P8724:T14672] [phase=frame_stage_notify] [hook=frame_stage_notify] [frame_stage] original end
#838 [2026-09-17 23:40:03.931] [DEBUG] [P8724:T14672] [phase=frame_stage_notify] [hook=frame_stage_notify] [frame_stage] end stage=1
#839 [2026-09-17 23:40:03.949] [DEBUG] [P8724:T14672] [phase=frame_stage_notify] [hook=frame_stage_notify] [frame_stage] begin stage=2 this=0x00007FF9971873C0
#840 [2026-09-17 23:40:03.968] [DEBUG] [P8724:T14672] [phase=frame_stage_notify] [hook=frame_stage_notify] [frame_stage] entity list refreshed
#841 [2026-09-17 23:40:03.987] [DEBUG] [P8724:T14672] [phase=frame_stage_notify] [hook=frame_stage_notify] [frame_stage] original begin
#842 [2026-09-17 23:40:04.024] [DEBUG] [P8724:T14672] [phase=frame_stage_notify] [hook=frame_stage_notify] [frame_stage] original end
#843 [2026-09-17 23:40:04.061] [DEBUG] [P8724:T14672] [phase=frame_stage_notify] [hook=frame_stage_notify] [frame_stage] end stage=2
#844 [2026-09-17 23:40:04.162] [DEBUG] [P8724:T14672] [phase=frame_stage_notify] [hook=frame_stage_notify] [frame_stage] begin stage=3 this=0x00007FF9971873C0
#845 [2026-09-17 23:40:04.182] [DEBUG] [P8724:T14672] [phase=frame_stage_notify] [hook=frame_stage_notify] [frame_stage] entity list refreshed
#846 [2026-09-17 23:40:04.202] [DEBUG] [P8724:T14672] [phase=frame_stage_notify] [hook=frame_stage_notify] [frame_stage] original begin
#847 [2026-09-17 23:40:04.221] [DEBUG] [P8724:T14672] [phase=frame_stage_notify] [hook=frame_stage_notify] [frame_stage] original end
#848 [2026-09-17 23:40:04.239] [DEBUG] [P8724:T14672] [phase=frame_stage_notify] [hook=frame_stage_notify] [frame_stage] end stage=3
#849 [2026-09-17 23:40:04.257] [DEBUG] [P8724:T14672] [phase=frame_stage_notify] [hook=frame_stage_notify] [frame_stage] begin stage=1 this=0x00007FF9971873C0
#850 [2026-09-17 23:40:04.276] [DEBUG] [P8724:T14672] [phase=frame_stage_notify] [hook=frame_stage_notify] [frame_stage] entity list refreshed
#851 [2026-09-17 23:40:04.295] [DEBUG] [P8724:T14672] [phase=frame_stage_notify] [hook=frame_stage_notify] [frame_stage] original begin
#852 [2026-09-17 23:40:04.314] [DEBUG] [P8724:T14672] [phase=frame_stage_notify] [hook=frame_stage_notify] [frame_stage] original end
#853 [2026-09-17 23:40:04.332] [DEBUG] [P8724:T14672] [phase=frame_stage_notify] [hook=frame_stage_notify] [frame_stage] end stage=1
#854 [2026-09-17 23:40:04.350] [DEBUG] [P8724:T14672] [phase=frame_stage_notify] [hook=frame_stage_notify] [frame_stage] begin stage=2 this=0x00007FF9971873C0
#855 [2026-09-17 23:40:04.369] [DEBUG] [P8724:T14672] [phase=frame_stage_notify] [hook=frame_stage_notify] [frame_stage] entity list refreshed
#856 [2026-09-17 23:40:04.387] [DEBUG] [P8724:T14672] [phase=frame_stage_notify] [hook=frame_stage_notify] [frame_stage] original begin
#857 [2026-09-17 23:40:04.405] [DEBUG] [P8724:T14672] [phase=frame_stage_notify] [hook=frame_stage_notify] [frame_stage] original end
#858 [2026-09-17 23:40:04.424] [DEBUG] [P8724:T14672] [phase=frame_stage_notify] [hook=frame_stage_notify] [frame_stage] end stage=2
#859 [2026-09-17 23:40:04.442] [DEBUG] [P8724:T14672] [phase=frame_stage_notify] [hook=frame_stage_notify] [frame_stage] begin stage=3 this=0x00007FF9971873C0
#860 [2026-09-17 23:40:04.460] [DEBUG] [P8724:T14672] [phase=frame_stage_notify] [hook=frame_stage_notify] [frame_stage] entity list refreshed
#861 [2026-09-17 23:40:04.478] [DEBUG] [P8724:T14672] [phase=frame_stage_notify] [hook=frame_stage_notify] [frame_stage] original begin
#862 [2026-09-17 23:40:04.497] [DEBUG] [P8724:T14672] [phase=frame_stage_notify] [hook=frame_stage_notify] [frame_stage] original end
#863 [2026-09-17 23:40:04.516] [DEBUG] [P8724:T14672] [phase=frame_stage_notify] [hook=frame_stage_notify] [frame_stage] end stage=3
#864 [2026-09-17 23:40:04.539] [DEBUG] [P8724:T17744] [phase=present] [hook=present] [present] begin swap_chain=0x0000026A946CF720 sync=0 flags=0x200 ready=1
#865 [2026-09-17 23:40:04.558] [DEBUG] [P8724:T17744] [phase=present] [hook=present] [present] rendering context updated
#866 [2026-09-17 23:40:04.594] [DEBUG] [P8724:T17744] [phase=present] [hook=present] [present] forwarding to original
#867 [2026-09-17 23:40:04.692] [DEBUG] [P8724:T14672] [phase=frame_stage_notify] [hook=frame_stage_notify] [frame_stage] begin stage=1 this=0x00007FF9971873C0
#868 [2026-09-17 23:40:04.744] [DEBUG] [P8724:T14672] [phase=frame_stage_notify] [hook=frame_stage_notify] [frame_stage] entity list refreshed
#869 [2026-09-17 23:40:04.763] [DEBUG] [P8724:T14672] [phase=frame_stage_notify] [hook=frame_stage_notify] [frame_stage] original begin
#870 [2026-09-17 23:40:04.781] [DEBUG] [P8724:T14672] [phase=frame_stage_notify] [hook=frame_stage_notify] [frame_stage] original end
#871 [2026-09-17 23:40:04.799] [DEBUG] [P8724:T14672] [phase=frame_stage_notify] [hook=frame_stage_notify] [frame_stage] end stage=1
#872 [2026-09-17 23:40:04.817] [DEBUG] [P8724:T14672] [phase=frame_stage_notify] [hook=frame_stage_notify] [frame_stage] begin stage=2 this=0x00007FF9971873C0
#873 [2026-09-17 23:40:04.836] [DEBUG] [P8724:T14672] [phase=frame_stage_notify] [hook=frame_stage_notify] [frame_stage] entity list refreshed
#874 [2026-09-17 23:40:04.855] [DEBUG] [P8724:T14672] [phase=frame_stage_notify] [hook=frame_stage_notify] [frame_stage] original begin
#875 [2026-09-17 23:40:04.874] [DEBUG] [P8724:T14672] [phase=frame_stage_notify] [hook=frame_stage_notify] [frame_stage] original end
#876 [2026-09-17 23:40:04.892] [DEBUG] [P8724:T14672] [phase=frame_stage_notify] [hook=frame_stage_notify] [frame_stage] end stage=2
#877 [2026-09-17 23:40:04.911] [DEBUG] [P8724:T14672] [phase=frame_stage_notify] [hook=frame_stage_notify] [frame_stage] begin stage=3 this=0x00007FF9971873C0
#878 [2026-09-17 23:40:04.929] [DEBUG] [P8724:T14672] [phase=frame_stage_notify] [hook=frame_stage_notify] [frame_stage] entity list refreshed
#879 [2026-09-17 23:40:04.948] [DEBUG] [P8724:T14672] [phase=frame_stage_notify] [hook=frame_stage_notify] [frame_stage] original begin
#880 [2026-09-17 23:40:04.967] [DEBUG] [P8724:T14672] [phase=frame_stage_notify] [hook=frame_stage_notify] [frame_stage] original end
#881 [2026-09-17 23:40:04.986] [DEBUG] [P8724:T14672] [phase=frame_stage_notify] [hook=frame_stage_notify] [frame_stage] end stage=3
#882 [2026-09-17 23:40:05.006] [DEBUG] [P8724:T14672] [phase=frame_stage_notify] [hook=frame_stage_notify] [frame_stage] begin stage=1 this=0x00007FF9971873C0
#883 [2026-09-17 23:40:05.044] [DEBUG] [P8724:T14672] [phase=frame_stage_notify] [hook=frame_stage_notify] [frame_stage] entity list refreshed
#884 [2026-09-17 23:40:05.113] [DEBUG] [P8724:T14672] [phase=frame_stage_notify] [hook=frame_stage_notify] [frame_stage] original begin
#885 [2026-09-17 23:40:05.131] [DEBUG] [P8724:T14672] [phase=frame_stage_notify] [hook=frame_stage_notify] [frame_stage] original end
#886 [2026-09-17 23:40:05.149] [DEBUG] [P8724:T14672] [phase=frame_stage_notify] [hook=frame_stage_notify] [frame_stage] end stage=1
#887 [2026-09-17 23:40:05.167] [DEBUG] [P8724:T14672] [phase=frame_stage_notify] [hook=frame_stage_notify] [frame_stage] begin stage=2 this=0x00007FF9971873C0
#888 [2026-09-17 23:40:05.220] [DEBUG] [P8724:T14672] [phase=frame_stage_notify] [hook=frame_stage_notify] [frame_stage] entity list refreshed
#889 [2026-09-17 23:40:05.238] [DEBUG] [P8724:T14672] [phase=frame_stage_notify] [hook=frame_stage_notify] [frame_stage] original begin
#890 [2026-09-17 23:40:05.256] [DEBUG] [P8724:T14672] [phase=frame_stage_notify] [hook=frame_stage_notify] [frame_stage] original end
#891 [2026-09-17 23:40:05.274] [DEBUG] [P8724:T14672] [phase=frame_stage_notify] [hook=frame_stage_notify] [frame_stage] end stage=2
#892 [2026-09-17 23:40:05.292] [DEBUG] [P8724:T14672] [phase=frame_stage_notify] [hook=frame_stage_notify] [frame_stage] begin stage=3 this=0x00007FF9971873C0
#893 [2026-09-17 23:40:05.311] [DEBUG] [P8724:T14672] [phase=frame_stage_notify] [hook=frame_stage_notify] [frame_stage] entity list refreshed
#894 [2026-09-17 23:40:05.329] [DEBUG] [P8724:T14672] [phase=frame_stage_notify] [hook=frame_stage_notify] [frame_stage] original begin
#895 [2026-09-17 23:40:05.347] [DEBUG] [P8724:T14672] [phase=frame_stage_notify] [hook=frame_stage_notify] [frame_stage] original end
#896 [2026-09-17 23:40:05.365] [DEBUG] [P8724:T14672] [phase=frame_stage_notify] [hook=frame_stage_notify] [frame_stage] end stage=3
#897 [2026-09-17 23:40:05.383] [DEBUG] [P8724:T14672] [phase=frame_stage_notify] [hook=frame_stage_notify] [frame_stage] begin stage=12 this=0x00007FF9971873C0
#898 [2026-09-17 23:40:05.402] [DEBUG] [P8724:T14672] [phase=frame_stage_notify] [hook=frame_stage_notify] [frame_stage] entity list refreshed
#899 [2026-09-17 23:40:05.421] [DEBUG] [P8724:T14672] [phase=frame_stage_notify] [hook=frame_stage_notify] [frame_stage] original begin
#900 [2026-09-17 23:40:05.439] [DEBUG] [P8724:T14672] [phase=frame_stage_notify] [hook=frame_stage_notify] [frame_stage] original end
#901 [2026-09-17 23:40:05.458] [DEBUG] [P8724:T14672] [phase=frame_stage_notify] [hook=frame_stage_notify] [frame_stage] view/frame-data update begin
#902 [2026-09-17 23:40:05.477] [DEBUG] [P8724:T14672] [phase=frame_stage_notify] [hook=frame_stage_notify] [frame_stage] view/frame-data update end
#903 [2026-09-17 23:40:05.495] [DEBUG] [P8724:T14672] [phase=frame_stage_notify] [hook=frame_stage_notify] [frame_stage] end stage=12
#904 [2026-09-17 23:40:05.520] [DEBUG] [P8724:T14672] [phase=frame_stage_notify] [hook=frame_stage_notify] [frame_stage] begin stage=1 this=0x00007FF9971873C0
#905 [2026-09-17 23:40:05.538] [DEBUG] [P8724:T14672] [phase=frame_stage_notify] [hook=frame_stage_notify] [frame_stage] entity list refreshed
#906 [2026-09-17 23:40:05.556] [DEBUG] [P8724:T14672] [phase=frame_stage_notify] [hook=frame_stage_notify] [frame_stage] original begin
#907 [2026-09-17 23:40:05.574] [DEBUG] [P8724:T14672] [phase=frame_stage_notify] [hook=frame_stage_notify] [frame_stage] original end
#908 [2026-09-17 23:40:05.592] [DEBUG] [P8724:T14672] [phase=frame_stage_notify] [hook=frame_stage_notify] [frame_stage] end stage=1
#909 [2026-09-17 23:40:05.610] [DEBUG] [P8724:T14672] [phase=frame_stage_notify] [hook=frame_stage_notify] [frame_stage] begin stage=2 this=0x00007FF9971873C0
#910 [2026-09-17 23:40:05.629] [DEBUG] [P8724:T14672] [phase=frame_stage_notify] [hook=frame_stage_notify] [frame_stage] entity list refreshed
#911 [2026-09-17 23:40:05.646] [DEBUG] [P8724:T14672] [phase=frame_stage_notify] [hook=frame_stage_notify] [frame_stage] original begin
#912 [2026-09-17 23:40:05.665] [DEBUG] [P8724:T14672] [phase=frame_stage_notify] [hook=frame_stage_notify] [frame_stage] original end
#913 [2026-09-17 23:40:05.683] [DEBUG] [P8724:T14672] [phase=frame_stage_notify] [hook=frame_stage_notify] [frame_stage] end stage=2
#914 [2026-09-17 23:40:05.701] [DEBUG] [P8724:T14672] [phase=frame_stage_notify] [hook=frame_stage_notify] [frame_stage] begin stage=3 this=0x00007FF9971873C0
#915 [2026-09-17 23:40:05.719] [DEBUG] [P8724:T14672] [phase=frame_stage_notify] [hook=frame_stage_notify] [frame_stage] entity list refreshed
#916 [2026-09-17 23:40:05.737] [DEBUG] [P8724:T14672] [phase=frame_stage_notify] [hook=frame_stage_notify] [frame_stage] original begin
#917 [2026-09-17 23:40:05.756] [DEBUG] [P8724:T14672] [phase=frame_stage_notify] [hook=frame_stage_notify] [frame_stage] original end
#918 [2026-09-17 23:40:05.774] [DEBUG] [P8724:T14672] [phase=frame_stage_notify] [hook=frame_stage_notify] [frame_stage] end stage=3
#919 [2026-09-17 23:40:05.792] [DEBUG] [P8724:T14672] [phase=frame_stage_notify] [hook=frame_stage_notify] [frame_stage] begin stage=1 this=0x00007FF9971873C0
#920 [2026-09-17 23:40:05.810] [DEBUG] [P8724:T14672] [phase=frame_stage_notify] [hook=frame_stage_notify] [frame_stage] entity list refreshed
#921 [2026-09-17 23:40:05.828] [DEBUG] [P8724:T14672] [phase=frame_stage_notify] [hook=frame_stage_notify] [frame_stage] original begin
#922 [2026-09-17 23:40:05.846] [DEBUG] [P8724:T14672] [phase=frame_stage_notify] [hook=frame_stage_notify] [frame_stage] original end
#923 [2026-09-17 23:40:05.865] [DEBUG] [P8724:T14672] [phase=frame_stage_notify] [hook=frame_stage_notify] [frame_stage] end stage=1
#924 [2026-09-17 23:40:05.883] [DEBUG] [P8724:T14672] [phase=frame_stage_notify] [hook=frame_stage_notify] [frame_stage] begin stage=2 this=0x00007FF9971873C0
#925 [2026-09-17 23:40:05.901] [DEBUG] [P8724:T14672] [phase=frame_stage_notify] [hook=frame_stage_notify] [frame_stage] entity list refreshed
#926 [2026-09-17 23:40:05.919] [DEBUG] [P8724:T14672] [phase=frame_stage_notify] [hook=frame_stage_notify] [frame_stage] original begin
#927 [2026-09-17 23:40:05.937] [DEBUG] [P8724:T14672] [phase=frame_stage_notify] [hook=frame_stage_notify] [frame_stage] original end
#928 [2026-09-17 23:40:05.955] [DEBUG] [P8724:T14672] [phase=frame_stage_notify] [hook=frame_stage_notify] [frame_stage] end stage=2
#929 [2026-09-17 23:40:05.974] [DEBUG] [P8724:T14672] [phase=frame_stage_notify] [hook=frame_stage_notify] [frame_stage] begin stage=3 this=0x00007FF9971873C0
#930 [2026-09-17 23:40:05.992] [DEBUG] [P8724:T14672] [phase=frame_stage_notify] [hook=frame_stage_notify] [frame_stage] entity list refreshed
#931 [2026-09-17 23:40:06.010] [DEBUG] [P8724:T14672] [phase=frame_stage_notify] [hook=frame_stage_notify] [frame_stage] original begin
#932 [2026-09-17 23:40:06.029] [DEBUG] [P8724:T14672] [phase=frame_stage_notify] [hook=frame_stage_notify] [frame_stage] original end
#933 [2026-09-17 23:40:06.047] [DEBUG] [P8724:T14672] [phase=frame_stage_notify] [hook=frame_stage_notify] [frame_stage] end stage=3
#934 [2026-09-17 23:40:06.066] [DEBUG] [P8724:T14672] [phase=frame_stage_notify] [hook=frame_stage_notify] [frame_stage] begin stage=12 this=0x00007FF9971873C0
#935 [2026-09-17 23:40:06.084] [DEBUG] [P8724:T14672] [phase=frame_stage_notify] [hook=frame_stage_notify] [frame_stage] entity list refreshed
#936 [2026-09-17 23:40:06.102] [DEBUG] [P8724:T14672] [phase=frame_stage_notify] [hook=frame_stage_notify] [frame_stage] original begin
#937 [2026-09-17 23:40:06.121] [DEBUG] [P8724:T14672] [phase=frame_stage_notify] [hook=frame_stage_notify] [frame_stage] original end
#938 [2026-09-17 23:40:06.139] [DEBUG] [P8724:T14672] [phase=frame_stage_notify] [hook=frame_stage_notify] [frame_stage] view/frame-data update begin
#939 [2026-09-17 23:40:06.158] [DEBUG] [P8724:T14672] [phase=frame_stage_notify] [hook=frame_stage_notify] [frame_stage] view/frame-data update end
#940 [2026-09-17 23:40:06.177] [DEBUG] [P8724:T14672] [phase=frame_stage_notify] [hook=frame_stage_notify] [frame_stage] end stage=12
#941 [2026-09-17 23:40:06.198] [DEBUG] [P8724:T17744] [phase=present] [hook=present] [present] begin swap_chain=0x0000026A946CF720 sync=0 flags=0x200 ready=1
#979 [2026-09-17 23:40:06.217] [DEBUG] [P8724:T17744] [phase=present] [hook=present] [present] rendering context updated
#1054 [2026-09-17 23:40:06.235] [DEBUG] [P8724:T17744] [phase=present] [hook=present] [present] forwarding to original
#1160 [2026-09-17 23:40:06.252] [DEBUG] [P8724:T14672] [phase=frame_stage_notify] [hook=frame_stage_notify] [frame_stage] entity list refreshed
#1161 [2026-09-17 23:40:06.271] [DEBUG] [P8724:T14672] [phase=frame_stage_notify] [hook=frame_stage_notify] [frame_stage] original begin
#1162 [2026-09-17 23:40:06.290] [DEBUG] [P8724:T14672] [phase=frame_stage_notify] [hook=frame_stage_notify] [frame_stage] original end
#1163 [2026-09-17 23:40:06.309] [DEBUG] [P8724:T14672] [phase=frame_stage_notify] [hook=frame_stage_notify] [frame_stage] view/frame-data update begin
#1164 [2026-09-17 23:40:06.328] [DEBUG] [P8724:T14672] [phase=frame_stage_notify] [hook=frame_stage_notify] [frame_stage] view/frame-data update end
#1165 [2026-09-17 23:40:06.346] [DEBUG] [P8724:T14672] [phase=frame_stage_notify] [hook=frame_stage_notify] [frame_stage] end stage=12
#1166 [2026-09-17 23:40:06.369] [DEBUG] [P8724:T14672] [phase=frame_stage_notify] [hook=frame_stage_notify] [frame_stage] begin stage=1 this=0x00007FF9971873C0
#1167 [2026-09-17 23:40:06.388] [DEBUG] [P8724:T14672] [phase=frame_stage_notify] [hook=frame_stage_notify] [frame_stage] entity list refreshed
#1168 [2026-09-17 23:40:06.407] [DEBUG] [P8724:T14672] [phase=frame_stage_notify] [hook=frame_stage_notify] [frame_stage] original begin
#1169 [2026-09-17 23:40:06.425] [DEBUG] [P8724:T14672] [phase=frame_stage_notify] [hook=frame_stage_notify] [frame_stage] original end
#1170 [2026-09-17 23:40:06.443] [DEBUG] [P8724:T14672] [phase=frame_stage_notify] [hook=frame_stage_notify] [frame_stage] end stage=1
#1171 [2026-09-17 23:40:06.461] [DEBUG] [P8724:T14672] [phase=frame_stage_notify] [hook=frame_stage_notify] [frame_stage] begin stage=2 this=0x00007FF9971873C0
#1172 [2026-09-17 23:40:06.479] [DEBUG] [P8724:T14672] [phase=frame_stage_notify] [hook=frame_stage_notify] [frame_stage] entity list refreshed
#1173 [2026-09-17 23:40:06.497] [DEBUG] [P8724:T14672] [phase=frame_stage_notify] [hook=frame_stage_notify] [frame_stage] original begin
#1174 [2026-09-17 23:40:06.516] [DEBUG] [P8724:T14672] [phase=frame_stage_notify] [hook=frame_stage_notify] [frame_stage] original end
#1175 [2026-09-17 23:40:06.534] [DEBUG] [P8724:T14672] [phase=frame_stage_notify] [hook=frame_stage_notify] [frame_stage] end stage=2
#1176 [2026-09-17 23:40:06.552] [DEBUG] [P8724:T14672] [phase=frame_stage_notify] [hook=frame_stage_notify] [frame_stage] begin stage=3 this=0x00007FF9971873C0
#1177 [2026-09-17 23:40:06.571] [DEBUG] [P8724:T14672] [phase=frame_stage_notify] [hook=frame_stage_notify] [frame_stage] entity list refreshed
#1178 [2026-09-17 23:40:06.589] [DEBUG] [P8724:T14672] [phase=frame_stage_notify] [hook=frame_stage_notify] [frame_stage] original begin
#1179 [2026-09-17 23:40:06.607] [DEBUG] [P8724:T14672] [phase=frame_stage_notify] [hook=frame_stage_notify] [frame_stage] original end
#1180 [2026-09-17 23:40:06.626] [DEBUG] [P8724:T14672] [phase=frame_stage_notify] [hook=frame_stage_notify] [frame_stage] end stage=3
#1181 [2026-09-17 23:40:06.644] [DEBUG] [P8724:T14672] [phase=frame_stage_notify] [hook=frame_stage_notify] [frame_stage] begin stage=1 this=0x00007FF9971873C0
#1182 [2026-09-17 23:40:06.662] [DEBUG] [P8724:T14672] [phase=frame_stage_notify] [hook=frame_stage_notify] [frame_stage] entity list refreshed
#1183 [2026-09-17 23:40:06.681] [DEBUG] [P8724:T14672] [phase=frame_stage_notify] [hook=frame_stage_notify] [frame_stage] original begin
#1184 [2026-09-17 23:40:06.699] [DEBUG] [P8724:T14672] [phase=frame_stage_notify] [hook=frame_stage_notify] [frame_stage] original end
#1185 [2026-09-17 23:40:06.719] [DEBUG] [P8724:T14672] [phase=frame_stage_notify] [hook=frame_stage_notify] [frame_stage] end stage=1
#1186 [2026-09-17 23:40:06.738] [DEBUG] [P8724:T14672] [phase=frame_stage_notify] [hook=frame_stage_notify] [frame_stage] begin stage=2 this=0x00007FF9971873C0
#1187 [2026-09-17 23:40:06.756] [DEBUG] [P8724:T14672] [phase=frame_stage_notify] [hook=frame_stage_notify] [frame_stage] entity list refreshed
#1188 [2026-09-17 23:40:06.774] [DEBUG] [P8724:T14672] [phase=frame_stage_notify] [hook=frame_stage_notify] [frame_stage] original begin
#1189 [2026-09-17 23:40:06.792] [DEBUG] [P8724:T14672] [phase=frame_stage_notify] [hook=frame_stage_notify] [frame_stage] original end
#1190 [2026-09-17 23:40:06.810] [DEBUG] [P8724:T14672] [phase=frame_stage_notify] [hook=frame_stage_notify] [frame_stage] end stage=2
#1191 [2026-09-17 23:40:06.828] [DEBUG] [P8724:T14672] [phase=frame_stage_notify] [hook=frame_stage_notify] [frame_stage] begin stage=3 this=0x00007FF9971873C0
#1192 [2026-09-17 23:40:06.846] [DEBUG] [P8724:T14672] [phase=frame_stage_notify] [hook=frame_stage_notify] [frame_stage] entity list refreshed
#1193 [2026-09-17 23:40:06.864] [DEBUG] [P8724:T14672] [phase=frame_stage_notify] [hook=frame_stage_notify] [frame_stage] original begin
#1194 [2026-09-17 23:40:06.882] [DEBUG] [P8724:T14672] [phase=frame_stage_notify] [hook=frame_stage_notify] [frame_stage] original end
#1195 [2026-09-17 23:40:06.900] [DEBUG] [P8724:T14672] [phase=frame_stage_notify] [hook=frame_stage_notify] [frame_stage] end stage=3
#1196 [2026-09-17 23:40:06.918] [DEBUG] [P8724:T14672] [phase=frame_stage_notify] [hook=frame_stage_notify] [frame_stage] begin stage=12 this=0x00007FF9971873C0
#1197 [2026-09-17 23:40:06.936] [DEBUG] [P8724:T14672] [phase=frame_stage_notify] [hook=frame_stage_notify] [frame_stage] entity list refreshed
#1198 [2026-09-17 23:40:06.955] [DEBUG] [P8724:T14672] [phase=frame_stage_notify] [hook=frame_stage_notify] [frame_stage] original begin
#1199 [2026-09-17 23:40:06.974] [DEBUG] [P8724:T14672] [phase=frame_stage_notify] [hook=frame_stage_notify] [frame_stage] original end
#1200 [2026-09-17 23:40:06.992] [DEBUG] [P8724:T14672] [phase=frame_stage_notify] [hook=frame_stage_notify] [frame_stage] view/frame-data update begin
#1201 [2026-09-17 23:40:07.010] [DEBUG] [P8724:T14672] [phase=frame_stage_notify] [hook=frame_stage_notify] [frame_stage] view/frame-data update end
#1202 [2026-09-17 23:40:07.028] [DEBUG] [P8724:T14672] [phase=frame_stage_notify] [hook=frame_stage_notify] [frame_stage] end stage=12
#1203 [2026-09-17 23:40:07.047] [DEBUG] [P8724:T17744] [phase=present] [hook=present] [present] begin swap_chain=0x0000026A946CF720 sync=0 flags=0x200 ready=1
#1241 [2026-09-17 23:40:07.066] [DEBUG] [P8724:T17744] [phase=present] [hook=present] [present] rendering context updated
#1318 [2026-09-17 23:40:07.084] [DEBUG] [P8724:T14672] [phase=frame_stage_notify] [hook=frame_stage_notify] [frame_stage] original begin
#1320 [2026-09-17 23:40:07.102] [DEBUG] [P8724:T14672] [phase=frame_stage_notify] [hook=frame_stage_notify] [frame_stage] original end
#1321 [2026-09-17 23:40:07.120] [DEBUG] [P8724:T14672] [phase=frame_stage_notify] [hook=frame_stage_notify] [frame_stage] end stage=1
#1322 [2026-09-17 23:40:07.155] [DEBUG] [P8724:T14672] [phase=frame_stage_notify] [hook=frame_stage_notify] [frame_stage] begin stage=2 this=0x00007FF9971873C0
#1323 [2026-09-17 23:40:07.209] [DEBUG] [P8724:T14672] [phase=frame_stage_notify] [hook=frame_stage_notify] [frame_stage] entity list refreshed
#1324 [2026-09-17 23:40:07.227] [DEBUG] [P8724:T14672] [phase=frame_stage_notify] [hook=frame_stage_notify] [frame_stage] original begin
#1325 [2026-09-17 23:40:07.245] [DEBUG] [P8724:T14672] [phase=frame_stage_notify] [hook=frame_stage_notify] [frame_stage] original end
#1326 [2026-09-17 23:40:07.263] [DEBUG] [P8724:T14672] [phase=frame_stage_notify] [hook=frame_stage_notify] [frame_stage] end stage=2
#1327 [2026-09-17 23:40:07.282] [DEBUG] [P8724:T14672] [phase=frame_stage_notify] [hook=frame_stage_notify] [frame_stage] begin stage=3 this=0x00007FF9971873C0
#1328 [2026-09-17 23:40:07.300] [DEBUG] [P8724:T14672] [phase=frame_stage_notify] [hook=frame_stage_notify] [frame_stage] entity list refreshed
#1329 [2026-09-17 23:40:07.318] [DEBUG] [P8724:T14672] [phase=frame_stage_notify] [hook=frame_stage_notify] [frame_stage] original begin
#1330 [2026-09-17 23:40:07.336] [DEBUG] [P8724:T14672] [phase=frame_stage_notify] [hook=frame_stage_notify] [frame_stage] original end
#1331 [2026-09-17 23:40:07.354] [DEBUG] [P8724:T14672] [phase=frame_stage_notify] [hook=frame_stage_notify] [frame_stage] end stage=3
#1332 [2026-09-17 23:40:07.373] [DEBUG] [P8724:T14672] [phase=frame_stage_notify] [hook=frame_stage_notify] [frame_stage] begin stage=1 this=0x00007FF9971873C0
#1333 [2026-09-17 23:40:07.392] [DEBUG] [P8724:T14672] [phase=frame_stage_notify] [hook=frame_stage_notify] [frame_stage] entity list refreshed
#1334 [2026-09-17 23:40:07.411] [DEBUG] [P8724:T14672] [phase=frame_stage_notify] [hook=frame_stage_notify] [frame_stage] original begin
#1335 [2026-09-17 23:40:07.428] [DEBUG] [P8724:T14672] [phase=frame_stage_notify] [hook=frame_stage_notify] [frame_stage] original end
#1336 [2026-09-17 23:40:07.446] [DEBUG] [P8724:T14672] [phase=frame_stage_notify] [hook=frame_stage_notify] [frame_stage] end stage=1
#1337 [2026-09-17 23:40:07.464] [DEBUG] [P8724:T14672] [phase=frame_stage_notify] [hook=frame_stage_notify] [frame_stage] begin stage=2 this=0x00007FF9971873C0
#1338 [2026-09-17 23:40:07.482] [DEBUG] [P8724:T14672] [phase=frame_stage_notify] [hook=frame_stage_notify] [frame_stage] entity list refreshed
#1339 [2026-09-17 23:40:07.501] [DEBUG] [P8724:T14672] [phase=frame_stage_notify] [hook=frame_stage_notify] [frame_stage] original begin
#1340 [2026-09-17 23:40:07.520] [DEBUG] [P8724:T14672] [phase=frame_stage_notify] [hook=frame_stage_notify] [frame_stage] original end
#1341 [2026-09-17 23:40:07.538] [DEBUG] [P8724:T14672] [phase=frame_stage_notify] [hook=frame_stage_notify] [frame_stage] end stage=2
#1342 [2026-09-17 23:40:07.557] [DEBUG] [P8724:T14672] [phase=frame_stage_notify] [hook=frame_stage_notify] [frame_stage] begin stage=3 this=0x00007FF9971873C0
#1343 [2026-09-17 23:40:07.575] [DEBUG] [P8724:T14672] [phase=frame_stage_notify] [hook=frame_stage_notify] [frame_stage] entity list refreshed
#1344 [2026-09-17 23:40:07.594] [DEBUG] [P8724:T14672] [phase=frame_stage_notify] [hook=frame_stage_notify] [frame_stage] original begin
#1345 [2026-09-17 23:40:07.613] [DEBUG] [P8724:T14672] [phase=frame_stage_notify] [hook=frame_stage_notify] [frame_stage] original end
#1346 [2026-09-17 23:40:07.631] [DEBUG] [P8724:T14672] [phase=frame_stage_notify] [hook=frame_stage_notify] [frame_stage] end stage=3
#1347 [2026-09-17 23:40:07.649] [DEBUG] [P8724:T14672] [phase=frame_stage_notify] [hook=frame_stage_notify] [frame_stage] begin stage=12 this=0x00007FF9971873C0
#1348 [2026-09-17 23:40:07.686] [DEBUG] [P8724:T14672] [phase=frame_stage_notify] [hook=frame_stage_notify] [frame_stage] entity list refreshed
#1349 [2026-09-17 23:40:07.758] [DEBUG] [P8724:T14672] [phase=frame_stage_notify] [hook=frame_stage_notify] [frame_stage] original begin
#1350 [2026-09-17 23:40:07.776] [DEBUG] [P8724:T14672] [phase=frame_stage_notify] [hook=frame_stage_notify] [frame_stage] original end
#1351 [2026-09-17 23:40:07.795] [DEBUG] [P8724:T14672] [phase=frame_stage_notify] [hook=frame_stage_notify] [frame_stage] view/frame-data update begin
#1352 [2026-09-17 23:40:07.813] [DEBUG] [P8724:T14672] [phase=frame_stage_notify] [hook=frame_stage_notify] [frame_stage] view/frame-data update end
#1353 [2026-09-17 23:40:07.832] [DEBUG] [P8724:T14672] [phase=frame_stage_notify] [hook=frame_stage_notify] [frame_stage] end stage=12
#1354 [2026-09-17 23:40:07.938] [DEBUG] [P8724:T14672] [phase=frame_stage_notify] [hook=frame_stage_notify] [frame_stage] begin stage=12 this=0x00007FF9971873C0
#1355 [2026-09-17 23:40:07.956] [DEBUG] [P8724:T14672] [phase=frame_stage_notify] [hook=frame_stage_notify] [frame_stage] entity list refreshed
#1356 [2026-09-17 23:40:07.976] [DEBUG] [P8724:T14672] [phase=frame_stage_notify] [hook=frame_stage_notify] [frame_stage] original begin
#1357 [2026-09-17 23:40:07.993] [DEBUG] [P8724:T14672] [phase=frame_stage_notify] [hook=frame_stage_notify] [frame_stage] original end
#1358 [2026-09-17 23:40:08.012] [DEBUG] [P8724:T14672] [phase=frame_stage_notify] [hook=frame_stage_notify] [frame_stage] view/frame-data update begin
#1359 [2026-09-17 23:40:08.030] [DEBUG] [P8724:T14672] [phase=frame_stage_notify] [hook=frame_stage_notify] [frame_stage] view/frame-data update end
#1360 [2026-09-17 23:40:08.048] [DEBUG] [P8724:T14672] [phase=frame_stage_notify] [hook=frame_stage_notify] [frame_stage] end stage=12
#1361 [2026-09-17 23:40:08.157] [DEBUG] [P8724:T17744] [phase=present] [hook=present] [present] begin swap_chain=0x0000026A946CF720 sync=0 flags=0x200 ready=1
#1362 [2026-09-17 23:40:08.176] [DEBUG] [P8724:T17744] [phase=present] [hook=present] [present] rendering context updated
#1423 [2026-09-17 23:40:08.194] [DEBUG] [P8724:T17744] [phase=present] [hook=present] [present] forwarding to original
#1426 [2026-09-17 23:40:08.222] [DEBUG] [P8724:T14672] [phase=frame_stage_notify] [hook=frame_stage_notify] [pattern] resolved request=client.dll:488BD94533C0488B0D????????BA01000000>E8????????8B0B match=0x00007FF9958A5567 result=0x00007FF995863840 duration_ms=16
#1427 [2026-09-17 23:40:08.240] [DEBUG] [P8724:T14672] [phase=frame_stage_notify] [hook=frame_stage_notify] [pattern] resolve request=client.dll:40534883EC20488BD985D2741A488B05????????F30F104830
#1428 [2026-09-17 23:40:08.262] [DEBUG] [P8724:T14672] [phase=frame_stage_notify] [hook=frame_stage_notify] [pattern] resolved request=client.dll:40534883EC20488BD985D2741A488B05????????F30F104830 match=0x00007FF995504B50 result=0x00007FF995504B50 duration_ms=16
#1429 [2026-09-17 23:40:08.281] [DEBUG] [P8724:T14672] [phase=frame_stage_notify] [hook=frame_stage_notify] [frame_stage] dlight end
#1430 [2026-09-17 23:40:08.299] [DEBUG] [P8724:T14672] [phase=frame_stage_notify] [hook=frame_stage_notify] [frame_stage] original begin
#1431 [2026-09-17 23:40:08.334] [DEBUG] [P8724:T14672] [phase=frame_stage_notify] [hook=frame_stage_notify] [frame_stage] original end
#1432 [2026-09-17 23:40:08.353] [DEBUG] [P8724:T14672] [phase=frame_stage_notify] [hook=frame_stage_notify] [frame_stage] end stage=6
#1433 [2026-09-17 23:40:08.375] [DEBUG] [P8724:T14672] [phase=frame_stage_notify] [hook=frame_stage_notify] [frame_stage] begin stage=7 this=0x00007FF9971873C0
#1434 [2026-09-17 23:40:08.394] [DEBUG] [P8724:T14672] [phase=frame_stage_notify] [hook=frame_stage_notify] [frame_stage] agents begin
#1435 [2026-09-17 23:40:08.412] [DEBUG] [P8724:T14672] [phase=frame_stage_notify] [hook=frame_stage_notify] [frame_stage] agents end; gloves begin
#1436 [2026-09-17 23:40:08.430] [DEBUG] [P8724:T14672] [phase=frame_stage_notify] [hook=frame_stage_notify] [frame_stage] gloves end; knives begin
#1437 [2026-09-17 23:40:08.448] [DEBUG] [P8724:T14672] [phase=frame_stage_notify] [hook=frame_stage_notify] [frame_stage] knives end; world begin
#1438 [2026-09-17 23:40:08.466] [DEBUG] [P8724:T14672] [phase=frame_stage_notify] [hook=frame_stage_notify] [frame_stage] scene end; weather begin
#1439 [2026-09-17 23:40:08.485] [DEBUG] [P8724:T14672] [phase=frame_stage_notify] [hook=frame_stage_notify] [frame_stage] weather end; other begin
#1440 [2026-09-17 23:40:08.503] [DEBUG] [P8724:T14672] [phase=frame_stage_notify] [hook=frame_stage_notify] [frame_stage] other end; impacts begin
#1441 [2026-09-17 23:40:08.521] [DEBUG] [P8724:T14672] [phase=frame_stage_notify] [hook=frame_stage_notify] [frame_stage] impacts end
#1442 [2026-09-17 23:40:08.539] [DEBUG] [P8724:T14672] [phase=frame_stage_notify] [hook=frame_stage_notify] [frame_stage] original begin
#1443 [2026-09-17 23:40:08.557] [DEBUG] [P8724:T14672] [phase=frame_stage_notify] [hook=frame_stage_notify] [frame_stage] original end
#1444 [2026-09-17 23:40:08.576] [DEBUG] [P8724:T14672] [phase=frame_stage_notify] [hook=frame_stage_notify] [frame_stage] end stage=7
#1445 [2026-09-17 23:40:08.594] [DEBUG] [P8724:T14672] [phase=frame_stage_notify] [hook=frame_stage_notify] [frame_stage] begin stage=8 this=0x00007FF9971873C0
#1446 [2026-09-17 23:40:08.612] [DEBUG] [P8724:T14672] [phase=frame_stage_notify] [hook=frame_stage_notify] [frame_stage] original begin
#1447 [2026-09-17 23:40:08.630] [DEBUG] [P8724:T14672] [phase=frame_stage_notify] [hook=frame_stage_notify] [frame_stage] original end
#1448 [2026-09-17 23:40:08.648] [DEBUG] [P8724:T14672] [phase=frame_stage_notify] [hook=frame_stage_notify] [frame_stage] end stage=8
#1449 [2026-09-17 23:40:08.667] [DEBUG] [P8724:T14672] [phase=frame_stage_notify] [hook=frame_stage_notify] [frame_stage] begin stage=3 this=0x00007FF9971873C0
#1450 [2026-09-17 23:40:08.686] [DEBUG] [P8724:T14672] [phase=frame_stage_notify] [hook=frame_stage_notify] [frame_stage] original begin
#1451 [2026-09-17 23:40:08.704] [DEBUG] [P8724:T14672] [phase=frame_stage_notify] [hook=frame_stage_notify] [frame_stage] original end
#1452 [2026-09-17 23:40:08.722] [DEBUG] [P8724:T14672] [phase=frame_stage_notify] [hook=frame_stage_notify] [frame_stage] end stage=3
#1453 [2026-09-17 23:40:08.793] [DEBUG] [P8724:T14672] [phase=frame_stage_notify] [hook=frame_stage_notify] [frame_stage] begin stage=12 this=0x00007FF9971873C0
#1454 [2026-09-17 23:40:08.812] [DEBUG] [P8724:T14672] [phase=frame_stage_notify] [hook=frame_stage_notify] [frame_stage] original begin
#1455 [2026-09-17 23:40:08.832] [DEBUG] [P8724:T14672] [phase=frame_stage_notify] [hook=frame_stage_notify] [frame_stage] original end
#1456 [2026-09-17 23:40:08.850] [DEBUG] [P8724:T14672] [phase=frame_stage_notify] [hook=frame_stage_notify] [frame_stage] view/frame-data update begin
#1457 [2026-09-17 23:40:08.869] [DEBUG] [P8724:T14672] [phase=frame_stage_notify] [hook=frame_stage_notify] [frame_stage] view/frame-data update end
#1458 [2026-09-17 23:40:08.887] [DEBUG] [P8724:T14672] [phase=frame_stage_notify] [hook=frame_stage_notify] [frame_stage] end stage=12
#1459 [2026-09-17 23:40:08.912] [DEBUG] [P8724:T17744] [phase=present] [hook=present] [present] begin swap_chain=0x0000026A946CF720 sync=0 flags=0x200 ready=1
#1560 [2026-09-17 23:40:08.933] [DEBUG] [P8724:T17744] [phase=present] [hook=present] [present] rendering context updated
#1561 [2026-09-17 23:40:08.952] [DEBUG] [P8724:T17744] [phase=present] [hook=present] [present] forwarding to original
#1562 [2026-09-17 23:40:08.971] [DEBUG] [P8724:T17744] [phase=present] [hook=present] [present] begin swap_chain=0x0000026A946CF720 sync=0 flags=0x200 ready=1
#1649 [2026-09-17 23:40:08.991] [DEBUG] [P8724:T17744] [phase=present] [hook=present] [present] rendering context updated
#1650 [2026-09-17 23:40:09.009] [DEBUG] [P8724:T17744] [phase=present] [hook=present] [present] forwarding to original
#1651 [2026-09-17 23:40:09.028] [DEBUG] [P8724:T17744] [phase=present] [hook=present] [present] begin swap_chain=0x0000026A946CF720 sync=0 flags=0x200 ready=1
#1736 [2026-09-17 23:40:09.046] [DEBUG] [P8724:T17744] [phase=present] [hook=present] [present] rendering context updated
#1737 [2026-09-17 23:40:09.065] [DEBUG] [P8724:T17744] [phase=present] [hook=present] [present] forwarding to original
#1738 [2026-09-17 23:40:09.084] [DEBUG] [P8724:T17744] [phase=present] [hook=present] [present] begin swap_chain=0x0000026A946CF720 sync=0 flags=0x200 ready=1
#1815 [2026-09-17 23:40:09.103] [DEBUG] [P8724:T17744] [phase=present] [hook=present] [present] rendering context updated
#1816 [2026-09-17 23:40:09.122] [DEBUG] [P8724:T17744] [phase=present] [hook=present] [present] forwarding to original
#1817 [2026-09-17 23:40:09.143] [DEBUG] [P8724:T17744] [phase=present] [hook=present] [present] begin swap_chain=0x0000026A946CF720 sync=0 flags=0x200 ready=1
#1902 [2026-09-17 23:40:09.179] [DEBUG] [P8724:T17744] [phase=present] [hook=present] [present] rendering context updated
#1903 [2026-09-17 23:40:09.238] [DEBUG] [P8724:T17744] [phase=present] [hook=present] [present] forwarding to original
#1904 [2026-09-17 23:40:09.315] [DEBUG] [P8724:T17744] [phase=present] [hook=present] [present] begin swap_chain=0x0000026A946CF720 sync=0 flags=0x200 ready=1
#2007 [2026-09-17 23:40:09.334] [DEBUG] [P8724:T17744] [phase=present] [hook=present] [present] rendering context updated
#2014 [2026-09-17 23:40:09.351] [DEBUG] [P8724:T17744] [phase=present] [hook=present] [present] forwarding to original
#2015 [2026-09-17 23:40:09.371] [DEBUG] [P8724:T17744] [phase=present] [hook=present] [present] begin swap_chain=0x0000026A946CF720 sync=0 flags=0x200 ready=1
#2016 [2026-09-17 23:40:09.389] [DEBUG] [P8724:T17744] [phase=present] [hook=present] [present] rendering context updated
#2017 [2026-09-17 23:40:09.407] [DEBUG] [P8724:T17744] [phase=present] [hook=present] [present] forwarding to original
#2018 [2026-09-17 23:40:09.484] [DEBUG] [P8724:T14672] [phase=frame_stage_notify] [hook=frame_stage_notify] [frame_stage] begin stage=0 this=0x00007FF9971873C0
#2019 [2026-09-17 23:40:09.503] [DEBUG] [P8724:T14672] [phase=frame_stage_notify] [hook=frame_stage_notify] [frame_stage] original begin
#2020 [2026-09-17 23:40:09.522] [DEBUG] [P8724:T14672] [phase=frame_stage_notify] [hook=frame_stage_notify] [frame_stage] original end
#2021 [2026-09-17 23:40:09.540] [DEBUG] [P8724:T14672] [phase=frame_stage_notify] [hook=frame_stage_notify] [frame_stage] end stage=0
#2022 [2026-09-17 23:40:09.559] [DEBUG] [P8724:T14672] [phase=frame_stage_notify] [hook=frame_stage_notify] [frame_stage] begin stage=11 this=0x00007FF9971873C0
#2023 [2026-09-17 23:40:09.577] [DEBUG] [P8724:T14672] [phase=frame_stage_notify] [hook=frame_stage_notify] [frame_stage] original begin
#2024 [2026-09-17 23:40:09.595] [DEBUG] [P8724:T14672] [phase=frame_stage_notify] [hook=frame_stage_notify] [frame_stage] original end
#2025 [2026-09-17 23:40:09.614] [DEBUG] [P8724:T14672] [phase=frame_stage_notify] [hook=frame_stage_notify] [frame_stage] end stage=11
#2026 [2026-09-17 23:40:09.633] [DEBUG] [P8724:T14672] [phase=frame_stage_notify] [hook=frame_stage_notify] [frame_stage] begin stage=0 this=0x00007FF9971873C0
#2027 [2026-09-17 23:40:09.652] [DEBUG] [P8724:T14672] [phase=frame_stage_notify] [hook=frame_stage_notify] [frame_stage] original begin
#2028 [2026-09-17 23:40:09.670] [DEBUG] [P8724:T14672] [phase=frame_stage_notify] [hook=frame_stage_notify] [frame_stage] original end
#2029 [2026-09-17 23:40:09.688] [DEBUG] [P8724:T14672] [phase=frame_stage_notify] [hook=frame_stage_notify] [frame_stage] end stage=0
#2030 [2026-09-17 23:40:09.706] [DEBUG] [P8724:T14672] [phase=frame_stage_notify] [hook=frame_stage_notify] [frame_stage] begin stage=11 this=0x00007FF9971873C0
#2031 [2026-09-17 23:40:09.726] [DEBUG] [P8724:T14672] [phase=frame_stage_notify] [hook=frame_stage_notify] [frame_stage] original begin
#2032 [2026-09-17 23:40:09.743] [DEBUG] [P8724:T14672] [phase=frame_stage_notify] [hook=frame_stage_notify] [frame_stage] original end
#2033 [2026-09-17 23:40:09.762] [DEBUG] [P8724:T14672] [phase=frame_stage_notify] [hook=frame_stage_notify] [frame_stage] end stage=11
#2034 [2026-09-17 23:40:09.780] [DEBUG] [P8724:T14672] [phase=frame_stage_notify] [hook=frame_stage_notify] [frame_stage] begin stage=0 this=0x00007FF9971873C0
#2035 [2026-09-17 23:40:09.798] [DEBUG] [P8724:T14672] [phase=frame_stage_notify] [hook=frame_stage_notify] [frame_stage] original begin
#2036 [2026-09-17 23:40:09.817] [DEBUG] [P8724:T14672] [phase=frame_stage_notify] [hook=frame_stage_notify] [frame_stage] original end
#2037 [2026-09-17 23:40:09.835] [DEBUG] [P8724:T14672] [phase=frame_stage_notify] [hook=frame_stage_notify] [frame_stage] end stage=0
#2038 [2026-09-17 23:40:09.854] [DEBUG] [P8724:T14672] [phase=frame_stage_notify] [hook=frame_stage_notify] [frame_stage] begin stage=11 this=0x00007FF9971873C0
#2039 [2026-09-17 23:40:09.873] [DEBUG] [P8724:T14672] [phase=frame_stage_notify] [hook=frame_stage_notify] [frame_stage] original begin
#2040 [2026-09-17 23:40:09.891] [DEBUG] [P8724:T14672] [phase=frame_stage_notify] [hook=frame_stage_notify] [frame_stage] original end
#2041 [2026-09-17 23:40:09.910] [DEBUG] [P8724:T14672] [phase=frame_stage_notify] [hook=frame_stage_notify] [frame_stage] end stage=11
#2042 [2026-09-17 23:40:09.928] [DEBUG] [P8724:T14672] [phase=frame_stage_notify] [hook=frame_stage_notify] [frame_stage] begin stage=0 this=0x00007FF9971873C0
#2043 [2026-09-17 23:40:09.948] [DEBUG] [P8724:T14672] [phase=frame_stage_notify] [hook=frame_stage_notify] [frame_stage] original begin
#2044 [2026-09-17 23:40:09.966] [DEBUG] [P8724:T14672] [phase=frame_stage_notify] [hook=frame_stage_notify] [frame_stage] original end
#2045 [2026-09-17 23:40:09.985] [DEBUG] [P8724:T14672] [phase=frame_stage_notify] [hook=frame_stage_notify] [frame_stage] end stage=0
#2046 [2026-09-17 23:40:10.004] [DEBUG] [P8724:T14672] [phase=frame_stage_notify] [hook=frame_stage_notify] [frame_stage] begin stage=11 this=0x00007FF9971873C0
#2047 [2026-09-17 23:40:10.022] [DEBUG] [P8724:T14672] [phase=frame_stage_notify] [hook=frame_stage_notify] [frame_stage] original begin
#2048 [2026-09-17 23:40:10.040] [DEBUG] [P8724:T14672] [phase=frame_stage_notify] [hook=frame_stage_notify] [frame_stage] original end
#2049 [2026-09-17 23:40:10.059] [DEBUG] [P8724:T14672] [phase=frame_stage_notify] [hook=frame_stage_notify] [frame_stage] end stage=11
#2050 [2026-09-17 23:40:10.077] [DEBUG] [P8724:T14672] [phase=frame_stage_notify] [hook=frame_stage_notify] [frame_stage] begin stage=0 this=0x00007FF9971873C0
#2051 [2026-09-17 23:40:10.095] [DEBUG] [P8724:T14672] [phase=frame_stage_notify] [hook=frame_stage_notify] [frame_stage] original begin
#2052 [2026-09-17 23:40:10.114] [DEBUG] [P8724:T14672] [phase=frame_stage_notify] [hook=frame_stage_notify] [frame_stage] original end
#2053 [2026-09-17 23:40:10.132] [DEBUG] [P8724:T14672] [phase=frame_stage_notify] [hook=frame_stage_notify] [frame_stage] end stage=0
#2054 [2026-09-17 23:40:10.151] [DEBUG] [P8724:T14672] [phase=frame_stage_notify] [hook=frame_stage_notify] [frame_stage] begin stage=11 this=0x00007FF9971873C0
#2055 [2026-09-17 23:40:10.169] [DEBUG] [P8724:T14672] [phase=frame_stage_notify] [hook=frame_stage_notify] [frame_stage] original begin
#2056 [2026-09-17 23:40:10.188] [DEBUG] [P8724:T14672] [phase=frame_stage_notify] [hook=frame_stage_notify] [frame_stage] original end
#2057 [2026-09-17 23:40:10.207] [DEBUG] [P8724:T14672] [phase=frame_stage_notify] [hook=frame_stage_notify] [frame_stage] end stage=11
#2058 [2026-09-17 23:40:10.225] [DEBUG] [P8724:T14672] [phase=frame_stage_notify] [hook=frame_stage_notify] [frame_stage] begin stage=0 this=0x00007FF9971873C0
#2059 [2026-09-17 23:40:10.244] [DEBUG] [P8724:T14672] [phase=frame_stage_notify] [hook=frame_stage_notify] [frame_stage] original begin
#2060 [2026-09-17 23:40:10.262] [DEBUG] [P8724:T14672] [phase=frame_stage_notify] [hook=frame_stage_notify] [frame_stage] original end
#2061 [2026-09-17 23:40:10.280] [DEBUG] [P8724:T14672] [phase=frame_stage_notify] [hook=frame_stage_notify] [frame_stage] end stage=0
#2062 [2026-09-17 23:40:10.299] [DEBUG] [P8724:T14672] [phase=frame_stage_notify] [hook=frame_stage_notify] [frame_stage] begin stage=10 this=0x00007FF9971873C0
#2063 [2026-09-17 23:40:10.318] [DEBUG] [P8724:T14672] [phase=frame_stage_notify] [hook=frame_stage_notify] [frame_stage] original begin
#2064 [2026-09-17 23:40:10.337] [DEBUG] [P8724:T14672] [phase=frame_stage_notify] [hook=frame_stage_notify] [frame_stage] original end
#2065 [2026-09-17 23:40:10.355] [DEBUG] [P8724:T14672] [phase=frame_stage_notify] [hook=frame_stage_notify] [frame_stage] end stage=10
#2066 [2026-09-17 23:40:10.391] [DEBUG] [P8724:T14672] [phase=frame_stage_notify] [hook=frame_stage_notify] [frame_stage] begin stage=11 this=0x00007FF9971873C0
#2067 [2026-09-17 23:40:10.444] [DEBUG] [P8724:T14672] [phase=frame_stage_notify] [hook=frame_stage_notify] [frame_stage] original begin
#2068 [2026-09-17 23:40:10.480] [DEBUG] [P8724:T14672] [phase=frame_stage_notify] [hook=frame_stage_notify] [frame_stage] original end
#2069 [2026-09-17 23:40:10.516] [DEBUG] [P8724:T14672] [phase=frame_stage_notify] [hook=frame_stage_notify] [frame_stage] end stage=11
#2070 [2026-09-17 23:40:10.552] [DEBUG] [P8724:T14672] [phase=frame_stage_notify] [hook=frame_stage_notify] [frame_stage] begin stage=1 this=0x00007FF9971873C0
#2071 [2026-09-17 23:40:10.588] [DEBUG] [P8724:T14672] [phase=frame_stage_notify] [hook=frame_stage_notify] [frame_stage] original begin
#2072 [2026-09-17 23:40:10.625] [DEBUG] [P8724:T14672] [phase=frame_stage_notify] [hook=frame_stage_notify] [frame_stage] original end
#2073 [2026-09-17 23:40:10.662] [DEBUG] [P8724:T14672] [phase=frame_stage_notify] [hook=frame_stage_notify] [frame_stage] end stage=1
#2074 [2026-09-17 23:40:10.714] [DEBUG] [P8724:T14672] [phase=frame_stage_notify] [hook=frame_stage_notify] [frame_stage] begin stage=2 this=0x00007FF9971873C0
#2075 [2026-09-17 23:40:10.733] [DEBUG] [P8724:T14672] [phase=frame_stage_notify] [hook=frame_stage_notify] [frame_stage] original begin
#2076 [2026-09-17 23:40:10.751] [DEBUG] [P8724:T14672] [phase=frame_stage_notify] [hook=frame_stage_notify] [frame_stage] original end
#2077 [2026-09-17 23:40:10.769] [DEBUG] [P8724:T14672] [phase=frame_stage_notify] [hook=frame_stage_notify] [frame_stage] end stage=2
#2078 [2026-09-17 23:40:10.787] [DEBUG] [P8724:T14672] [phase=frame_stage_notify] [hook=frame_stage_notify] [frame_stage] begin stage=5 this=0x00007FF9971873C0
#2079 [2026-09-17 23:40:10.806] [DEBUG] [P8724:T14672] [phase=frame_stage_notify] [hook=frame_stage_notify] [frame_stage] original begin
#2080 [2026-09-17 23:40:10.824] [DEBUG] [P8724:T14672] [phase=frame_stage_notify] [hook=frame_stage_notify] [frame_stage] original end
#2081 [2026-09-17 23:40:10.842] [DEBUG] [P8724:T14672] [phase=frame_stage_notify] [hook=frame_stage_notify] [frame_stage] end stage=5
#2082 [2026-09-17 23:40:10.859] [DEBUG] [P8724:T14672] [phase=frame_stage_notify] [hook=frame_stage_notify] [frame_stage] begin stage=6 this=0x00007FF9971873C0
#2083 [2026-09-17 23:40:10.878] [DEBUG] [P8724:T14672] [phase=frame_stage_notify] [hook=frame_stage_notify] [frame_stage] guns begin
#2084 [2026-09-17 23:40:10.896] [DEBUG] [P8724:T14672] [phase=frame_stage_notify] [hook=frame_stage_notify] [frame_stage] guns end
#2085 [2026-09-17 23:40:10.915] [DEBUG] [P8724:T14672] [phase=frame_stage_notify] [hook=frame_stage_notify] [frame_stage] dlight begin
#2086 [2026-09-17 23:40:10.932] [DEBUG] [P8724:T14672] [phase=frame_stage_notify] [hook=frame_stage_notify] [frame_stage] dlight end
#2087 [2026-09-17 23:40:10.951] [DEBUG] [P8724:T14672] [phase=frame_stage_notify] [hook=frame_stage_notify] [frame_stage] original begin
#2088 [2026-09-17 23:40:10.969] [DEBUG] [P8724:T14672] [phase=frame_stage_notify] [hook=frame_stage_notify] [frame_stage] original end
#2089 [2026-09-17 23:40:10.988] [DEBUG] [P8724:T14672] [phase=frame_stage_notify] [hook=frame_stage_notify] [frame_stage] post-network feature updates begin
#2090 [2026-09-17 23:40:11.006] [DEBUG] [P8724:T14672] [phase=frame_stage_notify] [hook=frame_stage_notify] [frame_stage] post-network feature updates end
#2091 [2026-09-17 23:40:11.024] [DEBUG] [P8724:T14672] [phase=frame_stage_notify] [hook=frame_stage_notify] [frame_stage] end stage=6
#2092 [2026-09-17 23:40:11.043] [DEBUG] [P8724:T14672] [phase=frame_stage_notify] [hook=frame_stage_notify] [frame_stage] begin stage=7 this=0x00007FF9971873C0
#2093 [2026-09-17 23:40:11.061] [DEBUG] [P8724:T14672] [phase=frame_stage_notify] [hook=frame_stage_notify] [frame_stage] agents begin
#2094 [2026-09-17 23:40:11.079] [DEBUG] [P8724:T14672] [phase=frame_stage_notify] [hook=frame_stage_notify] [frame_stage] agents end; gloves begin
#2095 [2026-09-17 23:40:11.097] [DEBUG] [P8724:T14672] [phase=frame_stage_notify] [hook=frame_stage_notify] [frame_stage] gloves end; knives begin
#2096 [2026-09-17 23:40:11.115] [DEBUG] [P8724:T14672] [phase=frame_stage_notify] [hook=frame_stage_notify] [frame_stage] knives end; world begin
#2097 [2026-09-17 23:40:11.133] [DEBUG] [P8724:T14672] [phase=frame_stage_notify] [hook=frame_stage_notify] [frame_stage] scene end; weather begin
#2098 [2026-09-17 23:40:11.151] [DEBUG] [P8724:T14672] [phase=frame_stage_notify] [hook=frame_stage_notify] [frame_stage] weather end; other begin
#2099 [2026-09-17 23:40:11.169] [DEBUG] [P8724:T14672] [phase=frame_stage_notify] [hook=frame_stage_notify] [frame_stage] other end; impacts begin
#2100 [2026-09-17 23:40:11.191] [DEBUG] [P8724:T14672] [phase=frame_stage_notify] [hook=frame_stage_notify] [frame_stage] impacts end
#2101 [2026-09-17 23:40:11.212] [DEBUG] [P8724:T14672] [phase=frame_stage_notify] [hook=frame_stage_notify] [frame_stage] original begin
#2102 [2026-09-17 23:40:11.230] [DEBUG] [P8724:T14672] [phase=frame_stage_notify] [hook=frame_stage_notify] [frame_stage] original end
#2103 [2026-09-17 23:40:11.249] [DEBUG] [P8724:T14672] [phase=frame_stage_notify] [hook=frame_stage_notify] [frame_stage] end stage=7
#2104 [2026-09-17 23:40:11.267] [DEBUG] [P8724:T14672] [phase=frame_stage_notify] [hook=frame_stage_notify] [frame_stage] begin stage=8 this=0x00007FF9971873C0
#2105 [2026-09-17 23:40:11.285] [DEBUG] [P8724:T14672] [phase=frame_stage_notify] [hook=frame_stage_notify] [frame_stage] original begin
#2106 [2026-09-17 23:40:11.303] [DEBUG] [P8724:T14672] [phase=frame_stage_notify] [hook=frame_stage_notify] [frame_stage] original end
#2107 [2026-09-17 23:40:11.321] [DEBUG] [P8724:T14672] [phase=frame_stage_notify] [hook=frame_stage_notify] [frame_stage] end stage=8
#2108 [2026-09-17 23:40:11.340] [DEBUG] [P8724:T14672] [phase=frame_stage_notify] [hook=frame_stage_notify] [frame_stage] begin stage=3 this=0x00007FF9971873C0
#2109 [2026-09-17 23:40:11.358] [DEBUG] [P8724:T14672] [phase=frame_stage_notify] [hook=frame_stage_notify] [frame_stage] original begin
#2110 [2026-09-17 23:40:11.377] [DEBUG] [P8724:T14672] [phase=frame_stage_notify] [hook=frame_stage_notify] [frame_stage] original end
#2111 [2026-09-17 23:40:11.395] [DEBUG] [P8724:T14672] [phase=frame_stage_notify] [hook=frame_stage_notify] [frame_stage] end stage=3
#2112 [2026-09-17 23:40:11.419] [DEBUG] [P8724:T14672] [phase=frame_stage_notify] [hook=frame_stage_notify] [frame_stage] begin stage=12 this=0x00007FF9971873C0
#2113 [2026-09-17 23:40:11.437] [DEBUG] [P8724:T14672] [phase=frame_stage_notify] [hook=frame_stage_notify] [frame_stage] original begin
#2114 [2026-09-17 23:40:11.456] [DEBUG] [P8724:T14672] [phase=frame_stage_notify] [hook=frame_stage_notify] [frame_stage] original end
#2115 [2026-09-17 23:40:11.475] [DEBUG] [P8724:T14672] [phase=frame_stage_notify] [hook=frame_stage_notify] [frame_stage] view/frame-data update begin
#2116 [2026-09-17 23:40:11.494] [DEBUG] [P8724:T14672] [phase=frame_stage_notify] [hook=frame_stage_notify] [frame_stage] view/frame-data update end
#2117 [2026-09-17 23:40:11.512] [DEBUG] [P8724:T14672] [phase=frame_stage_notify] [hook=frame_stage_notify] [frame_stage] end stage=12
#2118 [2026-09-17 23:40:11.533] [DEBUG] [P8724:T17744] [phase=present] [hook=present] [present] begin swap_chain=0x0000026A946CF720 sync=0 flags=0x200 ready=1
#2119 [2026-09-17 23:40:11.551] [DEBUG] [P8724:T17744] [phase=present] [hook=present] [present] rendering context updated
#2204 [2026-09-17 23:40:11.570] [DEBUG] [P8724:T17744] [phase=present] [hook=present] [present] forwarding to original
#2221 [2026-09-17 23:40:11.590] [DEBUG] [P8724:T17744] [phase=present] [hook=present] [present] begin swap_chain=0x0000026A946CF720 sync=0 flags=0x200 ready=1
#2290 [2026-09-17 23:40:11.609] [DEBUG] [P8724:T17744] [phase=present] [hook=present] [present] rendering context updated
#2291 [2026-09-17 23:40:11.627] [DEBUG] [P8724:T17744] [phase=present] [hook=present] [present] forwarding to original
#2292 [2026-09-17 23:40:11.646] [DEBUG] [P8724:T17744] [phase=present] [hook=present] [present] begin swap_chain=0x0000026A946CF720 sync=0 flags=0x200 ready=1
#2377 [2026-09-17 23:40:11.665] [DEBUG] [P8724:T17744] [phase=present] [hook=present] [present] rendering context updated
#2378 [2026-09-17 23:40:11.683] [DEBUG] [P8724:T17744] [phase=present] [hook=present] [present] forwarding to original
#2379 [2026-09-17 23:40:11.702] [DEBUG] [P8724:T17744] [phase=present] [hook=present] [present] begin swap_chain=0x0000026A946CF720 sync=0 flags=0x200 ready=1
#2464 [2026-09-17 23:40:11.721] [DEBUG] [P8724:T17744] [phase=present] [hook=present] [present] rendering context updated
#2465 [2026-09-17 23:40:11.740] [DEBUG] [P8724:T17744] [phase=present] [hook=present] [present] forwarding to original
#2466 [2026-09-17 23:40:11.761] [DEBUG] [P8724:T17744] [phase=present] [hook=present] [present] begin swap_chain=0x0000026A946CF720 sync=0 flags=0x200 ready=1
#2467 [2026-09-17 23:40:11.796] [DEBUG] [P8724:T17744] [phase=present] [hook=present] [present] rendering context updated
#2468 [2026-09-17 23:40:11.834] [DEBUG] [P8724:T17744] [phase=present] [hook=present] [present] forwarding to original
#2469 [2026-09-17 23:40:11.879] [DEBUG] [P8724:T14672] [phase=frame_stage_notify] [hook=frame_stage_notify] [frame_stage] begin stage=0 this=0x00007FF9971873C0
#2470 [2026-09-17 23:40:11.898] [DEBUG] [P8724:T14672] [phase=frame_stage_notify] [hook=frame_stage_notify] [frame_stage] original begin
#2471 [2026-09-17 23:40:11.916] [DEBUG] [P8724:T14672] [phase=frame_stage_notify] [hook=frame_stage_notify] [frame_stage] original end
#2472 [2026-09-17 23:40:11.934] [DEBUG] [P8724:T14672] [phase=frame_stage_notify] [hook=frame_stage_notify] [frame_stage] end stage=0
#2473 [2026-09-17 23:40:11.953] [DEBUG] [P8724:T14672] [phase=frame_stage_notify] [hook=frame_stage_notify] [frame_stage] begin stage=11 this=0x00007FF9971873C0
#2474 [2026-09-17 23:40:11.971] [DEBUG] [P8724:T14672] [phase=frame_stage_notify] [hook=frame_stage_notify] [frame_stage] original begin
#2475 [2026-09-17 23:40:11.989] [DEBUG] [P8724:T14672] [phase=frame_stage_notify] [hook=frame_stage_notify] [frame_stage] original end
#2476 [2026-09-17 23:40:12.007] [DEBUG] [P8724:T14672] [phase=frame_stage_notify] [hook=frame_stage_notify] [frame_stage] end stage=11
#2477 [2026-09-17 23:40:12.026] [DEBUG] [P8724:T14672] [phase=frame_stage_notify] [hook=frame_stage_notify] [frame_stage] begin stage=0 this=0x00007FF9971873C0
#2478 [2026-09-17 23:40:12.045] [DEBUG] [P8724:T14672] [phase=frame_stage_notify] [hook=frame_stage_notify] [frame_stage] original begin
#2479 [2026-09-17 23:40:12.063] [DEBUG] [P8724:T14672] [phase=frame_stage_notify] [hook=frame_stage_notify] [frame_stage] original end
#2480 [2026-09-17 23:40:12.082] [DEBUG] [P8724:T14672] [phase=frame_stage_notify] [hook=frame_stage_notify] [frame_stage] end stage=0
#2481 [2026-09-17 23:40:12.101] [DEBUG] [P8724:T14672] [phase=frame_stage_notify] [hook=frame_stage_notify] [frame_stage] begin stage=11 this=0x00007FF9971873C0
#2482 [2026-09-17 23:40:12.119] [DEBUG] [P8724:T14672] [phase=frame_stage_notify] [hook=frame_stage_notify] [frame_stage] original begin
#2483 [2026-09-17 23:40:12.137] [DEBUG] [P8724:T14672] [phase=frame_stage_notify] [hook=frame_stage_notify] [frame_stage] original end
#2484 [2026-09-17 23:40:12.155] [DEBUG] [P8724:T14672] [phase=frame_stage_notify] [hook=frame_stage_notify] [frame_stage] end stage=11
#2485 [2026-09-17 23:40:12.174] [DEBUG] [P8724:T14672] [phase=frame_stage_notify] [hook=frame_stage_notify] [frame_stage] begin stage=0 this=0x00007FF9971873C0
#2486 [2026-09-17 23:40:12.192] [DEBUG] [P8724:T14672] [phase=frame_stage_notify] [hook=frame_stage_notify] [frame_stage] original begin
#2487 [2026-09-17 23:40:12.210] [DEBUG] [P8724:T14672] [phase=frame_stage_notify] [hook=frame_stage_notify] [frame_stage] original end
#2488 [2026-09-17 23:40:12.228] [DEBUG] [P8724:T14672] [phase=frame_stage_notify] [hook=frame_stage_notify] [frame_stage] end stage=0
#2489 [2026-09-17 23:40:12.247] [DEBUG] [P8724:T14672] [phase=frame_stage_notify] [hook=frame_stage_notify] [frame_stage] begin stage=11 this=0x00007FF9971873C0
#2490 [2026-09-17 23:40:12.265] [DEBUG] [P8724:T14672] [phase=frame_stage_notify] [hook=frame_stage_notify] [frame_stage] original begin
#2491 [2026-09-17 23:40:12.284] [DEBUG] [P8724:T14672] [phase=frame_stage_notify] [hook=frame_stage_notify] [frame_stage] original end
#2492 [2026-09-17 23:40:12.302] [DEBUG] [P8724:T14672] [phase=frame_stage_notify] [hook=frame_stage_notify] [frame_stage] end stage=11
#2493 [2026-09-17 23:40:12.320] [DEBUG] [P8724:T14672] [phase=frame_stage_notify] [hook=frame_stage_notify] [frame_stage] begin stage=0 this=0x00007FF9971873C0
#2494 [2026-09-17 23:40:12.338] [DEBUG] [P8724:T14672] [phase=frame_stage_notify] [hook=frame_stage_notify] [frame_stage] original begin
#2495 [2026-09-17 23:40:12.356] [DEBUG] [P8724:T14672] [phase=frame_stage_notify] [hook=frame_stage_notify] [frame_stage] original end
#2496 [2026-09-17 23:40:12.373] [DEBUG] [P8724:T14672] [phase=frame_stage_notify] [hook=frame_stage_notify] [frame_stage] end stage=0
#2497 [2026-09-17 23:40:12.393] [DEBUG] [P8724:T14672] [phase=frame_stage_notify] [hook=frame_stage_notify] [frame_stage] begin stage=11 this=0x00007FF9971873C0
#2498 [2026-09-17 23:40:12.411] [DEBUG] [P8724:T14672] [phase=frame_stage_notify] [hook=frame_stage_notify] [frame_stage] original begin
#2499 [2026-09-17 23:40:12.429] [DEBUG] [P8724:T14672] [phase=frame_stage_notify] [hook=frame_stage_notify] [frame_stage] original end
#2500 [2026-09-17 23:40:12.447] [DEBUG] [P8724:T14672] [phase=frame_stage_notify] [hook=frame_stage_notify] [frame_stage] end stage=11
#2501 [2026-09-17 23:40:12.464] [DEBUG] [P8724:T14672] [phase=frame_stage_notify] [hook=frame_stage_notify] [frame_stage] begin stage=0 this=0x00007FF9971873C0
#2502 [2026-09-17 23:40:12.485] [DEBUG] [P8724:T14672] [phase=frame_stage_notify] [hook=frame_stage_notify] [frame_stage] original begin
#2503 [2026-09-17 23:40:12.503] [DEBUG] [P8724:T14672] [phase=frame_stage_notify] [hook=frame_stage_notify] [frame_stage] original end
#2504 [2026-09-17 23:40:12.522] [DEBUG] [P8724:T14672] [phase=frame_stage_notify] [hook=frame_stage_notify] [frame_stage] end stage=0
#2505 [2026-09-17 23:40:12.540] [DEBUG] [P8724:T14672] [phase=frame_stage_notify] [hook=frame_stage_notify] [frame_stage] begin stage=11 this=0x00007FF9971873C0
#2506 [2026-09-17 23:40:12.559] [DEBUG] [P8724:T14672] [phase=frame_stage_notify] [hook=frame_stage_notify] [frame_stage] original begin
#2507 [2026-09-17 23:40:12.577] [DEBUG] [P8724:T14672] [phase=frame_stage_notify] [hook=frame_stage_notify] [frame_stage] original end
#2508 [2026-09-17 23:40:12.595] [DEBUG] [P8724:T14672] [phase=frame_stage_notify] [hook=frame_stage_notify] [frame_stage] end stage=11
#2509 [2026-09-17 23:40:12.614] [DEBUG] [P8724:T14672] [phase=frame_stage_notify] [hook=frame_stage_notify] [frame_stage] begin stage=0 this=0x00007FF9971873C0
#2510 [2026-09-17 23:40:12.632] [DEBUG] [P8724:T14672] [phase=frame_stage_notify] [hook=frame_stage_notify] [frame_stage] original begin
#2511 [2026-09-17 23:40:12.650] [DEBUG] [P8724:T14672] [phase=frame_stage_notify] [hook=frame_stage_notify] [frame_stage] original end
#2512 [2026-09-17 23:40:12.668] [DEBUG] [P8724:T14672] [phase=frame_stage_notify] [hook=frame_stage_notify] [frame_stage] end stage=0
#2513 [2026-09-17 23:40:12.687] [DEBUG] [P8724:T14672] [phase=frame_stage_notify] [hook=frame_stage_notify] [frame_stage] begin stage=10 this=0x00007FF9971873C0
#2514 [2026-09-17 23:40:12.706] [DEBUG] [P8724:T14672] [phase=frame_stage_notify] [hook=frame_stage_notify] [frame_stage] original begin
#2515 [2026-09-17 23:40:12.724] [DEBUG] [P8724:T14672] [phase=frame_stage_notify] [hook=frame_stage_notify] [frame_stage] original end
#2516 [2026-09-17 23:40:12.742] [DEBUG] [P8724:T14672] [phase=frame_stage_notify] [hook=frame_stage_notify] [frame_stage] end stage=10
#2517 [2026-09-17 23:40:12.761] [DEBUG] [P8724:T14672] [phase=frame_stage_notify] [hook=frame_stage_notify] [frame_stage] begin stage=11 this=0x00007FF9971873C0
#2518 [2026-09-17 23:40:12.780] [DEBUG] [P8724:T14672] [phase=frame_stage_notify] [hook=frame_stage_notify] [frame_stage] original begin
#2519 [2026-09-17 23:40:12.798] [DEBUG] [P8724:T14672] [phase=frame_stage_notify] [hook=frame_stage_notify] [frame_stage] original end
#2520 [2026-09-17 23:40:12.817] [DEBUG] [P8724:T14672] [phase=frame_stage_notify] [hook=frame_stage_notify] [frame_stage] end stage=11
#2521 [2026-09-17 23:40:12.835] [DEBUG] [P8724:T14672] [phase=frame_stage_notify] [hook=frame_stage_notify] [frame_stage] begin stage=1 this=0x00007FF9971873C0
#2522 [2026-09-17 23:40:12.854] [DEBUG] [P8724:T14672] [phase=frame_stage_notify] [hook=frame_stage_notify] [frame_stage] original begin
#2523 [2026-09-17 23:40:12.872] [DEBUG] [P8724:T14672] [phase=frame_stage_notify] [hook=frame_stage_notify] [frame_stage] original end
#2524 [2026-09-17 23:40:12.890] [DEBUG] [P8724:T14672] [phase=frame_stage_notify] [hook=frame_stage_notify] [frame_stage] end stage=1
#2525 [2026-09-17 23:40:12.908] [DEBUG] [P8724:T14672] [phase=frame_stage_notify] [hook=frame_stage_notify] [frame_stage] begin stage=2 this=0x00007FF9971873C0
#2526 [2026-09-17 23:40:12.926] [DEBUG] [P8724:T14672] [phase=frame_stage_notify] [hook=frame_stage_notify] [frame_stage] original begin
#2527 [2026-09-17 23:40:12.945] [DEBUG] [P8724:T14672] [phase=frame_stage_notify] [hook=frame_stage_notify] [frame_stage] original end
#2528 [2026-09-17 23:40:12.963] [DEBUG] [P8724:T14672] [phase=frame_stage_notify] [hook=frame_stage_notify] [frame_stage] end stage=2
#2529 [2026-09-17 23:40:12.981] [DEBUG] [P8724:T14672] [phase=frame_stage_notify] [hook=frame_stage_notify] [frame_stage] begin stage=5 this=0x00007FF9971873C0
#2530 [2026-09-17 23:40:12.999] [DEBUG] [P8724:T14672] [phase=frame_stage_notify] [hook=frame_stage_notify] [frame_stage] original begin
#2531 [2026-09-17 23:40:13.017] [DEBUG] [P8724:T14672] [phase=frame_stage_notify] [hook=frame_stage_notify] [frame_stage] original end
#2532 [2026-09-17 23:40:13.035] [DEBUG] [P8724:T14672] [phase=frame_stage_notify] [hook=frame_stage_notify] [frame_stage] end stage=5
#2533 [2026-09-17 23:40:13.054] [DEBUG] [P8724:T14672] [phase=frame_stage_notify] [hook=frame_stage_notify] [frame_stage] begin stage=6 this=0x00007FF9971873C0
#2534 [2026-09-17 23:40:13.072] [DEBUG] [P8724:T14672] [phase=frame_stage_notify] [hook=frame_stage_notify] [frame_stage] guns begin
#2535 [2026-09-17 23:40:13.091] [DEBUG] [P8724:T14672] [phase=frame_stage_notify] [hook=frame_stage_notify] [frame_stage] guns end
#2536 [2026-09-17 23:40:13.109] [DEBUG] [P8724:T14672] [phase=frame_stage_notify] [hook=frame_stage_notify] [frame_stage] dlight begin
#2537 [2026-09-17 23:40:13.127] [DEBUG] [P8724:T14672] [phase=frame_stage_notify] [hook=frame_stage_notify] [frame_stage] dlight end
#2538 [2026-09-17 23:40:13.146] [DEBUG] [P8724:T14672] [phase=frame_stage_notify] [hook=frame_stage_notify] [frame_stage] original begin
#2539 [2026-09-17 23:40:13.164] [DEBUG] [P8724:T14672] [phase=frame_stage_notify] [hook=frame_stage_notify] [frame_stage] original end
#2540 [2026-09-17 23:40:13.201] [DEBUG] [P8724:T14672] [phase=frame_stage_notify] [hook=frame_stage_notify] [frame_stage] post-network feature updates begin
#2541 [2026-09-17 23:40:13.220] [DEBUG] [P8724:T14672] [phase=frame_stage_notify] [hook=frame_stage_notify] [frame_stage] post-network feature updates end
#2542 [2026-09-17 23:40:13.239] [DEBUG] [P8724:T14672] [phase=frame_stage_notify] [hook=frame_stage_notify] [frame_stage] end stage=6
#2543 [2026-09-17 23:40:13.257] [DEBUG] [P8724:T14672] [phase=frame_stage_notify] [hook=frame_stage_notify] [frame_stage] begin stage=7 this=0x00007FF9971873C0
#2544 [2026-09-17 23:40:13.276] [DEBUG] [P8724:T14672] [phase=frame_stage_notify] [hook=frame_stage_notify] [frame_stage] agents begin
#2545 [2026-09-17 23:40:13.294] [DEBUG] [P8724:T14672] [phase=frame_stage_notify] [hook=frame_stage_notify] [frame_stage] agents end; gloves begin
#2546 [2026-09-17 23:40:13.312] [DEBUG] [P8724:T14672] [phase=frame_stage_notify] [hook=frame_stage_notify] [frame_stage] gloves end; knives begin
#2547 [2026-09-17 23:40:13.330] [DEBUG] [P8724:T14672] [phase=frame_stage_notify] [hook=frame_stage_notify] [frame_stage] knives end; world begin
#2548 [2026-09-17 23:40:13.348] [DEBUG] [P8724:T14672] [phase=frame_stage_notify] [hook=frame_stage_notify] [frame_stage] scene end; weather begin
#2549 [2026-09-17 23:40:13.366] [DEBUG] [P8724:T14672] [phase=frame_stage_notify] [hook=frame_stage_notify] [frame_stage] weather end; other begin
#2550 [2026-09-17 23:40:13.384] [DEBUG] [P8724:T14672] [phase=frame_stage_notify] [hook=frame_stage_notify] [frame_stage] other end; impacts begin
#2551 [2026-09-17 23:40:13.403] [DEBUG] [P8724:T14672] [phase=frame_stage_notify] [hook=frame_stage_notify] [frame_stage] impacts end
#2552 [2026-09-17 23:40:13.421] [DEBUG] [P8724:T14672] [phase=frame_stage_notify] [hook=frame_stage_notify] [frame_stage] original begin
#2553 [2026-09-17 23:40:13.439] [DEBUG] [P8724:T14672] [phase=frame_stage_notify] [hook=frame_stage_notify] [frame_stage] original end
#2554 [2026-09-17 23:40:13.457] [DEBUG] [P8724:T14672] [phase=frame_stage_notify] [hook=frame_stage_notify] [frame_stage] end stage=7
#2555 [2026-09-17 23:40:13.476] [DEBUG] [P8724:T14672] [phase=frame_stage_notify] [hook=frame_stage_notify] [frame_stage] begin stage=8 this=0x00007FF9971873C0
#2556 [2026-09-17 23:40:13.495] [DEBUG] [P8724:T14672] [phase=frame_stage_notify] [hook=frame_stage_notify] [frame_stage] original begin
#2557 [2026-09-17 23:40:13.513] [DEBUG] [P8724:T14672] [phase=frame_stage_notify] [hook=frame_stage_notify] [frame_stage] original end
#2558 [2026-09-17 23:40:13.530] [DEBUG] [P8724:T14672] [phase=frame_stage_notify] [hook=frame_stage_notify] [frame_stage] end stage=8
#2559 [2026-09-17 23:40:13.548] [DEBUG] [P8724:T14672] [phase=frame_stage_notify] [hook=frame_stage_notify] [frame_stage] begin stage=3 this=0x00007FF9971873C0
#2560 [2026-09-17 23:40:13.567] [DEBUG] [P8724:T14672] [phase=frame_stage_notify] [hook=frame_stage_notify] [frame_stage] original begin
#2561 [2026-09-17 23:40:13.585] [DEBUG] [P8724:T14672] [phase=frame_stage_notify] [hook=frame_stage_notify] [frame_stage] original end
#2562 [2026-09-17 23:40:13.604] [DEBUG] [P8724:T14672] [phase=frame_stage_notify] [hook=frame_stage_notify] [frame_stage] end stage=3
#2563 [2026-09-17 23:40:13.622] [DEBUG] [P8724:T14672] [phase=frame_stage_notify] [hook=frame_stage_notify] [frame_stage] begin stage=12 this=0x00007FF9971873C0
#2564 [2026-09-17 23:40:13.641] [DEBUG] [P8724:T14672] [phase=frame_stage_notify] [hook=frame_stage_notify] [frame_stage] original begin
#2565 [2026-09-17 23:40:13.659] [DEBUG] [P8724:T14672] [phase=frame_stage_notify] [hook=frame_stage_notify] [frame_stage] original end
#2566 [2026-09-17 23:40:13.678] [DEBUG] [P8724:T14672] [phase=frame_stage_notify] [hook=frame_stage_notify] [frame_stage] view/frame-data update begin
#2567 [2026-09-17 23:40:13.696] [DEBUG] [P8724:T14672] [phase=frame_stage_notify] [hook=frame_stage_notify] [frame_stage] view/frame-data update end
#2568 [2026-09-17 23:40:13.714] [DEBUG] [P8724:T14672] [phase=frame_stage_notify] [hook=frame_stage_notify] [frame_stage] end stage=12
#2569 [2026-09-17 23:40:13.736] [DEBUG] [P8724:T17744] [phase=present] [hook=present] [present] begin swap_chain=0x0000026A946CF720 sync=0 flags=0x200 ready=1
#2670 [2026-09-17 23:40:13.755] [DEBUG] [P8724:T17744] [phase=present] [hook=present] [present] rendering context updated
#2671 [2026-09-17 23:40:13.773] [DEBUG] [P8724:T17744] [phase=present] [hook=present] [present] forwarding to original
#2672 [2026-09-17 23:40:13.792] [DEBUG] [P8724:T17744] [phase=present] [hook=present] [present] begin swap_chain=0x0000026A946CF720 sync=0 flags=0x200 ready=1
#2757 [2026-09-17 23:40:13.810] [DEBUG] [P8724:T17744] [phase=present] [hook=present] [present] rendering context updated
#2758 [2026-09-17 23:40:13.829] [DEBUG] [P8724:T17744] [phase=present] [hook=present] [present] forwarding to original
#2759 [2026-09-17 23:40:13.847] [DEBUG] [P8724:T17744] [phase=present] [hook=present] [present] begin swap_chain=0x0000026A946CF720 sync=0 flags=0x200 ready=1
#2836 [2026-09-17 23:40:13.866] [DEBUG] [P8724:T17744] [phase=present] [hook=present] [present] rendering context updated
#2837 [2026-09-17 23:40:13.884] [DEBUG] [P8724:T17744] [phase=present] [hook=present] [present] forwarding to original
#2838 [2026-09-17 23:40:13.903] [DEBUG] [P8724:T17744] [phase=present] [hook=present] [present] begin swap_chain=0x0000026A946CF720 sync=0 flags=0x200 ready=1
#2925 [2026-09-17 23:40:13.921] [DEBUG] [P8724:T17744] [phase=present] [hook=present] [present] rendering context updated
#2926 [2026-09-17 23:40:13.940] [DEBUG] [P8724:T17744] [phase=present] [hook=present] [present] forwarding to original
#2927 [2026-09-17 23:40:13.961] [DEBUG] [P8724:T17744] [phase=present] [hook=present] [present] begin swap_chain=0x0000026A946CF720 sync=0 flags=0x200 ready=1
#3012 [2026-09-17 23:40:13.979] [DEBUG] [P8724:T17744] [phase=present] [hook=present] [present] rendering context updated
#3013 [2026-09-17 23:40:13.997] [DEBUG] [P8724:T17744] [phase=present] [hook=present] [present] forwarding to original
#3014 [2026-09-17 23:40:14.016] [DEBUG] [P8724:T17744] [phase=present] [hook=present] [present] begin swap_chain=0x0000026A946CF720 sync=0 flags=0x200 ready=1
#3091 [2026-09-17 23:40:14.034] [DEBUG] [P8724:T17744] [phase=present] [hook=present] [present] rendering context updated
#3092 [2026-09-17 23:40:14.053] [DEBUG] [P8724:T17744] [phase=present] [hook=present] [present] forwarding to original
#3093 [2026-09-17 23:40:14.073] [DEBUG] [P8724:T17744] [phase=present] [hook=present] [present] begin swap_chain=0x0000026A946CF720 sync=0 flags=0x200 ready=1
#3178 [2026-09-17 23:40:14.092] [DEBUG] [P8724:T17744] [phase=present] [hook=present] [present] rendering context updated
#3179 [2026-09-17 23:40:14.111] [DEBUG] [P8724:T17744] [phase=present] [hook=present] [present] forwarding to original
#3180 [2026-09-17 23:40:14.136] [DEBUG] [P8724:T17744] [phase=present] [hook=present] [present] begin swap_chain=0x0000026A946CF720 sync=0 flags=0x200 ready=1
#3181 [2026-09-17 23:40:14.155] [DEBUG] [P8724:T17744] [phase=present] [hook=present] [present] rendering context updated
#3182 [2026-09-17 23:40:14.174] [DEBUG] [P8724:T17744] [phase=present] [hook=present] [present] forwarding to original
#3283 [2026-09-17 23:40:14.194] [DEBUG] [P8724:T17744] [phase=present] [hook=present] [present] begin swap_chain=0x0000026A946CF720 sync=0 flags=0x200 ready=1
#3352 [2026-09-17 23:40:14.213] [DEBUG] [P8724:T17744] [phase=present] [hook=present] [present] rendering context updated
#3353 [2026-09-17 23:40:14.231] [DEBUG] [P8724:T17744] [phase=present] [hook=present] [present] forwarding to original
#3354 [2026-09-17 23:40:14.250] [DEBUG] [P8724:T17744] [phase=present] [hook=present] [present] begin swap_chain=0x0000026A946CF720 sync=0 flags=0x200 ready=1
#3431 [2026-09-17 23:40:14.269] [DEBUG] [P8724:T17744] [phase=present] [hook=present] [present] rendering context updated
#3432 [2026-09-17 23:40:14.288] [DEBUG] [P8724:T17744] [phase=present] [hook=present] [present] forwarding to original
#3433 [2026-09-17 23:40:14.307] [DEBUG] [P8724:T17744] [phase=present] [hook=present] [present] begin swap_chain=0x0000026A946CF720 sync=0 flags=0x200 ready=1
#3510 [2026-09-17 23:40:14.325] [DEBUG] [P8724:T17744] [phase=present] [hook=present] [present] rendering context updated
#3511 [2026-09-17 23:40:14.343] [DEBUG] [P8724:T17744] [phase=present] [hook=present] [present] forwarding to original
#3512 [2026-09-17 23:40:14.364] [DEBUG] [P8724:T17744] [phase=present] [hook=present] [present] begin swap_chain=0x0000026A946CF720 sync=0 flags=0x200 ready=1
#3597 [2026-09-17 23:40:14.383] [DEBUG] [P8724:T17744] [phase=present] [hook=present] [present] rendering context updated
#3598 [2026-09-17 23:40:14.402] [DEBUG] [P8724:T17744] [phase=present] [hook=present] [present] forwarding to original
#3599 [2026-09-17 23:40:14.422] [DEBUG] [P8724:T17744] [phase=present] [hook=present] [present] begin swap_chain=0x0000026A946CF720 sync=0 flags=0x200 ready=1
#3684 [2026-09-17 23:40:14.440] [DEBUG] [P8724:T17744] [phase=present] [hook=present] [present] rendering context updated
#3685 [2026-09-17 23:40:14.458] [DEBUG] [P8724:T17744] [phase=present] [hook=present] [present] forwarding to original
#3686 [2026-09-17 23:40:14.478] [DEBUG] [P8724:T17744] [phase=present] [hook=present] [present] begin swap_chain=0x0000026A946CF720 sync=0 flags=0x200 ready=1
#3763 [2026-09-17 23:40:14.496] [DEBUG] [P8724:T17744] [phase=present] [hook=present] [present] rendering context updated
#3764 [2026-09-17 23:40:14.515] [DEBUG] [P8724:T17744] [phase=present] [hook=present] [present] forwarding to original
#3765 [2026-09-17 23:40:14.534] [DEBUG] [P8724:T17744] [phase=present] [hook=present] [present] begin swap_chain=0x0000026A946CF720 sync=0 flags=0x200 ready=1
#3850 [2026-09-17 23:40:14.569] [DEBUG] [P8724:T17744] [phase=present] [hook=present] [present] rendering context updated
#3851 [2026-09-17 23:40:14.606] [DEBUG] [P8724:T17744] [phase=present] [hook=present] [present] forwarding to original
#3852 [2026-09-17 23:40:14.629] [DEBUG] [P8724:T17744] [phase=present] [hook=present] [present] begin swap_chain=0x0000026A946CF720 sync=0 flags=0x200 ready=1
#3953 [2026-09-17 23:40:14.648] [DEBUG] [P8724:T17744] [phase=present] [hook=present] [present] rendering context updated
#3954 [2026-09-17 23:40:14.666] [DEBUG] [P8724:T17744] [phase=present] [hook=present] [present] forwarding to original
#3955 [2026-09-17 23:40:14.685] [DEBUG] [P8724:T17744] [phase=present] [hook=present] [present] begin swap_chain=0x0000026A946CF720 sync=0 flags=0x200 ready=1
#4040 [2026-09-17 23:40:14.704] [DEBUG] [P8724:T17744] [phase=present] [hook=present] [present] rendering context updated
#4041 [2026-09-17 23:40:14.721] [DEBUG] [P8724:T17744] [phase=present] [hook=present] [present] forwarding to original
#4042 [2026-09-17 23:40:14.747] [DEBUG] [P8724:T17744] [phase=present] [hook=present] [present] begin swap_chain=0x0000026A946CF720 sync=0 flags=0x200 ready=1
#4129 [2026-09-17 23:40:14.766] [DEBUG] [P8724:T17744] [phase=present] [hook=present] [present] rendering context updated
#4130 [2026-09-17 23:40:14.785] [DEBUG] [P8724:T17744] [phase=present] [hook=present] [present] forwarding to original
#4131 [2026-09-17 23:40:14.804] [DEBUG] [P8724:T17744] [phase=present] [hook=present] [present] begin swap_chain=0x0000026A946CF720 sync=0 flags=0x200 ready=1
#4208 [2026-09-17 23:40:14.823] [DEBUG] [P8724:T17744] [phase=present] [hook=present] [present] rendering context updated
#4209 [2026-09-17 23:40:14.842] [DEBUG] [P8724:T17744] [phase=present] [hook=present] [present] forwarding to original
#4210 [2026-09-17 23:40:14.861] [DEBUG] [P8724:T17744] [phase=present] [hook=present] [present] begin swap_chain=0x0000026A946CF720 sync=0 flags=0x200 ready=1
#4295 [2026-09-17 23:40:14.880] [DEBUG] [P8724:T17744] [phase=present] [hook=present] [present] rendering context updated
#4296 [2026-09-17 23:40:14.898] [DEBUG] [P8724:T17744] [phase=present] [hook=present] [present] forwarding to original
#4297 [2026-09-17 23:40:14.917] [DEBUG] [P8724:T17744] [phase=present] [hook=present] [present] begin swap_chain=0x0000026A946CF720 sync=0 flags=0x200 ready=1
#4382 [2026-09-17 23:40:14.936] [DEBUG] [P8724:T17744] [phase=present] [hook=present] [present] rendering context updated
#4383 [2026-09-17 23:40:14.953] [DEBUG] [P8724:T17744] [phase=present] [hook=present] [present] forwarding to original
#4384 [2026-09-17 23:40:14.973] [DEBUG] [P8724:T17744] [phase=present] [hook=present] [present] begin swap_chain=0x0000026A946CF720 sync=0 flags=0x200 ready=1
#4461 [2026-09-17 23:40:14.991] [DEBUG] [P8724:T17744] [phase=present] [hook=present] [present] rendering context updated
#4462 [2026-09-17 23:40:15.009] [DEBUG] [P8724:T17744] [phase=present] [hook=present] [present] forwarding to original
#4463 [2026-09-17 23:40:15.029] [DEBUG] [P8724:T17744] [phase=present] [hook=present] [present] begin swap_chain=0x0000026A946CF720 sync=0 flags=0x200 ready=1
#4548 [2026-09-17 23:40:15.048] [DEBUG] [P8724:T17744] [phase=present] [hook=present] [present] rendering context updated
#4549 [2026-09-17 23:40:15.067] [DEBUG] [P8724:T17744] [phase=present] [hook=present] [present] forwarding to original
#4550 [2026-09-17 23:40:15.086] [DEBUG] [P8724:T17744] [phase=present] [hook=present] [present] begin swap_chain=0x0000026A946CF720 sync=0 flags=0x200 ready=1
#4627 [2026-09-17 23:40:15.105] [DEBUG] [P8724:T17744] [phase=present] [hook=present] [present] rendering context updated
#4628 [2026-09-17 23:40:15.125] [DEBUG] [P8724:T17744] [phase=present] [hook=present] [present] forwarding to original
#4629 [2026-09-17 23:40:15.145] [DEBUG] [P8724:T17744] [phase=present] [hook=present] [present] begin swap_chain=0x0000026A946CF720 sync=0 flags=0x200 ready=1
#4714 [2026-09-17 23:40:15.163] [DEBUG] [P8724:T17744] [phase=present] [hook=present] [present] rendering context updated
#4715 [2026-09-17 23:40:15.183] [DEBUG] [P8724:T17744] [phase=present] [hook=present] [present] forwarding to original
#4716 [2026-09-17 23:40:15.202] [DEBUG] [P8724:T17744] [phase=present] [hook=present] [present] begin swap_chain=0x0000026A946CF720 sync=0 flags=0x200 ready=1
#4801 [2026-09-17 23:40:15.220] [DEBUG] [P8724:T17744] [phase=present] [hook=present] [present] rendering context updated
#4802 [2026-09-17 23:40:15.239] [DEBUG] [P8724:T17744] [phase=present] [hook=present] [present] forwarding to original
#4803 [2026-09-17 23:40:15.258] [DEBUG] [P8724:T17744] [phase=present] [hook=present] [present] begin swap_chain=0x0000026A946CF720 sync=0 flags=0x200 ready=1
#4880 [2026-09-17 23:40:15.277] [DEBUG] [P8724:T17744] [phase=present] [hook=present] [present] rendering context updated
#4881 [2026-09-17 23:40:15.295] [DEBUG] [P8724:T17744] [phase=present] [hook=present] [present] forwarding to original
#4882 [2026-09-17 23:40:15.315] [DEBUG] [P8724:T17744] [phase=present] [hook=present] [present] begin swap_chain=0x0000026A946CF720 sync=0 flags=0x200 ready=1
#4967 [2026-09-17 23:40:15.334] [DEBUG] [P8724:T17744] [phase=present] [hook=present] [present] rendering context updated
#4968 [2026-09-17 23:40:15.353] [DEBUG] [P8724:T17744] [phase=present] [hook=present] [present] forwarding to original
#4969 [2026-09-17 23:40:15.373] [DEBUG] [P8724:T17744] [phase=present] [hook=present] [present] begin swap_chain=0x0000026A946CF720 sync=0 flags=0x200 ready=1
#5054 [2026-09-17 23:40:15.392] [DEBUG] [P8724:T17744] [phase=present] [hook=present] [present] rendering context updated
#5055 [2026-09-17 23:40:15.412] [DEBUG] [P8724:T17744] [phase=present] [hook=present] [present] forwarding to original
#5056 [2026-09-17 23:40:15.431] [DEBUG] [P8724:T17744] [phase=present] [hook=present] [present] begin swap_chain=0x0000026A946CF720 sync=0 flags=0x200 ready=1
#5133 [2026-09-17 23:40:15.450] [DEBUG] [P8724:T17744] [phase=present] [hook=present] [present] rendering context updated
#5134 [2026-09-17 23:40:15.468] [DEBUG] [P8724:T17744] [phase=present] [hook=present] [present] forwarding to original
#5135 [2026-09-17 23:40:15.486] [DEBUG] [P8724:T17744] [phase=present] [hook=present] [present] begin swap_chain=0x0000026A946CF720 sync=0 flags=0x200 ready=1
#5220 [2026-09-17 23:40:15.505] [DEBUG] [P8724:T17744] [phase=present] [hook=present] [present] rendering context updated
#5221 [2026-09-17 23:40:15.524] [DEBUG] [P8724:T17744] [phase=present] [hook=present] [present] forwarding to original
#5222 [2026-09-17 23:40:15.545] [DEBUG] [P8724:T17744] [phase=present] [hook=present] [present] begin swap_chain=0x0000026A946CF720 sync=0 flags=0x200 ready=1
#5307 [2026-09-17 23:40:15.564] [DEBUG] [P8724:T17744] [phase=present] [hook=present] [present] rendering context updated
#5308 [2026-09-17 23:40:15.583] [DEBUG] [P8724:T17744] [phase=present] [hook=present] [present] forwarding to original
#5309 [2026-09-17 23:40:15.602] [DEBUG] [P8724:T17744] [phase=present] [hook=present] [present] begin swap_chain=0x0000026A946CF720 sync=0 flags=0x200 ready=1
#5388 [2026-09-17 23:40:15.620] [DEBUG] [P8724:T17744] [phase=present] [hook=present] [present] rendering context updated
#5389 [2026-09-17 23:40:15.639] [DEBUG] [P8724:T17744] [phase=present] [hook=present] [present] forwarding to original
#5390 [2026-09-17 23:40:15.660] [DEBUG] [P8724:T17744] [phase=present] [hook=present] [present] begin swap_chain=0x0000026A946CF720 sync=0 flags=0x200 ready=1
#5475 [2026-09-17 23:40:15.679] [DEBUG] [P8724:T17744] [phase=present] [hook=present] [present] rendering context updated
#5476 [2026-09-17 23:40:15.698] [DEBUG] [P8724:T17744] [phase=present] [hook=present] [present] forwarding to original
#5477 [2026-09-17 23:40:15.717] [DEBUG] [P8724:T17744] [phase=present] [hook=present] [present] begin swap_chain=0x0000026A946CF720 sync=0 flags=0x200 ready=1
#5562 [2026-09-17 23:40:15.735] [DEBUG] [P8724:T17744] [phase=present] [hook=present] [present] rendering context updated
#5563 [2026-09-17 23:40:15.755] [DEBUG] [P8724:T17744] [phase=present] [hook=present] [present] forwarding to original
#5564 [2026-09-17 23:40:15.776] [DEBUG] [P8724:T17744] [phase=present] [hook=present] [present] begin swap_chain=0x0000026A946CF720 sync=0 flags=0x200 ready=1
#5641 [2026-09-17 23:40:15.794] [DEBUG] [P8724:T17744] [phase=present] [hook=present] [present] rendering context updated
#5642 [2026-09-17 23:40:15.812] [DEBUG] [P8724:T17744] [phase=present] [hook=present] [present] forwarding to original
#5643 [2026-09-17 23:40:15.830] [DEBUG] [P8724:T17744] [phase=present] [hook=present] [present] begin swap_chain=0x0000026A946CF720 sync=0 flags=0x200 ready=1
#5728 [2026-09-17 23:40:15.849] [DEBUG] [P8724:T17744] [phase=present] [hook=present] [present] rendering context updated
#5729 [2026-09-17 23:40:15.868] [DEBUG] [P8724:T17744] [phase=present] [hook=present] [present] forwarding to original
#5730 [2026-09-17 23:40:15.888] [DEBUG] [P8724:T17744] [phase=present] [hook=present] [present] begin swap_chain=0x0000026A946CF720 sync=0 flags=0x200 ready=1
#5815 [2026-09-17 23:40:15.906] [DEBUG] [P8724:T17744] [phase=present] [hook=present] [present] rendering context updated
#5816 [2026-09-17 23:40:15.959] [DEBUG] [P8724:T17744] [phase=present] [hook=present] [present] forwarding to original
#5817 [2026-09-17 23:40:16.031] [DEBUG] [P8724:T17744] [phase=present] [hook=present] [present] begin swap_chain=0x0000026A946CF720 sync=0 flags=0x200 ready=1
#5918 [2026-09-17 23:40:16.067] [DEBUG] [P8724:T17744] [phase=present] [hook=present] [present] rendering context updated
#5919 [2026-09-17 23:40:16.102] [DEBUG] [P8724:T17744] [phase=present] [hook=present] [present] forwarding to original
#5920 [2026-09-17 23:40:16.123] [DEBUG] [P8724:T17744] [phase=present] [hook=present] [present] begin swap_chain=0x0000026A946CF720 sync=0 flags=0x200 ready=1
#6021 [2026-09-17 23:40:16.143] [DEBUG] [P8724:T17744] [phase=present] [hook=present] [present] rendering context updated
#6022 [2026-09-17 23:40:16.162] [DEBUG] [P8724:T17744] [phase=present] [hook=present] [present] forwarding to original
#6023 [2026-09-17 23:40:16.181] [DEBUG] [P8724:T17744] [phase=present] [hook=present] [present] begin swap_chain=0x0000026A946CF720 sync=0 flags=0x200 ready=1
#6108 [2026-09-17 23:40:16.199] [DEBUG] [P8724:T17744] [phase=present] [hook=present] [present] rendering context updated
#6109 [2026-09-17 23:40:16.218] [DEBUG] [P8724:T17744] [phase=present] [hook=present] [present] forwarding to original
#6110 [2026-09-17 23:40:16.237] [DEBUG] [P8724:T17744] [phase=present] [hook=present] [present] begin swap_chain=0x0000026A946CF720 sync=0 flags=0x200 ready=1
#6187 [2026-09-17 23:40:16.255] [DEBUG] [P8724:T17744] [phase=present] [hook=present] [present] rendering context updated
#6188 [2026-09-17 23:40:16.273] [DEBUG] [P8724:T17744] [phase=present] [hook=present] [present] forwarding to original
#6189 [2026-09-17 23:40:16.294] [DEBUG] [P8724:T17744] [phase=present] [hook=present] [present] begin swap_chain=0x0000026A946CF720 sync=0 flags=0x200 ready=1
#6274 [2026-09-17 23:40:16.313] [DEBUG] [P8724:T17744] [phase=present] [hook=present] [present] rendering context updated
#6275 [2026-09-17 23:40:16.332] [DEBUG] [P8724:T17744] [phase=present] [hook=present] [present] forwarding to original
#6276 [2026-09-17 23:40:16.352] [DEBUG] [P8724:T17744] [phase=present] [hook=present] [present] begin swap_chain=0x0000026A946CF720 sync=0 flags=0x200 ready=1
#6361 [2026-09-17 23:40:16.370] [DEBUG] [P8724:T17744] [phase=present] [hook=present] [present] rendering context updated
#6362 [2026-09-17 23:40:16.389] [DEBUG] [P8724:T17744] [phase=present] [hook=present] [present] forwarding to original
#6363 [2026-09-17 23:40:16.407] [DEBUG] [P8724:T17744] [phase=present] [hook=present] [present] begin swap_chain=0x0000026A946CF720 sync=0 flags=0x200 ready=1
#6440 [2026-09-17 23:40:16.426] [DEBUG] [P8724:T17744] [phase=render: present] [hook=present] render frame begin index=120 swap_chain=0x0000026A946CF720 initialized=true
#6441 [2026-09-17 23:40:16.445] [DEBUG] [P8724:T17744] [phase=render: ImGui submit] [hook=present] render frame end index=120 gameplay_ready=true menu_open=false
#6442 [2026-09-17 23:40:16.463] [DEBUG] [P8724:T17744] [phase=present] [hook=present] [present] rendering context updated
#6443 [2026-09-17 23:40:16.481] [DEBUG] [P8724:T17744] [phase=present] [hook=present] [present] forwarding to original
#6444 [2026-09-17 23:40:16.500] [DEBUG] [P8724:T17744] [phase=present] [hook=present] [present] begin swap_chain=0x0000026A946CF720 sync=0 flags=0x200 ready=1
#6545 [2026-09-17 23:40:16.518] [DEBUG] [P8724:T17744] [phase=present] [hook=present] [present] rendering context updated
#6546 [2026-09-17 23:40:16.538] [DEBUG] [P8724:T17744] [phase=present] [hook=present] [present] forwarding to original
#6547 [2026-09-17 23:40:16.558] [DEBUG] [P8724:T17744] [phase=present] [hook=present] [present] begin swap_chain=0x0000026A946CF720 sync=0 flags=0x200 ready=1
#6634 [2026-09-17 23:40:16.577] [DEBUG] [P8724:T17744] [phase=present] [hook=present] [present] rendering context updated
#6635 [2026-09-17 23:40:16.595] [DEBUG] [P8724:T17744] [phase=present] [hook=present] [present] forwarding to original
#6636 [2026-09-17 23:40:16.614] [DEBUG] [P8724:T17744] [phase=present] [hook=present] [present] begin swap_chain=0x0000026A946CF720 sync=0 flags=0x200 ready=1
#6713 [2026-09-17 23:40:16.632] [DEBUG] [P8724:T17744] [phase=present] [hook=present] [present] rendering context updated
#6714 [2026-09-17 23:40:16.651] [DEBUG] [P8724:T17744] [phase=present] [hook=present] [present] forwarding to original
#6715 [2026-09-17 23:40:16.671] [DEBUG] [P8724:T17744] [phase=present] [hook=present] [present] begin swap_chain=0x0000026A946CF720 sync=0 flags=0x200 ready=1
#6800 [2026-09-17 23:40:16.690] [DEBUG] [P8724:T17744] [phase=present] [hook=present] [present] rendering context updated
#6801 [2026-09-17 23:40:16.709] [DEBUG] [P8724:T17744] [phase=present] [hook=present] [present] forwarding to original
#6802 [2026-09-17 23:40:16.728] [DEBUG] [P8724:T17744] [phase=present] [hook=present] [present] begin swap_chain=0x0000026A946CF720 sync=0 flags=0x200 ready=1
#6887 [2026-09-17 23:40:16.746] [DEBUG] [P8724:T17744] [phase=present] [hook=present] [present] rendering context updated
#6888 [2026-09-17 23:40:16.765] [DEBUG] [P8724:T17744] [phase=present] [hook=present] [present] forwarding to original
#6889 [2026-09-17 23:40:16.784] [DEBUG] [P8724:T17744] [phase=present] [hook=present] [present] begin swap_chain=0x0000026A946CF720 sync=0 flags=0x200 ready=1
#6966 [2026-09-17 23:40:16.803] [DEBUG] [P8724:T17744] [phase=present] [hook=present] [present] rendering context updated
#6967 [2026-09-17 23:40:16.822] [DEBUG] [P8724:T17744] [phase=present] [hook=present] [present] forwarding to original
#6968 [2026-09-17 23:40:16.841] [DEBUG] [P8724:T17744] [phase=present] [hook=present] [present] begin swap_chain=0x0000026A946CF720 sync=0 flags=0x200 ready=1
#7053 [2026-09-17 23:40:16.861] [DEBUG] [P8724:T17744] [phase=present] [hook=present] [present] rendering context updated
#7054 [2026-09-17 23:40:16.880] [DEBUG] [P8724:T17744] [phase=present] [hook=present] [present] forwarding to original
#7055 [2026-09-17 23:40:16.899] [DEBUG] [P8724:T17744] [phase=present] [hook=present] [present] begin swap_chain=0x0000026A946CF720 sync=0 flags=0x200 ready=1
#7140 [2026-09-17 23:40:16.918] [DEBUG] [P8724:T17744] [phase=present] [hook=present] [present] rendering context updated
#7141 [2026-09-17 23:40:16.952] [DEBUG] [P8724:T17744] [phase=present] [hook=present] [present] forwarding to original
#7142 [2026-09-17 23:40:16.973] [DEBUG] [P8724:T17744] [phase=present] [hook=present] [present] begin swap_chain=0x0000026A946CF720 sync=0 flags=0x200 ready=1
#7229 [2026-09-17 23:40:16.992] [DEBUG] [P8724:T17744] [phase=present] [hook=present] [present] rendering context updated
#7236 [2026-09-17 23:40:17.010] [DEBUG] [P8724:T17744] [phase=present] [hook=present] [present] forwarding to original
#7237 [2026-09-17 23:40:17.031] [DEBUG] [P8724:T14672] [phase=frame_stage_notify] [hook=frame_stage_notify] [frame_stage] begin stage=0 this=0x00007FF9971873C0
#7241 [2026-09-17 23:40:17.049] [DEBUG] [P8724:T14672] [phase=frame_stage_notify] [hook=frame_stage_notify] [frame_stage] original begin
#7242 [2026-09-17 23:40:17.067] [DEBUG] [P8724:T14672] [phase=frame_stage_notify] [hook=frame_stage_notify] [frame_stage] original end
#7243 [2026-09-17 23:40:17.085] [DEBUG] [P8724:T14672] [phase=frame_stage_notify] [hook=frame_stage_notify] [frame_stage] end stage=0
#7244 [2026-09-17 23:40:17.104] [DEBUG] [P8724:T14672] [phase=frame_stage_notify] [hook=frame_stage_notify] [frame_stage] begin stage=11 this=0x00007FF9971873C0
#7245 [2026-09-17 23:40:17.122] [DEBUG] [P8724:T14672] [phase=frame_stage_notify] [hook=frame_stage_notify] [frame_stage] original begin
#7246 [2026-09-17 23:40:17.141] [DEBUG] [P8724:T14672] [phase=frame_stage_notify] [hook=frame_stage_notify] [frame_stage] original end
#7247 [2026-09-17 23:40:17.159] [DEBUG] [P8724:T14672] [phase=frame_stage_notify] [hook=frame_stage_notify] [frame_stage] end stage=11
#7248 [2026-09-17 23:40:17.177] [DEBUG] [P8724:T14672] [phase=frame_stage_notify] [hook=frame_stage_notify] [frame_stage] begin stage=0 this=0x00007FF9971873C0
#7249 [2026-09-17 23:40:17.195] [DEBUG] [P8724:T14672] [phase=frame_stage_notify] [hook=frame_stage_notify] [frame_stage] original begin
#7250 [2026-09-17 23:40:17.213] [DEBUG] [P8724:T14672] [phase=frame_stage_notify] [hook=frame_stage_notify] [frame_stage] original end
#7251 [2026-09-17 23:40:17.232] [DEBUG] [P8724:T14672] [phase=frame_stage_notify] [hook=frame_stage_notify] [frame_stage] end stage=0
#7252 [2026-09-17 23:40:17.250] [DEBUG] [P8724:T14672] [phase=frame_stage_notify] [hook=frame_stage_notify] [frame_stage] begin stage=11 this=0x00007FF9971873C0
#7253 [2026-09-17 23:40:17.269] [DEBUG] [P8724:T14672] [phase=frame_stage_notify] [hook=frame_stage_notify] [frame_stage] original begin
#7254 [2026-09-17 23:40:17.287] [DEBUG] [P8724:T14672] [phase=frame_stage_notify] [hook=frame_stage_notify] [frame_stage] original end
#7255 [2026-09-17 23:40:17.305] [DEBUG] [P8724:T14672] [phase=frame_stage_notify] [hook=frame_stage_notify] [frame_stage] end stage=11
#7256 [2026-09-17 23:40:17.323] [DEBUG] [P8724:T14672] [phase=frame_stage_notify] [hook=frame_stage_notify] [frame_stage] begin stage=0 this=0x00007FF9971873C0
#7257 [2026-09-17 23:40:17.341] [DEBUG] [P8724:T14672] [phase=frame_stage_notify] [hook=frame_stage_notify] [frame_stage] original begin
#7258 [2026-09-17 23:40:17.360] [DEBUG] [P8724:T14672] [phase=frame_stage_notify] [hook=frame_stage_notify] [frame_stage] original end
#7259 [2026-09-17 23:40:17.378] [DEBUG] [P8724:T14672] [phase=frame_stage_notify] [hook=frame_stage_notify] [frame_stage] end stage=0
#7260 [2026-09-17 23:40:17.397] [DEBUG] [P8724:T14672] [phase=frame_stage_notify] [hook=frame_stage_notify] [frame_stage] begin stage=10 this=0x00007FF9971873C0
#7261 [2026-09-17 23:40:17.415] [DEBUG] [P8724:T14672] [phase=frame_stage_notify] [hook=frame_stage_notify] [frame_stage] original begin
#7262 [2026-09-17 23:40:17.433] [DEBUG] [P8724:T14672] [phase=frame_stage_notify] [hook=frame_stage_notify] [frame_stage] original end
#7263 [2026-09-17 23:40:17.452] [DEBUG] [P8724:T14672] [phase=frame_stage_notify] [hook=frame_stage_notify] [frame_stage] end stage=10
#7264 [2026-09-17 23:40:17.471] [DEBUG] [P8724:T14672] [phase=frame_stage_notify] [hook=frame_stage_notify] [frame_stage] begin stage=11 this=0x00007FF9971873C0
#7265 [2026-09-17 23:40:17.489] [DEBUG] [P8724:T14672] [phase=frame_stage_notify] [hook=frame_stage_notify] [frame_stage] original begin
#7266 [2026-09-17 23:40:17.507] [DEBUG] [P8724:T14672] [phase=frame_stage_notify] [hook=frame_stage_notify] [frame_stage] original end
#7267 [2026-09-17 23:40:17.526] [DEBUG] [P8724:T14672] [phase=frame_stage_notify] [hook=frame_stage_notify] [frame_stage] end stage=11
#7268 [2026-09-17 23:40:17.545] [DEBUG] [P8724:T14672] [phase=frame_stage_notify] [hook=frame_stage_notify] [frame_stage] begin stage=1 this=0x00007FF9971873C0
#7269 [2026-09-17 23:40:17.563] [DEBUG] [P8724:T14672] [phase=frame_stage_notify] [hook=frame_stage_notify] [frame_stage] original begin
#7270 [2026-09-17 23:40:17.581] [DEBUG] [P8724:T14672] [phase=frame_stage_notify] [hook=frame_stage_notify] [frame_stage] original end
#7271 [2026-09-17 23:40:17.600] [DEBUG] [P8724:T14672] [phase=frame_stage_notify] [hook=frame_stage_notify] [frame_stage] end stage=1
#7272 [2026-09-17 23:40:17.619] [DEBUG] [P8724:T14672] [phase=frame_stage_notify] [hook=frame_stage_notify] [frame_stage] begin stage=2 this=0x00007FF9971873C0
#7273 [2026-09-17 23:40:17.637] [DEBUG] [P8724:T14672] [phase=frame_stage_notify] [hook=frame_stage_notify] [frame_stage] original begin
#7274 [2026-09-17 23:40:17.655] [DEBUG] [P8724:T14672] [phase=frame_stage_notify] [hook=frame_stage_notify] [frame_stage] original end
#7275 [2026-09-17 23:40:17.673] [DEBUG] [P8724:T14672] [phase=frame_stage_notify] [hook=frame_stage_notify] [frame_stage] end stage=2
#7276 [2026-09-17 23:40:17.692] [DEBUG] [P8724:T14672] [phase=frame_stage_notify] [hook=frame_stage_notify] [frame_stage] begin stage=5 this=0x00007FF9971873C0
#7277 [2026-09-17 23:40:17.710] [DEBUG] [P8724:T14672] [phase=frame_stage_notify] [hook=frame_stage_notify] [frame_stage] original begin
#7278 [2026-09-17 23:40:17.729] [DEBUG] [P8724:T14672] [phase=frame_stage_notify] [hook=frame_stage_notify] [frame_stage] original end
#7279 [2026-09-17 23:40:17.748] [DEBUG] [P8724:T14672] [phase=frame_stage_notify] [hook=frame_stage_notify] [frame_stage] end stage=5
#7280 [2026-09-17 23:40:17.766] [DEBUG] [P8724:T14672] [phase=frame_stage_notify] [hook=frame_stage_notify] [frame_stage] begin stage=6 this=0x00007FF9971873C0
#7281 [2026-09-17 23:40:17.785] [DEBUG] [P8724:T14672] [phase=frame_stage_notify] [hook=frame_stage_notify] [frame_stage] guns begin
#7282 [2026-09-17 23:40:17.803] [DEBUG] [P8724:T14672] [phase=frame_stage_notify] [hook=frame_stage_notify] [frame_stage] guns end
#7283 [2026-09-17 23:40:17.823] [DEBUG] [P8724:T14672] [phase=frame_stage_notify] [hook=frame_stage_notify] [frame_stage] dlight begin
#7284 [2026-09-17 23:40:17.841] [DEBUG] [P8724:T14672] [phase=frame_stage_notify] [hook=frame_stage_notify] [frame_stage] dlight end
#7285 [2026-09-17 23:40:17.859] [DEBUG] [P8724:T14672] [phase=frame_stage_notify] [hook=frame_stage_notify] [frame_stage] original begin
#7286 [2026-09-17 23:40:17.877] [DEBUG] [P8724:T14672] [phase=frame_stage_notify] [hook=frame_stage_notify] [frame_stage] original end
#7287 [2026-09-17 23:40:17.895] [DEBUG] [P8724:T14672] [phase=frame_stage_notify] [hook=frame_stage_notify] [frame_stage] post-network feature updates begin
#7288 [2026-09-17 23:40:17.914] [DEBUG] [P8724:T14672] [phase=frame_stage_notify] [hook=frame_stage_notify] [frame_stage] post-network feature updates end
#7289 [2026-09-17 23:40:17.932] [DEBUG] [P8724:T14672] [phase=frame_stage_notify] [hook=frame_stage_notify] [frame_stage] end stage=6
#7290 [2026-09-17 23:40:17.950] [DEBUG] [P8724:T14672] [phase=frame_stage_notify] [hook=frame_stage_notify] [frame_stage] begin stage=7 this=0x00007FF9971873C0
#7291 [2026-09-17 23:40:17.986] [DEBUG] [P8724:T14672] [phase=frame_stage_notify] [hook=frame_stage_notify] [frame_stage] agents begin
#7292 [2026-09-17 23:40:18.005] [DEBUG] [P8724:T14672] [phase=frame_stage_notify] [hook=frame_stage_notify] [frame_stage] agents end; gloves begin
#7293 [2026-09-17 23:40:18.023] [DEBUG] [P8724:T14672] [phase=frame_stage_notify] [hook=frame_stage_notify] [frame_stage] gloves end; knives begin
#7294 [2026-09-17 23:40:18.041] [DEBUG] [P8724:T14672] [phase=frame_stage_notify] [hook=frame_stage_notify] [frame_stage] knives end; world begin
#7295 [2026-09-17 23:40:18.060] [DEBUG] [P8724:T14672] [phase=frame_stage_notify] [hook=frame_stage_notify] [frame_stage] scene end; weather begin
#7296 [2026-09-17 23:40:18.078] [DEBUG] [P8724:T14672] [phase=frame_stage_notify] [hook=frame_stage_notify] [frame_stage] weather end; other begin
#7297 [2026-09-17 23:40:18.096] [DEBUG] [P8724:T14672] [phase=frame_stage_notify] [hook=frame_stage_notify] [frame_stage] other end; impacts begin
#7298 [2026-09-17 23:40:18.115] [DEBUG] [P8724:T14672] [phase=frame_stage_notify] [hook=frame_stage_notify] [frame_stage] impacts end
#7299 [2026-09-17 23:40:18.133] [DEBUG] [P8724:T14672] [phase=frame_stage_notify] [hook=frame_stage_notify] [frame_stage] original begin
#7300 [2026-09-17 23:40:18.152] [DEBUG] [P8724:T14672] [phase=frame_stage_notify] [hook=frame_stage_notify] [frame_stage] original end
#7301 [2026-09-17 23:40:18.171] [DEBUG] [P8724:T14672] [phase=frame_stage_notify] [hook=frame_stage_notify] [frame_stage] end stage=7
#7302 [2026-09-17 23:40:18.189] [DEBUG] [P8724:T14672] [phase=frame_stage_notify] [hook=frame_stage_notify] [frame_stage] begin stage=8 this=0x00007FF9971873C0
#7303 [2026-09-17 23:40:18.207] [DEBUG] [P8724:T14672] [phase=frame_stage_notify] [hook=frame_stage_notify] [frame_stage] original begin
#7304 [2026-09-17 23:40:18.225] [DEBUG] [P8724:T14672] [phase=frame_stage_notify] [hook=frame_stage_notify] [frame_stage] original end
#7305 [2026-09-17 23:40:18.244] [DEBUG] [P8724:T14672] [phase=frame_stage_notify] [hook=frame_stage_notify] [frame_stage] end stage=8
#7306 [2026-09-17 23:40:18.261] [DEBUG] [P8724:T14672] [phase=frame_stage_notify] [hook=frame_stage_notify] [frame_stage] begin stage=3 this=0x00007FF9971873C0
#7307 [2026-09-17 23:40:18.280] [DEBUG] [P8724:T14672] [phase=frame_stage_notify] [hook=frame_stage_notify] [frame_stage] original begin
#7308 [2026-09-17 23:40:18.298] [DEBUG] [P8724:T14672] [phase=frame_stage_notify] [hook=frame_stage_notify] [frame_stage] original end
#7309 [2026-09-17 23:40:18.316] [DEBUG] [P8724:T14672] [phase=frame_stage_notify] [hook=frame_stage_notify] [frame_stage] end stage=3
#7310 [2026-09-17 23:40:18.334] [DEBUG] [P8724:T14672] [phase=frame_stage_notify] [hook=frame_stage_notify] [frame_stage] begin stage=12 this=0x00007FF9971873C0
#7311 [2026-09-17 23:40:18.353] [DEBUG] [P8724:T14672] [phase=frame_stage_notify] [hook=frame_stage_notify] [frame_stage] original begin
#7312 [2026-09-17 23:40:18.371] [DEBUG] [P8724:T14672] [phase=frame_stage_notify] [hook=frame_stage_notify] [frame_stage] original end
#7313 [2026-09-17 23:40:18.389] [DEBUG] [P8724:T14672] [phase=frame_stage_notify] [hook=frame_stage_notify] [frame_stage] view/frame-data update begin
#7314 [2026-09-17 23:40:18.407] [DEBUG] [P8724:T14672] [phase=frame_stage_notify] [hook=frame_stage_notify] [frame_stage] view/frame-data update end
#7315 [2026-09-17 23:40:18.425] [DEBUG] [P8724:T14672] [phase=frame_stage_notify] [hook=frame_stage_notify] [frame_stage] end stage=12
#7316 [2026-09-17 23:40:18.445] [DEBUG] [P8724:T17744] [phase=present] [hook=present] [present] begin swap_chain=0x0000026A946CF720 sync=0 flags=0x200 ready=1
#7417 [2026-09-17 23:40:18.465] [DEBUG] [P8724:T17744] [phase=present] [hook=present] [present] rendering context updated
#7418 [2026-09-17 23:40:18.483] [DEBUG] [P8724:T17744] [phase=present] [hook=present] [present] forwarding to original
#7419 [2026-09-17 23:40:18.503] [DEBUG] [P8724:T17744] [phase=present] [hook=present] [present] begin swap_chain=0x0000026A946CF720 sync=0 flags=0x200 ready=1
#7504 [2026-09-17 23:40:18.522] [DEBUG] [P8724:T17744] [phase=present] [hook=present] [present] rendering context updated
#7505 [2026-09-17 23:40:18.540] [DEBUG] [P8724:T17744] [phase=present] [hook=present] [present] forwarding to original
#7506 [2026-09-17 23:40:18.559] [DEBUG] [P8724:T17744] [phase=present] [hook=present] [present] begin swap_chain=0x0000026A946CF720 sync=0 flags=0x200 ready=1
#7583 [2026-09-17 23:40:18.578] [DEBUG] [P8724:T17744] [phase=present] [hook=present] [present] rendering context updated
#7584 [2026-09-17 23:40:18.597] [DEBUG] [P8724:T17744] [phase=present] [hook=present] [present] forwarding to original
#7585 [2026-09-17 23:40:18.616] [DEBUG] [P8724:T17744] [phase=present] [hook=present] [present] begin swap_chain=0x0000026A946CF720 sync=0 flags=0x200 ready=1
#7670 [2026-09-17 23:40:18.635] [DEBUG] [P8724:T17744] [phase=present] [hook=present] [present] rendering context updated
#7671 [2026-09-17 23:40:18.654] [DEBUG] [P8724:T17744] [phase=present] [hook=present] [present] forwarding to original
#7672 [2026-09-17 23:40:18.674] [DEBUG] [P8724:T17744] [phase=present] [hook=present] [present] begin swap_chain=0x0000026A946CF720 sync=0 flags=0x200 ready=1
#7757 [2026-09-17 23:40:18.694] [DEBUG] [P8724:T17744] [phase=present] [hook=present] [present] rendering context updated
#7758 [2026-09-17 23:40:18.712] [DEBUG] [P8724:T17744] [phase=present] [hook=present] [present] forwarding to original
#7759 [2026-09-17 23:40:18.731] [DEBUG] [P8724:T17744] [phase=present] [hook=present] [present] begin swap_chain=0x0000026A946CF720 sync=0 flags=0x200 ready=1
#7846 [2026-09-17 23:40:18.751] [DEBUG] [P8724:T17744] [phase=present] [hook=present] [present] rendering context updated
#7847 [2026-09-17 23:40:18.769] [DEBUG] [P8724:T17744] [phase=present] [hook=present] [present] forwarding to original
#7848 [2026-09-17 23:40:18.788] [DEBUG] [P8724:T17744] [phase=present] [hook=present] [present] begin swap_chain=0x0000026A946CF720 sync=0 flags=0x200 ready=1
#7925 [2026-09-17 23:40:18.806] [DEBUG] [P8724:T17744] [phase=present] [hook=present] [present] rendering context updated
#7926 [2026-09-17 23:40:18.825] [DEBUG] [P8724:T17744] [phase=present] [hook=present] [present] forwarding to original
#7927 [2026-09-17 23:40:18.845] [DEBUG] [P8724:T17744] [phase=present] [hook=present] [present] begin swap_chain=0x0000026A946CF720 sync=0 flags=0x200 ready=1
#8012 [2026-09-17 23:40:18.864] [DEBUG] [P8724:T17744] [phase=present] [hook=present] [present] rendering context updated
#8013 [2026-09-17 23:40:18.882] [DEBUG] [P8724:T17744] [phase=present] [hook=present] [present] forwarding to original
#8014 [2026-09-17 23:40:18.901] [DEBUG] [P8724:T17744] [phase=present] [hook=present] [present] begin swap_chain=0x0000026A946CF720 sync=0 flags=0x200 ready=1
#8091 [2026-09-17 23:40:18.920] [DEBUG] [P8724:T17744] [phase=present] [hook=present] [present] rendering context updated
#8092 [2026-09-17 23:40:18.939] [DEBUG] [P8724:T17744] [phase=present] [hook=present] [present] forwarding to original
#8093 [2026-09-17 23:40:18.958] [DEBUG] [P8724:T17744] [phase=present] [hook=present] [present] begin swap_chain=0x0000026A946CF720 sync=0 flags=0x200 ready=1
#8179 [2026-09-17 23:40:18.994] [DEBUG] [P8724:T17744] [phase=present] [hook=present] [present] rendering context updated
#8180 [2026-09-17 23:40:19.048] [DEBUG] [P8724:T17744] [phase=present] [hook=present] [present] forwarding to original
#8181 [2026-09-17 23:40:19.069] [DEBUG] [P8724:T14672] [phase=frame_stage_notify] [hook=frame_stage_notify] [frame_stage] begin stage=0 this=0x00007FF9971873C0
#8185 [2026-09-17 23:40:19.088] [DEBUG] [P8724:T14672] [phase=frame_stage_notify] [hook=frame_stage_notify] [frame_stage] original begin
#8186 [2026-09-17 23:40:19.106] [DEBUG] [P8724:T14672] [phase=frame_stage_notify] [hook=frame_stage_notify] [frame_stage] original end
#8187 [2026-09-17 23:40:19.124] [DEBUG] [P8724:T14672] [phase=frame_stage_notify] [hook=frame_stage_notify] [frame_stage] end stage=0
#8188 [2026-09-17 23:40:19.143] [DEBUG] [P8724:T14672] [phase=frame_stage_notify] [hook=frame_stage_notify] [frame_stage] begin stage=11 this=0x00007FF9971873C0
#8189 [2026-09-17 23:40:19.162] [DEBUG] [P8724:T14672] [phase=frame_stage_notify] [hook=frame_stage_notify] [frame_stage] original begin
#8190 [2026-09-17 23:40:19.180] [DEBUG] [P8724:T14672] [phase=frame_stage_notify] [hook=frame_stage_notify] [frame_stage] original end
#8191 [2026-09-17 23:40:19.198] [DEBUG] [P8724:T14672] [phase=frame_stage_notify] [hook=frame_stage_notify] [frame_stage] end stage=11
#8192 [2026-09-17 23:40:19.217] [DEBUG] [P8724:T14672] [phase=frame_stage_notify] [hook=frame_stage_notify] [frame_stage] begin stage=0 this=0x00007FF9971873C0
#8193 [2026-09-17 23:40:19.236] [DEBUG] [P8724:T14672] [phase=frame_stage_notify] [hook=frame_stage_notify] [frame_stage] original begin
#8194 [2026-09-17 23:40:19.254] [DEBUG] [P8724:T14672] [phase=frame_stage_notify] [hook=frame_stage_notify] [frame_stage] original end
#8195 [2026-09-17 23:40:19.272] [DEBUG] [P8724:T14672] [phase=frame_stage_notify] [hook=frame_stage_notify] [frame_stage] end stage=0
#8196 [2026-09-17 23:40:19.291] [DEBUG] [P8724:T14672] [phase=frame_stage_notify] [hook=frame_stage_notify] [frame_stage] begin stage=11 this=0x00007FF9971873C0
#8197 [2026-09-17 23:40:19.309] [DEBUG] [P8724:T14672] [phase=frame_stage_notify] [hook=frame_stage_notify] [frame_stage] original begin
#8198 [2026-09-17 23:40:19.328] [DEBUG] [P8724:T14672] [phase=frame_stage_notify] [hook=frame_stage_notify] [frame_stage] original end
#8199 [2026-09-17 23:40:19.347] [DEBUG] [P8724:T14672] [phase=frame_stage_notify] [hook=frame_stage_notify] [frame_stage] end stage=11
#8200 [2026-09-17 23:40:19.366] [DEBUG] [P8724:T14672] [phase=frame_stage_notify] [hook=frame_stage_notify] [frame_stage] begin stage=0 this=0x00007FF9971873C0
#8201 [2026-09-17 23:40:19.385] [DEBUG] [P8724:T14672] [phase=frame_stage_notify] [hook=frame_stage_notify] [frame_stage] original begin
#8202 [2026-09-17 23:40:19.403] [DEBUG] [P8724:T14672] [phase=frame_stage_notify] [hook=frame_stage_notify] [frame_stage] original end
#8203 [2026-09-17 23:40:19.422] [DEBUG] [P8724:T14672] [phase=frame_stage_notify] [hook=frame_stage_notify] [frame_stage] end stage=0
#8204 [2026-09-17 23:40:19.441] [DEBUG] [P8724:T14672] [phase=frame_stage_notify] [hook=frame_stage_notify] [frame_stage] begin stage=11 this=0x00007FF9971873C0
#8205 [2026-09-17 23:40:19.461] [DEBUG] [P8724:T14672] [phase=frame_stage_notify] [hook=frame_stage_notify] [frame_stage] original begin
#8206 [2026-09-17 23:40:19.479] [DEBUG] [P8724:T14672] [phase=frame_stage_notify] [hook=frame_stage_notify] [frame_stage] original end
#8207 [2026-09-17 23:40:19.497] [DEBUG] [P8724:T14672] [phase=frame_stage_notify] [hook=frame_stage_notify] [frame_stage] end stage=11
#8208 [2026-09-17 23:40:19.516] [DEBUG] [P8724:T14672] [phase=frame_stage_notify] [hook=frame_stage_notify] [frame_stage] begin stage=0 this=0x00007FF9971873C0
#8209 [2026-09-17 23:40:19.534] [DEBUG] [P8724:T14672] [phase=frame_stage_notify] [hook=frame_stage_notify] [frame_stage] original begin
#8210 [2026-09-17 23:40:19.552] [DEBUG] [P8724:T14672] [phase=frame_stage_notify] [hook=frame_stage_notify] [frame_stage] original end
#8211 [2026-09-17 23:40:19.570] [DEBUG] [P8724:T14672] [phase=frame_stage_notify] [hook=frame_stage_notify] [frame_stage] end stage=0
#8212 [2026-09-17 23:40:19.589] [DEBUG] [P8724:T14672] [phase=frame_stage_notify] [hook=frame_stage_notify] [frame_stage] begin stage=11 this=0x00007FF9971873C0
#8213 [2026-09-17 23:40:19.608] [DEBUG] [P8724:T14672] [phase=frame_stage_notify] [hook=frame_stage_notify] [frame_stage] original begin
#8214 [2026-09-17 23:40:19.627] [DEBUG] [P8724:T14672] [phase=frame_stage_notify] [hook=frame_stage_notify] [frame_stage] original end
#8215 [2026-09-17 23:40:19.662] [DEBUG] [P8724:T14672] [phase=frame_stage_notify] [hook=frame_stage_notify] [frame_stage] end stage=11
#8216 [2026-09-17 23:40:19.682] [DEBUG] [P8724:T14672] [phase=frame_stage_notify] [hook=frame_stage_notify] [frame_stage] begin stage=0 this=0x00007FF9971873C0
#8217 [2026-09-17 23:40:19.700] [DEBUG] [P8724:T14672] [phase=frame_stage_notify] [hook=frame_stage_notify] [frame_stage] original begin
#8218 [2026-09-17 23:40:19.719] [DEBUG] [P8724:T14672] [phase=frame_stage_notify] [hook=frame_stage_notify] [frame_stage] original end
#8219 [2026-09-17 23:40:19.737] [DEBUG] [P8724:T14672] [phase=frame_stage_notify] [hook=frame_stage_notify] [frame_stage] end stage=0
#8220 [2026-09-17 23:40:19.755] [DEBUG] [P8724:T14672] [phase=frame_stage_notify] [hook=frame_stage_notify] [frame_stage] begin stage=11 this=0x00007FF9971873C0
#8221 [2026-09-17 23:40:19.774] [DEBUG] [P8724:T14672] [phase=frame_stage_notify] [hook=frame_stage_notify] [frame_stage] original begin
#8222 [2026-09-17 23:40:19.793] [DEBUG] [P8724:T14672] [phase=frame_stage_notify] [hook=frame_stage_notify] [frame_stage] original end
#8223 [2026-09-17 23:40:19.811] [DEBUG] [P8724:T14672] [phase=frame_stage_notify] [hook=frame_stage_notify] [frame_stage] end stage=11
#8224 [2026-09-17 23:40:19.829] [DEBUG] [P8724:T14672] [phase=frame_stage_notify] [hook=frame_stage_notify] [frame_stage] begin stage=0 this=0x00007FF9971873C0
#8225 [2026-09-17 23:40:19.848] [DEBUG] [P8724:T14672] [phase=frame_stage_notify] [hook=frame_stage_notify] [frame_stage] original begin
#8226 [2026-09-17 23:40:19.867] [DEBUG] [P8724:T14672] [phase=frame_stage_notify] [hook=frame_stage_notify] [frame_stage] original end
#8227 [2026-09-17 23:40:19.885] [DEBUG] [P8724:T14672] [phase=frame_stage_notify] [hook=frame_stage_notify] [frame_stage] end stage=0
#8228 [2026-09-17 23:40:19.904] [DEBUG] [P8724:T14672] [phase=frame_stage_notify] [hook=frame_stage_notify] [frame_stage] begin stage=10 this=0x00007FF9971873C0
#8229 [2026-09-17 23:40:19.922] [DEBUG] [P8724:T14672] [phase=frame_stage_notify] [hook=frame_stage_notify] [frame_stage] original begin
#8230 [2026-09-17 23:40:19.940] [DEBUG] [P8724:T14672] [phase=frame_stage_notify] [hook=frame_stage_notify] [frame_stage] original end
#8231 [2026-09-17 23:40:19.983] [DEBUG] [P8724:T14672] [phase=frame_stage_notify] [hook=frame_stage_notify] [frame_stage] end stage=10
#8232 [2026-09-17 23:40:20.019] [DEBUG] [P8724:T14672] [phase=frame_stage_notify] [hook=frame_stage_notify] [frame_stage] begin stage=11 this=0x00007FF9971873C0
#8233 [2026-09-17 23:40:20.055] [DEBUG] [P8724:T14672] [phase=frame_stage_notify] [hook=frame_stage_notify] [frame_stage] original begin
#8234 [2026-09-17 23:40:20.092] [DEBUG] [P8724:T14672] [phase=frame_stage_notify] [hook=frame_stage_notify] [frame_stage] original end
#8235 [2026-09-17 23:40:20.130] [DEBUG] [P8724:T14672] [phase=frame_stage_notify] [hook=frame_stage_notify] [frame_stage] end stage=11
#8236 [2026-09-17 23:40:20.165] [DEBUG] [P8724:T14672] [phase=frame_stage_notify] [hook=frame_stage_notify] [frame_stage] begin stage=1 this=0x00007FF9971873C0
#8237 [2026-09-17 23:40:20.184] [DEBUG] [P8724:T14672] [phase=frame_stage_notify] [hook=frame_stage_notify] [frame_stage] original begin
#8238 [2026-09-17 23:40:20.202] [DEBUG] [P8724:T14672] [phase=frame_stage_notify] [hook=frame_stage_notify] [frame_stage] original end
#8239 [2026-09-17 23:40:20.220] [DEBUG] [P8724:T14672] [phase=frame_stage_notify] [hook=frame_stage_notify] [frame_stage] end stage=1
#8240 [2026-09-17 23:40:20.239] [DEBUG] [P8724:T14672] [phase=frame_stage_notify] [hook=frame_stage_notify] [frame_stage] begin stage=2 this=0x00007FF9971873C0
#8241 [2026-09-17 23:40:20.258] [DEBUG] [P8724:T14672] [phase=frame_stage_notify] [hook=frame_stage_notify] [frame_stage] original begin
#8242 [2026-09-17 23:40:20.276] [DEBUG] [P8724:T14672] [phase=frame_stage_notify] [hook=frame_stage_notify] [frame_stage] original end
#8243 [2026-09-17 23:40:20.295] [DEBUG] [P8724:T14672] [phase=frame_stage_notify] [hook=frame_stage_notify] [frame_stage] end stage=2
#8244 [2026-09-17 23:40:20.313] [DEBUG] [P8724:T14672] [phase=frame_stage_notify] [hook=frame_stage_notify] [frame_stage] begin stage=5 this=0x00007FF9971873C0
#8245 [2026-09-17 23:40:20.331] [DEBUG] [P8724:T14672] [phase=frame_stage_notify] [hook=frame_stage_notify] [frame_stage] original begin
#8246 [2026-09-17 23:40:20.349] [DEBUG] [P8724:T14672] [phase=frame_stage_notify] [hook=frame_stage_notify] [frame_stage] original end
#8247 [2026-09-17 23:40:20.368] [DEBUG] [P8724:T14672] [phase=frame_stage_notify] [hook=frame_stage_notify] [frame_stage] end stage=5
#8248 [2026-09-17 23:40:20.386] [DEBUG] [P8724:T14672] [phase=frame_stage_notify] [hook=frame_stage_notify] [frame_stage] begin stage=6 this=0x00007FF9971873C0
#8249 [2026-09-17 23:40:20.404] [DEBUG] [P8724:T14672] [phase=frame_stage_notify] [hook=frame_stage_notify] [frame_stage] guns begin
#8250 [2026-09-17 23:40:20.422] [DEBUG] [P8724:T14672] [phase=frame_stage_notify] [hook=frame_stage_notify] [frame_stage] guns end
#8251 [2026-09-17 23:40:20.440] [DEBUG] [P8724:T14672] [phase=frame_stage_notify] [hook=frame_stage_notify] [frame_stage] dlight begin
#8252 [2026-09-17 23:40:20.458] [DEBUG] [P8724:T14672] [phase=frame_stage_notify] [hook=frame_stage_notify] [frame_stage] dlight end
#8253 [2026-09-17 23:40:20.477] [DEBUG] [P8724:T14672] [phase=frame_stage_notify] [hook=frame_stage_notify] [frame_stage] original begin
#8254 [2026-09-17 23:40:20.495] [DEBUG] [P8724:T14672] [phase=frame_stage_notify] [hook=frame_stage_notify] [frame_stage] original end
#8255 [2026-09-17 23:40:20.514] [DEBUG] [P8724:T14672] [phase=frame_stage_notify] [hook=frame_stage_notify] [frame_stage] post-network feature updates begin
#8256 [2026-09-17 23:40:20.532] [DEBUG] [P8724:T14672] [phase=frame_stage_notify] [hook=frame_stage_notify] [frame_stage] post-network feature updates end
#8257 [2026-09-17 23:40:20.550] [DEBUG] [P8724:T14672] [phase=frame_stage_notify] [hook=frame_stage_notify] [frame_stage] end stage=6
#8258 [2026-09-17 23:40:20.568] [DEBUG] [P8724:T14672] [phase=frame_stage_notify] [hook=frame_stage_notify] [frame_stage] begin stage=7 this=0x00007FF9971873C0
#8259 [2026-09-17 23:40:20.587] [DEBUG] [P8724:T14672] [phase=frame_stage_notify] [hook=frame_stage_notify] [frame_stage] agents begin
#8260 [2026-09-17 23:40:20.605] [DEBUG] [P8724:T14672] [phase=frame_stage_notify] [hook=frame_stage_notify] [frame_stage] agents end; gloves begin
#8261 [2026-09-17 23:40:20.623] [DEBUG] [P8724:T14672] [phase=frame_stage_notify] [hook=frame_stage_notify] [frame_stage] gloves end; knives begin
#8262 [2026-09-17 23:40:20.641] [DEBUG] [P8724:T14672] [phase=frame_stage_notify] [hook=frame_stage_notify] [frame_stage] knives end; world begin
#8263 [2026-09-17 23:40:20.660] [DEBUG] [P8724:T14672] [phase=frame_stage_notify] [hook=frame_stage_notify] [frame_stage] scene end; weather begin
#8264 [2026-09-17 23:40:20.679] [DEBUG] [P8724:T14672] [phase=frame_stage_notify] [hook=frame_stage_notify] [frame_stage] weather end; other begin
#8265 [2026-09-17 23:40:20.697] [DEBUG] [P8724:T14672] [phase=frame_stage_notify] [hook=frame_stage_notify] [frame_stage] other end; impacts begin
#8266 [2026-09-17 23:40:20.715] [DEBUG] [P8724:T14672] [phase=frame_stage_notify] [hook=frame_stage_notify] [frame_stage] impacts end
#8267 [2026-09-17 23:40:20.733] [DEBUG] [P8724:T14672] [phase=frame_stage_notify] [hook=frame_stage_notify] [frame_stage] original begin
#8268 [2026-09-17 23:40:20.752] [DEBUG] [P8724:T14672] [phase=frame_stage_notify] [hook=frame_stage_notify] [frame_stage] original end
#8269 [2026-09-17 23:40:20.770] [DEBUG] [P8724:T14672] [phase=frame_stage_notify] [hook=frame_stage_notify] [frame_stage] end stage=7
#8270 [2026-09-17 23:40:20.789] [DEBUG] [P8724:T14672] [phase=frame_stage_notify] [hook=frame_stage_notify] [frame_stage] begin stage=8 this=0x00007FF9971873C0
#8271 [2026-09-17 23:40:20.808] [DEBUG] [P8724:T14672] [phase=frame_stage_notify] [hook=frame_stage_notify] [frame_stage] original begin
#8272 [2026-09-17 23:40:20.826] [DEBUG] [P8724:T14672] [phase=frame_stage_notify] [hook=frame_stage_notify] [frame_stage] original end
#8273 [2026-09-17 23:40:20.845] [DEBUG] [P8724:T14672] [phase=frame_stage_notify] [hook=frame_stage_notify] [frame_stage] end stage=8
#8274 [2026-09-17 23:40:20.864] [DEBUG] [P8724:T14672] [phase=frame_stage_notify] [hook=frame_stage_notify] [frame_stage] begin stage=3 this=0x00007FF9971873C0
#8275 [2026-09-17 23:40:20.882] [DEBUG] [P8724:T14672] [phase=frame_stage_notify] [hook=frame_stage_notify] [frame_stage] original begin
#8276 [2026-09-17 23:40:20.900] [DEBUG] [P8724:T14672] [phase=frame_stage_notify] [hook=frame_stage_notify] [frame_stage] original end
#8277 [2026-09-17 23:40:20.919] [DEBUG] [P8724:T14672] [phase=frame_stage_notify] [hook=frame_stage_notify] [frame_stage] end stage=3
#8278 [2026-09-17 23:40:20.950] [DEBUG] [P8724:T14672] [phase=frame_stage_notify] [hook=frame_stage_notify] [frame_stage] begin stage=12 this=0x00007FF9971873C0
#8279 [2026-09-17 23:40:20.968] [DEBUG] [P8724:T14672] [phase=frame_stage_notify] [hook=frame_stage_notify] [frame_stage] original begin
#8280 [2026-09-17 23:40:20.986] [DEBUG] [P8724:T14672] [phase=frame_stage_notify] [hook=frame_stage_notify] [frame_stage] original end
#8281 [2026-09-17 23:40:21.004] [DEBUG] [P8724:T14672] [phase=frame_stage_notify] [hook=frame_stage_notify] [frame_stage] view/frame-data update begin
#8282 [2026-09-17 23:40:21.022] [DEBUG] [P8724:T14672] [phase=frame_stage_notify] [hook=frame_stage_notify] [frame_stage] view/frame-data update end
#8283 [2026-09-17 23:40:21.040] [DEBUG] [P8724:T14672] [phase=frame_stage_notify] [hook=frame_stage_notify] [frame_stage] end stage=12
#8284 [2026-09-17 23:40:21.064] [DEBUG] [P8724:T14672] [phase=frame_stage_notify] [hook=frame_stage_notify] [frame_stage] begin stage=0 this=0x00007FF9971873C0
#8288 [2026-09-17 23:40:21.082] [DEBUG] [P8724:T14672] [phase=frame_stage_notify] [hook=frame_stage_notify] [frame_stage] original begin
#8289 [2026-09-17 23:40:21.100] [DEBUG] [P8724:T14672] [phase=frame_stage_notify] [hook=frame_stage_notify] [frame_stage] original end
#8290 [2026-09-17 23:40:21.118] [DEBUG] [P8724:T14672] [phase=frame_stage_notify] [hook=frame_stage_notify] [frame_stage] end stage=0
#8291 [2026-09-17 23:40:21.138] [DEBUG] [P8724:T14672] [phase=frame_stage_notify] [hook=frame_stage_notify] [frame_stage] begin stage=11 this=0x00007FF9971873C0
#8292 [2026-09-17 23:40:21.157] [DEBUG] [P8724:T14672] [phase=frame_stage_notify] [hook=frame_stage_notify] [frame_stage] original begin
#8293 [2026-09-17 23:40:21.175] [DEBUG] [P8724:T14672] [phase=frame_stage_notify] [hook=frame_stage_notify] [frame_stage] original end
#8294 [2026-09-17 23:40:21.193] [DEBUG] [P8724:T14672] [phase=frame_stage_notify] [hook=frame_stage_notify] [frame_stage] end stage=11
#8295 [2026-09-17 23:40:21.211] [DEBUG] [P8724:T14672] [phase=frame_stage_notify] [hook=frame_stage_notify] [frame_stage] begin stage=0 this=0x00007FF9971873C0
#8296 [2026-09-17 23:40:21.231] [DEBUG] [P8724:T14672] [phase=frame_stage_notify] [hook=frame_stage_notify] [frame_stage] original begin
#8297 [2026-09-17 23:40:21.250] [DEBUG] [P8724:T14672] [phase=frame_stage_notify] [hook=frame_stage_notify] [frame_stage] original end
#8298 [2026-09-17 23:40:21.268] [DEBUG] [P8724:T14672] [phase=frame_stage_notify] [hook=frame_stage_notify] [frame_stage] end stage=0
#8299 [2026-09-17 23:40:21.287] [DEBUG] [P8724:T14672] [phase=frame_stage_notify] [hook=frame_stage_notify] [frame_stage] begin stage=11 this=0x00007FF9971873C0
#8300 [2026-09-17 23:40:21.305] [DEBUG] [P8724:T14672] [phase=frame_stage_notify] [hook=frame_stage_notify] [frame_stage] original begin
#8301 [2026-09-17 23:40:21.323] [DEBUG] [P8724:T14672] [phase=frame_stage_notify] [hook=frame_stage_notify] [frame_stage] original end
#8302 [2026-09-17 23:40:21.341] [DEBUG] [P8724:T14672] [phase=frame_stage_notify] [hook=frame_stage_notify] [frame_stage] end stage=11
#8303 [2026-09-17 23:40:21.360] [DEBUG] [P8724:T14672] [phase=frame_stage_notify] [hook=frame_stage_notify] [frame_stage] begin stage=0 this=0x00007FF9971873C0
#8304 [2026-09-17 23:40:21.395] [DEBUG] [P8724:T14672] [phase=frame_stage_notify] [hook=frame_stage_notify] [frame_stage] original begin
#8305 [2026-09-17 23:40:21.415] [DEBUG] [P8724:T14672] [phase=frame_stage_notify] [hook=frame_stage_notify] [frame_stage] original end
#8306 [2026-09-17 23:40:21.433] [DEBUG] [P8724:T14672] [phase=frame_stage_notify] [hook=frame_stage_notify] [frame_stage] end stage=0
#8307 [2026-09-17 23:40:21.470] [DEBUG] [P8724:T14672] [phase=frame_stage_notify] [hook=frame_stage_notify] [frame_stage] begin stage=11 this=0x00007FF9971873C0
#8308 [2026-09-17 23:40:21.488] [DEBUG] [P8724:T14672] [phase=frame_stage_notify] [hook=frame_stage_notify] [frame_stage] original begin
#8309 [2026-09-17 23:40:21.524] [DEBUG] [P8724:T14672] [phase=frame_stage_notify] [hook=frame_stage_notify] [frame_stage] original end
#8310 [2026-09-17 23:40:21.543] [DEBUG] [P8724:T14672] [phase=frame_stage_notify] [hook=frame_stage_notify] [frame_stage] end stage=11
#8311 [2026-09-17 23:40:21.562] [DEBUG] [P8724:T14672] [phase=frame_stage_notify] [hook=frame_stage_notify] [frame_stage] begin stage=0 this=0x00007FF9971873C0
#8312 [2026-09-17 23:40:21.581] [DEBUG] [P8724:T14672] [phase=frame_stage_notify] [hook=frame_stage_notify] [frame_stage] original begin
#8313 [2026-09-17 23:40:21.616] [DEBUG] [P8724:T14672] [phase=frame_stage_notify] [hook=frame_stage_notify] [frame_stage] original end
#8314 [2026-09-17 23:40:21.633] [DEBUG] [P8724:T14672] [phase=frame_stage_notify] [hook=frame_stage_notify] [frame_stage] end stage=0
#8315 [2026-09-17 23:40:21.652] [DEBUG] [P8724:T14672] [phase=frame_stage_notify] [hook=frame_stage_notify] [frame_stage] begin stage=11 this=0x00007FF9971873C0
#8316 [2026-09-17 23:40:21.670] [DEBUG] [P8724:T14672] [phase=frame_stage_notify] [hook=frame_stage_notify] [frame_stage] original begin
#8317 [2026-09-17 23:40:21.689] [DEBUG] [P8724:T14672] [phase=frame_stage_notify] [hook=frame_stage_notify] [frame_stage] original end
#8318 [2026-09-17 23:40:21.706] [DEBUG] [P8724:T14672] [phase=frame_stage_notify] [hook=frame_stage_notify] [frame_stage] end stage=11
#8319 [2026-09-17 23:40:21.727] [DEBUG] [P8724:T14672] [phase=frame_stage_notify] [hook=frame_stage_notify] [frame_stage] begin stage=0 this=0x00007FF9971873C0
#8320 [2026-09-17 23:40:21.746] [DEBUG] [P8724:T14672] [phase=frame_stage_notify] [hook=frame_stage_notify] [frame_stage] original begin
#8321 [2026-09-17 23:40:21.764] [DEBUG] [P8724:T14672] [phase=frame_stage_notify] [hook=frame_stage_notify] [frame_stage] original end
#8322 [2026-09-17 23:40:21.781] [DEBUG] [P8724:T14672] [phase=frame_stage_notify] [hook=frame_stage_notify] [frame_stage] end stage=0
#8323 [2026-09-17 23:40:21.802] [DEBUG] [P8724:T14672] [phase=frame_stage_notify] [hook=frame_stage_notify] [frame_stage] begin stage=11 this=0x00007FF9971873C0
#8324 [2026-09-17 23:40:21.820] [DEBUG] [P8724:T14672] [phase=frame_stage_notify] [hook=frame_stage_notify] [frame_stage] original begin
#8325 [2026-09-17 23:40:21.856] [DEBUG] [P8724:T14672] [phase=frame_stage_notify] [hook=frame_stage_notify] [frame_stage] original end
#8326 [2026-09-17 23:40:21.894] [DEBUG] [P8724:T14672] [phase=frame_stage_notify] [hook=frame_stage_notify] [frame_stage] end stage=11
#8327 [2026-09-17 23:40:21.948] [DEBUG] [P8724:T14672] [phase=frame_stage_notify] [hook=frame_stage_notify] [frame_stage] begin stage=0 this=0x00007FF9971873C0
#8328 [2026-09-17 23:40:21.966] [DEBUG] [P8724:T14672] [phase=frame_stage_notify] [hook=frame_stage_notify] [frame_stage] original begin
#8329 [2026-09-17 23:40:21.983] [DEBUG] [P8724:T14672] [phase=frame_stage_notify] [hook=frame_stage_notify] [frame_stage] original end
#8330 [2026-09-17 23:40:22.002] [DEBUG] [P8724:T14672] [phase=frame_stage_notify] [hook=frame_stage_notify] [frame_stage] end stage=0
#8331 [2026-09-17 23:40:22.022] [DEBUG] [P8724:T14672] [phase=frame_stage_notify] [hook=frame_stage_notify] [frame_stage] begin stage=11 this=0x00007FF9971873C0
#8332 [2026-09-17 23:40:22.040] [DEBUG] [P8724:T14672] [phase=frame_stage_notify] [hook=frame_stage_notify] [frame_stage] original begin
#8333 [2026-09-17 23:40:22.058] [DEBUG] [P8724:T14672] [phase=frame_stage_notify] [hook=frame_stage_notify] [frame_stage] original end
#8334 [2026-09-17 23:40:22.076] [DEBUG] [P8724:T14672] [phase=frame_stage_notify] [hook=frame_stage_notify] [frame_stage] end stage=11
#8335 [2026-09-17 23:40:22.096] [DEBUG] [P8724:T14672] [phase=frame_stage_notify] [hook=frame_stage_notify] [frame_stage] begin stage=0 this=0x00007FF9971873C0
#8336 [2026-09-17 23:40:22.115] [DEBUG] [P8724:T14672] [phase=frame_stage_notify] [hook=frame_stage_notify] [frame_stage] original begin
#8337 [2026-09-17 23:40:22.133] [DEBUG] [P8724:T14672] [phase=frame_stage_notify] [hook=frame_stage_notify] [frame_stage] original end
#8338 [2026-09-17 23:40:22.152] [DEBUG] [P8724:T14672] [phase=frame_stage_notify] [hook=frame_stage_notify] [frame_stage] end stage=0
#8339 [2026-09-17 23:40:22.171] [DEBUG] [P8724:T14672] [phase=frame_stage_notify] [hook=frame_stage_notify] [frame_stage] begin stage=10 this=0x00007FF9971873C0
#8340 [2026-09-17 23:40:22.189] [DEBUG] [P8724:T14672] [phase=frame_stage_notify] [hook=frame_stage_notify] [frame_stage] original begin
#8341 [2026-09-17 23:40:22.206] [DEBUG] [P8724:T14672] [phase=frame_stage_notify] [hook=frame_stage_notify] [frame_stage] original end
#8342 [2026-09-17 23:40:22.225] [DEBUG] [P8724:T14672] [phase=frame_stage_notify] [hook=frame_stage_notify] [frame_stage] end stage=10
#8343 [2026-09-17 23:40:22.244] [DEBUG] [P8724:T14672] [phase=frame_stage_notify] [hook=frame_stage_notify] [frame_stage] begin stage=11 this=0x00007FF9971873C0
#8344 [2026-09-17 23:40:22.263] [DEBUG] [P8724:T14672] [phase=frame_stage_notify] [hook=frame_stage_notify] [frame_stage] original begin
#8345 [2026-09-17 23:40:22.280] [DEBUG] [P8724:T14672] [phase=frame_stage_notify] [hook=frame_stage_notify] [frame_stage] original end
#8346 [2026-09-17 23:40:22.299] [DEBUG] [P8724:T14672] [phase=frame_stage_notify] [hook=frame_stage_notify] [frame_stage] end stage=11
#8347 [2026-09-17 23:40:22.317] [DEBUG] [P8724:T14672] [phase=frame_stage_notify] [hook=frame_stage_notify] [frame_stage] begin stage=1 this=0x00007FF9971873C0
#8348 [2026-09-17 23:40:22.337] [DEBUG] [P8724:T14672] [phase=frame_stage_notify] [hook=frame_stage_notify] [frame_stage] original begin
#8349 [2026-09-17 23:40:22.355] [DEBUG] [P8724:T14672] [phase=frame_stage_notify] [hook=frame_stage_notify] [frame_stage] original end
#8350 [2026-09-17 23:40:22.374] [DEBUG] [P8724:T14672] [phase=frame_stage_notify] [hook=frame_stage_notify] [frame_stage] end stage=1
#8351 [2026-09-17 23:40:22.393] [DEBUG] [P8724:T14672] [phase=frame_stage_notify] [hook=frame_stage_notify] [frame_stage] begin stage=2 this=0x00007FF9971873C0
#8352 [2026-09-17 23:40:22.412] [DEBUG] [P8724:T14672] [phase=frame_stage_notify] [hook=frame_stage_notify] [frame_stage] original begin
#8353 [2026-09-17 23:40:22.430] [DEBUG] [P8724:T14672] [phase=frame_stage_notify] [hook=frame_stage_notify] [frame_stage] original end
#8354 [2026-09-17 23:40:22.466] [DEBUG] [P8724:T14672] [phase=frame_stage_notify] [hook=frame_stage_notify] [frame_stage] end stage=2
#8355 [2026-09-17 23:40:22.485] [DEBUG] [P8724:T14672] [phase=frame_stage_notify] [hook=frame_stage_notify] [frame_stage] begin stage=5 this=0x00007FF9971873C0
#8356 [2026-09-17 23:40:22.503] [DEBUG] [P8724:T14672] [phase=frame_stage_notify] [hook=frame_stage_notify] [frame_stage] original begin
#8357 [2026-09-17 23:40:22.521] [DEBUG] [P8724:T14672] [phase=frame_stage_notify] [hook=frame_stage_notify] [frame_stage] original end
#8358 [2026-09-17 23:40:22.539] [DEBUG] [P8724:T14672] [phase=frame_stage_notify] [hook=frame_stage_notify] [frame_stage] end stage=5
#8359 [2026-09-17 23:40:22.558] [DEBUG] [P8724:T14672] [phase=frame_stage_notify] [hook=frame_stage_notify] [frame_stage] begin stage=6 this=0x00007FF9971873C0
#8360 [2026-09-17 23:40:22.576] [DEBUG] [P8724:T14672] [phase=frame_stage_notify] [hook=frame_stage_notify] [frame_stage] guns begin
#8361 [2026-09-17 23:40:22.595] [DEBUG] [P8724:T14672] [phase=frame_stage_notify] [hook=frame_stage_notify] [frame_stage] guns end
#8362 [2026-09-17 23:40:22.612] [DEBUG] [P8724:T14672] [phase=frame_stage_notify] [hook=frame_stage_notify] [frame_stage] dlight begin
#8363 [2026-09-17 23:40:22.630] [DEBUG] [P8724:T14672] [phase=frame_stage_notify] [hook=frame_stage_notify] [frame_stage] dlight end
#8364 [2026-09-17 23:40:22.648] [DEBUG] [P8724:T14672] [phase=frame_stage_notify] [hook=frame_stage_notify] [frame_stage] original begin
#8365 [2026-09-17 23:40:22.667] [DEBUG] [P8724:T14672] [phase=frame_stage_notify] [hook=frame_stage_notify] [frame_stage] original end
#8366 [2026-09-17 23:40:22.686] [DEBUG] [P8724:T14672] [phase=frame_stage_notify] [hook=frame_stage_notify] [frame_stage] post-network feature updates begin
#8367 [2026-09-17 23:40:22.704] [DEBUG] [P8724:T14672] [phase=frame_stage_notify] [hook=frame_stage_notify] [frame_stage] post-network feature updates end
#8368 [2026-09-17 23:40:22.722] [DEBUG] [P8724:T14672] [phase=frame_stage_notify] [hook=frame_stage_notify] [frame_stage] end stage=6
#8369 [2026-09-17 23:40:22.741] [DEBUG] [P8724:T14672] [phase=frame_stage_notify] [hook=frame_stage_notify] [frame_stage] begin stage=7 this=0x00007FF9971873C0
#8370 [2026-09-17 23:40:22.777] [DEBUG] [P8724:T14672] [phase=frame_stage_notify] [hook=frame_stage_notify] [frame_stage] agents begin
#8371 [2026-09-17 23:40:22.813] [DEBUG] [P8724:T14672] [phase=frame_stage_notify] [hook=frame_stage_notify] [frame_stage] agents end; gloves begin
#8372 [2026-09-17 23:40:22.849] [DEBUG] [P8724:T14672] [phase=frame_stage_notify] [hook=frame_stage_notify] [frame_stage] gloves end; knives begin
#8373 [2026-09-17 23:40:22.886] [DEBUG] [P8724:T14672] [phase=frame_stage_notify] [hook=frame_stage_notify] [frame_stage] knives end; world begin
#8374 [2026-09-17 23:40:22.905] [DEBUG] [P8724:T14672] [phase=frame_stage_notify] [hook=frame_stage_notify] [frame_stage] scene end; weather begin
#8375 [2026-09-17 23:40:22.923] [DEBUG] [P8724:T14672] [phase=frame_stage_notify] [hook=frame_stage_notify] [frame_stage] weather end; other begin
#8376 [2026-09-17 23:40:22.942] [DEBUG] [P8724:T14672] [phase=frame_stage_notify] [hook=frame_stage_notify] [frame_stage] other end; impacts begin
#8377 [2026-09-17 23:40:22.960] [DEBUG] [P8724:T14672] [phase=frame_stage_notify] [hook=frame_stage_notify] [frame_stage] impacts end
#8378 [2026-09-17 23:40:22.981] [DEBUG] [P8724:T14672] [phase=frame_stage_notify] [hook=frame_stage_notify] [frame_stage] original begin
#8379 [2026-09-17 23:40:23.000] [DEBUG] [P8724:T14672] [phase=frame_stage_notify] [hook=frame_stage_notify] [frame_stage] original end
#8380 [2026-09-17 23:40:23.019] [DEBUG] [P8724:T14672] [phase=frame_stage_notify] [hook=frame_stage_notify] [frame_stage] end stage=7
#8381 [2026-09-17 23:40:23.038] [DEBUG] [P8724:T14672] [phase=frame_stage_notify] [hook=frame_stage_notify] [frame_stage] begin stage=8 this=0x00007FF9971873C0
#8382 [2026-09-17 23:40:23.057] [DEBUG] [P8724:T14672] [phase=frame_stage_notify] [hook=frame_stage_notify] [frame_stage] original begin
#8383 [2026-09-17 23:40:23.075] [DEBUG] [P8724:T14672] [phase=frame_stage_notify] [hook=frame_stage_notify] [frame_stage] original end
#8384 [2026-09-17 23:40:23.094] [DEBUG] [P8724:T14672] [phase=frame_stage_notify] [hook=frame_stage_notify] [frame_stage] end stage=8
#8385 [2026-09-17 23:40:23.112] [DEBUG] [P8724:T14672] [phase=frame_stage_notify] [hook=frame_stage_notify] [frame_stage] begin stage=3 this=0x00007FF9971873C0
#8386 [2026-09-17 23:40:23.130] [DEBUG] [P8724:T14672] [phase=frame_stage_notify] [hook=frame_stage_notify] [frame_stage] original begin
#8387 [2026-09-17 23:40:23.149] [DEBUG] [P8724:T14672] [phase=frame_stage_notify] [hook=frame_stage_notify] [frame_stage] original end
#8388 [2026-09-17 23:40:23.167] [DEBUG] [P8724:T14672] [phase=frame_stage_notify] [hook=frame_stage_notify] [frame_stage] end stage=3
#8389 [2026-09-17 23:40:23.186] [DEBUG] [P8724:T14672] [phase=frame_stage_notify] [hook=frame_stage_notify] [frame_stage] begin stage=12 this=0x00007FF9971873C0
#8390 [2026-09-17 23:40:23.205] [DEBUG] [P8724:T14672] [phase=frame_stage_notify] [hook=frame_stage_notify] [frame_stage] original begin
#8391 [2026-09-17 23:40:23.223] [DEBUG] [P8724:T14672] [phase=frame_stage_notify] [hook=frame_stage_notify] [frame_stage] original end
#8392 [2026-09-17 23:40:23.242] [DEBUG] [P8724:T14672] [phase=frame_stage_notify] [hook=frame_stage_notify] [frame_stage] view/frame-data update begin
#8393 [2026-09-17 23:40:23.260] [DEBUG] [P8724:T14672] [phase=frame_stage_notify] [hook=frame_stage_notify] [frame_stage] view/frame-data update end
#8394 [2026-09-17 23:40:23.278] [DEBUG] [P8724:T14672] [phase=frame_stage_notify] [hook=frame_stage_notify] [frame_stage] end stage=12
#8395 [2026-09-17 23:40:23.309] [DEBUG] [P8724:T17744] [phase=present] [hook=present] [present] begin swap_chain=0x0000026A946CF720 sync=0 flags=0x200 ready=1
#8496 [2026-09-17 23:40:23.328] [DEBUG] [P8724:T17744] [phase=present] [hook=present] [present] rendering context updated
#8497 [2026-09-17 23:40:23.347] [DEBUG] [P8724:T17744] [phase=present] [hook=present] [present] forwarding to original
#8498 [2026-09-17 23:40:23.366] [DEBUG] [P8724:T14672] [phase=frame_stage_notify] [hook=frame_stage_notify] [frame_stage] begin stage=0 this=0x00007FF9971873C0
#8502 [2026-09-17 23:40:23.384] [DEBUG] [P8724:T14672] [phase=frame_stage_notify] [hook=frame_stage_notify] [frame_stage] original begin
#8503 [2026-09-17 23:40:23.402] [DEBUG] [P8724:T14672] [phase=frame_stage_notify] [hook=frame_stage_notify] [frame_stage] original end
#8504 [2026-09-17 23:40:23.420] [DEBUG] [P8724:T14672] [phase=frame_stage_notify] [hook=frame_stage_notify] [frame_stage] end stage=0
#8505 [2026-09-17 23:40:23.438] [DEBUG] [P8724:T14672] [phase=frame_stage_notify] [hook=frame_stage_notify] [frame_stage] begin stage=11 this=0x00007FF9971873C0
#8506 [2026-09-17 23:40:23.457] [DEBUG] [P8724:T14672] [phase=frame_stage_notify] [hook=frame_stage_notify] [frame_stage] original begin
#8507 [2026-09-17 23:40:23.476] [DEBUG] [P8724:T14672] [phase=frame_stage_notify] [hook=frame_stage_notify] [frame_stage] original end
#8508 [2026-09-17 23:40:23.494] [DEBUG] [P8724:T14672] [phase=frame_stage_notify] [hook=frame_stage_notify] [frame_stage] end stage=11
#8509 [2026-09-17 23:40:23.513] [DEBUG] [P8724:T14672] [phase=frame_stage_notify] [hook=frame_stage_notify] [frame_stage] begin stage=0 this=0x00007FF9971873C0
#8510 [2026-09-17 23:40:23.532] [DEBUG] [P8724:T14672] [phase=frame_stage_notify] [hook=frame_stage_notify] [frame_stage] original begin
#8511 [2026-09-17 23:40:23.550] [DEBUG] [P8724:T14672] [phase=frame_stage_notify] [hook=frame_stage_notify] [frame_stage] original end
#8512 [2026-09-17 23:40:23.569] [DEBUG] [P8724:T14672] [phase=frame_stage_notify] [hook=frame_stage_notify] [frame_stage] end stage=0
#8513 [2026-09-17 23:40:23.589] [DEBUG] [P8724:T14672] [phase=frame_stage_notify] [hook=frame_stage_notify] [frame_stage] begin stage=11 this=0x00007FF9971873C0
#8514 [2026-09-17 23:40:23.607] [DEBUG] [P8724:T14672] [phase=frame_stage_notify] [hook=frame_stage_notify] [frame_stage] original begin
#8515 [2026-09-17 23:40:23.625] [DEBUG] [P8724:T14672] [phase=frame_stage_notify] [hook=frame_stage_notify] [frame_stage] original end
#8516 [2026-09-17 23:40:23.643] [DEBUG] [P8724:T14672] [phase=frame_stage_notify] [hook=frame_stage_notify] [frame_stage] end stage=11
#8517 [2026-09-17 23:40:23.663] [DEBUG] [P8724:T14672] [phase=frame_stage_notify] [hook=frame_stage_notify] [frame_stage] begin stage=0 this=0x00007FF9971873C0
#8518 [2026-09-17 23:40:23.682] [DEBUG] [P8724:T14672] [phase=frame_stage_notify] [hook=frame_stage_notify] [frame_stage] original begin
#8519 [2026-09-17 23:40:23.700] [DEBUG] [P8724:T14672] [phase=frame_stage_notify] [hook=frame_stage_notify] [frame_stage] original end
#8520 [2026-09-17 23:40:23.718] [DEBUG] [P8724:T14672] [phase=frame_stage_notify] [hook=frame_stage_notify] [frame_stage] end stage=0
#8521 [2026-09-17 23:40:23.738] [DEBUG] [P8724:T14672] [phase=frame_stage_notify] [hook=frame_stage_notify] [frame_stage] begin stage=11 this=0x00007FF9971873C0
#8522 [2026-09-17 23:40:23.756] [DEBUG] [P8724:T14672] [phase=frame_stage_notify] [hook=frame_stage_notify] [frame_stage] original begin
#8523 [2026-09-17 23:40:23.774] [DEBUG] [P8724:T14672] [phase=frame_stage_notify] [hook=frame_stage_notify] [frame_stage] original end
#8524 [2026-09-17 23:40:23.792] [DEBUG] [P8724:T14672] [phase=frame_stage_notify] [hook=frame_stage_notify] [frame_stage] end stage=11
#8525 [2026-09-17 23:40:23.812] [DEBUG] [P8724:T14672] [phase=frame_stage_notify] [hook=frame_stage_notify] [frame_stage] begin stage=0 this=0x00007FF9971873C0
#8526 [2026-09-17 23:40:23.831] [DEBUG] [P8724:T14672] [phase=frame_stage_notify] [hook=frame_stage_notify] [frame_stage] original begin
#8527 [2026-09-17 23:40:23.850] [DEBUG] [P8724:T14672] [phase=frame_stage_notify] [hook=frame_stage_notify] [frame_stage] original end
#8528 [2026-09-17 23:40:23.869] [DEBUG] [P8724:T14672] [phase=frame_stage_notify] [hook=frame_stage_notify] [frame_stage] end stage=0
#8529 [2026-09-17 23:40:23.887] [DEBUG] [P8724:T14672] [phase=frame_stage_notify] [hook=frame_stage_notify] [frame_stage] begin stage=10 this=0x00007FF9971873C0
#8530 [2026-09-17 23:40:23.906] [DEBUG] [P8724:T14672] [phase=frame_stage_notify] [hook=frame_stage_notify] [frame_stage] original begin
#8531 [2026-09-17 23:40:23.925] [DEBUG] [P8724:T14672] [phase=frame_stage_notify] [hook=frame_stage_notify] [frame_stage] original end
#8532 [2026-09-17 23:40:23.944] [DEBUG] [P8724:T14672] [phase=frame_stage_notify] [hook=frame_stage_notify] [frame_stage] end stage=10
#8533 [2026-09-17 23:40:23.962] [DEBUG] [P8724:T14672] [phase=frame_stage_notify] [hook=frame_stage_notify] [frame_stage] begin stage=11 this=0x00007FF9971873C0
#8534 [2026-09-17 23:40:23.985] [DEBUG] [P8724:T14672] [phase=frame_stage_notify] [hook=frame_stage_notify] [frame_stage] original begin
#8535 [2026-09-17 23:40:24.003] [DEBUG] [P8724:T14672] [phase=frame_stage_notify] [hook=frame_stage_notify] [frame_stage] original end
#8536 [2026-09-17 23:40:24.022] [DEBUG] [P8724:T14672] [phase=frame_stage_notify] [hook=frame_stage_notify] [frame_stage] end stage=11
#8537 [2026-09-17 23:40:24.040] [DEBUG] [P8724:T14672] [phase=frame_stage_notify] [hook=frame_stage_notify] [frame_stage] begin stage=1 this=0x00007FF9971873C0
#8538 [2026-09-17 23:40:24.058] [DEBUG] [P8724:T14672] [phase=frame_stage_notify] [hook=frame_stage_notify] [frame_stage] original begin
#8539 [2026-09-17 23:40:24.075] [DEBUG] [P8724:T14672] [phase=frame_stage_notify] [hook=frame_stage_notify] [frame_stage] original end
#8540 [2026-09-17 23:40:24.110] [DEBUG] [P8724:T14672] [phase=frame_stage_notify] [hook=frame_stage_notify] [frame_stage] end stage=1
#8541 [2026-09-17 23:40:24.129] [DEBUG] [P8724:T14672] [phase=frame_stage_notify] [hook=frame_stage_notify] [frame_stage] begin stage=2 this=0x00007FF9971873C0
#8542 [2026-09-17 23:40:24.148] [DEBUG] [P8724:T14672] [phase=frame_stage_notify] [hook=frame_stage_notify] [frame_stage] original begin
#8543 [2026-09-17 23:40:24.167] [DEBUG] [P8724:T14672] [phase=frame_stage_notify] [hook=frame_stage_notify] [frame_stage] original end
#8544 [2026-09-17 23:40:24.185] [DEBUG] [P8724:T14672] [phase=frame_stage_notify] [hook=frame_stage_notify] [frame_stage] end stage=2
#8545 [2026-09-17 23:40:24.204] [DEBUG] [P8724:T14672] [phase=frame_stage_notify] [hook=frame_stage_notify] [frame_stage] begin stage=5 this=0x00007FF9971873C0
#8546 [2026-09-17 23:40:24.227] [DEBUG] [P8724:T14672] [phase=frame_stage_notify] [hook=frame_stage_notify] [frame_stage] original begin
#8547 [2026-09-17 23:40:24.246] [DEBUG] [P8724:T14672] [phase=frame_stage_notify] [hook=frame_stage_notify] [frame_stage] original end
#8548 [2026-09-17 23:40:24.264] [DEBUG] [P8724:T14672] [phase=frame_stage_notify] [hook=frame_stage_notify] [frame_stage] end stage=5
#8549 [2026-09-17 23:40:24.282] [DEBUG] [P8724:T14672] [phase=frame_stage_notify] [hook=frame_stage_notify] [frame_stage] begin stage=6 this=0x00007FF9971873C0
#8550 [2026-09-17 23:40:24.301] [DEBUG] [P8724:T14672] [phase=frame_stage_notify] [hook=frame_stage_notify] [frame_stage] guns begin
#8551 [2026-09-17 23:40:24.319] [DEBUG] [P8724:T14672] [phase=frame_stage_notify] [hook=frame_stage_notify] [frame_stage] guns end
#8552 [2026-09-17 23:40:24.338] [DEBUG] [P8724:T14672] [phase=frame_stage_notify] [hook=frame_stage_notify] [frame_stage] dlight begin
#8553 [2026-09-17 23:40:24.357] [DEBUG] [P8724:T14672] [phase=frame_stage_notify] [hook=frame_stage_notify] [frame_stage] dlight end
#8554 [2026-09-17 23:40:24.376] [DEBUG] [P8724:T14672] [phase=frame_stage_notify] [hook=frame_stage_notify] [frame_stage] original begin
#8555 [2026-09-17 23:40:24.395] [DEBUG] [P8724:T14672] [phase=frame_stage_notify] [hook=frame_stage_notify] [frame_stage] original end
#8556 [2026-09-17 23:40:24.413] [DEBUG] [P8724:T14672] [phase=frame_stage_notify] [hook=frame_stage_notify] [frame_stage] post-network feature updates begin
#8557 [2026-09-17 23:40:24.432] [DEBUG] [P8724:T14672] [phase=frame_stage_notify] [hook=frame_stage_notify] [frame_stage] post-network feature updates end
#8558 [2026-09-17 23:40:24.468] [DEBUG] [P8724:T14672] [phase=frame_stage_notify] [hook=frame_stage_notify] [frame_stage] end stage=6
#8559 [2026-09-17 23:40:24.487] [DEBUG] [P8724:T14672] [phase=frame_stage_notify] [hook=frame_stage_notify] [frame_stage] begin stage=7 this=0x00007FF9971873C0
#8560 [2026-09-17 23:40:24.505] [DEBUG] [P8724:T14672] [phase=frame_stage_notify] [hook=frame_stage_notify] [frame_stage] agents begin
#8561 [2026-09-17 23:40:24.523] [DEBUG] [P8724:T14672] [phase=frame_stage_notify] [hook=frame_stage_notify] [frame_stage] agents end; gloves begin
#8562 [2026-09-17 23:40:24.541] [DEBUG] [P8724:T14672] [phase=frame_stage_notify] [hook=frame_stage_notify] [frame_stage] gloves end; knives begin
#8563 [2026-09-17 23:40:24.560] [DEBUG] [P8724:T14672] [phase=frame_stage_notify] [hook=frame_stage_notify] [frame_stage] knives end; world begin
#8564 [2026-09-17 23:40:24.578] [DEBUG] [P8724:T14672] [phase=frame_stage_notify] [hook=frame_stage_notify] [frame_stage] scene end; weather begin
#8565 [2026-09-17 23:40:24.596] [DEBUG] [P8724:T14672] [phase=frame_stage_notify] [hook=frame_stage_notify] [frame_stage] weather end; other begin
#8566 [2026-09-17 23:40:24.615] [DEBUG] [P8724:T14672] [phase=frame_stage_notify] [hook=frame_stage_notify] [frame_stage] other end; impacts begin
#8567 [2026-09-17 23:40:24.634] [DEBUG] [P8724:T14672] [phase=frame_stage_notify] [hook=frame_stage_notify] [frame_stage] impacts end
#8568 [2026-09-17 23:40:24.652] [DEBUG] [P8724:T14672] [phase=frame_stage_notify] [hook=frame_stage_notify] [frame_stage] original begin
#8569 [2026-09-17 23:40:24.671] [DEBUG] [P8724:T14672] [phase=frame_stage_notify] [hook=frame_stage_notify] [frame_stage] original end
#8570 [2026-09-17 23:40:24.690] [DEBUG] [P8724:T14672] [phase=frame_stage_notify] [hook=frame_stage_notify] [frame_stage] end stage=7
#8571 [2026-09-17 23:40:24.709] [DEBUG] [P8724:T14672] [phase=frame_stage_notify] [hook=frame_stage_notify] [frame_stage] begin stage=8 this=0x00007FF9971873C0
#8572 [2026-09-17 23:40:24.727] [DEBUG] [P8724:T14672] [phase=frame_stage_notify] [hook=frame_stage_notify] [frame_stage] original begin
#8573 [2026-09-17 23:40:24.747] [DEBUG] [P8724:T14672] [phase=frame_stage_notify] [hook=frame_stage_notify] [frame_stage] original end
#8574 [2026-09-17 23:40:24.765] [DEBUG] [P8724:T14672] [phase=frame_stage_notify] [hook=frame_stage_notify] [frame_stage] end stage=8
#8575 [2026-09-17 23:40:24.785] [DEBUG] [P8724:T14672] [phase=frame_stage_notify] [hook=frame_stage_notify] [frame_stage] begin stage=3 this=0x00007FF9971873C0
#8576 [2026-09-17 23:40:24.804] [DEBUG] [P8724:T14672] [phase=frame_stage_notify] [hook=frame_stage_notify] [frame_stage] original begin
#8577 [2026-09-17 23:40:24.823] [DEBUG] [P8724:T14672] [phase=frame_stage_notify] [hook=frame_stage_notify] [frame_stage] original end
#8578 [2026-09-17 23:40:24.842] [DEBUG] [P8724:T14672] [phase=frame_stage_notify] [hook=frame_stage_notify] [frame_stage] end stage=3
#8579 [2026-09-17 23:40:24.862] [DEBUG] [P8724:T14672] [phase=frame_stage_notify] [hook=frame_stage_notify] [frame_stage] begin stage=12 this=0x00007FF9971873C0
#8580 [2026-09-17 23:40:24.885] [DEBUG] [P8724:T14672] [phase=frame_stage_notify] [hook=frame_stage_notify] [frame_stage] original begin
#8581 [2026-09-17 23:40:24.904] [DEBUG] [P8724:T14672] [phase=frame_stage_notify] [hook=frame_stage_notify] [frame_stage] original end
#8582 [2026-09-17 23:40:24.923] [DEBUG] [P8724:T14672] [phase=frame_stage_notify] [hook=frame_stage_notify] [frame_stage] view/frame-data update begin
#8583 [2026-09-17 23:40:24.941] [DEBUG] [P8724:T14672] [phase=frame_stage_notify] [hook=frame_stage_notify] [frame_stage] view/frame-data update end
#8584 [2026-09-17 23:40:24.959] [DEBUG] [P8724:T14672] [phase=frame_stage_notify] [hook=frame_stage_notify] [frame_stage] end stage=12
#8585 [2026-09-17 23:40:24.982] [DEBUG] [P8724:T17744] [phase=present] [hook=present] [present] begin swap_chain=0x0000026A946CF720 sync=0 flags=0x200 ready=1
#8694 [2026-09-17 23:40:25.001] [DEBUG] [P8724:T17744] [phase=present] [hook=present] [present] rendering context updated
#8695 [2026-09-17 23:40:25.020] [DEBUG] [P8724:T17744] [phase=present] [hook=present] [present] forwarding to original
#8696 [2026-09-17 23:40:25.041] [DEBUG] [P8724:T14672] [phase=none] [hook=frame_stage_notify] hook enter name=frame_stage_notify arg0=0x00007FF9971873C0 arg1=0x0000000000000000 arg2=0x0000000000000000 arg3=0x0000000000000000
#8700 [2026-09-17 23:40:25.059] [DEBUG] [P8724:T14672] [phase=frame_stage_notify] [hook=frame_stage_notify] [frame_stage] begin stage=0 this=0x00007FF9971873C0
#8701 [2026-09-17 23:40:25.077] [DEBUG] [P8724:T14672] [phase=frame_stage_notify] [hook=frame_stage_notify] [frame_stage] original begin
#8702 [2026-09-17 23:40:25.095] [DEBUG] [P8724:T14672] [phase=frame_stage_notify] [hook=frame_stage_notify] [frame_stage] original end
#8703 [2026-09-17 23:40:25.113] [DEBUG] [P8724:T14672] [phase=frame_stage_notify] [hook=frame_stage_notify] [frame_stage] end stage=0
#8704 [2026-09-17 23:40:25.131] [DEBUG] [P8724:T14672] [phase=none] [hook=frame_stage_notify] hook leave name=frame_stage_notify duration_ms=94
#8705 [2026-09-17 23:40:25.150] [DEBUG] [P8724:T14672] [phase=frame_stage_notify] [hook=frame_stage_notify] [frame_stage] begin stage=11 this=0x00007FF9971873C0
#8706 [2026-09-17 23:40:25.168] [DEBUG] [P8724:T14672] [phase=frame_stage_notify] [hook=frame_stage_notify] [frame_stage] original begin
#8707 [2026-09-17 23:40:25.186] [DEBUG] [P8724:T14672] [phase=frame_stage_notify] [hook=frame_stage_notify] [frame_stage] original end
#8708 [2026-09-17 23:40:25.204] [DEBUG] [P8724:T14672] [phase=frame_stage_notify] [hook=frame_stage_notify] [frame_stage] end stage=11
#8709 [2026-09-17 23:40:25.222] [DEBUG] [P8724:T14672] [phase=frame_stage_notify] [hook=frame_stage_notify] [frame_stage] begin stage=0 this=0x00007FF9971873C0
#8710 [2026-09-17 23:40:25.240] [DEBUG] [P8724:T14672] [phase=frame_stage_notify] [hook=frame_stage_notify] [frame_stage] original begin
#8711 [2026-09-17 23:40:25.259] [DEBUG] [P8724:T14672] [phase=frame_stage_notify] [hook=frame_stage_notify] [frame_stage] original end
#8712 [2026-09-17 23:40:25.277] [DEBUG] [P8724:T14672] [phase=frame_stage_notify] [hook=frame_stage_notify] [frame_stage] end stage=0
#8713 [2026-09-17 23:40:25.296] [DEBUG] [P8724:T14672] [phase=frame_stage_notify] [hook=frame_stage_notify] [frame_stage] begin stage=11 this=0x00007FF9971873C0
#8714 [2026-09-17 23:40:25.313] [DEBUG] [P8724:T14672] [phase=frame_stage_notify] [hook=frame_stage_notify] [frame_stage] original begin
#8715 [2026-09-17 23:40:25.332] [DEBUG] [P8724:T14672] [phase=frame_stage_notify] [hook=frame_stage_notify] [frame_stage] original end
#8716 [2026-09-17 23:40:25.351] [DEBUG] [P8724:T14672] [phase=frame_stage_notify] [hook=frame_stage_notify] [frame_stage] end stage=11
#8717 [2026-09-17 23:40:25.370] [DEBUG] [P8724:T14672] [phase=frame_stage_notify] [hook=frame_stage_notify] [frame_stage] begin stage=0 this=0x00007FF9971873C0
#8718 [2026-09-17 23:40:25.389] [DEBUG] [P8724:T14672] [phase=frame_stage_notify] [hook=frame_stage_notify] [frame_stage] original begin
#8719 [2026-09-17 23:40:25.407] [DEBUG] [P8724:T14672] [phase=frame_stage_notify] [hook=frame_stage_notify] [frame_stage] original end
#8720 [2026-09-17 23:40:25.426] [DEBUG] [P8724:T14672] [phase=frame_stage_notify] [hook=frame_stage_notify] [frame_stage] end stage=0
#8721 [2026-09-17 23:40:25.444] [DEBUG] [P8724:T14672] [phase=frame_stage_notify] [hook=frame_stage_notify] [frame_stage] begin stage=10 this=0x00007FF9971873C0
#8722 [2026-09-17 23:40:25.480] [DEBUG] [P8724:T14672] [phase=frame_stage_notify] [hook=frame_stage_notify] [frame_stage] original begin
#8723 [2026-09-17 23:40:25.535] [DEBUG] [P8724:T14672] [phase=frame_stage_notify] [hook=frame_stage_notify] [frame_stage] original end
#8724 [2026-09-17 23:40:25.553] [DEBUG] [P8724:T14672] [phase=frame_stage_notify] [hook=frame_stage_notify] [frame_stage] end stage=10
#8725 [2026-09-17 23:40:25.572] [DEBUG] [P8724:T14672] [phase=frame_stage_notify] [hook=frame_stage_notify] [frame_stage] begin stage=11 this=0x00007FF9971873C0
#8726 [2026-09-17 23:40:25.591] [DEBUG] [P8724:T14672] [phase=frame_stage_notify] [hook=frame_stage_notify] [frame_stage] original begin
#8727 [2026-09-17 23:40:25.609] [DEBUG] [P8724:T14672] [phase=frame_stage_notify] [hook=frame_stage_notify] [frame_stage] original end
#8728 [2026-09-17 23:40:25.628] [DEBUG] [P8724:T14672] [phase=frame_stage_notify] [hook=frame_stage_notify] [frame_stage] end stage=11
#8729 [2026-09-17 23:40:25.647] [DEBUG] [P8724:T14672] [phase=frame_stage_notify] [hook=frame_stage_notify] [frame_stage] begin stage=1 this=0x00007FF9971873C0
#8730 [2026-09-17 23:40:25.666] [DEBUG] [P8724:T14672] [phase=frame_stage_notify] [hook=frame_stage_notify] [frame_stage] original begin
#8731 [2026-09-17 23:40:25.684] [DEBUG] [P8724:T14672] [phase=frame_stage_notify] [hook=frame_stage_notify] [frame_stage] original end
#8732 [2026-09-17 23:40:25.702] [DEBUG] [P8724:T14672] [phase=frame_stage_notify] [hook=frame_stage_notify] [frame_stage] end stage=1
#8733 [2026-09-17 23:40:25.721] [DEBUG] [P8724:T14672] [phase=frame_stage_notify] [hook=frame_stage_notify] [frame_stage] begin stage=2 this=0x00007FF9971873C0
#8734 [2026-09-17 23:40:25.739] [DEBUG] [P8724:T14672] [phase=frame_stage_notify] [hook=frame_stage_notify] [frame_stage] original begin
#8735 [2026-09-17 23:40:25.757] [DEBUG] [P8724:T14672] [phase=frame_stage_notify] [hook=frame_stage_notify] [frame_stage] original end
#8736 [2026-09-17 23:40:25.775] [DEBUG] [P8724:T14672] [phase=frame_stage_notify] [hook=frame_stage_notify] [frame_stage] end stage=2
#8737 [2026-09-17 23:40:25.795] [DEBUG] [P8724:T14672] [phase=frame_stage_notify] [hook=frame_stage_notify] [frame_stage] begin stage=5 this=0x00007FF9971873C0
#8738 [2026-09-17 23:40:25.817] [DEBUG] [P8724:T14672] [phase=frame_stage_notify] [hook=frame_stage_notify] [frame_stage] original begin
#8739 [2026-09-17 23:40:25.836] [DEBUG] [P8724:T14672] [phase=frame_stage_notify] [hook=frame_stage_notify] [frame_stage] original end
#8740 [2026-09-17 23:40:25.854] [DEBUG] [P8724:T14672] [phase=frame_stage_notify] [hook=frame_stage_notify] [frame_stage] end stage=5
#8741 [2026-09-17 23:40:25.873] [DEBUG] [P8724:T14672] [phase=frame_stage_notify] [hook=frame_stage_notify] [frame_stage] begin stage=6 this=0x00007FF9971873C0
#8742 [2026-09-17 23:40:25.891] [DEBUG] [P8724:T14672] [phase=frame_stage_notify] [hook=frame_stage_notify] [frame_stage] guns begin
#8743 [2026-09-17 23:40:25.908] [DEBUG] [P8724:T14672] [phase=frame_stage_notify] [hook=frame_stage_notify] [frame_stage] guns end
#8744 [2026-09-17 23:40:25.927] [DEBUG] [P8724:T14672] [phase=frame_stage_notify] [hook=frame_stage_notify] [frame_stage] dlight begin
#8745 [2026-09-17 23:40:25.945] [DEBUG] [P8724:T14672] [phase=frame_stage_notify] [hook=frame_stage_notify] [frame_stage] dlight end
#8746 [2026-09-17 23:40:25.964] [DEBUG] [P8724:T14672] [phase=frame_stage_notify] [hook=frame_stage_notify] [frame_stage] original begin
#8747 [2026-09-17 23:40:25.982] [DEBUG] [P8724:T14672] [phase=frame_stage_notify] [hook=frame_stage_notify] [frame_stage] original end
#8748 [2026-09-17 23:40:26.000] [DEBUG] [P8724:T14672] [phase=frame_stage_notify] [hook=frame_stage_notify] [frame_stage] post-network feature updates begin
#8749 [2026-09-17 23:40:26.019] [DEBUG] [P8724:T14672] [phase=frame_stage_notify] [hook=frame_stage_notify] [frame_stage] post-network feature updates end
#8750 [2026-09-17 23:40:26.037] [DEBUG] [P8724:T14672] [phase=frame_stage_notify] [hook=frame_stage_notify] [frame_stage] end stage=6
#8751 [2026-09-17 23:40:26.056] [DEBUG] [P8724:T14672] [phase=frame_stage_notify] [hook=frame_stage_notify] [frame_stage] begin stage=7 this=0x00007FF9971873C0
#8752 [2026-09-17 23:40:26.075] [DEBUG] [P8724:T14672] [phase=frame_stage_notify] [hook=frame_stage_notify] [frame_stage] agents begin
#8753 [2026-09-17 23:40:26.093] [DEBUG] [P8724:T14672] [phase=frame_stage_notify] [hook=frame_stage_notify] [frame_stage] agents end; gloves begin
#8754 [2026-09-17 23:40:26.111] [DEBUG] [P8724:T14672] [phase=frame_stage_notify] [hook=frame_stage_notify] [frame_stage] gloves end; knives begin
#8755 [2026-09-17 23:40:26.129] [DEBUG] [P8724:T14672] [phase=frame_stage_notify] [hook=frame_stage_notify] [frame_stage] knives end; world begin
#8756 [2026-09-17 23:40:26.147] [DEBUG] [P8724:T14672] [phase=frame_stage_notify] [hook=frame_stage_notify] [frame_stage] scene end; weather begin
#8757 [2026-09-17 23:40:26.165] [DEBUG] [P8724:T14672] [phase=frame_stage_notify] [hook=frame_stage_notify] [frame_stage] weather end; other begin
#8758 [2026-09-17 23:40:26.183] [DEBUG] [P8724:T14672] [phase=frame_stage_notify] [hook=frame_stage_notify] [frame_stage] other end; impacts begin
#8759 [2026-09-17 23:40:26.202] [DEBUG] [P8724:T14672] [phase=frame_stage_notify] [hook=frame_stage_notify] [frame_stage] impacts end
#8760 [2026-09-17 23:40:26.221] [DEBUG] [P8724:T14672] [phase=frame_stage_notify] [hook=frame_stage_notify] [frame_stage] original begin
#8761 [2026-09-17 23:40:26.239] [DEBUG] [P8724:T14672] [phase=frame_stage_notify] [hook=frame_stage_notify] [frame_stage] original end
#8762 [2026-09-17 23:40:26.257] [DEBUG] [P8724:T14672] [phase=frame_stage_notify] [hook=frame_stage_notify] [frame_stage] end stage=7
#8763 [2026-09-17 23:40:26.277] [DEBUG] [P8724:T14672] [phase=frame_stage_notify] [hook=frame_stage_notify] [frame_stage] begin stage=8 this=0x00007FF9971873C0
#8764 [2026-09-17 23:40:26.296] [DEBUG] [P8724:T14672] [phase=frame_stage_notify] [hook=frame_stage_notify] [frame_stage] original begin
#8765 [2026-09-17 23:40:26.314] [DEBUG] [P8724:T14672] [phase=frame_stage_notify] [hook=frame_stage_notify] [frame_stage] original end
#8766 [2026-09-17 23:40:26.333] [DEBUG] [P8724:T14672] [phase=frame_stage_notify] [hook=frame_stage_notify] [frame_stage] end stage=8
#8767 [2026-09-17 23:40:26.356] [DEBUG] [P8724:T14672] [phase=frame_stage_notify] [hook=frame_stage_notify] [frame_stage] begin stage=3 this=0x00007FF9971873C0
#8768 [2026-09-17 23:40:26.375] [DEBUG] [P8724:T14672] [phase=frame_stage_notify] [hook=frame_stage_notify] [frame_stage] original begin
#8769 [2026-09-17 23:40:26.394] [DEBUG] [P8724:T14672] [phase=frame_stage_notify] [hook=frame_stage_notify] [frame_stage] original end
#8770 [2026-09-17 23:40:26.413] [DEBUG] [P8724:T14672] [phase=frame_stage_notify] [hook=frame_stage_notify] [frame_stage] end stage=3
#8771 [2026-09-17 23:40:26.432] [DEBUG] [P8724:T14672] [phase=frame_stage_notify] [hook=frame_stage_notify] [frame_stage] begin stage=12 this=0x00007FF9971873C0
#8772 [2026-09-17 23:40:26.451] [DEBUG] [P8724:T14672] [phase=frame_stage_notify] [hook=frame_stage_notify] [frame_stage] original begin
#8773 [2026-09-17 23:40:26.469] [DEBUG] [P8724:T14672] [phase=frame_stage_notify] [hook=frame_stage_notify] [frame_stage] original end
#8774 [2026-09-17 23:40:26.487] [DEBUG] [P8724:T14672] [phase=frame_stage_notify] [hook=frame_stage_notify] [frame_stage] view/frame-data update begin
#8775 [2026-09-17 23:40:26.505] [DEBUG] [P8724:T14672] [phase=frame_stage_notify] [hook=frame_stage_notify] [frame_stage] view/frame-data update end
#8776 [2026-09-17 23:40:26.524] [DEBUG] [P8724:T14672] [phase=frame_stage_notify] [hook=frame_stage_notify] [frame_stage] end stage=12
#8777 [2026-09-17 23:40:26.547] [DEBUG] [P8724:T17744] [phase=present] [hook=present] [present] begin swap_chain=0x0000026A946CF720 sync=0 flags=0x200 ready=1
#8886 [2026-09-17 23:40:26.566] [DEBUG] [P8724:T17744] [phase=present] [hook=present] [present] rendering context updated
#8887 [2026-09-17 23:40:26.584] [DEBUG] [P8724:T17744] [phase=present] [hook=present] [present] forwarding to original
#8888 [2026-09-17 23:40:26.604] [DEBUG] [P8724:T14672] [phase=frame_stage_notify] [hook=frame_stage_notify] [frame_stage] begin stage=0 this=0x00007FF9971873C0
#8892 [2026-09-17 23:40:26.622] [DEBUG] [P8724:T14672] [phase=frame_stage_notify] [hook=frame_stage_notify] [frame_stage] original begin
#8893 [2026-09-17 23:40:26.641] [DEBUG] [P8724:T14672] [phase=frame_stage_notify] [hook=frame_stage_notify] [frame_stage] original end
#8894 [2026-09-17 23:40:26.658] [DEBUG] [P8724:T14672] [phase=frame_stage_notify] [hook=frame_stage_notify] [frame_stage] end stage=0
#8895 [2026-09-17 23:40:26.677] [DEBUG] [P8724:T14672] [phase=frame_stage_notify] [hook=frame_stage_notify] [frame_stage] begin stage=11 this=0x00007FF9971873C0
#8896 [2026-09-17 23:40:26.695] [DEBUG] [P8724:T14672] [phase=frame_stage_notify] [hook=frame_stage_notify] [frame_stage] original begin
#8897 [2026-09-17 23:40:26.714] [DEBUG] [P8724:T14672] [phase=frame_stage_notify] [hook=frame_stage_notify] [frame_stage] original end
#8898 [2026-09-17 23:40:26.732] [DEBUG] [P8724:T14672] [phase=frame_stage_notify] [hook=frame_stage_notify] [frame_stage] end stage=11
#8899 [2026-09-17 23:40:26.751] [DEBUG] [P8724:T14672] [phase=frame_stage_notify] [hook=frame_stage_notify] [frame_stage] begin stage=0 this=0x00007FF9971873C0
#8900 [2026-09-17 23:40:26.770] [DEBUG] [P8724:T14672] [phase=frame_stage_notify] [hook=frame_stage_notify] [frame_stage] original begin
#8901 [2026-09-17 23:40:26.788] [DEBUG] [P8724:T14672] [phase=frame_stage_notify] [hook=frame_stage_notify] [frame_stage] original end
#8902 [2026-09-17 23:40:26.806] [DEBUG] [P8724:T14672] [phase=frame_stage_notify] [hook=frame_stage_notify] [frame_stage] end stage=0
#8903 [2026-09-17 23:40:26.844] [DEBUG] [P8724:T14672] [phase=frame_stage_notify] [hook=frame_stage_notify] [frame_stage] begin stage=11 this=0x00007FF9971873C0
#8904 [2026-09-17 23:40:26.861] [DEBUG] [P8724:T14672] [phase=frame_stage_notify] [hook=frame_stage_notify] [frame_stage] original begin
#8905 [2026-09-17 23:40:26.880] [DEBUG] [P8724:T14672] [phase=frame_stage_notify] [hook=frame_stage_notify] [frame_stage] original end
#8906 [2026-09-17 23:40:26.898] [DEBUG] [P8724:T14672] [phase=frame_stage_notify] [hook=frame_stage_notify] [frame_stage] end stage=11
#8907 [2026-09-17 23:40:26.917] [DEBUG] [P8724:T14672] [phase=frame_stage_notify] [hook=frame_stage_notify] [frame_stage] begin stage=0 this=0x00007FF9971873C0
#8908 [2026-09-17 23:40:26.936] [DEBUG] [P8724:T14672] [phase=frame_stage_notify] [hook=frame_stage_notify] [frame_stage] original begin
#8909 [2026-09-17 23:40:26.955] [DEBUG] [P8724:T14672] [phase=frame_stage_notify] [hook=frame_stage_notify] [frame_stage] original end
#8910 [2026-09-17 23:40:26.973] [DEBUG] [P8724:T14672] [phase=frame_stage_notify] [hook=frame_stage_notify] [frame_stage] end stage=0
#8911 [2026-09-17 23:40:26.992] [DEBUG] [P8724:T14672] [phase=frame_stage_notify] [hook=frame_stage_notify] [frame_stage] begin stage=10 this=0x00007FF9971873C0
#8912 [2026-09-17 23:40:27.010] [DEBUG] [P8724:T14672] [phase=frame_stage_notify] [hook=frame_stage_notify] [frame_stage] original begin
#8913 [2026-09-17 23:40:27.027] [DEBUG] [P8724:T14672] [phase=frame_stage_notify] [hook=frame_stage_notify] [frame_stage] original end
#8914 [2026-09-17 23:40:27.046] [DEBUG] [P8724:T14672] [phase=frame_stage_notify] [hook=frame_stage_notify] [frame_stage] end stage=10
#8915 [2026-09-17 23:40:27.065] [DEBUG] [P8724:T14672] [phase=frame_stage_notify] [hook=frame_stage_notify] [frame_stage] begin stage=11 this=0x00007FF9971873C0
#8916 [2026-09-17 23:40:27.085] [DEBUG] [P8724:T14672] [phase=frame_stage_notify] [hook=frame_stage_notify] [frame_stage] original begin
#8917 [2026-09-17 23:40:27.103] [DEBUG] [P8724:T14672] [phase=frame_stage_notify] [hook=frame_stage_notify] [frame_stage] original end
#8918 [2026-09-17 23:40:27.121] [DEBUG] [P8724:T14672] [phase=frame_stage_notify] [hook=frame_stage_notify] [frame_stage] end stage=11
#8919 [2026-09-17 23:40:27.140] [DEBUG] [P8724:T14672] [phase=frame_stage_notify] [hook=frame_stage_notify] [frame_stage] begin stage=1 this=0x00007FF9971873C0
#8920 [2026-09-17 23:40:27.159] [DEBUG] [P8724:T14672] [phase=frame_stage_notify] [hook=frame_stage_notify] [frame_stage] original begin
#8921 [2026-09-17 23:40:27.177] [DEBUG] [P8724:T14672] [phase=frame_stage_notify] [hook=frame_stage_notify] [frame_stage] original end
#8922 [2026-09-17 23:40:27.196] [DEBUG] [P8724:T14672] [phase=frame_stage_notify] [hook=frame_stage_notify] [frame_stage] end stage=1
#8923 [2026-09-17 23:40:27.215] [DEBUG] [P8724:T14672] [phase=frame_stage_notify] [hook=frame_stage_notify] [frame_stage] begin stage=2 this=0x00007FF9971873C0
#8924 [2026-09-17 23:40:27.234] [DEBUG] [P8724:T14672] [phase=frame_stage_notify] [hook=frame_stage_notify] [frame_stage] original begin
#8925 [2026-09-17 23:40:27.253] [DEBUG] [P8724:T14672] [phase=frame_stage_notify] [hook=frame_stage_notify] [frame_stage] original end
#8926 [2026-09-17 23:40:27.271] [DEBUG] [P8724:T14672] [phase=frame_stage_notify] [hook=frame_stage_notify] [frame_stage] end stage=2
#8927 [2026-09-17 23:40:27.290] [DEBUG] [P8724:T14672] [phase=frame_stage_notify] [hook=frame_stage_notify] [frame_stage] begin stage=5 this=0x00007FF9971873C0
#8928 [2026-09-17 23:40:27.309] [DEBUG] [P8724:T14672] [phase=frame_stage_notify] [hook=frame_stage_notify] [frame_stage] original begin
#8929 [2026-09-17 23:40:27.328] [DEBUG] [P8724:T14672] [phase=frame_stage_notify] [hook=frame_stage_notify] [frame_stage] original end
#8930 [2026-09-17 23:40:27.347] [DEBUG] [P8724:T14672] [phase=frame_stage_notify] [hook=frame_stage_notify] [frame_stage] end stage=5
#8931 [2026-09-17 23:40:27.365] [DEBUG] [P8724:T14672] [phase=frame_stage_notify] [hook=frame_stage_notify] [frame_stage] begin stage=6 this=0x00007FF9971873C0
#8932 [2026-09-17 23:40:27.383] [DEBUG] [P8724:T14672] [phase=frame_stage_notify] [hook=frame_stage_notify] [frame_stage] guns begin
#8933 [2026-09-17 23:40:27.402] [DEBUG] [P8724:T14672] [phase=frame_stage_notify] [hook=frame_stage_notify] [frame_stage] guns end
#8934 [2026-09-17 23:40:27.421] [DEBUG] [P8724:T14672] [phase=frame_stage_notify] [hook=frame_stage_notify] [frame_stage] dlight begin
#8935 [2026-09-17 23:40:27.440] [DEBUG] [P8724:T14672] [phase=frame_stage_notify] [hook=frame_stage_notify] [frame_stage] dlight end
#8936 [2026-09-17 23:40:27.459] [DEBUG] [P8724:T14672] [phase=frame_stage_notify] [hook=frame_stage_notify] [frame_stage] original begin
#8937 [2026-09-17 23:40:27.494] [DEBUG] [P8724:T14672] [phase=frame_stage_notify] [hook=frame_stage_notify] [frame_stage] original end
#8938 [2026-09-17 23:40:27.513] [DEBUG] [P8724:T14672] [phase=frame_stage_notify] [hook=frame_stage_notify] [frame_stage] post-network feature updates begin
#8939 [2026-09-17 23:40:27.532] [DEBUG] [P8724:T14672] [phase=frame_stage_notify] [hook=frame_stage_notify] [frame_stage] post-network feature updates end
#8940 [2026-09-17 23:40:27.551] [DEBUG] [P8724:T14672] [phase=frame_stage_notify] [hook=frame_stage_notify] [frame_stage] end stage=6
#8941 [2026-09-17 23:40:27.569] [DEBUG] [P8724:T14672] [phase=frame_stage_notify] [hook=frame_stage_notify] [frame_stage] begin stage=7 this=0x00007FF9971873C0
#8942 [2026-09-17 23:40:27.586] [DEBUG] [P8724:T14672] [phase=frame_stage_notify] [hook=frame_stage_notify] [frame_stage] agents begin
#8943 [2026-09-17 23:40:27.604] [DEBUG] [P8724:T14672] [phase=frame_stage_notify] [hook=frame_stage_notify] [frame_stage] agents end; gloves begin
#8944 [2026-09-17 23:40:27.624] [DEBUG] [P8724:T14672] [phase=frame_stage_notify] [hook=frame_stage_notify] [frame_stage] gloves end; knives begin
#8945 [2026-09-17 23:40:27.643] [DEBUG] [P8724:T14672] [phase=frame_stage_notify] [hook=frame_stage_notify] [frame_stage] knives end; world begin
#8946 [2026-09-17 23:40:27.662] [DEBUG] [P8724:T14672] [phase=frame_stage_notify] [hook=frame_stage_notify] [frame_stage] scene end; weather begin
#8947 [2026-09-17 23:40:27.680] [DEBUG] [P8724:T14672] [phase=frame_stage_notify] [hook=frame_stage_notify] [frame_stage] weather end; other begin
#8948 [2026-09-17 23:40:27.698] [DEBUG] [P8724:T14672] [phase=frame_stage_notify] [hook=frame_stage_notify] [frame_stage] other end; impacts begin
#8949 [2026-09-17 23:40:27.716] [DEBUG] [P8724:T14672] [phase=frame_stage_notify] [hook=frame_stage_notify] [frame_stage] impacts end
#8950 [2026-09-17 23:40:27.734] [DEBUG] [P8724:T14672] [phase=frame_stage_notify] [hook=frame_stage_notify] [frame_stage] original begin
#8951 [2026-09-17 23:40:27.753] [DEBUG] [P8724:T14672] [phase=frame_stage_notify] [hook=frame_stage_notify] [frame_stage] original end
#8952 [2026-09-17 23:40:27.771] [DEBUG] [P8724:T14672] [phase=frame_stage_notify] [hook=frame_stage_notify] [frame_stage] end stage=7
#8953 [2026-09-17 23:40:27.789] [DEBUG] [P8724:T14672] [phase=frame_stage_notify] [hook=frame_stage_notify] [frame_stage] begin stage=8 this=0x00007FF9971873C0
#8954 [2026-09-17 23:40:27.807] [DEBUG] [P8724:T14672] [phase=frame_stage_notify] [hook=frame_stage_notify] [frame_stage] original begin
#8955 [2026-09-17 23:40:27.825] [DEBUG] [P8724:T14672] [phase=frame_stage_notify] [hook=frame_stage_notify] [frame_stage] original end
#8956 [2026-09-17 23:40:27.844] [DEBUG] [P8724:T14672] [phase=frame_stage_notify] [hook=frame_stage_notify] [frame_stage] end stage=8
#8957 [2026-09-17 23:40:27.863] [DEBUG] [P8724:T14672] [phase=frame_stage_notify] [hook=frame_stage_notify] [frame_stage] begin stage=3 this=0x00007FF9971873C0
#8958 [2026-09-17 23:40:27.881] [DEBUG] [P8724:T14672] [phase=frame_stage_notify] [hook=frame_stage_notify] [frame_stage] original begin
#8959 [2026-09-17 23:40:27.899] [DEBUG] [P8724:T14672] [phase=frame_stage_notify] [hook=frame_stage_notify] [frame_stage] original end
#8960 [2026-09-17 23:40:27.917] [DEBUG] [P8724:T14672] [phase=frame_stage_notify] [hook=frame_stage_notify] [frame_stage] end stage=3
#8961 [2026-09-17 23:40:27.936] [DEBUG] [P8724:T14672] [phase=frame_stage_notify] [hook=frame_stage_notify] [frame_stage] begin stage=12 this=0x00007FF9971873C0
#8962 [2026-09-17 23:40:27.954] [DEBUG] [P8724:T14672] [phase=frame_stage_notify] [hook=frame_stage_notify] [frame_stage] original begin
#8963 [2026-09-17 23:40:27.973] [DEBUG] [P8724:T14672] [phase=frame_stage_notify] [hook=frame_stage_notify] [frame_stage] original end
#8964 [2026-09-17 23:40:27.992] [DEBUG] [P8724:T14672] [phase=frame_stage_notify] [hook=frame_stage_notify] [frame_stage] view/frame-data update begin
#8965 [2026-09-17 23:40:28.011] [DEBUG] [P8724:T14672] [phase=frame_stage_notify] [hook=frame_stage_notify] [frame_stage] view/frame-data update end
#8966 [2026-09-17 23:40:28.029] [DEBUG] [P8724:T14672] [phase=frame_stage_notify] [hook=frame_stage_notify] [frame_stage] end stage=12
#8967 [2026-09-17 23:40:28.052] [DEBUG] [P8724:T17744] [phase=present] [hook=present] [present] begin swap_chain=0x0000026A946CF720 sync=0 flags=0x200 ready=1
#9076 [2026-09-17 23:40:28.071] [DEBUG] [P8724:T17744] [phase=present] [hook=present] [present] rendering context updated
#9077 [2026-09-17 23:40:28.089] [DEBUG] [P8724:T17744] [phase=present] [hook=present] [present] forwarding to original
#9078 [2026-09-17 23:40:28.110] [DEBUG] [P8724:T17744] [phase=present] [hook=present] [present] begin swap_chain=0x0000026A946CF720 sync=0 flags=0x200 ready=1
#9163 [2026-09-17 23:40:28.129] [DEBUG] [P8724:T17744] [phase=present] [hook=present] [present] rendering context updated
#9164 [2026-09-17 23:40:28.147] [DEBUG] [P8724:T17744] [phase=present] [hook=present] [present] forwarding to original
#9165 [2026-09-17 23:40:28.167] [DEBUG] [P8724:T17744] [phase=present] [hook=present] [present] begin swap_chain=0x0000026A946CF720 sync=0 flags=0x200 ready=1
#9242 [2026-09-17 23:40:28.187] [DEBUG] [P8724:T17744] [phase=present] [hook=present] [present] rendering context updated
#9243 [2026-09-17 23:40:28.224] [DEBUG] [P8724:T17744] [phase=present] [hook=present] [present] forwarding to original
#9244 [2026-09-17 23:40:28.263] [DEBUG] [P8724:T14672] [phase=frame_stage_notify] [hook=frame_stage_notify] [frame_stage] begin stage=0 this=0x00007FF9971873C0
#9248 [2026-09-17 23:40:28.282] [DEBUG] [P8724:T14672] [phase=frame_stage_notify] [hook=frame_stage_notify] [frame_stage] original begin
#9249 [2026-09-17 23:40:28.300] [DEBUG] [P8724:T14672] [phase=frame_stage_notify] [hook=frame_stage_notify] [frame_stage] original end
#9250 [2026-09-17 23:40:28.319] [DEBUG] [P8724:T14672] [phase=frame_stage_notify] [hook=frame_stage_notify] [frame_stage] end stage=0
#9251 [2026-09-17 23:40:28.338] [DEBUG] [P8724:T14672] [phase=frame_stage_notify] [hook=frame_stage_notify] [frame_stage] begin stage=11 this=0x00007FF9971873C0
#9252 [2026-09-17 23:40:28.357] [DEBUG] [P8724:T14672] [phase=frame_stage_notify] [hook=frame_stage_notify] [frame_stage] original begin
#9253 [2026-09-17 23:40:28.375] [DEBUG] [P8724:T14672] [phase=frame_stage_notify] [hook=frame_stage_notify] [frame_stage] original end
#9254 [2026-09-17 23:40:28.393] [DEBUG] [P8724:T14672] [phase=frame_stage_notify] [hook=frame_stage_notify] [frame_stage] end stage=11
#9255 [2026-09-17 23:40:28.414] [DEBUG] [P8724:T14672] [phase=frame_stage_notify] [hook=frame_stage_notify] [frame_stage] begin stage=0 this=0x00007FF9971873C0
#9256 [2026-09-17 23:40:28.433] [DEBUG] [P8724:T14672] [phase=frame_stage_notify] [hook=frame_stage_notify] [frame_stage] original begin
#9257 [2026-09-17 23:40:28.456] [DEBUG] [P8724:T14672] [phase=frame_stage_notify] [hook=frame_stage_notify] [frame_stage] original end
#9258 [2026-09-17 23:40:28.474] [DEBUG] [P8724:T14672] [phase=frame_stage_notify] [hook=frame_stage_notify] [frame_stage] end stage=0
#9259 [2026-09-17 23:40:28.492] [DEBUG] [P8724:T14672] [phase=frame_stage_notify] [hook=frame_stage_notify] [frame_stage] begin stage=11 this=0x00007FF9971873C0
#9260 [2026-09-17 23:40:28.510] [DEBUG] [P8724:T14672] [phase=frame_stage_notify] [hook=frame_stage_notify] [frame_stage] original begin
#9261 [2026-09-17 23:40:28.529] [DEBUG] [P8724:T14672] [phase=frame_stage_notify] [hook=frame_stage_notify] [frame_stage] original end
#9262 [2026-09-17 23:40:28.548] [DEBUG] [P8724:T14672] [phase=frame_stage_notify] [hook=frame_stage_notify] [frame_stage] end stage=11
#9263 [2026-09-17 23:40:28.567] [DEBUG] [P8724:T14672] [phase=frame_stage_notify] [hook=frame_stage_notify] [frame_stage] begin stage=0 this=0x00007FF9971873C0
#9264 [2026-09-17 23:40:28.586] [DEBUG] [P8724:T14672] [phase=frame_stage_notify] [hook=frame_stage_notify] [frame_stage] original begin
#9265 [2026-09-17 23:40:28.605] [DEBUG] [P8724:T14672] [phase=frame_stage_notify] [hook=frame_stage_notify] [frame_stage] original end
#9266 [2026-09-17 23:40:28.624] [DEBUG] [P8724:T14672] [phase=frame_stage_notify] [hook=frame_stage_notify] [frame_stage] end stage=0
#9267 [2026-09-17 23:40:28.644] [DEBUG] [P8724:T14672] [phase=frame_stage_notify] [hook=frame_stage_notify] [frame_stage] begin stage=11 this=0x00007FF9971873C0
#9268 [2026-09-17 23:40:28.662] [DEBUG] [P8724:T14672] [phase=frame_stage_notify] [hook=frame_stage_notify] [frame_stage] original begin
#9269 [2026-09-17 23:40:28.681] [DEBUG] [P8724:T14672] [phase=frame_stage_notify] [hook=frame_stage_notify] [frame_stage] original end
#9270 [2026-09-17 23:40:28.699] [DEBUG] [P8724:T14672] [phase=frame_stage_notify] [hook=frame_stage_notify] [frame_stage] end stage=11
#9271 [2026-09-17 23:40:28.717] [DEBUG] [P8724:T14672] [phase=frame_stage_notify] [hook=frame_stage_notify] [frame_stage] begin stage=0 this=0x00007FF9971873C0
#9272 [2026-09-17 23:40:28.736] [DEBUG] [P8724:T14672] [phase=frame_stage_notify] [hook=frame_stage_notify] [frame_stage] original begin
#9273 [2026-09-17 23:40:28.754] [DEBUG] [P8724:T14672] [phase=frame_stage_notify] [hook=frame_stage_notify] [frame_stage] original end
#9274 [2026-09-17 23:40:28.772] [DEBUG] [P8724:T14672] [phase=frame_stage_notify] [hook=frame_stage_notify] [frame_stage] end stage=0
#9275 [2026-09-17 23:40:28.791] [DEBUG] [P8724:T14672] [phase=frame_stage_notify] [hook=frame_stage_notify] [frame_stage] begin stage=11 this=0x00007FF9971873C0
#9276 [2026-09-17 23:40:28.809] [DEBUG] [P8724:T14672] [phase=frame_stage_notify] [hook=frame_stage_notify] [frame_stage] original begin
#9277 [2026-09-17 23:40:28.828] [DEBUG] [P8724:T14672] [phase=frame_stage_notify] [hook=frame_stage_notify] [frame_stage] original end
#9278 [2026-09-17 23:40:28.847] [DEBUG] [P8724:T14672] [phase=frame_stage_notify] [hook=frame_stage_notify] [frame_stage] end stage=11
#9279 [2026-09-17 23:40:28.869] [DEBUG] [P8724:T14672] [phase=frame_stage_notify] [hook=frame_stage_notify] [frame_stage] begin stage=0 this=0x00007FF9971873C0
#9280 [2026-09-17 23:40:28.887] [DEBUG] [P8724:T14672] [phase=frame_stage_notify] [hook=frame_stage_notify] [frame_stage] original begin
#9281 [2026-09-17 23:40:28.905] [DEBUG] [P8724:T14672] [phase=frame_stage_notify] [hook=frame_stage_notify] [frame_stage] original end
#9282 [2026-09-17 23:40:28.924] [DEBUG] [P8724:T14672] [phase=frame_stage_notify] [hook=frame_stage_notify] [frame_stage] end stage=0
#9283 [2026-09-17 23:40:28.943] [DEBUG] [P8724:T14672] [phase=frame_stage_notify] [hook=frame_stage_notify] [frame_stage] begin stage=11 this=0x00007FF9971873C0
#9284 [2026-09-17 23:40:28.962] [DEBUG] [P8724:T14672] [phase=frame_stage_notify] [hook=frame_stage_notify] [frame_stage] original begin
#9285 [2026-09-17 23:40:28.980] [DEBUG] [P8724:T14672] [phase=frame_stage_notify] [hook=frame_stage_notify] [frame_stage] original end
#9286 [2026-09-17 23:40:28.999] [DEBUG] [P8724:T14672] [phase=frame_stage_notify] [hook=frame_stage_notify] [frame_stage] end stage=11
#9287 [2026-09-17 23:40:29.018] [DEBUG] [P8724:T14672] [phase=frame_stage_notify] [hook=frame_stage_notify] [frame_stage] begin stage=0 this=0x00007FF9971873C0
#9288 [2026-09-17 23:40:29.037] [DEBUG] [P8724:T14672] [phase=frame_stage_notify] [hook=frame_stage_notify] [frame_stage] original begin
#9289 [2026-09-17 23:40:29.055] [DEBUG] [P8724:T14672] [phase=frame_stage_notify] [hook=frame_stage_notify] [frame_stage] original end
#9290 [2026-09-17 23:40:29.073] [DEBUG] [P8724:T14672] [phase=frame_stage_notify] [hook=frame_stage_notify] [frame_stage] end stage=0
#9291 [2026-09-17 23:40:29.092] [DEBUG] [P8724:T14672] [phase=frame_stage_notify] [hook=frame_stage_notify] [frame_stage] begin stage=10 this=0x00007FF9971873C0
#9292 [2026-09-17 23:40:29.110] [DEBUG] [P8724:T14672] [phase=frame_stage_notify] [hook=frame_stage_notify] [frame_stage] original begin
#9293 [2026-09-17 23:40:29.129] [DEBUG] [P8724:T14672] [phase=frame_stage_notify] [hook=frame_stage_notify] [frame_stage] original end
#9294 [2026-09-17 23:40:29.147] [DEBUG] [P8724:T14672] [phase=frame_stage_notify] [hook=frame_stage_notify] [frame_stage] end stage=10
#9295 [2026-09-17 23:40:29.165] [DEBUG] [P8724:T14672] [phase=frame_stage_notify] [hook=frame_stage_notify] [frame_stage] begin stage=11 this=0x00007FF9971873C0
#9296 [2026-09-17 23:40:29.184] [DEBUG] [P8724:T14672] [phase=frame_stage_notify] [hook=frame_stage_notify] [frame_stage] original begin
#9297 [2026-09-17 23:40:29.203] [DEBUG] [P8724:T14672] [phase=frame_stage_notify] [hook=frame_stage_notify] [frame_stage] original end
#9298 [2026-09-17 23:40:29.222] [DEBUG] [P8724:T14672] [phase=frame_stage_notify] [hook=frame_stage_notify] [frame_stage] end stage=11
#9299 [2026-09-17 23:40:29.239] [DEBUG] [P8724:T14672] [phase=frame_stage_notify] [hook=frame_stage_notify] [frame_stage] begin stage=1 this=0x00007FF9971873C0
#9300 [2026-09-17 23:40:29.257] [DEBUG] [P8724:T14672] [phase=frame_stage_notify] [hook=frame_stage_notify] [frame_stage] original begin
#9301 [2026-09-17 23:40:29.276] [DEBUG] [P8724:T14672] [phase=frame_stage_notify] [hook=frame_stage_notify] [frame_stage] original end
#9302 [2026-09-17 23:40:29.294] [DEBUG] [P8724:T14672] [phase=frame_stage_notify] [hook=frame_stage_notify] [frame_stage] end stage=1
#9303 [2026-09-17 23:40:29.313] [DEBUG] [P8724:T14672] [phase=frame_stage_notify] [hook=frame_stage_notify] [frame_stage] begin stage=2 this=0x00007FF9971873C0
#9304 [2026-09-17 23:40:29.332] [DEBUG] [P8724:T14672] [phase=frame_stage_notify] [hook=frame_stage_notify] [frame_stage] original begin
#9305 [2026-09-17 23:40:29.350] [DEBUG] [P8724:T14672] [phase=frame_stage_notify] [hook=frame_stage_notify] [frame_stage] original end
#9306 [2026-09-17 23:40:29.368] [DEBUG] [P8724:T14672] [phase=frame_stage_notify] [hook=frame_stage_notify] [frame_stage] end stage=2
#9307 [2026-09-17 23:40:29.387] [DEBUG] [P8724:T14672] [phase=frame_stage_notify] [hook=frame_stage_notify] [frame_stage] begin stage=5 this=0x00007FF9971873C0
#9308 [2026-09-17 23:40:29.405] [DEBUG] [P8724:T14672] [phase=frame_stage_notify] [hook=frame_stage_notify] [frame_stage] original begin
#9309 [2026-09-17 23:40:29.423] [DEBUG] [P8724:T14672] [phase=frame_stage_notify] [hook=frame_stage_notify] [frame_stage] original end
#9310 [2026-09-17 23:40:29.442] [DEBUG] [P8724:T14672] [phase=frame_stage_notify] [hook=frame_stage_notify] [frame_stage] end stage=5
#9311 [2026-09-17 23:40:29.461] [DEBUG] [P8724:T14672] [phase=frame_stage_notify] [hook=frame_stage_notify] [frame_stage] begin stage=6 this=0x00007FF9971873C0
#9312 [2026-09-17 23:40:29.480] [DEBUG] [P8724:T14672] [phase=frame_stage_notify] [hook=frame_stage_notify] [frame_stage] guns begin
#9313 [2026-09-17 23:40:29.502] [DEBUG] [P8724:T14672] [phase=frame_stage_notify] [hook=frame_stage_notify] [frame_stage] guns end
#9314 [2026-09-17 23:40:29.520] [DEBUG] [P8724:T14672] [phase=frame_stage_notify] [hook=frame_stage_notify] [frame_stage] dlight begin
#9315 [2026-09-17 23:40:29.539] [DEBUG] [P8724:T14672] [phase=frame_stage_notify] [hook=frame_stage_notify] [frame_stage] dlight end
#9316 [2026-09-17 23:40:29.558] [DEBUG] [P8724:T14672] [phase=frame_stage_notify] [hook=frame_stage_notify] [frame_stage] original begin
#9317 [2026-09-17 23:40:29.576] [DEBUG] [P8724:T14672] [phase=frame_stage_notify] [hook=frame_stage_notify] [frame_stage] original end
#9318 [2026-09-17 23:40:29.594] [DEBUG] [P8724:T14672] [phase=frame_stage_notify] [hook=frame_stage_notify] [frame_stage] post-network feature updates begin
#9319 [2026-09-17 23:40:29.613] [DEBUG] [P8724:T14672] [phase=frame_stage_notify] [hook=frame_stage_notify] [frame_stage] post-network feature updates end
#9320 [2026-09-17 23:40:29.632] [DEBUG] [P8724:T14672] [phase=frame_stage_notify] [hook=frame_stage_notify] [frame_stage] end stage=6
#9321 [2026-09-17 23:40:29.652] [DEBUG] [P8724:T14672] [phase=frame_stage_notify] [hook=frame_stage_notify] [frame_stage] begin stage=7 this=0x00007FF9971873C0
#9322 [2026-09-17 23:40:29.671] [DEBUG] [P8724:T14672] [phase=frame_stage_notify] [hook=frame_stage_notify] [frame_stage] agents begin
#9323 [2026-09-17 23:40:29.690] [DEBUG] [P8724:T14672] [phase=frame_stage_notify] [hook=frame_stage_notify] [frame_stage] agents end; gloves begin
#9324 [2026-09-17 23:40:29.709] [DEBUG] [P8724:T14672] [phase=frame_stage_notify] [hook=frame_stage_notify] [frame_stage] gloves end; knives begin
#9325 [2026-09-17 23:40:29.727] [DEBUG] [P8724:T14672] [phase=frame_stage_notify] [hook=frame_stage_notify] [frame_stage] knives end; world begin
#9326 [2026-09-17 23:40:29.745] [DEBUG] [P8724:T14672] [phase=frame_stage_notify] [hook=frame_stage_notify] [frame_stage] scene end; weather begin
#9327 [2026-09-17 23:40:29.763] [DEBUG] [P8724:T14672] [phase=frame_stage_notify] [hook=frame_stage_notify] [frame_stage] weather end; other begin
#9328 [2026-09-17 23:40:29.782] [DEBUG] [P8724:T14672] [phase=frame_stage_notify] [hook=frame_stage_notify] [frame_stage] other end; impacts begin
#9329 [2026-09-17 23:40:29.801] [DEBUG] [P8724:T14672] [phase=frame_stage_notify] [hook=frame_stage_notify] [frame_stage] impacts end
#9330 [2026-09-17 23:40:29.819] [DEBUG] [P8724:T14672] [phase=frame_stage_notify] [hook=frame_stage_notify] [frame_stage] original begin
#9331 [2026-09-17 23:40:29.838] [DEBUG] [P8724:T14672] [phase=frame_stage_notify] [hook=frame_stage_notify] [frame_stage] original end
#9332 [2026-09-17 23:40:29.857] [DEBUG] [P8724:T14672] [phase=frame_stage_notify] [hook=frame_stage_notify] [frame_stage] end stage=7
#9333 [2026-09-17 23:40:29.875] [DEBUG] [P8724:T14672] [phase=frame_stage_notify] [hook=frame_stage_notify] [frame_stage] begin stage=8 this=0x00007FF9971873C0
#9334 [2026-09-17 23:40:29.894] [DEBUG] [P8724:T14672] [phase=frame_stage_notify] [hook=frame_stage_notify] [frame_stage] original begin
#9335 [2026-09-17 23:40:29.912] [DEBUG] [P8724:T14672] [phase=frame_stage_notify] [hook=frame_stage_notify] [frame_stage] original end
#9336 [2026-09-17 23:40:29.931] [DEBUG] [P8724:T14672] [phase=frame_stage_notify] [hook=frame_stage_notify] [frame_stage] end stage=8
#9337 [2026-09-17 23:40:29.949] [DEBUG] [P8724:T14672] [phase=frame_stage_notify] [hook=frame_stage_notify] [frame_stage] begin stage=3 this=0x00007FF9971873C0
#9338 [2026-09-17 23:40:29.968] [DEBUG] [P8724:T14672] [phase=frame_stage_notify] [hook=frame_stage_notify] [frame_stage] original begin
#9339 [2026-09-17 23:40:29.987] [DEBUG] [P8724:T14672] [phase=frame_stage_notify] [hook=frame_stage_notify] [frame_stage] original end
#9340 [2026-09-17 23:40:30.006] [DEBUG] [P8724:T14672] [phase=frame_stage_notify] [hook=frame_stage_notify] [frame_stage] end stage=3
#9341 [2026-09-17 23:40:30.025] [DEBUG] [P8724:T14672] [phase=frame_stage_notify] [hook=frame_stage_notify] [frame_stage] begin stage=12 this=0x00007FF9971873C0
#9342 [2026-09-17 23:40:30.043] [DEBUG] [P8724:T14672] [phase=frame_stage_notify] [hook=frame_stage_notify] [frame_stage] original begin
#9343 [2026-09-17 23:40:30.061] [DEBUG] [P8724:T14672] [phase=frame_stage_notify] [hook=frame_stage_notify] [frame_stage] original end
#9344 [2026-09-17 23:40:30.079] [DEBUG] [P8724:T14672] [phase=frame_stage_notify] [hook=frame_stage_notify] [frame_stage] view/frame-data update begin
#9345 [2026-09-17 23:40:30.098] [DEBUG] [P8724:T14672] [phase=frame_stage_notify] [hook=frame_stage_notify] [frame_stage] view/frame-data update end
#9346 [2026-09-17 23:40:30.116] [DEBUG] [P8724:T14672] [phase=frame_stage_notify] [hook=frame_stage_notify] [frame_stage] end stage=12
#9347 [2026-09-17 23:40:30.139] [DEBUG] [P8724:T17744] [phase=present] [hook=present] [present] begin swap_chain=0x0000026A946CF720 sync=0 flags=0x200 ready=1
#9456 [2026-09-17 23:40:30.158] [DEBUG] [P8724:T17744] [phase=present] [hook=present] [present] rendering context updated
#9457 [2026-09-17 23:40:30.176] [DEBUG] [P8724:T17744] [phase=present] [hook=present] [present] forwarding to original
#9458 [2026-09-17 23:40:30.197] [DEBUG] [P8724:T17744] [phase=none] [hook=present] hook enter name=present arg0=0x0000026A946CF720 arg1=0x0000000000000000 arg2=0x0000000000000200 arg3=0x0000000000000000
#9535 [2026-09-17 23:40:30.216] [DEBUG] [P8724:T17744] [phase=present] [hook=present] [present] begin swap_chain=0x0000026A946CF720 sync=0 flags=0x200 ready=1
#9536 [2026-09-17 23:40:30.235] [DEBUG] [P8724:T17744] [phase=present] [hook=present] [present] rendering context updated
#9537 [2026-09-17 23:40:30.254] [DEBUG] [P8724:T17744] [phase=present] [hook=present] [present] forwarding to original
#9538 [2026-09-17 23:40:30.273] [DEBUG] [P8724:T17744] [phase=none] [hook=present] hook leave name=present duration_ms=78
#9539 [2026-09-17 23:40:30.294] [DEBUG] [P8724:T14672] [phase=frame_stage_notify] [hook=frame_stage_notify] [frame_stage] begin stage=0 this=0x00007FF9971873C0
#9543 [2026-09-17 23:40:30.312] [DEBUG] [P8724:T14672] [phase=frame_stage_notify] [hook=frame_stage_notify] [frame_stage] original begin
#9544 [2026-09-17 23:40:30.330] [DEBUG] [P8724:T14672] [phase=frame_stage_notify] [hook=frame_stage_notify] [frame_stage] original end
#9545 [2026-09-17 23:40:30.348] [DEBUG] [P8724:T14672] [phase=frame_stage_notify] [hook=frame_stage_notify] [frame_stage] end stage=0
#9546 [2026-09-17 23:40:30.367] [DEBUG] [P8724:T14672] [phase=frame_stage_notify] [hook=frame_stage_notify] [frame_stage] begin stage=11 this=0x00007FF9971873C0
#9547 [2026-09-17 23:40:30.385] [DEBUG] [P8724:T14672] [phase=frame_stage_notify] [hook=frame_stage_notify] [frame_stage] original begin
#9548 [2026-09-17 23:40:30.403] [DEBUG] [P8724:T14672] [phase=frame_stage_notify] [hook=frame_stage_notify] [frame_stage] original end
#9549 [2026-09-17 23:40:30.422] [DEBUG] [P8724:T14672] [phase=frame_stage_notify] [hook=frame_stage_notify] [frame_stage] end stage=11
#9550 [2026-09-17 23:40:30.441] [DEBUG] [P8724:T14672] [phase=frame_stage_notify] [hook=frame_stage_notify] [frame_stage] begin stage=0 this=0x00007FF9971873C0
#9551 [2026-09-17 23:40:30.460] [DEBUG] [P8724:T14672] [phase=frame_stage_notify] [hook=frame_stage_notify] [frame_stage] original begin
#9552 [2026-09-17 23:40:30.479] [DEBUG] [P8724:T14672] [phase=frame_stage_notify] [hook=frame_stage_notify] [frame_stage] original end
#9553 [2026-09-17 23:40:30.498] [DEBUG] [P8724:T14672] [phase=frame_stage_notify] [hook=frame_stage_notify] [frame_stage] end stage=0
#9554 [2026-09-17 23:40:30.517] [DEBUG] [P8724:T14672] [phase=frame_stage_notify] [hook=frame_stage_notify] [frame_stage] begin stage=11 this=0x00007FF9971873C0
#9555 [2026-09-17 23:40:30.535] [DEBUG] [P8724:T14672] [phase=frame_stage_notify] [hook=frame_stage_notify] [frame_stage] original begin
#9556 [2026-09-17 23:40:30.554] [DEBUG] [P8724:T14672] [phase=frame_stage_notify] [hook=frame_stage_notify] [frame_stage] original end
#9557 [2026-09-17 23:40:30.572] [DEBUG] [P8724:T14672] [phase=frame_stage_notify] [hook=frame_stage_notify] [frame_stage] end stage=11
#9558 [2026-09-17 23:40:30.590] [DEBUG] [P8724:T14672] [phase=frame_stage_notify] [hook=frame_stage_notify] [frame_stage] begin stage=0 this=0x00007FF9971873C0
#9559 [2026-09-17 23:40:30.608] [DEBUG] [P8724:T14672] [phase=frame_stage_notify] [hook=frame_stage_notify] [frame_stage] original begin
#9560 [2026-09-17 23:40:30.627] [DEBUG] [P8724:T14672] [phase=frame_stage_notify] [hook=frame_stage_notify] [frame_stage] original end
#9561 [2026-09-17 23:40:30.650] [DEBUG] [P8724:T14672] [phase=frame_stage_notify] [hook=frame_stage_notify] [frame_stage] end stage=0
#9562 [2026-09-17 23:40:30.670] [DEBUG] [P8724:T14672] [phase=frame_stage_notify] [hook=frame_stage_notify] [frame_stage] begin stage=11 this=0x00007FF9971873C0
#9563 [2026-09-17 23:40:30.688] [DEBUG] [P8724:T14672] [phase=frame_stage_notify] [hook=frame_stage_notify] [frame_stage] original begin
#9564 [2026-09-17 23:40:30.707] [DEBUG] [P8724:T14672] [phase=frame_stage_notify] [hook=frame_stage_notify] [frame_stage] original end
#9565 [2026-09-17 23:40:30.726] [DEBUG] [P8724:T14672] [phase=frame_stage_notify] [hook=frame_stage_notify] [frame_stage] end stage=11
#9566 [2026-09-17 23:40:30.744] [DEBUG] [P8724:T14672] [phase=frame_stage_notify] [hook=frame_stage_notify] [frame_stage] begin stage=0 this=0x00007FF9971873C0
#9567 [2026-09-17 23:40:30.763] [DEBUG] [P8724:T14672] [phase=frame_stage_notify] [hook=frame_stage_notify] [frame_stage] original begin
#9568 [2026-09-17 23:40:30.782] [DEBUG] [P8724:T14672] [phase=frame_stage_notify] [hook=frame_stage_notify] [frame_stage] original end
#9569 [2026-09-17 23:40:30.800] [DEBUG] [P8724:T14672] [phase=frame_stage_notify] [hook=frame_stage_notify] [frame_stage] end stage=0
#9570 [2026-09-17 23:40:30.819] [DEBUG] [P8724:T14672] [phase=frame_stage_notify] [hook=frame_stage_notify] [frame_stage] begin stage=11 this=0x00007FF9971873C0
#9571 [2026-09-17 23:40:30.838] [DEBUG] [P8724:T14672] [phase=frame_stage_notify] [hook=frame_stage_notify] [frame_stage] original begin
#9572 [2026-09-17 23:40:30.857] [DEBUG] [P8724:T14672] [phase=frame_stage_notify] [hook=frame_stage_notify] [frame_stage] original end
#9573 [2026-09-17 23:40:30.876] [DEBUG] [P8724:T14672] [phase=frame_stage_notify] [hook=frame_stage_notify] [frame_stage] end stage=11
#9574 [2026-09-17 23:40:30.895] [DEBUG] [P8724:T14672] [phase=frame_stage_notify] [hook=frame_stage_notify] [frame_stage] begin stage=0 this=0x00007FF9971873C0
#9575 [2026-09-17 23:40:30.913] [DEBUG] [P8724:T14672] [phase=frame_stage_notify] [hook=frame_stage_notify] [frame_stage] original begin
#9576 [2026-09-17 23:40:30.950] [DEBUG] [P8724:T14672] [phase=frame_stage_notify] [hook=frame_stage_notify] [frame_stage] original end
#9577 [2026-09-17 23:40:30.985] [DEBUG] [P8724:T14672] [phase=frame_stage_notify] [hook=frame_stage_notify] [frame_stage] end stage=0
#9578 [2026-09-17 23:40:31.006] [DEBUG] [P8724:T14672] [phase=frame_stage_notify] [hook=frame_stage_notify] [frame_stage] begin stage=11 this=0x00007FF9971873C0
#9579 [2026-09-17 23:40:31.024] [DEBUG] [P8724:T14672] [phase=frame_stage_notify] [hook=frame_stage_notify] [frame_stage] original begin
#9580 [2026-09-17 23:40:31.042] [DEBUG] [P8724:T14672] [phase=frame_stage_notify] [hook=frame_stage_notify] [frame_stage] original end
#9581 [2026-09-17 23:40:31.059] [DEBUG] [P8724:T14672] [phase=frame_stage_notify] [hook=frame_stage_notify] [frame_stage] end stage=11
#9582 [2026-09-17 23:40:31.078] [DEBUG] [P8724:T14672] [phase=frame_stage_notify] [hook=frame_stage_notify] [frame_stage] begin stage=0 this=0x00007FF9971873C0
#9583 [2026-09-17 23:40:31.097] [DEBUG] [P8724:T14672] [phase=frame_stage_notify] [hook=frame_stage_notify] [frame_stage] original begin
#9584 [2026-09-17 23:40:31.115] [DEBUG] [P8724:T14672] [phase=frame_stage_notify] [hook=frame_stage_notify] [frame_stage] original end
#9585 [2026-09-17 23:40:31.134] [DEBUG] [P8724:T14672] [phase=frame_stage_notify] [hook=frame_stage_notify] [frame_stage] end stage=0
#9586 [2026-09-17 23:40:31.153] [DEBUG] [P8724:T14672] [phase=frame_stage_notify] [hook=frame_stage_notify] [frame_stage] begin stage=11 this=0x00007FF9971873C0
#9587 [2026-09-17 23:40:31.172] [DEBUG] [P8724:T14672] [phase=frame_stage_notify] [hook=frame_stage_notify] [frame_stage] original begin
#9588 [2026-09-17 23:40:31.190] [DEBUG] [P8724:T14672] [phase=frame_stage_notify] [hook=frame_stage_notify] [frame_stage] original end
#9589 [2026-09-17 23:40:31.209] [DEBUG] [P8724:T14672] [phase=frame_stage_notify] [hook=frame_stage_notify] [frame_stage] end stage=11
#9590 [2026-09-17 23:40:31.228] [DEBUG] [P8724:T14672] [phase=frame_stage_notify] [hook=frame_stage_notify] [frame_stage] begin stage=0 this=0x00007FF9971873C0
#9591 [2026-09-17 23:40:31.247] [DEBUG] [P8724:T14672] [phase=frame_stage_notify] [hook=frame_stage_notify] [frame_stage] original begin
#9592 [2026-09-17 23:40:31.265] [DEBUG] [P8724:T14672] [phase=frame_stage_notify] [hook=frame_stage_notify] [frame_stage] original end
#9593 [2026-09-17 23:40:31.284] [DEBUG] [P8724:T14672] [phase=frame_stage_notify] [hook=frame_stage_notify] [frame_stage] end stage=0
#9594 [2026-09-17 23:40:31.303] [DEBUG] [P8724:T14672] [phase=frame_stage_notify] [hook=frame_stage_notify] [frame_stage] begin stage=10 this=0x00007FF9971873C0
#9595 [2026-09-17 23:40:31.321] [DEBUG] [P8724:T14672] [phase=frame_stage_notify] [hook=frame_stage_notify] [frame_stage] original begin
#9596 [2026-09-17 23:40:31.339] [DEBUG] [P8724:T14672] [phase=frame_stage_notify] [hook=frame_stage_notify] [frame_stage] original end
#9597 [2026-09-17 23:40:31.358] [DEBUG] [P8724:T14672] [phase=frame_stage_notify] [hook=frame_stage_notify] [frame_stage] end stage=10
#9598 [2026-09-17 23:40:31.377] [DEBUG] [P8724:T14672] [phase=frame_stage_notify] [hook=frame_stage_notify] [frame_stage] begin stage=11 this=0x00007FF9971873C0
#9599 [2026-09-17 23:40:31.396] [DEBUG] [P8724:T14672] [phase=frame_stage_notify] [hook=frame_stage_notify] [frame_stage] original begin
#9600 [2026-09-17 23:40:31.414] [DEBUG] [P8724:T14672] [phase=frame_stage_notify] [hook=frame_stage_notify] [frame_stage] original end
#9601 [2026-09-17 23:40:31.432] [DEBUG] [P8724:T14672] [phase=frame_stage_notify] [hook=frame_stage_notify] [frame_stage] end stage=11
#9602 [2026-09-17 23:40:31.451] [DEBUG] [P8724:T14672] [phase=frame_stage_notify] [hook=frame_stage_notify] [frame_stage] begin stage=1 this=0x00007FF9971873C0
#9603 [2026-09-17 23:40:31.469] [DEBUG] [P8724:T14672] [phase=frame_stage_notify] [hook=frame_stage_notify] [frame_stage] original begin
#9604 [2026-09-17 23:40:31.487] [DEBUG] [P8724:T14672] [phase=frame_stage_notify] [hook=frame_stage_notify] [frame_stage] original end
#9605 [2026-09-17 23:40:31.504] [DEBUG] [P8724:T14672] [phase=frame_stage_notify] [hook=frame_stage_notify] [frame_stage] end stage=1
#9606 [2026-09-17 23:40:31.523] [DEBUG] [P8724:T14672] [phase=frame_stage_notify] [hook=frame_stage_notify] [frame_stage] begin stage=2 this=0x00007FF9971873C0
#9607 [2026-09-17 23:40:31.542] [DEBUG] [P8724:T14672] [phase=frame_stage_notify] [hook=frame_stage_notify] [frame_stage] original begin
#9608 [2026-09-17 23:40:31.561] [DEBUG] [P8724:T14672] [phase=frame_stage_notify] [hook=frame_stage_notify] [frame_stage] original end
#9609 [2026-09-17 23:40:31.579] [DEBUG] [P8724:T14672] [phase=frame_stage_notify] [hook=frame_stage_notify] [frame_stage] end stage=2
#9610 [2026-09-17 23:40:31.598] [DEBUG] [P8724:T14672] [phase=frame_stage_notify] [hook=frame_stage_notify] [frame_stage] begin stage=5 this=0x00007FF9971873C0
#9611 [2026-09-17 23:40:31.617] [DEBUG] [P8724:T14672] [phase=frame_stage_notify] [hook=frame_stage_notify] [frame_stage] original begin
#9612 [2026-09-17 23:40:31.635] [DEBUG] [P8724:T14672] [phase=frame_stage_notify] [hook=frame_stage_notify] [frame_stage] original end
#9613 [2026-09-17 23:40:31.654] [DEBUG] [P8724:T14672] [phase=frame_stage_notify] [hook=frame_stage_notify] [frame_stage] end stage=5
#9614 [2026-09-17 23:40:31.673] [DEBUG] [P8724:T14672] [phase=frame_stage_notify] [hook=frame_stage_notify] [frame_stage] begin stage=6 this=0x00007FF9971873C0
#9615 [2026-09-17 23:40:31.692] [DEBUG] [P8724:T14672] [phase=frame_stage_notify] [hook=frame_stage_notify] [frame_stage] guns begin
#9616 [2026-09-17 23:40:31.710] [DEBUG] [P8724:T14672] [phase=frame_stage_notify] [hook=frame_stage_notify] [frame_stage] guns end
#9617 [2026-09-17 23:40:31.729] [DEBUG] [P8724:T14672] [phase=frame_stage_notify] [hook=frame_stage_notify] [frame_stage] dlight begin
#9618 [2026-09-17 23:40:31.747] [DEBUG] [P8724:T14672] [phase=frame_stage_notify] [hook=frame_stage_notify] [frame_stage] dlight end
#9619 [2026-09-17 23:40:31.765] [DEBUG] [P8724:T14672] [phase=frame_stage_notify] [hook=frame_stage_notify] [frame_stage] original begin
#9620 [2026-09-17 23:40:31.783] [DEBUG] [P8724:T14672] [phase=frame_stage_notify] [hook=frame_stage_notify] [frame_stage] original end
#9621 [2026-09-17 23:40:31.802] [DEBUG] [P8724:T14672] [phase=frame_stage_notify] [hook=frame_stage_notify] [frame_stage] post-network feature updates begin
#9622 [2026-09-17 23:40:31.820] [DEBUG] [P8724:T14672] [phase=frame_stage_notify] [hook=frame_stage_notify] [frame_stage] post-network feature updates end
#9623 [2026-09-17 23:40:31.838] [DEBUG] [P8724:T14672] [phase=frame_stage_notify] [hook=frame_stage_notify] [frame_stage] end stage=6
#9624 [2026-09-17 23:40:31.856] [DEBUG] [P8724:T14672] [phase=frame_stage_notify] [hook=frame_stage_notify] [frame_stage] begin stage=7 this=0x00007FF9971873C0
#9625 [2026-09-17 23:40:31.874] [DEBUG] [P8724:T14672] [phase=frame_stage_notify] [hook=frame_stage_notify] [frame_stage] agents begin
#9626 [2026-09-17 23:40:31.893] [DEBUG] [P8724:T14672] [phase=frame_stage_notify] [hook=frame_stage_notify] [frame_stage] agents end; gloves begin
#9627 [2026-09-17 23:40:31.912] [DEBUG] [P8724:T14672] [phase=frame_stage_notify] [hook=frame_stage_notify] [frame_stage] gloves end; knives begin
#9628 [2026-09-17 23:40:31.931] [DEBUG] [P8724:T14672] [phase=frame_stage_notify] [hook=frame_stage_notify] [frame_stage] knives end; world begin
#9629 [2026-09-17 23:40:31.949] [DEBUG] [P8724:T14672] [phase=frame_stage_notify] [hook=frame_stage_notify] [frame_stage] scene end; weather begin
#9630 [2026-09-17 23:40:31.967] [DEBUG] [P8724:T14672] [phase=frame_stage_notify] [hook=frame_stage_notify] [frame_stage] weather end; other begin
#9631 [2026-09-17 23:40:31.986] [DEBUG] [P8724:T14672] [phase=frame_stage_notify] [hook=frame_stage_notify] [frame_stage] other end; impacts begin
#9632 [2026-09-17 23:40:32.006] [DEBUG] [P8724:T14672] [phase=frame_stage_notify] [hook=frame_stage_notify] [frame_stage] impacts end
#9633 [2026-09-17 23:40:32.024] [DEBUG] [P8724:T14672] [phase=frame_stage_notify] [hook=frame_stage_notify] [frame_stage] original begin
#9634 [2026-09-17 23:40:32.043] [DEBUG] [P8724:T14672] [phase=frame_stage_notify] [hook=frame_stage_notify] [frame_stage] original end
#9635 [2026-09-17 23:40:32.062] [DEBUG] [P8724:T14672] [phase=frame_stage_notify] [hook=frame_stage_notify] [frame_stage] end stage=7
#9636 [2026-09-17 23:40:32.080] [DEBUG] [P8724:T14672] [phase=frame_stage_notify] [hook=frame_stage_notify] [frame_stage] begin stage=8 this=0x00007FF9971873C0
#9637 [2026-09-17 23:40:32.098] [DEBUG] [P8724:T14672] [phase=frame_stage_notify] [hook=frame_stage_notify] [frame_stage] original begin
#9638 [2026-09-17 23:40:32.119] [DEBUG] [P8724:T14672] [phase=frame_stage_notify] [hook=frame_stage_notify] [frame_stage] original end
#9639 [2026-09-17 23:40:32.136] [DEBUG] [P8724:T14672] [phase=frame_stage_notify] [hook=frame_stage_notify] [frame_stage] end stage=8
#9640 [2026-09-17 23:40:32.155] [DEBUG] [P8724:T14672] [phase=frame_stage_notify] [hook=frame_stage_notify] [frame_stage] begin stage=3 this=0x00007FF9971873C0
#9641 [2026-09-17 23:40:32.174] [DEBUG] [P8724:T14672] [phase=frame_stage_notify] [hook=frame_stage_notify] [frame_stage] original begin
#9642 [2026-09-17 23:40:32.192] [DEBUG] [P8724:T14672] [phase=frame_stage_notify] [hook=frame_stage_notify] [frame_stage] original end
#9643 [2026-09-17 23:40:32.211] [DEBUG] [P8724:T14672] [phase=frame_stage_notify] [hook=frame_stage_notify] [frame_stage] end stage=3
#9644 [2026-09-17 23:40:32.230] [DEBUG] [P8724:T14672] [phase=frame_stage_notify] [hook=frame_stage_notify] [frame_stage] begin stage=12 this=0x00007FF9971873C0
#9645 [2026-09-17 23:40:32.247] [DEBUG] [P8724:T14672] [phase=frame_stage_notify] [hook=frame_stage_notify] [frame_stage] original begin
#9646 [2026-09-17 23:40:32.285] [DEBUG] [P8724:T14672] [phase=frame_stage_notify] [hook=frame_stage_notify] [frame_stage] original end
#9647 [2026-09-17 23:40:32.303] [DEBUG] [P8724:T14672] [phase=frame_stage_notify] [hook=frame_stage_notify] [frame_stage] view/frame-data update begin
#9648 [2026-09-17 23:40:32.321] [DEBUG] [P8724:T14672] [phase=frame_stage_notify] [hook=frame_stage_notify] [frame_stage] view/frame-data update end
#9649 [2026-09-17 23:40:32.341] [DEBUG] [P8724:T14672] [phase=frame_stage_notify] [hook=frame_stage_notify] [frame_stage] end stage=12
#9650 [2026-09-17 23:40:32.363] [DEBUG] [P8724:T14672] [phase=frame_stage_notify] [hook=frame_stage_notify] [frame_stage] begin stage=0 this=0x00007FF9971873C0
#9654 [2026-09-17 23:40:32.398] [DEBUG] [P8724:T14672] [phase=frame_stage_notify] [hook=frame_stage_notify] [frame_stage] original begin
#9655 [2026-09-17 23:40:32.417] [DEBUG] [P8724:T14672] [phase=frame_stage_notify] [hook=frame_stage_notify] [frame_stage] original end
#9656 [2026-09-17 23:40:32.436] [DEBUG] [P8724:T14672] [phase=frame_stage_notify] [hook=frame_stage_notify] [frame_stage] end stage=0
#9657 [2026-09-17 23:40:32.454] [DEBUG] [P8724:T14672] [phase=frame_stage_notify] [hook=frame_stage_notify] [frame_stage] begin stage=11 this=0x00007FF9971873C0
#9658 [2026-09-17 23:40:32.473] [DEBUG] [P8724:T14672] [phase=frame_stage_notify] [hook=frame_stage_notify] [frame_stage] original begin
#9659 [2026-09-17 23:40:32.509] [DEBUG] [P8724:T14672] [phase=frame_stage_notify] [hook=frame_stage_notify] [frame_stage] original end
#9660 [2026-09-17 23:40:32.560] [DEBUG] [P8724:T14672] [phase=frame_stage_notify] [hook=frame_stage_notify] [frame_stage] end stage=11
#9661 [2026-09-17 23:40:32.579] [DEBUG] [P8724:T14672] [phase=frame_stage_notify] [hook=frame_stage_notify] [frame_stage] begin stage=0 this=0x00007FF9971873C0
#9662 [2026-09-17 23:40:32.598] [DEBUG] [P8724:T14672] [phase=frame_stage_notify] [hook=frame_stage_notify] [frame_stage] original begin
#9663 [2026-09-17 23:40:32.617] [DEBUG] [P8724:T14672] [phase=frame_stage_notify] [hook=frame_stage_notify] [frame_stage] original end
#9664 [2026-09-17 23:40:32.636] [DEBUG] [P8724:T14672] [phase=frame_stage_notify] [hook=frame_stage_notify] [frame_stage] end stage=0
#9665 [2026-09-17 23:40:32.654] [DEBUG] [P8724:T14672] [phase=frame_stage_notify] [hook=frame_stage_notify] [frame_stage] begin stage=11 this=0x00007FF9971873C0
#9666 [2026-09-17 23:40:32.673] [DEBUG] [P8724:T14672] [phase=frame_stage_notify] [hook=frame_stage_notify] [frame_stage] original begin
#9667 [2026-09-17 23:40:32.692] [DEBUG] [P8724:T14672] [phase=frame_stage_notify] [hook=frame_stage_notify] [frame_stage] original end
#9668 [2026-09-17 23:40:32.711] [DEBUG] [P8724:T14672] [phase=frame_stage_notify] [hook=frame_stage_notify] [frame_stage] end stage=11
#9669 [2026-09-17 23:40:32.729] [DEBUG] [P8724:T14672] [phase=frame_stage_notify] [hook=frame_stage_notify] [frame_stage] begin stage=0 this=0x00007FF9971873C0
#9670 [2026-09-17 23:40:32.748] [DEBUG] [P8724:T14672] [phase=frame_stage_notify] [hook=frame_stage_notify] [frame_stage] original begin
#9671 [2026-09-17 23:40:32.767] [DEBUG] [P8724:T14672] [phase=frame_stage_notify] [hook=frame_stage_notify] [frame_stage] original end
#9672 [2026-09-17 23:40:32.785] [DEBUG] [P8724:T14672] [phase=frame_stage_notify] [hook=frame_stage_notify] [frame_stage] end stage=0
#9673 [2026-09-17 23:40:32.805] [DEBUG] [P8724:T14672] [phase=frame_stage_notify] [hook=frame_stage_notify] [frame_stage] begin stage=11 this=0x00007FF9971873C0
#9674 [2026-09-17 23:40:32.840] [DEBUG] [P8724:T14672] [phase=frame_stage_notify] [hook=frame_stage_notify] [frame_stage] original begin
#9675 [2026-09-17 23:40:32.860] [DEBUG] [P8724:T14672] [phase=frame_stage_notify] [hook=frame_stage_notify] [frame_stage] original end
#9676 [2026-09-17 23:40:32.878] [DEBUG] [P8724:T14672] [phase=frame_stage_notify] [hook=frame_stage_notify] [frame_stage] end stage=11
#9677 [2026-09-17 23:40:32.899] [DEBUG] [P8724:T14672] [phase=frame_stage_notify] [hook=frame_stage_notify] [frame_stage] begin stage=0 this=0x00007FF9971873C0
#9678 [2026-09-17 23:40:32.918] [DEBUG] [P8724:T14672] [phase=frame_stage_notify] [hook=frame_stage_notify] [frame_stage] original begin
#9679 [2026-09-17 23:40:32.936] [DEBUG] [P8724:T14672] [phase=frame_stage_notify] [hook=frame_stage_notify] [frame_stage] original end
#9680 [2026-09-17 23:40:32.954] [DEBUG] [P8724:T14672] [phase=frame_stage_notify] [hook=frame_stage_notify] [frame_stage] end stage=0
#9681 [2026-09-17 23:40:32.972] [DEBUG] [P8724:T14672] [phase=frame_stage_notify] [hook=frame_stage_notify] [frame_stage] begin stage=11 this=0x00007FF9971873C0
#9682 [2026-09-17 23:40:32.991] [DEBUG] [P8724:T14672] [phase=frame_stage_notify] [hook=frame_stage_notify] [frame_stage] original begin
#9683 [2026-09-17 23:40:33.009] [DEBUG] [P8724:T14672] [phase=frame_stage_notify] [hook=frame_stage_notify] [frame_stage] original end
#9684 [2026-09-17 23:40:33.028] [DEBUG] [P8724:T14672] [phase=frame_stage_notify] [hook=frame_stage_notify] [frame_stage] end stage=11
#9685 [2026-09-17 23:40:33.047] [DEBUG] [P8724:T14672] [phase=frame_stage_notify] [hook=frame_stage_notify] [frame_stage] begin stage=0 this=0x00007FF9971873C0
#9686 [2026-09-17 23:40:33.065] [DEBUG] [P8724:T14672] [phase=frame_stage_notify] [hook=frame_stage_notify] [frame_stage] original begin
#9687 [2026-09-17 23:40:33.084] [DEBUG] [P8724:T14672] [phase=frame_stage_notify] [hook=frame_stage_notify] [frame_stage] original end
#9688 [2026-09-17 23:40:33.102] [DEBUG] [P8724:T14672] [phase=frame_stage_notify] [hook=frame_stage_notify] [frame_stage] end stage=0
#9689 [2026-09-17 23:40:33.122] [DEBUG] [P8724:T14672] [phase=frame_stage_notify] [hook=frame_stage_notify] [frame_stage] begin stage=11 this=0x00007FF9971873C0
#9690 [2026-09-17 23:40:33.140] [DEBUG] [P8724:T14672] [phase=frame_stage_notify] [hook=frame_stage_notify] [frame_stage] original begin
#9691 [2026-09-17 23:40:33.176] [DEBUG] [P8724:T14672] [phase=frame_stage_notify] [hook=frame_stage_notify] [frame_stage] original end
#9692 [2026-09-17 23:40:33.245] [DEBUG] [P8724:T14672] [phase=frame_stage_notify] [hook=frame_stage_notify] [frame_stage] end stage=11
#9693 [2026-09-17 23:40:33.317] [DEBUG] [P8724:T14672] [phase=frame_stage_notify] [hook=frame_stage_notify] [frame_stage] begin stage=0 this=0x00007FF9971873C0
#9694 [2026-09-17 23:40:33.389] [DEBUG] [P8724:T14672] [phase=frame_stage_notify] [hook=frame_stage_notify] [frame_stage] original begin
#9695 [2026-09-17 23:40:33.460] [DEBUG] [P8724:T14672] [phase=frame_stage_notify] [hook=frame_stage_notify] [frame_stage] original end
#9696 [2026-09-17 23:40:33.529] [DEBUG] [P8724:T14672] [phase=frame_stage_notify] [hook=frame_stage_notify] [frame_stage] end stage=0
#9697 [2026-09-17 23:40:33.601] [DEBUG] [P8724:T14672] [phase=frame_stage_notify] [hook=frame_stage_notify] [frame_stage] begin stage=10 this=0x00007FF9971873C0
#9698 [2026-09-17 23:40:33.620] [DEBUG] [P8724:T14672] [phase=frame_stage_notify] [hook=frame_stage_notify] [frame_stage] original begin
#9699 [2026-09-17 23:40:33.656] [DEBUG] [P8724:T14672] [phase=frame_stage_notify] [hook=frame_stage_notify] [frame_stage] original end
#9700 [2026-09-17 23:40:33.676] [DEBUG] [P8724:T14672] [phase=frame_stage_notify] [hook=frame_stage_notify] [frame_stage] end stage=10
#9701 [2026-09-17 23:40:33.695] [DEBUG] [P8724:T14672] [phase=frame_stage_notify] [hook=frame_stage_notify] [frame_stage] begin stage=11 this=0x00007FF9971873C0
#9702 [2026-09-17 23:40:33.713] [DEBUG] [P8724:T14672] [phase=frame_stage_notify] [hook=frame_stage_notify] [frame_stage] original begin
#9703 [2026-09-17 23:40:33.731] [DEBUG] [P8724:T14672] [phase=frame_stage_notify] [hook=frame_stage_notify] [frame_stage] original end
#9704 [2026-09-17 23:40:33.750] [DEBUG] [P8724:T14672] [phase=frame_stage_notify] [hook=frame_stage_notify] [frame_stage] end stage=11
#9705 [2026-09-17 23:40:33.769] [DEBUG] [P8724:T14672] [phase=frame_stage_notify] [hook=frame_stage_notify] [frame_stage] begin stage=1 this=0x00007FF9971873C0
#9706 [2026-09-17 23:40:33.787] [DEBUG] [P8724:T14672] [phase=frame_stage_notify] [hook=frame_stage_notify] [frame_stage] original begin
#9707 [2026-09-17 23:40:33.805] [DEBUG] [P8724:T14672] [phase=frame_stage_notify] [hook=frame_stage_notify] [frame_stage] original end
#9708 [2026-09-17 23:40:33.823] [DEBUG] [P8724:T14672] [phase=frame_stage_notify] [hook=frame_stage_notify] [frame_stage] end stage=1
#9709 [2026-09-17 23:40:33.842] [DEBUG] [P8724:T14672] [phase=frame_stage_notify] [hook=frame_stage_notify] [frame_stage] begin stage=2 this=0x00007FF9971873C0
#9710 [2026-09-17 23:40:33.861] [DEBUG] [P8724:T14672] [phase=frame_stage_notify] [hook=frame_stage_notify] [frame_stage] original begin
#9711 [2026-09-17 23:40:33.880] [DEBUG] [P8724:T14672] [phase=frame_stage_notify] [hook=frame_stage_notify] [frame_stage] original end
#9712 [2026-09-17 23:40:33.898] [DEBUG] [P8724:T14672] [phase=frame_stage_notify] [hook=frame_stage_notify] [frame_stage] end stage=2
#9713 [2026-09-17 23:40:33.917] [DEBUG] [P8724:T14672] [phase=frame_stage_notify] [hook=frame_stage_notify] [frame_stage] begin stage=5 this=0x00007FF9971873C0
#9714 [2026-09-17 23:40:33.936] [DEBUG] [P8724:T14672] [phase=frame_stage_notify] [hook=frame_stage_notify] [frame_stage] original begin
#9715 [2026-09-17 23:40:33.954] [DEBUG] [P8724:T14672] [phase=frame_stage_notify] [hook=frame_stage_notify] [frame_stage] original end
#9716 [2026-09-17 23:40:33.972] [DEBUG] [P8724:T14672] [phase=frame_stage_notify] [hook=frame_stage_notify] [frame_stage] end stage=5
#9717 [2026-09-17 23:40:33.991] [DEBUG] [P8724:T14672] [phase=frame_stage_notify] [hook=frame_stage_notify] [frame_stage] begin stage=6 this=0x00007FF9971873C0
#9718 [2026-09-17 23:40:34.009] [DEBUG] [P8724:T14672] [phase=frame_stage_notify] [hook=frame_stage_notify] [frame_stage] guns begin
#9719 [2026-09-17 23:40:34.027] [DEBUG] [P8724:T14672] [phase=frame_stage_notify] [hook=frame_stage_notify] [frame_stage] guns end
#9720 [2026-09-17 23:40:34.046] [DEBUG] [P8724:T14672] [phase=frame_stage_notify] [hook=frame_stage_notify] [frame_stage] dlight begin
#9721 [2026-09-17 23:40:34.065] [DEBUG] [P8724:T14672] [phase=frame_stage_notify] [hook=frame_stage_notify] [frame_stage] dlight end
#9722 [2026-09-17 23:40:34.083] [DEBUG] [P8724:T14672] [phase=frame_stage_notify] [hook=frame_stage_notify] [frame_stage] original begin
#9723 [2026-09-17 23:40:34.102] [DEBUG] [P8724:T14672] [phase=frame_stage_notify] [hook=frame_stage_notify] [frame_stage] original end
#9724 [2026-09-17 23:40:34.121] [DEBUG] [P8724:T14672] [phase=frame_stage_notify] [hook=frame_stage_notify] [frame_stage] post-network feature updates begin
#9725 [2026-09-17 23:40:34.139] [DEBUG] [P8724:T14672] [phase=frame_stage_notify] [hook=frame_stage_notify] [frame_stage] post-network feature updates end
#9726 [2026-09-17 23:40:34.158] [DEBUG] [P8724:T14672] [phase=frame_stage_notify] [hook=frame_stage_notify] [frame_stage] end stage=6
#9727 [2026-09-17 23:40:34.176] [DEBUG] [P8724:T14672] [phase=frame_stage_notify] [hook=frame_stage_notify] [frame_stage] begin stage=7 this=0x00007FF9971873C0
#9728 [2026-09-17 23:40:34.195] [DEBUG] [P8724:T14672] [phase=frame_stage_notify] [hook=frame_stage_notify] [frame_stage] agents begin
#9729 [2026-09-17 23:40:34.213] [DEBUG] [P8724:T14672] [phase=frame_stage_notify] [hook=frame_stage_notify] [frame_stage] agents end; gloves begin
#9730 [2026-09-17 23:40:34.232] [DEBUG] [P8724:T14672] [phase=frame_stage_notify] [hook=frame_stage_notify] [frame_stage] gloves end; knives begin
#9731 [2026-09-17 23:40:34.250] [DEBUG] [P8724:T14672] [phase=frame_stage_notify] [hook=frame_stage_notify] [frame_stage] knives end; world begin
#9732 [2026-09-17 23:40:34.267] [DEBUG] [P8724:T14672] [phase=frame_stage_notify] [hook=frame_stage_notify] [frame_stage] scene end; weather begin
#9733 [2026-09-17 23:40:34.286] [DEBUG] [P8724:T14672] [phase=frame_stage_notify] [hook=frame_stage_notify] [frame_stage] weather end; other begin
#9734 [2026-09-17 23:40:34.306] [DEBUG] [P8724:T14672] [phase=frame_stage_notify] [hook=frame_stage_notify] [frame_stage] other end; impacts begin
#9735 [2026-09-17 23:40:34.325] [DEBUG] [P8724:T14672] [phase=frame_stage_notify] [hook=frame_stage_notify] [frame_stage] impacts end
#9736 [2026-09-17 23:40:34.344] [DEBUG] [P8724:T14672] [phase=frame_stage_notify] [hook=frame_stage_notify] [frame_stage] original begin
#9737 [2026-09-17 23:40:34.362] [DEBUG] [P8724:T14672] [phase=frame_stage_notify] [hook=frame_stage_notify] [frame_stage] original end
#9738 [2026-09-17 23:40:34.381] [DEBUG] [P8724:T14672] [phase=frame_stage_notify] [hook=frame_stage_notify] [frame_stage] end stage=7
#9739 [2026-09-17 23:40:34.399] [DEBUG] [P8724:T14672] [phase=frame_stage_notify] [hook=frame_stage_notify] [frame_stage] begin stage=8 this=0x00007FF9971873C0
#9740 [2026-09-17 23:40:34.418] [DEBUG] [P8724:T14672] [phase=frame_stage_notify] [hook=frame_stage_notify] [frame_stage] original begin
#9741 [2026-09-17 23:40:34.438] [DEBUG] [P8724:T14672] [phase=frame_stage_notify] [hook=frame_stage_notify] [frame_stage] original end
#9742 [2026-09-17 23:40:34.456] [DEBUG] [P8724:T14672] [phase=frame_stage_notify] [hook=frame_stage_notify] [frame_stage] end stage=8
#9743 [2026-09-17 23:40:34.474] [DEBUG] [P8724:T14672] [phase=frame_stage_notify] [hook=frame_stage_notify] [frame_stage] begin stage=3 this=0x00007FF9971873C0
#9744 [2026-09-17 23:40:34.493] [DEBUG] [P8724:T14672] [phase=frame_stage_notify] [hook=frame_stage_notify] [frame_stage] original begin
#9745 [2026-09-17 23:40:34.512] [DEBUG] [P8724:T14672] [phase=frame_stage_notify] [hook=frame_stage_notify] [frame_stage] original end
#9746 [2026-09-17 23:40:34.531] [DEBUG] [P8724:T14672] [phase=frame_stage_notify] [hook=frame_stage_notify] [frame_stage] end stage=3
#9747 [2026-09-17 23:40:34.550] [DEBUG] [P8724:T14672] [phase=frame_stage_notify] [hook=frame_stage_notify] [frame_stage] begin stage=12 this=0x00007FF9971873C0
#9748 [2026-09-17 23:40:34.567] [DEBUG] [P8724:T14672] [phase=frame_stage_notify] [hook=frame_stage_notify] [frame_stage] original begin
#9749 [2026-09-17 23:40:34.587] [DEBUG] [P8724:T14672] [phase=frame_stage_notify] [hook=frame_stage_notify] [frame_stage] original end
#9750 [2026-09-17 23:40:34.606] [DEBUG] [P8724:T14672] [phase=frame_stage_notify] [hook=frame_stage_notify] [frame_stage] view/frame-data update begin
#9751 [2026-09-17 23:40:34.624] [DEBUG] [P8724:T14672] [phase=frame_stage_notify] [hook=frame_stage_notify] [frame_stage] view/frame-data update end
#9752 [2026-09-17 23:40:34.642] [DEBUG] [P8724:T14672] [phase=frame_stage_notify] [hook=frame_stage_notify] [frame_stage] end stage=12
#9753 [2026-09-17 23:40:34.664] [DEBUG] [P8724:T17744] [phase=present] [hook=present] [present] begin swap_chain=0x0000026A946CF720 sync=0 flags=0x200 ready=1
#9854 [2026-09-17 23:40:34.683] [DEBUG] [P8724:T17744] [phase=present] [hook=present] [present] rendering context updated
#9855 [2026-09-17 23:40:34.702] [DEBUG] [P8724:T17744] [phase=present] [hook=present] [present] forwarding to original
#9856 [2026-09-17 23:40:34.721] [DEBUG] [P8724:T17744] [phase=present] [hook=present] [present] begin swap_chain=0x0000026A946CF720 sync=0 flags=0x200 ready=1
#9941 [2026-09-17 23:40:34.740] [DEBUG] [P8724:T17744] [phase=present] [hook=present] [present] rendering context updated
#9942 [2026-09-17 23:40:34.757] [DEBUG] [P8724:T17744] [phase=present] [hook=present] [present] forwarding to original
#9943 [2026-09-17 23:40:34.778] [DEBUG] [P8724:T17744] [phase=present] [hook=present] [present] begin swap_chain=0x0000026A946CF720 sync=0 flags=0x200 ready=1
#10028 [2026-09-17 23:40:34.797] [DEBUG] [P8724:T17744] [phase=present] [hook=present] [present] rendering context updated
#10029 [2026-09-17 23:40:34.816] [DEBUG] [P8724:T17744] [phase=present] [hook=present] [present] forwarding to original
#10030 [2026-09-17 23:40:34.836] [DEBUG] [P8724:T17744] [phase=present] [hook=present] [present] begin swap_chain=0x0000026A946CF720 sync=0 flags=0x200 ready=1
#10115 [2026-09-17 23:40:34.854] [DEBUG] [P8724:T17744] [phase=present] [hook=present] [present] rendering context updated
#10116 [2026-09-17 23:40:34.873] [DEBUG] [P8724:T17744] [phase=present] [hook=present] [present] forwarding to original
#10117 [2026-09-17 23:40:34.894] [DEBUG] [P8724:T17744] [phase=present] [hook=present] [present] begin swap_chain=0x0000026A946CF720 sync=0 flags=0x200 ready=1
#10194 [2026-09-17 23:40:34.913] [DEBUG] [P8724:T17744] [phase=present] [hook=present] [present] rendering context updated
#10195 [2026-09-17 23:40:34.931] [DEBUG] [P8724:T17744] [phase=present] [hook=present] [present] forwarding to original
#10196 [2026-09-17 23:40:34.952] [DEBUG] [P8724:T17744] [phase=present] [hook=present] [present] begin swap_chain=0x0000026A946CF720 sync=0 flags=0x200 ready=1
#10283 [2026-09-17 23:40:34.986] [DEBUG] [P8724:T17744] [phase=present] [hook=present] [present] rendering context updated
#10284 [2026-09-17 23:40:35.022] [DEBUG] [P8724:T17744] [phase=present] [hook=present] [present] forwarding to original
#10285 [2026-09-17 23:40:35.062] [DEBUG] [P8724:T14672] [phase=frame_stage_notify] [hook=frame_stage_notify] [frame_stage] begin stage=0 this=0x00007FF9971873C0
#10286 [2026-09-17 23:40:35.081] [DEBUG] [P8724:T14672] [phase=frame_stage_notify] [hook=frame_stage_notify] [frame_stage] original begin
#10290 [2026-09-17 23:40:35.100] [DEBUG] [P8724:T14672] [phase=frame_stage_notify] [hook=frame_stage_notify] [frame_stage] original end
#10291 [2026-09-17 23:40:35.118] [DEBUG] [P8724:T14672] [phase=frame_stage_notify] [hook=frame_stage_notify] [frame_stage] end stage=0
#10292 [2026-09-17 23:40:35.137] [DEBUG] [P8724:T14672] [phase=frame_stage_notify] [hook=frame_stage_notify] [frame_stage] begin stage=11 this=0x00007FF9971873C0
#10293 [2026-09-17 23:40:35.156] [DEBUG] [P8724:T14672] [phase=frame_stage_notify] [hook=frame_stage_notify] [frame_stage] original begin
#10294 [2026-09-17 23:40:35.173] [DEBUG] [P8724:T14672] [phase=frame_stage_notify] [hook=frame_stage_notify] [frame_stage] original end
#10295 [2026-09-17 23:40:35.191] [DEBUG] [P8724:T14672] [phase=frame_stage_notify] [hook=frame_stage_notify] [frame_stage] end stage=11
#10296 [2026-09-17 23:40:35.210] [DEBUG] [P8724:T14672] [phase=frame_stage_notify] [hook=frame_stage_notify] [frame_stage] begin stage=0 this=0x00007FF9971873C0
#10297 [2026-09-17 23:40:35.229] [DEBUG] [P8724:T14672] [phase=frame_stage_notify] [hook=frame_stage_notify] [frame_stage] original begin
#10298 [2026-09-17 23:40:35.247] [DEBUG] [P8724:T14672] [phase=frame_stage_notify] [hook=frame_stage_notify] [frame_stage] original end
#10299 [2026-09-17 23:40:35.265] [DEBUG] [P8724:T14672] [phase=frame_stage_notify] [hook=frame_stage_notify] [frame_stage] end stage=0
#10300 [2026-09-17 23:40:35.284] [DEBUG] [P8724:T14672] [phase=frame_stage_notify] [hook=frame_stage_notify] [frame_stage] begin stage=11 this=0x00007FF9971873C0
#10301 [2026-09-17 23:40:35.302] [DEBUG] [P8724:T14672] [phase=frame_stage_notify] [hook=frame_stage_notify] [frame_stage] original begin
#10302 [2026-09-17 23:40:35.320] [DEBUG] [P8724:T14672] [phase=frame_stage_notify] [hook=frame_stage_notify] [frame_stage] original end
#10303 [2026-09-17 23:40:35.339] [DEBUG] [P8724:T14672] [phase=frame_stage_notify] [hook=frame_stage_notify] [frame_stage] end stage=11
#10304 [2026-09-17 23:40:35.358] [DEBUG] [P8724:T14672] [phase=frame_stage_notify] [hook=frame_stage_notify] [frame_stage] begin stage=0 this=0x00007FF9971873C0
#10305 [2026-09-17 23:40:35.376] [DEBUG] [P8724:T14672] [phase=frame_stage_notify] [hook=frame_stage_notify] [frame_stage] original begin
#10306 [2026-09-17 23:40:35.395] [DEBUG] [P8724:T14672] [phase=frame_stage_notify] [hook=frame_stage_notify] [frame_stage] original end
#10307 [2026-09-17 23:40:35.413] [DEBUG] [P8724:T14672] [phase=frame_stage_notify] [hook=frame_stage_notify] [frame_stage] end stage=0
#10308 [2026-09-17 23:40:35.433] [DEBUG] [P8724:T14672] [phase=frame_stage_notify] [hook=frame_stage_notify] [frame_stage] begin stage=11 this=0x00007FF9971873C0
#10309 [2026-09-17 23:40:35.451] [DEBUG] [P8724:T14672] [phase=frame_stage_notify] [hook=frame_stage_notify] [frame_stage] original begin
#10310 [2026-09-17 23:40:35.470] [DEBUG] [P8724:T14672] [phase=frame_stage_notify] [hook=frame_stage_notify] [frame_stage] original end
#10311 [2026-09-17 23:40:35.488] [DEBUG] [P8724:T14672] [phase=frame_stage_notify] [hook=frame_stage_notify] [frame_stage] end stage=11
#10312 [2026-09-17 23:40:35.506] [DEBUG] [P8724:T14672] [phase=frame_stage_notify] [hook=frame_stage_notify] [frame_stage] begin stage=0 this=0x00007FF9971873C0
#10313 [2026-09-17 23:40:35.525] [DEBUG] [P8724:T14672] [phase=frame_stage_notify] [hook=frame_stage_notify] [frame_stage] original begin
#10314 [2026-09-17 23:40:35.543] [DEBUG] [P8724:T14672] [phase=frame_stage_notify] [hook=frame_stage_notify] [frame_stage] original end
#10315 [2026-09-17 23:40:35.562] [DEBUG] [P8724:T14672] [phase=frame_stage_notify] [hook=frame_stage_notify] [frame_stage] end stage=0
#10316 [2026-09-17 23:40:35.581] [DEBUG] [P8724:T14672] [phase=frame_stage_notify] [hook=frame_stage_notify] [frame_stage] begin stage=11 this=0x00007FF9971873C0
#10317 [2026-09-17 23:40:35.600] [DEBUG] [P8724:T14672] [phase=frame_stage_notify] [hook=frame_stage_notify] [frame_stage] original begin
#10318 [2026-09-17 23:40:35.618] [DEBUG] [P8724:T14672] [phase=frame_stage_notify] [hook=frame_stage_notify] [frame_stage] original end
#10319 [2026-09-17 23:40:35.637] [DEBUG] [P8724:T14672] [phase=frame_stage_notify] [hook=frame_stage_notify] [frame_stage] end stage=11
#10320 [2026-09-17 23:40:35.656] [DEBUG] [P8724:T14672] [phase=frame_stage_notify] [hook=frame_stage_notify] [frame_stage] begin stage=0 this=0x00007FF9971873C0
#10321 [2026-09-17 23:40:35.676] [DEBUG] [P8724:T14672] [phase=frame_stage_notify] [hook=frame_stage_notify] [frame_stage] original begin
#10322 [2026-09-17 23:40:35.695] [DEBUG] [P8724:T14672] [phase=frame_stage_notify] [hook=frame_stage_notify] [frame_stage] original end
#10323 [2026-09-17 23:40:35.713] [DEBUG] [P8724:T14672] [phase=frame_stage_notify] [hook=frame_stage_notify] [frame_stage] end stage=0
#10324 [2026-09-17 23:40:35.732] [DEBUG] [P8724:T14672] [phase=frame_stage_notify] [hook=frame_stage_notify] [frame_stage] begin stage=11 this=0x00007FF9971873C0
#10325 [2026-09-17 23:40:35.751] [DEBUG] [P8724:T14672] [phase=frame_stage_notify] [hook=frame_stage_notify] [frame_stage] original begin
#10326 [2026-09-17 23:40:35.769] [DEBUG] [P8724:T14672] [phase=frame_stage_notify] [hook=frame_stage_notify] [frame_stage] original end
#10327 [2026-09-17 23:40:35.787] [DEBUG] [P8724:T14672] [phase=frame_stage_notify] [hook=frame_stage_notify] [frame_stage] end stage=11
#10328 [2026-09-17 23:40:35.806] [DEBUG] [P8724:T14672] [phase=frame_stage_notify] [hook=frame_stage_notify] [frame_stage] begin stage=0 this=0x00007FF9971873C0
#10329 [2026-09-17 23:40:35.825] [DEBUG] [P8724:T14672] [phase=frame_stage_notify] [hook=frame_stage_notify] [frame_stage] original begin
#10330 [2026-09-17 23:40:35.843] [DEBUG] [P8724:T14672] [phase=frame_stage_notify] [hook=frame_stage_notify] [frame_stage] original end
#10331 [2026-09-17 23:40:35.861] [DEBUG] [P8724:T14672] [phase=frame_stage_notify] [hook=frame_stage_notify] [frame_stage] end stage=0
#10332 [2026-09-17 23:40:35.880] [DEBUG] [P8724:T14672] [phase=frame_stage_notify] [hook=frame_stage_notify] [frame_stage] begin stage=10 this=0x00007FF9971873C0
#10333 [2026-09-17 23:40:35.899] [DEBUG] [P8724:T14672] [phase=frame_stage_notify] [hook=frame_stage_notify] [frame_stage] original begin
#10334 [2026-09-17 23:40:35.918] [DEBUG] [P8724:T14672] [phase=frame_stage_notify] [hook=frame_stage_notify] [frame_stage] original end
#10335 [2026-09-17 23:40:35.937] [DEBUG] [P8724:T14672] [phase=frame_stage_notify] [hook=frame_stage_notify] [frame_stage] end stage=10
#10336 [2026-09-17 23:40:35.955] [DEBUG] [P8724:T14672] [phase=frame_stage_notify] [hook=frame_stage_notify] [frame_stage] begin stage=11 this=0x00007FF9971873C0
#10337 [2026-09-17 23:40:35.973] [DEBUG] [P8724:T14672] [phase=frame_stage_notify] [hook=frame_stage_notify] [frame_stage] original begin
#10338 [2026-09-17 23:40:35.991] [DEBUG] [P8724:T14672] [phase=frame_stage_notify] [hook=frame_stage_notify] [frame_stage] original end
#10339 [2026-09-17 23:40:36.010] [DEBUG] [P8724:T14672] [phase=frame_stage_notify] [hook=frame_stage_notify] [frame_stage] end stage=11
#10340 [2026-09-17 23:40:36.029] [DEBUG] [P8724:T14672] [phase=frame_stage_notify] [hook=frame_stage_notify] [frame_stage] begin stage=1 this=0x00007FF9971873C0
#10341 [2026-09-17 23:40:36.047] [DEBUG] [P8724:T14672] [phase=frame_stage_notify] [hook=frame_stage_notify] [frame_stage] original begin
#10342 [2026-09-17 23:40:36.066] [DEBUG] [P8724:T14672] [phase=frame_stage_notify] [hook=frame_stage_notify] [frame_stage] original end
#10343 [2026-09-17 23:40:36.084] [DEBUG] [P8724:T14672] [phase=frame_stage_notify] [hook=frame_stage_notify] [frame_stage] end stage=1
#10344 [2026-09-17 23:40:36.103] [DEBUG] [P8724:T14672] [phase=frame_stage_notify] [hook=frame_stage_notify] [frame_stage] begin stage=2 this=0x00007FF9971873C0
#10345 [2026-09-17 23:40:36.122] [DEBUG] [P8724:T14672] [phase=frame_stage_notify] [hook=frame_stage_notify] [frame_stage] original begin
#10346 [2026-09-17 23:40:36.141] [DEBUG] [P8724:T14672] [phase=frame_stage_notify] [hook=frame_stage_notify] [frame_stage] original end
#10347 [2026-09-17 23:40:36.159] [DEBUG] [P8724:T14672] [phase=frame_stage_notify] [hook=frame_stage_notify] [frame_stage] end stage=2
#10348 [2026-09-17 23:40:36.177] [DEBUG] [P8724:T14672] [phase=frame_stage_notify] [hook=frame_stage_notify] [frame_stage] begin stage=5 this=0x00007FF9971873C0
#10349 [2026-09-17 23:40:36.196] [DEBUG] [P8724:T14672] [phase=frame_stage_notify] [hook=frame_stage_notify] [frame_stage] original begin
#10350 [2026-09-17 23:40:36.214] [DEBUG] [P8724:T14672] [phase=frame_stage_notify] [hook=frame_stage_notify] [frame_stage] original end
#10351 [2026-09-17 23:40:36.232] [DEBUG] [P8724:T14672] [phase=frame_stage_notify] [hook=frame_stage_notify] [frame_stage] end stage=5
#10352 [2026-09-17 23:40:36.269] [DEBUG] [P8724:T14672] [phase=frame_stage_notify] [hook=frame_stage_notify] [frame_stage] begin stage=6 this=0x00007FF9971873C0
#10353 [2026-09-17 23:40:36.342] [DEBUG] [P8724:T14672] [phase=frame_stage_notify] [hook=frame_stage_notify] [frame_stage] guns begin
#10354 [2026-09-17 23:40:36.428] [DEBUG] [P8724:T14672] [phase=frame_stage_notify] [hook=frame_stage_notify] [frame_stage] guns end
#10355 [2026-09-17 23:40:36.464] [DEBUG] [P8724:T14672] [phase=frame_stage_notify] [hook=frame_stage_notify] [frame_stage] dlight begin
#10356 [2026-09-17 23:40:36.484] [DEBUG] [P8724:T14672] [phase=frame_stage_notify] [hook=frame_stage_notify] [frame_stage] dlight end
#10357 [2026-09-17 23:40:36.502] [DEBUG] [P8724:T14672] [phase=frame_stage_notify] [hook=frame_stage_notify] [frame_stage] original begin
#10358 [2026-09-17 23:40:36.521] [DEBUG] [P8724:T14672] [phase=frame_stage_notify] [hook=frame_stage_notify] [frame_stage] original end
#10359 [2026-09-17 23:40:36.539] [DEBUG] [P8724:T14672] [phase=frame_stage_notify] [hook=frame_stage_notify] [frame_stage] post-network feature updates begin
#10360 [2026-09-17 23:40:36.557] [DEBUG] [P8724:T14672] [phase=frame_stage_notify] [hook=frame_stage_notify] [frame_stage] post-network feature updates end
#10361 [2026-09-17 23:40:36.576] [DEBUG] [P8724:T14672] [phase=frame_stage_notify] [hook=frame_stage_notify] [frame_stage] end stage=6
#10362 [2026-09-17 23:40:36.593] [DEBUG] [P8724:T14672] [phase=frame_stage_notify] [hook=frame_stage_notify] [frame_stage] begin stage=7 this=0x00007FF9971873C0
#10363 [2026-09-17 23:40:36.611] [DEBUG] [P8724:T14672] [phase=frame_stage_notify] [hook=frame_stage_notify] [frame_stage] agents begin
#10364 [2026-09-17 23:40:36.629] [DEBUG] [P8724:T14672] [phase=frame_stage_notify] [hook=frame_stage_notify] [frame_stage] agents end; gloves begin
#10365 [2026-09-17 23:40:36.647] [DEBUG] [P8724:T14672] [phase=frame_stage_notify] [hook=frame_stage_notify] [frame_stage] gloves end; knives begin
#10366 [2026-09-17 23:40:36.666] [DEBUG] [P8724:T14672] [phase=frame_stage_notify] [hook=frame_stage_notify] [frame_stage] knives end; world begin
#10367 [2026-09-17 23:40:36.684] [DEBUG] [P8724:T14672] [phase=frame_stage_notify] [hook=frame_stage_notify] [frame_stage] scene end; weather begin
#10368 [2026-09-17 23:40:36.703] [DEBUG] [P8724:T14672] [phase=frame_stage_notify] [hook=frame_stage_notify] [frame_stage] weather end; other begin
#10369 [2026-09-17 23:40:36.721] [DEBUG] [P8724:T14672] [phase=frame_stage_notify] [hook=frame_stage_notify] [frame_stage] other end; impacts begin
#10370 [2026-09-17 23:40:36.739] [DEBUG] [P8724:T14672] [phase=frame_stage_notify] [hook=frame_stage_notify] [frame_stage] impacts end
#10371 [2026-09-17 23:40:36.758] [DEBUG] [P8724:T14672] [phase=frame_stage_notify] [hook=frame_stage_notify] [frame_stage] original begin
#10372 [2026-09-17 23:40:36.776] [DEBUG] [P8724:T14672] [phase=frame_stage_notify] [hook=frame_stage_notify] [frame_stage] original end
#10373 [2026-09-17 23:40:36.794] [DEBUG] [P8724:T14672] [phase=frame_stage_notify] [hook=frame_stage_notify] [frame_stage] end stage=7
#10374 [2026-09-17 23:40:36.813] [DEBUG] [P8724:T14672] [phase=frame_stage_notify] [hook=frame_stage_notify] [frame_stage] begin stage=8 this=0x00007FF9971873C0
#10375 [2026-09-17 23:40:36.831] [DEBUG] [P8724:T14672] [phase=frame_stage_notify] [hook=frame_stage_notify] [frame_stage] original begin
#10376 [2026-09-17 23:40:36.849] [DEBUG] [P8724:T14672] [phase=frame_stage_notify] [hook=frame_stage_notify] [frame_stage] original end
#10377 [2026-09-17 23:40:36.868] [DEBUG] [P8724:T14672] [phase=frame_stage_notify] [hook=frame_stage_notify] [frame_stage] end stage=8
#10378 [2026-09-17 23:40:36.887] [DEBUG] [P8724:T14672] [phase=frame_stage_notify] [hook=frame_stage_notify] [frame_stage] begin stage=3 this=0x00007FF9971873C0
#10379 [2026-09-17 23:40:36.906] [DEBUG] [P8724:T14672] [phase=frame_stage_notify] [hook=frame_stage_notify] [frame_stage] original begin
#10380 [2026-09-17 23:40:36.925] [DEBUG] [P8724:T14672] [phase=frame_stage_notify] [hook=frame_stage_notify] [frame_stage] original end
#10381 [2026-09-17 23:40:36.944] [DEBUG] [P8724:T14672] [phase=frame_stage_notify] [hook=frame_stage_notify] [frame_stage] end stage=3
#10382 [2026-09-17 23:40:36.963] [DEBUG] [P8724:T14672] [phase=frame_stage_notify] [hook=frame_stage_notify] [frame_stage] begin stage=12 this=0x00007FF9971873C0
#10383 [2026-09-17 23:40:36.981] [DEBUG] [P8724:T14672] [phase=frame_stage_notify] [hook=frame_stage_notify] [frame_stage] original begin
#10384 [2026-09-17 23:40:36.999] [DEBUG] [P8724:T14672] [phase=frame_stage_notify] [hook=frame_stage_notify] [frame_stage] original end
#10385 [2026-09-17 23:40:37.020] [DEBUG] [P8724:T14672] [phase=frame_stage_notify] [hook=frame_stage_notify] [frame_stage] view/frame-data update begin
#10386 [2026-09-17 23:40:37.038] [DEBUG] [P8724:T14672] [phase=frame_stage_notify] [hook=frame_stage_notify] [frame_stage] view/frame-data update end
#10387 [2026-09-17 23:40:37.057] [DEBUG] [P8724:T14672] [phase=frame_stage_notify] [hook=frame_stage_notify] [frame_stage] end stage=12
#10388 [2026-09-17 23:40:37.080] [DEBUG] [P8724:T17744] [phase=present] [hook=present] [present] begin swap_chain=0x0000026A946CF720 sync=0 flags=0x200 ready=1
#10497 [2026-09-17 23:40:37.099] [DEBUG] [P8724:T17744] [phase=present] [hook=present] [present] rendering context updated
#10498 [2026-09-17 23:40:37.117] [DEBUG] [P8724:T17744] [phase=present] [hook=present] [present] forwarding to original
#10499 [2026-09-17 23:40:37.137] [DEBUG] [P8724:T17744] [phase=present] [hook=present] [present] begin swap_chain=0x0000026A946CF720 sync=0 flags=0x200 ready=1
#10576 [2026-09-17 23:40:37.155] [DEBUG] [P8724:T17744] [phase=present] [hook=present] [present] rendering context updated
#10577 [2026-09-17 23:40:37.173] [DEBUG] [P8724:T17744] [phase=present] [hook=present] [present] forwarding to original
#10578 [2026-09-17 23:40:37.193] [DEBUG] [P8724:T17744] [phase=present] [hook=present] [present] begin swap_chain=0x0000026A946CF720 sync=0 flags=0x200 ready=1
#10663 [2026-09-17 23:40:37.210] [DEBUG] [P8724:T17744] [phase=present] [hook=present] [present] rendering context updated
#10664 [2026-09-17 23:40:37.228] [DEBUG] [P8724:T17744] [phase=present] [hook=present] [present] forwarding to original
#10665 [2026-09-17 23:40:37.248] [DEBUG] [P8724:T17744] [phase=present] [hook=present] [present] begin swap_chain=0x0000026A946CF720 sync=0 flags=0x200 ready=1
#10742 [2026-09-17 23:40:37.267] [DEBUG] [P8724:T17744] [phase=present] [hook=present] [present] rendering context updated
#10743 [2026-09-17 23:40:37.285] [DEBUG] [P8724:T17744] [phase=present] [hook=present] [present] forwarding to original
#10744 [2026-09-17 23:40:37.304] [DEBUG] [P8724:T17744] [phase=present] [hook=present] [present] begin swap_chain=0x0000026A946CF720 sync=0 flags=0x200 ready=1
#10829 [2026-09-17 23:40:37.323] [DEBUG] [P8724:T17744] [phase=present] [hook=present] [present] rendering context updated
#10830 [2026-09-17 23:40:37.341] [DEBUG] [P8724:T17744] [phase=present] [hook=present] [present] forwarding to original
#10831 [2026-09-17 23:40:37.361] [DEBUG] [P8724:T14672] [phase=frame_stage_notify] [hook=frame_stage_notify] [frame_stage] begin stage=0 this=0x00007FF9971873C0
#10835 [2026-09-17 23:40:37.379] [DEBUG] [P8724:T14672] [phase=frame_stage_notify] [hook=frame_stage_notify] [frame_stage] original begin
#10836 [2026-09-17 23:40:37.397] [DEBUG] [P8724:T14672] [phase=frame_stage_notify] [hook=frame_stage_notify] [frame_stage] original end
#10837 [2026-09-17 23:40:37.415] [DEBUG] [P8724:T14672] [phase=frame_stage_notify] [hook=frame_stage_notify] [frame_stage] end stage=0
#10838 [2026-09-17 23:40:37.433] [DEBUG] [P8724:T14672] [phase=frame_stage_notify] [hook=frame_stage_notify] [frame_stage] begin stage=11 this=0x00007FF9971873C0
#10839 [2026-09-17 23:40:37.452] [DEBUG] [P8724:T14672] [phase=frame_stage_notify] [hook=frame_stage_notify] [frame_stage] original begin
#10840 [2026-09-17 23:40:37.470] [DEBUG] [P8724:T14672] [phase=frame_stage_notify] [hook=frame_stage_notify] [frame_stage] original end
#10841 [2026-09-17 23:40:37.488] [DEBUG] [P8724:T14672] [phase=frame_stage_notify] [hook=frame_stage_notify] [frame_stage] end stage=11
#10842 [2026-09-17 23:40:37.509] [DEBUG] [P8724:T14672] [phase=frame_stage_notify] [hook=frame_stage_notify] [frame_stage] begin stage=0 this=0x00007FF9971873C0
#10843 [2026-09-17 23:40:37.528] [DEBUG] [P8724:T14672] [phase=frame_stage_notify] [hook=frame_stage_notify] [frame_stage] original begin
#10844 [2026-09-17 23:40:37.546] [DEBUG] [P8724:T14672] [phase=frame_stage_notify] [hook=frame_stage_notify] [frame_stage] original end
#10845 [2026-09-17 23:40:37.564] [DEBUG] [P8724:T14672] [phase=frame_stage_notify] [hook=frame_stage_notify] [frame_stage] end stage=0
#10846 [2026-09-17 23:40:37.583] [DEBUG] [P8724:T14672] [phase=frame_stage_notify] [hook=frame_stage_notify] [frame_stage] begin stage=11 this=0x00007FF9971873C0
#10847 [2026-09-17 23:40:37.601] [DEBUG] [P8724:T14672] [phase=frame_stage_notify] [hook=frame_stage_notify] [frame_stage] original begin
#10848 [2026-09-17 23:40:37.619] [DEBUG] [P8724:T14672] [phase=frame_stage_notify] [hook=frame_stage_notify] [frame_stage] original end
#10849 [2026-09-17 23:40:37.637] [DEBUG] [P8724:T14672] [phase=frame_stage_notify] [hook=frame_stage_notify] [frame_stage] end stage=11
#10850 [2026-09-17 23:40:37.656] [DEBUG] [P8724:T14672] [phase=frame_stage_notify] [hook=frame_stage_notify] [frame_stage] begin stage=0 this=0x00007FF9971873C0
#10851 [2026-09-17 23:40:37.674] [DEBUG] [P8724:T14672] [phase=frame_stage_notify] [hook=frame_stage_notify] [frame_stage] original begin
#10852 [2026-09-17 23:40:37.692] [DEBUG] [P8724:T14672] [phase=frame_stage_notify] [hook=frame_stage_notify] [frame_stage] original end
#10853 [2026-09-17 23:40:37.710] [DEBUG] [P8724:T14672] [phase=frame_stage_notify] [hook=frame_stage_notify] [frame_stage] end stage=0
#10854 [2026-09-17 23:40:37.746] [DEBUG] [P8724:T14672] [phase=frame_stage_notify] [hook=frame_stage_notify] [frame_stage] begin stage=11 this=0x00007FF9971873C0
#10855 [2026-09-17 23:40:37.765] [DEBUG] [P8724:T14672] [phase=frame_stage_notify] [hook=frame_stage_notify] [frame_stage] original begin
#10856 [2026-09-17 23:40:37.783] [DEBUG] [P8724:T14672] [phase=frame_stage_notify] [hook=frame_stage_notify] [frame_stage] original end
#10857 [2026-09-17 23:40:37.801] [DEBUG] [P8724:T14672] [phase=frame_stage_notify] [hook=frame_stage_notify] [frame_stage] end stage=11
#10858 [2026-09-17 23:40:37.821] [DEBUG] [P8724:T14672] [phase=frame_stage_notify] [hook=frame_stage_notify] [frame_stage] begin stage=0 this=0x00007FF9971873C0
#10859 [2026-09-17 23:40:37.839] [DEBUG] [P8724:T14672] [phase=frame_stage_notify] [hook=frame_stage_notify] [frame_stage] original begin
#10860 [2026-09-17 23:40:37.858] [DEBUG] [P8724:T14672] [phase=frame_stage_notify] [hook=frame_stage_notify] [frame_stage] original end
#10861 [2026-09-17 23:40:37.877] [DEBUG] [P8724:T14672] [phase=frame_stage_notify] [hook=frame_stage_notify] [frame_stage] end stage=0
#10862 [2026-09-17 23:40:37.895] [DEBUG] [P8724:T14672] [phase=frame_stage_notify] [hook=frame_stage_notify] [frame_stage] begin stage=10 this=0x00007FF9971873C0
#10863 [2026-09-17 23:40:37.914] [DEBUG] [P8724:T14672] [phase=frame_stage_notify] [hook=frame_stage_notify] [frame_stage] original begin
#10864 [2026-09-17 23:40:37.938] [DEBUG] [P8724:T14672] [phase=frame_stage_notify] [hook=frame_stage_notify] [frame_stage] original end
#10865 [2026-09-17 23:40:37.957] [DEBUG] [P8724:T14672] [phase=frame_stage_notify] [hook=frame_stage_notify] [frame_stage] end stage=10
#10866 [2026-09-17 23:40:37.976] [DEBUG] [P8724:T14672] [phase=frame_stage_notify] [hook=frame_stage_notify] [frame_stage] begin stage=11 this=0x00007FF9971873C0
#10867 [2026-09-17 23:40:37.994] [DEBUG] [P8724:T14672] [phase=frame_stage_notify] [hook=frame_stage_notify] [frame_stage] original begin
#10868 [2026-09-17 23:40:38.013] [DEBUG] [P8724:T14672] [phase=frame_stage_notify] [hook=frame_stage_notify] [frame_stage] original end
#10869 [2026-09-17 23:40:38.048] [DEBUG] [P8724:T14672] [phase=frame_stage_notify] [hook=frame_stage_notify] [frame_stage] end stage=11
#10870 [2026-09-17 23:40:38.067] [DEBUG] [P8724:T14672] [phase=frame_stage_notify] [hook=frame_stage_notify] [frame_stage] begin stage=1 this=0x00007FF9971873C0
#10871 [2026-09-17 23:40:38.085] [DEBUG] [P8724:T14672] [phase=frame_stage_notify] [hook=frame_stage_notify] [frame_stage] original begin
#10872 [2026-09-17 23:40:38.102] [DEBUG] [P8724:T14672] [phase=frame_stage_notify] [hook=frame_stage_notify] [frame_stage] original end
#10873 [2026-09-17 23:40:38.138] [DEBUG] [P8724:T14672] [phase=frame_stage_notify] [hook=frame_stage_notify] [frame_stage] end stage=1
#10874 [2026-09-17 23:40:38.157] [DEBUG] [P8724:T14672] [phase=frame_stage_notify] [hook=frame_stage_notify] [frame_stage] begin stage=2 this=0x00007FF9971873C0
#10875 [2026-09-17 23:40:38.175] [DEBUG] [P8724:T14672] [phase=frame_stage_notify] [hook=frame_stage_notify] [frame_stage] original begin
#10876 [2026-09-17 23:40:38.192] [DEBUG] [P8724:T14672] [phase=frame_stage_notify] [hook=frame_stage_notify] [frame_stage] original end
#10877 [2026-09-17 23:40:38.211] [DEBUG] [P8724:T14672] [phase=frame_stage_notify] [hook=frame_stage_notify] [frame_stage] end stage=2
#10878 [2026-09-17 23:40:38.229] [DEBUG] [P8724:T14672] [phase=frame_stage_notify] [hook=frame_stage_notify] [frame_stage] begin stage=5 this=0x00007FF9971873C0
#10879 [2026-09-17 23:40:38.249] [DEBUG] [P8724:T14672] [phase=frame_stage_notify] [hook=frame_stage_notify] [frame_stage] original begin
#10880 [2026-09-17 23:40:38.268] [DEBUG] [P8724:T14672] [phase=frame_stage_notify] [hook=frame_stage_notify] [frame_stage] original end
#10881 [2026-09-17 23:40:38.287] [DEBUG] [P8724:T14672] [phase=frame_stage_notify] [hook=frame_stage_notify] [frame_stage] end stage=5
#10882 [2026-09-17 23:40:38.307] [DEBUG] [P8724:T14672] [phase=frame_stage_notify] [hook=frame_stage_notify] [frame_stage] begin stage=6 this=0x00007FF9971873C0
#10883 [2026-09-17 23:40:38.326] [DEBUG] [P8724:T14672] [phase=frame_stage_notify] [hook=frame_stage_notify] [frame_stage] guns begin
#10884 [2026-09-17 23:40:38.344] [DEBUG] [P8724:T14672] [phase=frame_stage_notify] [hook=frame_stage_notify] [frame_stage] guns end
#10885 [2026-09-17 23:40:38.364] [DEBUG] [P8724:T14672] [phase=frame_stage_notify] [hook=frame_stage_notify] [frame_stage] dlight begin
#10886 [2026-09-17 23:40:38.382] [DEBUG] [P8724:T14672] [phase=frame_stage_notify] [hook=frame_stage_notify] [frame_stage] dlight end
#10887 [2026-09-17 23:40:38.401] [DEBUG] [P8724:T14672] [phase=frame_stage_notify] [hook=frame_stage_notify] [frame_stage] original begin
#10888 [2026-09-17 23:40:38.419] [DEBUG] [P8724:T14672] [phase=frame_stage_notify] [hook=frame_stage_notify] [frame_stage] original end
#10889 [2026-09-17 23:40:38.436] [DEBUG] [P8724:T14672] [phase=frame_stage_notify] [hook=frame_stage_notify] [frame_stage] post-network feature updates begin
#10890 [2026-09-17 23:40:38.455] [DEBUG] [P8724:T14672] [phase=frame_stage_notify] [hook=frame_stage_notify] [frame_stage] post-network feature updates end
#10891 [2026-09-17 23:40:38.475] [DEBUG] [P8724:T14672] [phase=frame_stage_notify] [hook=frame_stage_notify] [frame_stage] end stage=6
#10892 [2026-09-17 23:40:38.493] [DEBUG] [P8724:T14672] [phase=frame_stage_notify] [hook=frame_stage_notify] [frame_stage] begin stage=7 this=0x00007FF9971873C0
#10893 [2026-09-17 23:40:38.512] [DEBUG] [P8724:T14672] [phase=frame_stage_notify] [hook=frame_stage_notify] [frame_stage] agents begin
#10894 [2026-09-17 23:40:38.530] [DEBUG] [P8724:T14672] [phase=frame_stage_notify] [hook=frame_stage_notify] [frame_stage] agents end; gloves begin
#10895 [2026-09-17 23:40:38.547] [DEBUG] [P8724:T14672] [phase=frame_stage_notify] [hook=frame_stage_notify] [frame_stage] gloves end; knives begin
#10896 [2026-09-17 23:40:38.566] [DEBUG] [P8724:T14672] [phase=frame_stage_notify] [hook=frame_stage_notify] [frame_stage] knives end; world begin
#10897 [2026-09-17 23:40:38.585] [DEBUG] [P8724:T14672] [phase=frame_stage_notify] [hook=frame_stage_notify] [frame_stage] scene end; weather begin
#10898 [2026-09-17 23:40:38.604] [DEBUG] [P8724:T14672] [phase=frame_stage_notify] [hook=frame_stage_notify] [frame_stage] weather end; other begin
#10899 [2026-09-17 23:40:38.623] [DEBUG] [P8724:T14672] [phase=frame_stage_notify] [hook=frame_stage_notify] [frame_stage] other end; impacts begin
#10900 [2026-09-17 23:40:38.642] [DEBUG] [P8724:T14672] [phase=frame_stage_notify] [hook=frame_stage_notify] [frame_stage] impacts end
#10901 [2026-09-17 23:40:38.661] [DEBUG] [P8724:T14672] [phase=frame_stage_notify] [hook=frame_stage_notify] [frame_stage] original begin
#10902 [2026-09-17 23:40:38.679] [DEBUG] [P8724:T14672] [phase=frame_stage_notify] [hook=frame_stage_notify] [frame_stage] original end
#10903 [2026-09-17 23:40:38.699] [DEBUG] [P8724:T14672] [phase=frame_stage_notify] [hook=frame_stage_notify] [frame_stage] end stage=7
#10904 [2026-09-17 23:40:38.717] [DEBUG] [P8724:T14672] [phase=frame_stage_notify] [hook=frame_stage_notify] [frame_stage] begin stage=8 this=0x00007FF9971873C0
#10905 [2026-09-17 23:40:38.735] [DEBUG] [P8724:T14672] [phase=frame_stage_notify] [hook=frame_stage_notify] [frame_stage] original begin
#10906 [2026-09-17 23:40:38.753] [DEBUG] [P8724:T14672] [phase=frame_stage_notify] [hook=frame_stage_notify] [frame_stage] original end
#10907 [2026-09-17 23:40:38.771] [DEBUG] [P8724:T14672] [phase=frame_stage_notify] [hook=frame_stage_notify] [frame_stage] end stage=8
#10908 [2026-09-17 23:40:38.789] [DEBUG] [P8724:T14672] [phase=frame_stage_notify] [hook=frame_stage_notify] [frame_stage] begin stage=3 this=0x00007FF9971873C0
#10909 [2026-09-17 23:40:38.809] [DEBUG] [P8724:T14672] [phase=frame_stage_notify] [hook=frame_stage_notify] [frame_stage] original begin
#10910 [2026-09-17 23:40:38.827] [DEBUG] [P8724:T14672] [phase=frame_stage_notify] [hook=frame_stage_notify] [frame_stage] original end
#10911 [2026-09-17 23:40:38.847] [DEBUG] [P8724:T14672] [phase=frame_stage_notify] [hook=frame_stage_notify] [frame_stage] end stage=3
#10912 [2026-09-17 23:40:38.867] [DEBUG] [P8724:T14672] [phase=frame_stage_notify] [hook=frame_stage_notify] [frame_stage] begin stage=12 this=0x00007FF9971873C0
#10913 [2026-09-17 23:40:38.885] [DEBUG] [P8724:T14672] [phase=frame_stage_notify] [hook=frame_stage_notify] [frame_stage] original begin
#10914 [2026-09-17 23:40:38.903] [DEBUG] [P8724:T14672] [phase=frame_stage_notify] [hook=frame_stage_notify] [frame_stage] original end
#10915 [2026-09-17 23:40:38.922] [DEBUG] [P8724:T14672] [phase=frame_stage_notify] [hook=frame_stage_notify] [frame_stage] view/frame-data update begin
#10916 [2026-09-17 23:40:38.940] [DEBUG] [P8724:T14672] [phase=frame_stage_notify] [hook=frame_stage_notify] [frame_stage] view/frame-data update end
#10917 [2026-09-17 23:40:38.958] [DEBUG] [P8724:T14672] [phase=frame_stage_notify] [hook=frame_stage_notify] [frame_stage] end stage=12
#10918 [2026-09-17 23:40:38.981] [DEBUG] [P8724:T17744] [phase=present] [hook=present] [present] begin swap_chain=0x0000026A946CF720 sync=0 flags=0x200 ready=1
#11021 [2026-09-17 23:40:38.999] [DEBUG] [P8724:T17744] [phase=present] [hook=present] [present] rendering context updated
#11022 [2026-09-17 23:40:39.018] [DEBUG] [P8724:T17744] [phase=present] [hook=present] [present] forwarding to original
#11023 [2026-09-17 23:40:39.039] [DEBUG] [P8724:T14672] [phase=frame_stage_notify] [hook=frame_stage_notify] [frame_stage] begin stage=0 this=0x00007FF9971873C0
#11027 [2026-09-17 23:40:39.057] [DEBUG] [P8724:T14672] [phase=frame_stage_notify] [hook=frame_stage_notify] [frame_stage] original begin
#11028 [2026-09-17 23:40:39.075] [DEBUG] [P8724:T14672] [phase=frame_stage_notify] [hook=frame_stage_notify] [frame_stage] original end
#11029 [2026-09-17 23:40:39.109] [DEBUG] [P8724:T14672] [phase=frame_stage_notify] [hook=frame_stage_notify] [frame_stage] end stage=0
#11030 [2026-09-17 23:40:39.129] [DEBUG] [P8724:T14672] [phase=frame_stage_notify] [hook=frame_stage_notify] [frame_stage] begin stage=11 this=0x00007FF9971873C0
#11031 [2026-09-17 23:40:39.147] [DEBUG] [P8724:T14672] [phase=frame_stage_notify] [hook=frame_stage_notify] [frame_stage] original begin
#11032 [2026-09-17 23:40:39.165] [DEBUG] [P8724:T14672] [phase=frame_stage_notify] [hook=frame_stage_notify] [frame_stage] original end
#11033 [2026-09-17 23:40:39.184] [DEBUG] [P8724:T14672] [phase=frame_stage_notify] [hook=frame_stage_notify] [frame_stage] end stage=11
#11034 [2026-09-17 23:40:39.202] [DEBUG] [P8724:T14672] [phase=frame_stage_notify] [hook=frame_stage_notify] [frame_stage] begin stage=0 this=0x00007FF9971873C0
#11035 [2026-09-17 23:40:39.220] [DEBUG] [P8724:T14672] [phase=frame_stage_notify] [hook=frame_stage_notify] [frame_stage] original begin
#11036 [2026-09-17 23:40:39.239] [DEBUG] [P8724:T14672] [phase=frame_stage_notify] [hook=frame_stage_notify] [frame_stage] original end
#11037 [2026-09-17 23:40:39.258] [DEBUG] [P8724:T14672] [phase=frame_stage_notify] [hook=frame_stage_notify] [frame_stage] end stage=0
#11038 [2026-09-17 23:40:39.277] [DEBUG] [P8724:T14672] [phase=frame_stage_notify] [hook=frame_stage_notify] [frame_stage] begin stage=11 this=0x00007FF9971873C0
#11039 [2026-09-17 23:40:39.295] [DEBUG] [P8724:T14672] [phase=frame_stage_notify] [hook=frame_stage_notify] [frame_stage] original begin
#11040 [2026-09-17 23:40:39.313] [DEBUG] [P8724:T14672] [phase=frame_stage_notify] [hook=frame_stage_notify] [frame_stage] original end
#11041 [2026-09-17 23:40:39.334] [DEBUG] [P8724:T14672] [phase=frame_stage_notify] [hook=frame_stage_notify] [frame_stage] end stage=11
#11042 [2026-09-17 23:40:39.352] [DEBUG] [P8724:T14672] [phase=frame_stage_notify] [hook=frame_stage_notify] [frame_stage] begin stage=0 this=0x00007FF9971873C0
#11043 [2026-09-17 23:40:39.371] [DEBUG] [P8724:T14672] [phase=frame_stage_notify] [hook=frame_stage_notify] [frame_stage] original begin
#11044 [2026-09-17 23:40:39.390] [DEBUG] [P8724:T14672] [phase=frame_stage_notify] [hook=frame_stage_notify] [frame_stage] original end
#11045 [2026-09-17 23:40:39.408] [DEBUG] [P8724:T14672] [phase=frame_stage_notify] [hook=frame_stage_notify] [frame_stage] end stage=0
#11046 [2026-09-17 23:40:39.426] [DEBUG] [P8724:T14672] [phase=frame_stage_notify] [hook=frame_stage_notify] [frame_stage] begin stage=11 this=0x00007FF9971873C0
#11047 [2026-09-17 23:40:39.445] [DEBUG] [P8724:T14672] [phase=frame_stage_notify] [hook=frame_stage_notify] [frame_stage] original begin
#11048 [2026-09-17 23:40:39.463] [DEBUG] [P8724:T14672] [phase=frame_stage_notify] [hook=frame_stage_notify] [frame_stage] original end
#11049 [2026-09-17 23:40:39.481] [DEBUG] [P8724:T14672] [phase=frame_stage_notify] [hook=frame_stage_notify] [frame_stage] end stage=11
#11050 [2026-09-17 23:40:39.500] [DEBUG] [P8724:T14672] [phase=frame_stage_notify] [hook=frame_stage_notify] [frame_stage] begin stage=0 this=0x00007FF9971873C0
#11051 [2026-09-17 23:40:39.518] [DEBUG] [P8724:T14672] [phase=frame_stage_notify] [hook=frame_stage_notify] [frame_stage] original begin
#11052 [2026-09-17 23:40:39.536] [DEBUG] [P8724:T14672] [phase=frame_stage_notify] [hook=frame_stage_notify] [frame_stage] original end
#11053 [2026-09-17 23:40:39.554] [DEBUG] [P8724:T14672] [phase=frame_stage_notify] [hook=frame_stage_notify] [frame_stage] end stage=0
#11054 [2026-09-17 23:40:39.572] [DEBUG] [P8724:T14672] [phase=frame_stage_notify] [hook=frame_stage_notify] [frame_stage] begin stage=10 this=0x00007FF9971873C0
#11055 [2026-09-17 23:40:39.592] [DEBUG] [P8724:T14672] [phase=frame_stage_notify] [hook=frame_stage_notify] [frame_stage] original begin
#11056 [2026-09-17 23:40:39.611] [DEBUG] [P8724:T14672] [phase=frame_stage_notify] [hook=frame_stage_notify] [frame_stage] original end
#11057 [2026-09-17 23:40:39.628] [DEBUG] [P8724:T14672] [phase=frame_stage_notify] [hook=frame_stage_notify] [frame_stage] end stage=10
#11058 [2026-09-17 23:40:39.646] [DEBUG] [P8724:T14672] [phase=frame_stage_notify] [hook=frame_stage_notify] [frame_stage] begin stage=11 this=0x00007FF9971873C0
#11059 [2026-09-17 23:40:39.664] [DEBUG] [P8724:T14672] [phase=frame_stage_notify] [hook=frame_stage_notify] [frame_stage] original begin
#11060 [2026-09-17 23:40:39.682] [DEBUG] [P8724:T14672] [phase=frame_stage_notify] [hook=frame_stage_notify] [frame_stage] original end
#11061 [2026-09-17 23:40:39.701] [DEBUG] [P8724:T14672] [phase=frame_stage_notify] [hook=frame_stage_notify] [frame_stage] end stage=11
#11062 [2026-09-17 23:40:39.720] [DEBUG] [P8724:T14672] [phase=frame_stage_notify] [hook=frame_stage_notify] [frame_stage] begin stage=1 this=0x00007FF9971873C0
#11063 [2026-09-17 23:40:39.738] [DEBUG] [P8724:T14672] [phase=frame_stage_notify] [hook=frame_stage_notify] [frame_stage] original begin
#11064 [2026-09-17 23:40:39.757] [DEBUG] [P8724:T14672] [phase=frame_stage_notify] [hook=frame_stage_notify] [frame_stage] original end
#11065 [2026-09-17 23:40:39.775] [DEBUG] [P8724:T14672] [phase=frame_stage_notify] [hook=frame_stage_notify] [frame_stage] end stage=1
#11066 [2026-09-17 23:40:39.794] [DEBUG] [P8724:T14672] [phase=frame_stage_notify] [hook=frame_stage_notify] [frame_stage] begin stage=2 this=0x00007FF9971873C0
#11067 [2026-09-17 23:40:39.812] [DEBUG] [P8724:T14672] [phase=frame_stage_notify] [hook=frame_stage_notify] [frame_stage] original begin
#11068 [2026-09-17 23:40:39.831] [DEBUG] [P8724:T14672] [phase=frame_stage_notify] [hook=frame_stage_notify] [frame_stage] original end
#11069 [2026-09-17 23:40:39.849] [DEBUG] [P8724:T14672] [phase=frame_stage_notify] [hook=frame_stage_notify] [frame_stage] end stage=2
#11070 [2026-09-17 23:40:39.867] [DEBUG] [P8724:T14672] [phase=frame_stage_notify] [hook=frame_stage_notify] [frame_stage] begin stage=5 this=0x00007FF9971873C0
#11071 [2026-09-17 23:40:39.885] [DEBUG] [P8724:T14672] [phase=frame_stage_notify] [hook=frame_stage_notify] [frame_stage] original begin
#11072 [2026-09-17 23:40:39.902] [DEBUG] [P8724:T14672] [phase=frame_stage_notify] [hook=frame_stage_notify] [frame_stage] original end
#11073 [2026-09-17 23:40:39.921] [DEBUG] [P8724:T14672] [phase=frame_stage_notify] [hook=frame_stage_notify] [frame_stage] end stage=5
#11074 [2026-09-17 23:40:39.940] [DEBUG] [P8724:T14672] [phase=frame_stage_notify] [hook=frame_stage_notify] [frame_stage] begin stage=6 this=0x00007FF9971873C0
#11075 [2026-09-17 23:40:39.958] [DEBUG] [P8724:T14672] [phase=frame_stage_notify] [hook=frame_stage_notify] [frame_stage] guns begin
#11076 [2026-09-17 23:40:39.976] [DEBUG] [P8724:T14672] [phase=frame_stage_notify] [hook=frame_stage_notify] [frame_stage] guns end
#11077 [2026-09-17 23:40:39.994] [DEBUG] [P8724:T14672] [phase=frame_stage_notify] [hook=frame_stage_notify] [frame_stage] dlight begin
#11078 [2026-09-17 23:40:40.013] [DEBUG] [P8724:T14672] [phase=frame_stage_notify] [hook=frame_stage_notify] [frame_stage] dlight end
#11079 [2026-09-17 23:40:40.031] [DEBUG] [P8724:T14672] [phase=frame_stage_notify] [hook=frame_stage_notify] [frame_stage] original begin
#11080 [2026-09-17 23:40:40.050] [DEBUG] [P8724:T14672] [phase=frame_stage_notify] [hook=frame_stage_notify] [frame_stage] original end
#11081 [2026-09-17 23:40:40.069] [DEBUG] [P8724:T14672] [phase=frame_stage_notify] [hook=frame_stage_notify] [frame_stage] post-network feature updates begin
#11082 [2026-09-17 23:40:40.087] [DEBUG] [P8724:T14672] [phase=frame_stage_notify] [hook=frame_stage_notify] [frame_stage] post-network feature updates end
#11083 [2026-09-17 23:40:40.106] [DEBUG] [P8724:T14672] [phase=frame_stage_notify] [hook=frame_stage_notify] [frame_stage] end stage=6
#11084 [2026-09-17 23:40:40.125] [DEBUG] [P8724:T14672] [phase=frame_stage_notify] [hook=frame_stage_notify] [frame_stage] begin stage=7 this=0x00007FF9971873C0
#11085 [2026-09-17 23:40:40.144] [DEBUG] [P8724:T14672] [phase=frame_stage_notify] [hook=frame_stage_notify] [frame_stage] agents begin
#11086 [2026-09-17 23:40:40.163] [DEBUG] [P8724:T14672] [phase=frame_stage_notify] [hook=frame_stage_notify] [frame_stage] agents end; gloves begin
#11087 [2026-09-17 23:40:40.185] [DEBUG] [P8724:T14672] [phase=frame_stage_notify] [hook=frame_stage_notify] [frame_stage] gloves end; knives begin
#11088 [2026-09-17 23:40:40.204] [DEBUG] [P8724:T14672] [phase=frame_stage_notify] [hook=frame_stage_notify] [frame_stage] knives end; world begin
#11089 [2026-09-17 23:40:40.222] [DEBUG] [P8724:T14672] [phase=frame_stage_notify] [hook=frame_stage_notify] [frame_stage] scene end; weather begin
#11090 [2026-09-17 23:40:40.241] [DEBUG] [P8724:T14672] [phase=frame_stage_notify] [hook=frame_stage_notify] [frame_stage] weather end; other begin
#11091 [2026-09-17 23:40:40.260] [DEBUG] [P8724:T14672] [phase=frame_stage_notify] [hook=frame_stage_notify] [frame_stage] other end; impacts begin
#11092 [2026-09-17 23:40:40.278] [DEBUG] [P8724:T14672] [phase=frame_stage_notify] [hook=frame_stage_notify] [frame_stage] impacts end
#11093 [2026-09-17 23:40:40.295] [DEBUG] [P8724:T14672] [phase=frame_stage_notify] [hook=frame_stage_notify] [frame_stage] original begin
#11094 [2026-09-17 23:40:40.313] [DEBUG] [P8724:T14672] [phase=frame_stage_notify] [hook=frame_stage_notify] [frame_stage] original end
#11095 [2026-09-17 23:40:40.333] [DEBUG] [P8724:T14672] [phase=frame_stage_notify] [hook=frame_stage_notify] [frame_stage] end stage=7
#11096 [2026-09-17 23:40:40.352] [DEBUG] [P8724:T14672] [phase=frame_stage_notify] [hook=frame_stage_notify] [frame_stage] begin stage=8 this=0x00007FF9971873C0
#11097 [2026-09-17 23:40:40.372] [DEBUG] [P8724:T14672] [phase=frame_stage_notify] [hook=frame_stage_notify] [frame_stage] original begin
#11098 [2026-09-17 23:40:40.390] [DEBUG] [P8724:T14672] [phase=frame_stage_notify] [hook=frame_stage_notify] [frame_stage] original end
#11099 [2026-09-17 23:40:40.408] [DEBUG] [P8724:T14672] [phase=frame_stage_notify] [hook=frame_stage_notify] [frame_stage] end stage=8
#11100 [2026-09-17 23:40:40.427] [DEBUG] [P8724:T14672] [phase=frame_stage_notify] [hook=frame_stage_notify] [frame_stage] begin stage=3 this=0x00007FF9971873C0
#11101 [2026-09-17 23:40:40.462] [DEBUG] [P8724:T14672] [phase=frame_stage_notify] [hook=frame_stage_notify] [frame_stage] original begin
#11102 [2026-09-17 23:40:40.480] [DEBUG] [P8724:T14672] [phase=frame_stage_notify] [hook=frame_stage_notify] [frame_stage] original end
#11103 [2026-09-17 23:40:40.498] [DEBUG] [P8724:T14672] [phase=frame_stage_notify] [hook=frame_stage_notify] [frame_stage] end stage=3
#11104 [2026-09-17 23:40:40.519] [DEBUG] [P8724:T14672] [phase=frame_stage_notify] [hook=frame_stage_notify] [frame_stage] begin stage=12 this=0x00007FF9971873C0
#11105 [2026-09-17 23:40:40.538] [DEBUG] [P8724:T14672] [phase=frame_stage_notify] [hook=frame_stage_notify] [frame_stage] original begin
#11106 [2026-09-17 23:40:40.573] [DEBUG] [P8724:T14672] [phase=frame_stage_notify] [hook=frame_stage_notify] [frame_stage] original end
#11107 [2026-09-17 23:40:40.592] [DEBUG] [P8724:T14672] [phase=frame_stage_notify] [hook=frame_stage_notify] [frame_stage] view/frame-data update begin
#11108 [2026-09-17 23:40:40.611] [DEBUG] [P8724:T14672] [phase=frame_stage_notify] [hook=frame_stage_notify] [frame_stage] view/frame-data update end
#11109 [2026-09-17 23:40:40.630] [DEBUG] [P8724:T14672] [phase=frame_stage_notify] [hook=frame_stage_notify] [frame_stage] end stage=12
#11110 [2026-09-17 23:40:40.729] [DEBUG] [P8724:T17744] [phase=present] [hook=present] [present] begin swap_chain=0x0000026A946CF720 sync=0 flags=0x200 ready=1
#11211 [2026-09-17 23:40:40.749] [DEBUG] [P8724:T17744] [phase=present] [hook=present] [present] rendering context updated
#11212 [2026-09-17 23:40:40.768] [DEBUG] [P8724:T17744] [phase=present] [hook=present] [present] forwarding to original
#11213 [2026-09-17 23:40:40.789] [DEBUG] [P8724:T17744] [phase=present] [hook=present] [present] begin swap_chain=0x0000026A946CF720 sync=0 flags=0x200 ready=1
#11298 [2026-09-17 23:40:40.808] [DEBUG] [P8724:T17744] [phase=present] [hook=present] [present] rendering context updated
#11299 [2026-09-17 23:40:40.827] [DEBUG] [P8724:T17744] [phase=present] [hook=present] [present] forwarding to original
#11300 [2026-09-17 23:40:40.847] [DEBUG] [P8724:T17744] [phase=present] [hook=present] [present] begin swap_chain=0x0000026A946CF720 sync=0 flags=0x200 ready=1
#11385 [2026-09-17 23:40:40.865] [DEBUG] [P8724:T17744] [phase=present] [hook=present] [present] rendering context updated
#11386 [2026-09-17 23:40:40.884] [DEBUG] [P8724:T17744] [phase=present] [hook=present] [present] forwarding to original
#11387 [2026-09-17 23:40:40.905] [DEBUG] [P8724:T17744] [phase=present] [hook=present] [present] begin swap_chain=0x0000026A946CF720 sync=0 flags=0x200 ready=1
#11464 [2026-09-17 23:40:40.923] [DEBUG] [P8724:T17744] [phase=present] [hook=present] [present] rendering context updated
#11465 [2026-09-17 23:40:40.942] [DEBUG] [P8724:T17744] [phase=present] [hook=present] [present] forwarding to original
#11467 [2026-09-17 23:40:40.962] [DEBUG] [P8724:T14672] [phase=frame_stage_notify] [hook=frame_stage_notify] [frame_stage] begin stage=0 this=0x00007FF9971873C0
#11470 [2026-09-17 23:40:40.981] [DEBUG] [P8724:T14672] [phase=frame_stage_notify] [hook=frame_stage_notify] [frame_stage] original begin
#11471 [2026-09-17 23:40:41.000] [DEBUG] [P8724:T14672] [phase=frame_stage_notify] [hook=frame_stage_notify] [frame_stage] original end
#11472 [2026-09-17 23:40:41.018] [DEBUG] [P8724:T14672] [phase=frame_stage_notify] [hook=frame_stage_notify] [frame_stage] end stage=0
#11473 [2026-09-17 23:40:41.037] [DEBUG] [P8724:T14672] [phase=frame_stage_notify] [hook=frame_stage_notify] [frame_stage] begin stage=11 this=0x00007FF9971873C0
#11474 [2026-09-17 23:40:41.056] [DEBUG] [P8724:T14672] [phase=frame_stage_notify] [hook=frame_stage_notify] [frame_stage] original begin
#11475 [2026-09-17 23:40:41.073] [DEBUG] [P8724:T14672] [phase=frame_stage_notify] [hook=frame_stage_notify] [frame_stage] original end
#11476 [2026-09-17 23:40:41.092] [DEBUG] [P8724:T14672] [phase=frame_stage_notify] [hook=frame_stage_notify] [frame_stage] end stage=11
#11477 [2026-09-17 23:40:41.111] [DEBUG] [P8724:T14672] [phase=frame_stage_notify] [hook=frame_stage_notify] [frame_stage] begin stage=0 this=0x00007FF9971873C0
#11478 [2026-09-17 23:40:41.129] [DEBUG] [P8724:T14672] [phase=frame_stage_notify] [hook=frame_stage_notify] [frame_stage] original begin
#11479 [2026-09-17 23:40:41.148] [DEBUG] [P8724:T14672] [phase=frame_stage_notify] [hook=frame_stage_notify] [frame_stage] original end
#11480 [2026-09-17 23:40:41.167] [DEBUG] [P8724:T14672] [phase=frame_stage_notify] [hook=frame_stage_notify] [frame_stage] end stage=0
#11481 [2026-09-17 23:40:41.187] [DEBUG] [P8724:T14672] [phase=frame_stage_notify] [hook=frame_stage_notify] [frame_stage] begin stage=11 this=0x00007FF9971873C0
#11482 [2026-09-17 23:40:41.205] [DEBUG] [P8724:T14672] [phase=frame_stage_notify] [hook=frame_stage_notify] [frame_stage] original begin
#11483 [2026-09-17 23:40:41.224] [DEBUG] [P8724:T14672] [phase=frame_stage_notify] [hook=frame_stage_notify] [frame_stage] original end
#11484 [2026-09-17 23:40:41.243] [DEBUG] [P8724:T14672] [phase=frame_stage_notify] [hook=frame_stage_notify] [frame_stage] end stage=11
#11485 [2026-09-17 23:40:41.261] [DEBUG] [P8724:T14672] [phase=frame_stage_notify] [hook=frame_stage_notify] [frame_stage] begin stage=0 this=0x00007FF9971873C0
#11486 [2026-09-17 23:40:41.279] [DEBUG] [P8724:T14672] [phase=frame_stage_notify] [hook=frame_stage_notify] [frame_stage] original begin
#11487 [2026-09-17 23:40:41.297] [DEBUG] [P8724:T14672] [phase=frame_stage_notify] [hook=frame_stage_notify] [frame_stage] original end
#11488 [2026-09-17 23:40:41.315] [DEBUG] [P8724:T14672] [phase=frame_stage_notify] [hook=frame_stage_notify] [frame_stage] end stage=0
#11489 [2026-09-17 23:40:41.335] [DEBUG] [P8724:T14672] [phase=frame_stage_notify] [hook=frame_stage_notify] [frame_stage] begin stage=11 this=0x00007FF9971873C0
#11490 [2026-09-17 23:40:41.360] [DEBUG] [P8724:T14672] [phase=frame_stage_notify] [hook=frame_stage_notify] [frame_stage] original begin
#11491 [2026-09-17 23:40:41.378] [DEBUG] [P8724:T14672] [phase=frame_stage_notify] [hook=frame_stage_notify] [frame_stage] original end
#11492 [2026-09-17 23:40:41.398] [DEBUG] [P8724:T14672] [phase=frame_stage_notify] [hook=frame_stage_notify] [frame_stage] end stage=11
#11493 [2026-09-17 23:40:41.416] [DEBUG] [P8724:T14672] [phase=frame_stage_notify] [hook=frame_stage_notify] [frame_stage] begin stage=0 this=0x00007FF9971873C0
#11494 [2026-09-17 23:40:41.434] [DEBUG] [P8724:T14672] [phase=frame_stage_notify] [hook=frame_stage_notify] [frame_stage] original begin
#11495 [2026-09-17 23:40:41.451] [DEBUG] [P8724:T14672] [phase=frame_stage_notify] [hook=frame_stage_notify] [frame_stage] original end
#11496 [2026-09-17 23:40:41.469] [DEBUG] [P8724:T14672] [phase=frame_stage_notify] [hook=frame_stage_notify] [frame_stage] end stage=0
#11497 [2026-09-17 23:40:41.488] [DEBUG] [P8724:T14672] [phase=frame_stage_notify] [hook=frame_stage_notify] [frame_stage] begin stage=10 this=0x00007FF9971873C0
#11498 [2026-09-17 23:40:41.507] [DEBUG] [P8724:T14672] [phase=frame_stage_notify] [hook=frame_stage_notify] [frame_stage] original begin
#11499 [2026-09-17 23:40:41.525] [DEBUG] [P8724:T14672] [phase=frame_stage_notify] [hook=frame_stage_notify] [frame_stage] original end
#11500 [2026-09-17 23:40:41.543] [DEBUG] [P8724:T14672] [phase=frame_stage_notify] [hook=frame_stage_notify] [frame_stage] end stage=10
#11501 [2026-09-17 23:40:41.562] [DEBUG] [P8724:T14672] [phase=frame_stage_notify] [hook=frame_stage_notify] [frame_stage] begin stage=11 this=0x00007FF9971873C0
#11502 [2026-09-17 23:40:41.581] [DEBUG] [P8724:T14672] [phase=frame_stage_notify] [hook=frame_stage_notify] [frame_stage] original begin
#11503 [2026-09-17 23:40:41.599] [DEBUG] [P8724:T14672] [phase=frame_stage_notify] [hook=frame_stage_notify] [frame_stage] original end
#11504 [2026-09-17 23:40:41.617] [DEBUG] [P8724:T14672] [phase=frame_stage_notify] [hook=frame_stage_notify] [frame_stage] end stage=11
#11505 [2026-09-17 23:40:41.636] [DEBUG] [P8724:T14672] [phase=frame_stage_notify] [hook=frame_stage_notify] [frame_stage] begin stage=1 this=0x00007FF9971873C0
#11506 [2026-09-17 23:40:41.654] [DEBUG] [P8724:T14672] [phase=frame_stage_notify] [hook=frame_stage_notify] [frame_stage] original begin
#11507 [2026-09-17 23:40:41.672] [DEBUG] [P8724:T14672] [phase=frame_stage_notify] [hook=frame_stage_notify] [frame_stage] original end
#11508 [2026-09-17 23:40:41.691] [DEBUG] [P8724:T14672] [phase=frame_stage_notify] [hook=frame_stage_notify] [frame_stage] end stage=1
#11509 [2026-09-17 23:40:41.710] [DEBUG] [P8724:T14672] [phase=frame_stage_notify] [hook=frame_stage_notify] [frame_stage] begin stage=2 this=0x00007FF9971873C0
#11510 [2026-09-17 23:40:41.728] [DEBUG] [P8724:T14672] [phase=frame_stage_notify] [hook=frame_stage_notify] [frame_stage] original begin
#11511 [2026-09-17 23:40:41.746] [DEBUG] [P8724:T14672] [phase=frame_stage_notify] [hook=frame_stage_notify] [frame_stage] original end
#11512 [2026-09-17 23:40:41.765] [DEBUG] [P8724:T14672] [phase=frame_stage_notify] [hook=frame_stage_notify] [frame_stage] end stage=2
#11513 [2026-09-17 23:40:41.784] [DEBUG] [P8724:T14672] [phase=frame_stage_notify] [hook=frame_stage_notify] [frame_stage] begin stage=5 this=0x00007FF9971873C0
#11514 [2026-09-17 23:40:41.802] [DEBUG] [P8724:T14672] [phase=frame_stage_notify] [hook=frame_stage_notify] [frame_stage] original begin
#11515 [2026-09-17 23:40:41.820] [DEBUG] [P8724:T14672] [phase=frame_stage_notify] [hook=frame_stage_notify] [frame_stage] original end
#11516 [2026-09-17 23:40:41.857] [DEBUG] [P8724:T14672] [phase=frame_stage_notify] [hook=frame_stage_notify] [frame_stage] end stage=5
#11517 [2026-09-17 23:40:41.877] [DEBUG] [P8724:T14672] [phase=frame_stage_notify] [hook=frame_stage_notify] [frame_stage] begin stage=6 this=0x00007FF9971873C0
#11518 [2026-09-17 23:40:41.896] [DEBUG] [P8724:T14672] [phase=frame_stage_notify] [hook=frame_stage_notify] [frame_stage] guns begin
#11519 [2026-09-17 23:40:41.914] [DEBUG] [P8724:T14672] [phase=frame_stage_notify] [hook=frame_stage_notify] [frame_stage] guns end
#11520 [2026-09-17 23:40:41.933] [DEBUG] [P8724:T14672] [phase=frame_stage_notify] [hook=frame_stage_notify] [frame_stage] dlight begin
#11521 [2026-09-17 23:40:41.951] [DEBUG] [P8724:T14672] [phase=frame_stage_notify] [hook=frame_stage_notify] [frame_stage] dlight end
#11522 [2026-09-17 23:40:41.970] [DEBUG] [P8724:T14672] [phase=frame_stage_notify] [hook=frame_stage_notify] [frame_stage] original begin
#11523 [2026-09-17 23:40:41.988] [DEBUG] [P8724:T14672] [phase=frame_stage_notify] [hook=frame_stage_notify] [frame_stage] original end
#11524 [2026-09-17 23:40:42.006] [DEBUG] [P8724:T14672] [phase=frame_stage_notify] [hook=frame_stage_notify] [frame_stage] post-network feature updates begin
#11525 [2026-09-17 23:40:42.025] [DEBUG] [P8724:T14672] [phase=frame_stage_notify] [hook=frame_stage_notify] [frame_stage] post-network feature updates end
#11526 [2026-09-17 23:40:42.043] [DEBUG] [P8724:T14672] [phase=frame_stage_notify] [hook=frame_stage_notify] [frame_stage] end stage=6
#11527 [2026-09-17 23:40:42.061] [DEBUG] [P8724:T14672] [phase=frame_stage_notify] [hook=frame_stage_notify] [frame_stage] begin stage=7 this=0x00007FF9971873C0
#11528 [2026-09-17 23:40:42.079] [DEBUG] [P8724:T14672] [phase=frame_stage_notify] [hook=frame_stage_notify] [frame_stage] agents begin
#11529 [2026-09-17 23:40:42.097] [DEBUG] [P8724:T14672] [phase=frame_stage_notify] [hook=frame_stage_notify] [frame_stage] agents end; gloves begin
#11530 [2026-09-17 23:40:42.115] [DEBUG] [P8724:T14672] [phase=frame_stage_notify] [hook=frame_stage_notify] [frame_stage] gloves end; knives begin
#11531 [2026-09-17 23:40:42.134] [DEBUG] [P8724:T14672] [phase=frame_stage_notify] [hook=frame_stage_notify] [frame_stage] knives end; world begin
#11532 [2026-09-17 23:40:42.153] [DEBUG] [P8724:T14672] [phase=frame_stage_notify] [hook=frame_stage_notify] [frame_stage] scene end; weather begin
#11533 [2026-09-17 23:40:42.171] [DEBUG] [P8724:T14672] [phase=frame_stage_notify] [hook=frame_stage_notify] [frame_stage] weather end; other begin
#11534 [2026-09-17 23:40:42.189] [DEBUG] [P8724:T14672] [phase=frame_stage_notify] [hook=frame_stage_notify] [frame_stage] other end; impacts begin
#11535 [2026-09-17 23:40:42.207] [DEBUG] [P8724:T14672] [phase=frame_stage_notify] [hook=frame_stage_notify] [frame_stage] impacts end
#11536 [2026-09-17 23:40:42.225] [DEBUG] [P8724:T14672] [phase=frame_stage_notify] [hook=frame_stage_notify] [frame_stage] original begin
#11537 [2026-09-17 23:40:42.244] [DEBUG] [P8724:T14672] [phase=frame_stage_notify] [hook=frame_stage_notify] [frame_stage] original end
#11538 [2026-09-17 23:40:42.263] [DEBUG] [P8724:T14672] [phase=frame_stage_notify] [hook=frame_stage_notify] [frame_stage] end stage=7
#11539 [2026-09-17 23:40:42.281] [DEBUG] [P8724:T14672] [phase=frame_stage_notify] [hook=frame_stage_notify] [frame_stage] begin stage=8 this=0x00007FF9971873C0
#11540 [2026-09-17 23:40:42.299] [DEBUG] [P8724:T14672] [phase=frame_stage_notify] [hook=frame_stage_notify] [frame_stage] original begin
#11541 [2026-09-17 23:40:42.318] [DEBUG] [P8724:T14672] [phase=frame_stage_notify] [hook=frame_stage_notify] [frame_stage] original end
#11542 [2026-09-17 23:40:42.336] [DEBUG] [P8724:T14672] [phase=frame_stage_notify] [hook=frame_stage_notify] [frame_stage] end stage=8
#11543 [2026-09-17 23:40:42.355] [DEBUG] [P8724:T14672] [phase=frame_stage_notify] [hook=frame_stage_notify] [frame_stage] begin stage=3 this=0x00007FF9971873C0
#11544 [2026-09-17 23:40:42.373] [DEBUG] [P8724:T14672] [phase=frame_stage_notify] [hook=frame_stage_notify] [frame_stage] original begin
#11545 [2026-09-17 23:40:42.391] [DEBUG] [P8724:T14672] [phase=frame_stage_notify] [hook=frame_stage_notify] [frame_stage] original end
#11546 [2026-09-17 23:40:42.410] [DEBUG] [P8724:T14672] [phase=frame_stage_notify] [hook=frame_stage_notify] [frame_stage] end stage=3
#11547 [2026-09-17 23:40:42.429] [DEBUG] [P8724:T14672] [phase=frame_stage_notify] [hook=frame_stage_notify] [frame_stage] begin stage=12 this=0x00007FF9971873C0
#11548 [2026-09-17 23:40:42.447] [DEBUG] [P8724:T14672] [phase=frame_stage_notify] [hook=frame_stage_notify] [frame_stage] original begin
#11549 [2026-09-17 23:40:42.466] [DEBUG] [P8724:T14672] [phase=frame_stage_notify] [hook=frame_stage_notify] [frame_stage] original end
#11550 [2026-09-17 23:40:42.484] [DEBUG] [P8724:T14672] [phase=frame_stage_notify] [hook=frame_stage_notify] [frame_stage] view/frame-data update begin
#11551 [2026-09-17 23:40:42.502] [DEBUG] [P8724:T14672] [phase=frame_stage_notify] [hook=frame_stage_notify] [frame_stage] view/frame-data update end
#11552 [2026-09-17 23:40:42.520] [DEBUG] [P8724:T14672] [phase=frame_stage_notify] [hook=frame_stage_notify] [frame_stage] end stage=12
#11553 [2026-09-17 23:40:42.542] [DEBUG] [P8724:T17744] [phase=present] [hook=present] [present] begin swap_chain=0x0000026A946CF720 sync=0 flags=0x200 ready=1
#11654 [2026-09-17 23:40:42.562] [DEBUG] [P8724:T17744] [phase=present] [hook=present] [present] rendering context updated
#11655 [2026-09-17 23:40:42.581] [DEBUG] [P8724:T17744] [phase=present] [hook=present] [present] forwarding to original
#11656 [2026-09-17 23:40:42.600] [DEBUG] [P8724:T14672] [phase=frame_stage_notify] [hook=frame_stage_notify] [frame_stage] begin stage=0 this=0x00007FF9971873C0
#11660 [2026-09-17 23:40:42.618] [DEBUG] [P8724:T14672] [phase=frame_stage_notify] [hook=frame_stage_notify] [frame_stage] original begin
#11661 [2026-09-17 23:40:42.636] [DEBUG] [P8724:T14672] [phase=frame_stage_notify] [hook=frame_stage_notify] [frame_stage] original end
#11662 [2026-09-17 23:40:42.654] [DEBUG] [P8724:T14672] [phase=frame_stage_notify] [hook=frame_stage_notify] [frame_stage] end stage=0
#11663 [2026-09-17 23:40:42.673] [DEBUG] [P8724:T14672] [phase=frame_stage_notify] [hook=frame_stage_notify] [frame_stage] begin stage=11 this=0x00007FF9971873C0
#11664 [2026-09-17 23:40:42.691] [DEBUG] [P8724:T14672] [phase=frame_stage_notify] [hook=frame_stage_notify] [frame_stage] original begin
#11665 [2026-09-17 23:40:42.710] [DEBUG] [P8724:T14672] [phase=frame_stage_notify] [hook=frame_stage_notify] [frame_stage] original end
#11666 [2026-09-17 23:40:42.728] [DEBUG] [P8724:T14672] [phase=frame_stage_notify] [hook=frame_stage_notify] [frame_stage] end stage=11
#11667 [2026-09-17 23:40:42.746] [DEBUG] [P8724:T14672] [phase=frame_stage_notify] [hook=frame_stage_notify] [frame_stage] begin stage=0 this=0x00007FF9971873C0
#11668 [2026-09-17 23:40:42.765] [DEBUG] [P8724:T14672] [phase=frame_stage_notify] [hook=frame_stage_notify] [frame_stage] original begin
#11669 [2026-09-17 23:40:42.783] [DEBUG] [P8724:T14672] [phase=frame_stage_notify] [hook=frame_stage_notify] [frame_stage] original end
#11670 [2026-09-17 23:40:42.801] [DEBUG] [P8724:T14672] [phase=frame_stage_notify] [hook=frame_stage_notify] [frame_stage] end stage=0
#11671 [2026-09-17 23:40:42.821] [DEBUG] [P8724:T14672] [phase=frame_stage_notify] [hook=frame_stage_notify] [frame_stage] begin stage=11 this=0x00007FF9971873C0
#11672 [2026-09-17 23:40:42.840] [DEBUG] [P8724:T14672] [phase=frame_stage_notify] [hook=frame_stage_notify] [frame_stage] original begin
#11673 [2026-09-17 23:40:42.856] [DEBUG] [P8724:T14672] [phase=frame_stage_notify] [hook=frame_stage_notify] [frame_stage] original end
#11674 [2026-09-17 23:40:42.875] [DEBUG] [P8724:T14672] [phase=frame_stage_notify] [hook=frame_stage_notify] [frame_stage] end stage=11
#11675 [2026-09-17 23:40:42.893] [DEBUG] [P8724:T14672] [phase=frame_stage_notify] [hook=frame_stage_notify] [frame_stage] begin stage=0 this=0x00007FF9971873C0
#11676 [2026-09-17 23:40:42.911] [DEBUG] [P8724:T14672] [phase=frame_stage_notify] [hook=frame_stage_notify] [frame_stage] original begin
#11677 [2026-09-17 23:40:42.930] [DEBUG] [P8724:T14672] [phase=frame_stage_notify] [hook=frame_stage_notify] [frame_stage] original end
#11678 [2026-09-17 23:40:42.948] [DEBUG] [P8724:T14672] [phase=frame_stage_notify] [hook=frame_stage_notify] [frame_stage] end stage=0
#11679 [2026-09-17 23:40:42.967] [DEBUG] [P8724:T14672] [phase=frame_stage_notify] [hook=frame_stage_notify] [frame_stage] begin stage=11 this=0x00007FF9971873C0
#11680 [2026-09-17 23:40:42.985] [DEBUG] [P8724:T14672] [phase=frame_stage_notify] [hook=frame_stage_notify] [frame_stage] original begin
#11681 [2026-09-17 23:40:43.003] [DEBUG] [P8724:T14672] [phase=frame_stage_notify] [hook=frame_stage_notify] [frame_stage] original end
#11682 [2026-09-17 23:40:43.021] [DEBUG] [P8724:T14672] [phase=frame_stage_notify] [hook=frame_stage_notify] [frame_stage] end stage=11
#11683 [2026-09-17 23:40:43.040] [DEBUG] [P8724:T14672] [phase=frame_stage_notify] [hook=frame_stage_notify] [frame_stage] begin stage=0 this=0x00007FF9971873C0
#11684 [2026-09-17 23:40:43.060] [DEBUG] [P8724:T14672] [phase=frame_stage_notify] [hook=frame_stage_notify] [frame_stage] original begin
#11685 [2026-09-17 23:40:43.078] [DEBUG] [P8724:T14672] [phase=frame_stage_notify] [hook=frame_stage_notify] [frame_stage] original end
#11686 [2026-09-17 23:40:43.096] [DEBUG] [P8724:T14672] [phase=frame_stage_notify] [hook=frame_stage_notify] [frame_stage] end stage=0
#11687 [2026-09-17 23:40:43.115] [DEBUG] [P8724:T14672] [phase=frame_stage_notify] [hook=frame_stage_notify] [frame_stage] begin stage=10 this=0x00007FF9971873C0
#11688 [2026-09-17 23:40:43.151] [DEBUG] [P8724:T14672] [phase=frame_stage_notify] [hook=frame_stage_notify] [frame_stage] original begin
#11689 [2026-09-17 23:40:43.222] [DEBUG] [P8724:T14672] [phase=frame_stage_notify] [hook=frame_stage_notify] [frame_stage] original end
#11690 [2026-09-17 23:40:43.257] [DEBUG] [P8724:T14672] [phase=frame_stage_notify] [hook=frame_stage_notify] [frame_stage] end stage=10
#11691 [2026-09-17 23:40:43.275] [DEBUG] [P8724:T14672] [phase=frame_stage_notify] [hook=frame_stage_notify] [frame_stage] begin stage=11 this=0x00007FF9971873C0
#11692 [2026-09-17 23:40:43.294] [DEBUG] [P8724:T14672] [phase=frame_stage_notify] [hook=frame_stage_notify] [frame_stage] original begin
#11693 [2026-09-17 23:40:43.313] [DEBUG] [P8724:T14672] [phase=frame_stage_notify] [hook=frame_stage_notify] [frame_stage] original end
#11694 [2026-09-17 23:40:43.331] [DEBUG] [P8724:T14672] [phase=frame_stage_notify] [hook=frame_stage_notify] [frame_stage] end stage=11
#11695 [2026-09-17 23:40:43.352] [DEBUG] [P8724:T14672] [phase=frame_stage_notify] [hook=frame_stage_notify] [frame_stage] begin stage=1 this=0x00007FF9971873C0
#11696 [2026-09-17 23:40:43.371] [DEBUG] [P8724:T14672] [phase=frame_stage_notify] [hook=frame_stage_notify] [frame_stage] original begin
#11697 [2026-09-17 23:40:43.389] [DEBUG] [P8724:T14672] [phase=frame_stage_notify] [hook=frame_stage_notify] [frame_stage] original end
#11698 [2026-09-17 23:40:43.407] [DEBUG] [P8724:T14672] [phase=frame_stage_notify] [hook=frame_stage_notify] [frame_stage] end stage=1
#11699 [2026-09-17 23:40:43.426] [DEBUG] [P8724:T14672] [phase=frame_stage_notify] [hook=frame_stage_notify] [frame_stage] begin stage=2 this=0x00007FF9971873C0
#11700 [2026-09-17 23:40:43.444] [DEBUG] [P8724:T14672] [phase=frame_stage_notify] [hook=frame_stage_notify] [frame_stage] original begin
#11701 [2026-09-17 23:40:43.463] [DEBUG] [P8724:T14672] [phase=frame_stage_notify] [hook=frame_stage_notify] [frame_stage] original end
#11702 [2026-09-17 23:40:43.481] [DEBUG] [P8724:T14672] [phase=frame_stage_notify] [hook=frame_stage_notify] [frame_stage] end stage=2
#11703 [2026-09-17 23:40:43.499] [DEBUG] [P8724:T14672] [phase=frame_stage_notify] [hook=frame_stage_notify] [frame_stage] begin stage=5 this=0x00007FF9971873C0
#11704 [2026-09-17 23:40:43.519] [DEBUG] [P8724:T14672] [phase=frame_stage_notify] [hook=frame_stage_notify] [frame_stage] original begin
#11705 [2026-09-17 23:40:43.537] [DEBUG] [P8724:T14672] [phase=frame_stage_notify] [hook=frame_stage_notify] [frame_stage] original end
#11706 [2026-09-17 23:40:43.556] [DEBUG] [P8724:T14672] [phase=frame_stage_notify] [hook=frame_stage_notify] [frame_stage] end stage=5
#11707 [2026-09-17 23:40:43.576] [DEBUG] [P8724:T14672] [phase=frame_stage_notify] [hook=frame_stage_notify] [frame_stage] begin stage=6 this=0x00007FF9971873C0
#11708 [2026-09-17 23:40:43.594] [DEBUG] [P8724:T14672] [phase=frame_stage_notify] [hook=frame_stage_notify] [frame_stage] guns begin
#11709 [2026-09-17 23:40:43.612] [DEBUG] [P8724:T14672] [phase=frame_stage_notify] [hook=frame_stage_notify] [frame_stage] guns end
#11710 [2026-09-17 23:40:43.630] [DEBUG] [P8724:T14672] [phase=frame_stage_notify] [hook=frame_stage_notify] [frame_stage] dlight begin
#11711 [2026-09-17 23:40:43.648] [DEBUG] [P8724:T14672] [phase=frame_stage_notify] [hook=frame_stage_notify] [frame_stage] dlight end
#11712 [2026-09-17 23:40:43.666] [DEBUG] [P8724:T14672] [phase=frame_stage_notify] [hook=frame_stage_notify] [frame_stage] original begin
#11713 [2026-09-17 23:40:43.685] [DEBUG] [P8724:T14672] [phase=frame_stage_notify] [hook=frame_stage_notify] [frame_stage] original end
#11714 [2026-09-17 23:40:43.703] [DEBUG] [P8724:T14672] [phase=frame_stage_notify] [hook=frame_stage_notify] [frame_stage] post-network feature updates begin
#11715 [2026-09-17 23:40:43.721] [DEBUG] [P8724:T14672] [phase=frame_stage_notify] [hook=frame_stage_notify] [frame_stage] post-network feature updates end
#11716 [2026-09-17 23:40:43.739] [DEBUG] [P8724:T14672] [phase=frame_stage_notify] [hook=frame_stage_notify] [frame_stage] end stage=6
#11717 [2026-09-17 23:40:43.757] [DEBUG] [P8724:T14672] [phase=frame_stage_notify] [hook=frame_stage_notify] [frame_stage] begin stage=7 this=0x00007FF9971873C0
#11718 [2026-09-17 23:40:43.776] [DEBUG] [P8724:T14672] [phase=frame_stage_notify] [hook=frame_stage_notify] [frame_stage] agents begin
#11719 [2026-09-17 23:40:43.795] [DEBUG] [P8724:T14672] [phase=frame_stage_notify] [hook=frame_stage_notify] [frame_stage] agents end; gloves begin
#11720 [2026-09-17 23:40:43.813] [DEBUG] [P8724:T14672] [phase=frame_stage_notify] [hook=frame_stage_notify] [frame_stage] gloves end; knives begin
#11721 [2026-09-17 23:40:43.831] [DEBUG] [P8724:T14672] [phase=frame_stage_notify] [hook=frame_stage_notify] [frame_stage] knives end; world begin
#11722 [2026-09-17 23:40:43.850] [DEBUG] [P8724:T14672] [phase=frame_stage_notify] [hook=frame_stage_notify] [frame_stage] scene end; weather begin
#11723 [2026-09-17 23:40:43.867] [DEBUG] [P8724:T14672] [phase=frame_stage_notify] [hook=frame_stage_notify] [frame_stage] weather end; other begin
#11724 [2026-09-17 23:40:43.885] [DEBUG] [P8724:T14672] [phase=frame_stage_notify] [hook=frame_stage_notify] [frame_stage] other end; impacts begin
#11725 [2026-09-17 23:40:43.903] [DEBUG] [P8724:T14672] [phase=frame_stage_notify] [hook=frame_stage_notify] [frame_stage] impacts end
#11726 [2026-09-17 23:40:43.922] [DEBUG] [P8724:T14672] [phase=frame_stage_notify] [hook=frame_stage_notify] [frame_stage] original begin
#11727 [2026-09-17 23:40:43.941] [DEBUG] [P8724:T14672] [phase=frame_stage_notify] [hook=frame_stage_notify] [frame_stage] original end
#11728 [2026-09-17 23:40:43.959] [DEBUG] [P8724:T14672] [phase=frame_stage_notify] [hook=frame_stage_notify] [frame_stage] end stage=7
#11729 [2026-09-17 23:40:43.977] [DEBUG] [P8724:T14672] [phase=frame_stage_notify] [hook=frame_stage_notify] [frame_stage] begin stage=8 this=0x00007FF9971873C0
#11730 [2026-09-17 23:40:43.994] [DEBUG] [P8724:T14672] [phase=frame_stage_notify] [hook=frame_stage_notify] [frame_stage] original begin
#11731 [2026-09-17 23:40:44.013] [DEBUG] [P8724:T14672] [phase=frame_stage_notify] [hook=frame_stage_notify] [frame_stage] original end
#11732 [2026-09-17 23:40:44.032] [DEBUG] [P8724:T14672] [phase=frame_stage_notify] [hook=frame_stage_notify] [frame_stage] end stage=8
#11733 [2026-09-17 23:40:44.050] [DEBUG] [P8724:T14672] [phase=frame_stage_notify] [hook=frame_stage_notify] [frame_stage] begin stage=3 this=0x00007FF9971873C0
#11734 [2026-09-17 23:40:44.068] [DEBUG] [P8724:T14672] [phase=frame_stage_notify] [hook=frame_stage_notify] [frame_stage] original begin
#11735 [2026-09-17 23:40:44.086] [DEBUG] [P8724:T14672] [phase=frame_stage_notify] [hook=frame_stage_notify] [frame_stage] original end
#11736 [2026-09-17 23:40:44.104] [DEBUG] [P8724:T14672] [phase=frame_stage_notify] [hook=frame_stage_notify] [frame_stage] end stage=3
#11737 [2026-09-17 23:40:44.123] [DEBUG] [P8724:T14672] [phase=frame_stage_notify] [hook=frame_stage_notify] [frame_stage] begin stage=12 this=0x00007FF9971873C0
#11738 [2026-09-17 23:40:44.141] [DEBUG] [P8724:T14672] [phase=frame_stage_notify] [hook=frame_stage_notify] [frame_stage] original begin
#11739 [2026-09-17 23:40:44.160] [DEBUG] [P8724:T14672] [phase=frame_stage_notify] [hook=frame_stage_notify] [frame_stage] original end
#11740 [2026-09-17 23:40:44.178] [DEBUG] [P8724:T14672] [phase=frame_stage_notify] [hook=frame_stage_notify] [frame_stage] view/frame-data update begin
#11741 [2026-09-17 23:40:44.196] [DEBUG] [P8724:T14672] [phase=frame_stage_notify] [hook=frame_stage_notify] [frame_stage] view/frame-data update end
#11742 [2026-09-17 23:40:44.214] [DEBUG] [P8724:T14672] [phase=frame_stage_notify] [hook=frame_stage_notify] [frame_stage] end stage=12
#11743 [2026-09-17 23:40:44.235] [DEBUG] [P8724:T2540] [phase=none] [hook=generate_primitives] hook enter name=generate_primitives arg0=0x00007FFA36B37AD0 arg1=0x0000027230A56A00 arg2=0x000000C6DD27FB70 arg3=0x000000C6DD27F130
#11744 [2026-09-17 23:40:44.253] [DEBUG] [P8724:T2540] [phase=none] [hook=generate_primitives] hook leave name=generate_primitives duration_ms=16
#11745 [2026-09-17 23:40:44.273] [DEBUG] [P8724:T17744] [phase=present] [hook=present] [present] begin swap_chain=0x0000026A946CF720 sync=0 flags=0x200 ready=1
#11846 [2026-09-17 23:40:44.292] [DEBUG] [P8724:T17744] [phase=present] [hook=present] [present] rendering context updated
#11847 [2026-09-17 23:40:44.310] [DEBUG] [P8724:T17744] [phase=present] [hook=present] [present] forwarding to original
#11848 [2026-09-17 23:40:44.330] [DEBUG] [P8724:T14672] [phase=frame_stage_notify] [hook=frame_stage_notify] [frame_stage] begin stage=0 this=0x00007FF9971873C0
#11852 [2026-09-17 23:40:44.349] [DEBUG] [P8724:T14672] [phase=frame_stage_notify] [hook=frame_stage_notify] [frame_stage] original begin
#11853 [2026-09-17 23:40:44.367] [DEBUG] [P8724:T14672] [phase=frame_stage_notify] [hook=frame_stage_notify] [frame_stage] original end
#11854 [2026-09-17 23:40:44.385] [DEBUG] [P8724:T14672] [phase=frame_stage_notify] [hook=frame_stage_notify] [frame_stage] end stage=0
#11855 [2026-09-17 23:40:44.403] [DEBUG] [P8724:T14672] [phase=frame_stage_notify] [hook=frame_stage_notify] [frame_stage] begin stage=11 this=0x00007FF9971873C0
#11856 [2026-09-17 23:40:44.422] [DEBUG] [P8724:T14672] [phase=frame_stage_notify] [hook=frame_stage_notify] [frame_stage] original begin
#11857 [2026-09-17 23:40:44.440] [DEBUG] [P8724:T14672] [phase=frame_stage_notify] [hook=frame_stage_notify] [frame_stage] original end
#11858 [2026-09-17 23:40:44.458] [DEBUG] [P8724:T14672] [phase=frame_stage_notify] [hook=frame_stage_notify] [frame_stage] end stage=11
#11859 [2026-09-17 23:40:44.480] [DEBUG] [P8724:T14672] [phase=frame_stage_notify] [hook=frame_stage_notify] [frame_stage] begin stage=0 this=0x00007FF9971873C0
#11860 [2026-09-17 23:40:44.498] [DEBUG] [P8724:T14672] [phase=frame_stage_notify] [hook=frame_stage_notify] [frame_stage] original begin
#11861 [2026-09-17 23:40:44.516] [DEBUG] [P8724:T14672] [phase=frame_stage_notify] [hook=frame_stage_notify] [frame_stage] original end
#11862 [2026-09-17 23:40:44.552] [DEBUG] [P8724:T14672] [phase=frame_stage_notify] [hook=frame_stage_notify] [frame_stage] end stage=0
#11863 [2026-09-17 23:40:44.571] [DEBUG] [P8724:T14672] [phase=frame_stage_notify] [hook=frame_stage_notify] [frame_stage] begin stage=11 this=0x00007FF9971873C0
#11864 [2026-09-17 23:40:44.590] [DEBUG] [P8724:T14672] [phase=frame_stage_notify] [hook=frame_stage_notify] [frame_stage] original begin
#11865 [2026-09-17 23:40:44.608] [DEBUG] [P8724:T14672] [phase=frame_stage_notify] [hook=frame_stage_notify] [frame_stage] original end
#11866 [2026-09-17 23:40:44.626] [DEBUG] [P8724:T14672] [phase=frame_stage_notify] [hook=frame_stage_notify] [frame_stage] end stage=11
#11867 [2026-09-17 23:40:44.645] [DEBUG] [P8724:T14672] [phase=frame_stage_notify] [hook=frame_stage_notify] [frame_stage] begin stage=0 this=0x00007FF9971873C0
#11868 [2026-09-17 23:40:44.663] [DEBUG] [P8724:T14672] [phase=frame_stage_notify] [hook=frame_stage_notify] [frame_stage] original begin
#11869 [2026-09-17 23:40:44.682] [DEBUG] [P8724:T14672] [phase=frame_stage_notify] [hook=frame_stage_notify] [frame_stage] original end
#11870 [2026-09-17 23:40:44.701] [DEBUG] [P8724:T14672] [phase=frame_stage_notify] [hook=frame_stage_notify] [frame_stage] end stage=0
#11871 [2026-09-17 23:40:44.719] [DEBUG] [P8724:T14672] [phase=frame_stage_notify] [hook=frame_stage_notify] [frame_stage] begin stage=11 this=0x00007FF9971873C0
#11872 [2026-09-17 23:40:44.738] [DEBUG] [P8724:T14672] [phase=frame_stage_notify] [hook=frame_stage_notify] [frame_stage] original begin
#11873 [2026-09-17 23:40:44.757] [DEBUG] [P8724:T14672] [phase=frame_stage_notify] [hook=frame_stage_notify] [frame_stage] original end
#11874 [2026-09-17 23:40:44.775] [DEBUG] [P8724:T14672] [phase=frame_stage_notify] [hook=frame_stage_notify] [frame_stage] end stage=11
#11875 [2026-09-17 23:40:44.796] [DEBUG] [P8724:T14672] [phase=frame_stage_notify] [hook=frame_stage_notify] [frame_stage] begin stage=0 this=0x00007FF9971873C0
#11876 [2026-09-17 23:40:44.814] [DEBUG] [P8724:T14672] [phase=frame_stage_notify] [hook=frame_stage_notify] [frame_stage] original begin
#11877 [2026-09-17 23:40:44.833] [DEBUG] [P8724:T14672] [phase=frame_stage_notify] [hook=frame_stage_notify] [frame_stage] original end
#11878 [2026-09-17 23:40:44.851] [DEBUG] [P8724:T14672] [phase=frame_stage_notify] [hook=frame_stage_notify] [frame_stage] end stage=0
#11879 [2026-09-17 23:40:44.869] [DEBUG] [P8724:T14672] [phase=frame_stage_notify] [hook=frame_stage_notify] [frame_stage] begin stage=10 this=0x00007FF9971873C0
#11880 [2026-09-17 23:40:44.888] [DEBUG] [P8724:T14672] [phase=frame_stage_notify] [hook=frame_stage_notify] [frame_stage] original begin
#11881 [2026-09-17 23:40:44.907] [DEBUG] [P8724:T14672] [phase=frame_stage_notify] [hook=frame_stage_notify] [frame_stage] original end
#11882 [2026-09-17 23:40:44.925] [DEBUG] [P8724:T14672] [phase=frame_stage_notify] [hook=frame_stage_notify] [frame_stage] end stage=10
#11883 [2026-09-17 23:40:44.943] [DEBUG] [P8724:T14672] [phase=frame_stage_notify] [hook=frame_stage_notify] [frame_stage] begin stage=11 this=0x00007FF9971873C0
#11884 [2026-09-17 23:40:44.962] [DEBUG] [P8724:T14672] [phase=frame_stage_notify] [hook=frame_stage_notify] [frame_stage] original begin
#11885 [2026-09-17 23:40:44.980] [DEBUG] [P8724:T14672] [phase=frame_stage_notify] [hook=frame_stage_notify] [frame_stage] original end
#11886 [2026-09-17 23:40:44.998] [DEBUG] [P8724:T14672] [phase=frame_stage_notify] [hook=frame_stage_notify] [frame_stage] end stage=11
#11887 [2026-09-17 23:40:45.017] [DEBUG] [P8724:T14672] [phase=frame_stage_notify] [hook=frame_stage_notify] [frame_stage] begin stage=1 this=0x00007FF9971873C0
#11888 [2026-09-17 23:40:45.035] [DEBUG] [P8724:T14672] [phase=frame_stage_notify] [hook=frame_stage_notify] [frame_stage] original begin
#11889 [2026-09-17 23:40:45.054] [DEBUG] [P8724:T14672] [phase=frame_stage_notify] [hook=frame_stage_notify] [frame_stage] original end
#11890 [2026-09-17 23:40:45.073] [DEBUG] [P8724:T14672] [phase=frame_stage_notify] [hook=frame_stage_notify] [frame_stage] end stage=1
#11891 [2026-09-17 23:40:45.091] [DEBUG] [P8724:T14672] [phase=frame_stage_notify] [hook=frame_stage_notify] [frame_stage] begin stage=2 this=0x00007FF9971873C0
#11892 [2026-09-17 23:40:45.110] [DEBUG] [P8724:T14672] [phase=frame_stage_notify] [hook=frame_stage_notify] [frame_stage] original begin
#11893 [2026-09-17 23:40:45.128] [DEBUG] [P8724:T14672] [phase=frame_stage_notify] [hook=frame_stage_notify] [frame_stage] original end
#11894 [2026-09-17 23:40:45.147] [DEBUG] [P8724:T14672] [phase=frame_stage_notify] [hook=frame_stage_notify] [frame_stage] end stage=2
#11895 [2026-09-17 23:40:45.166] [DEBUG] [P8724:T14672] [phase=frame_stage_notify] [hook=frame_stage_notify] [frame_stage] begin stage=5 this=0x00007FF9971873C0
#11896 [2026-09-17 23:40:45.184] [DEBUG] [P8724:T14672] [phase=frame_stage_notify] [hook=frame_stage_notify] [frame_stage] original begin
#11897 [2026-09-17 23:40:45.202] [DEBUG] [P8724:T14672] [phase=frame_stage_notify] [hook=frame_stage_notify] [frame_stage] original end
#11898 [2026-09-17 23:40:45.220] [DEBUG] [P8724:T14672] [phase=frame_stage_notify] [hook=frame_stage_notify] [frame_stage] end stage=5
#11899 [2026-09-17 23:40:45.239] [DEBUG] [P8724:T14672] [phase=frame_stage_notify] [hook=frame_stage_notify] [frame_stage] begin stage=6 this=0x00007FF9971873C0
#11900 [2026-09-17 23:40:45.257] [DEBUG] [P8724:T14672] [phase=frame_stage_notify] [hook=frame_stage_notify] [frame_stage] guns begin
#11901 [2026-09-17 23:40:45.276] [DEBUG] [P8724:T14672] [phase=frame_stage_notify] [hook=frame_stage_notify] [frame_stage] guns end
#11902 [2026-09-17 23:40:45.294] [DEBUG] [P8724:T14672] [phase=frame_stage_notify] [hook=frame_stage_notify] [frame_stage] dlight begin
#11903 [2026-09-17 23:40:45.312] [DEBUG] [P8724:T14672] [phase=frame_stage_notify] [hook=frame_stage_notify] [frame_stage] dlight end
#11904 [2026-09-17 23:40:45.330] [DEBUG] [P8724:T14672] [phase=frame_stage_notify] [hook=frame_stage_notify] [frame_stage] original begin
#11905 [2026-09-17 23:40:45.349] [DEBUG] [P8724:T14672] [phase=frame_stage_notify] [hook=frame_stage_notify] [frame_stage] original end
#11906 [2026-09-17 23:40:45.367] [DEBUG] [P8724:T14672] [phase=frame_stage_notify] [hook=frame_stage_notify] [frame_stage] post-network feature updates begin
#11907 [2026-09-17 23:40:45.385] [DEBUG] [P8724:T14672] [phase=frame_stage_notify] [hook=frame_stage_notify] [frame_stage] post-network feature updates end
#11908 [2026-09-17 23:40:45.402] [DEBUG] [P8724:T14672] [phase=frame_stage_notify] [hook=frame_stage_notify] [frame_stage] end stage=6
#11909 [2026-09-17 23:40:45.420] [DEBUG] [P8724:T14672] [phase=frame_stage_notify] [hook=frame_stage_notify] [frame_stage] begin stage=7 this=0x00007FF9971873C0
#11910 [2026-09-17 23:40:45.439] [DEBUG] [P8724:T14672] [phase=frame_stage_notify] [hook=frame_stage_notify] [frame_stage] agents begin
#11911 [2026-09-17 23:40:45.457] [DEBUG] [P8724:T14672] [phase=frame_stage_notify] [hook=frame_stage_notify] [frame_stage] agents end; gloves begin
#11912 [2026-09-17 23:40:45.476] [DEBUG] [P8724:T14672] [phase=frame_stage_notify] [hook=frame_stage_notify] [frame_stage] gloves end; knives begin
#11913 [2026-09-17 23:40:45.494] [DEBUG] [P8724:T14672] [phase=frame_stage_notify] [hook=frame_stage_notify] [frame_stage] knives end; world begin
#11914 [2026-09-17 23:40:45.512] [DEBUG] [P8724:T14672] [phase=frame_stage_notify] [hook=frame_stage_notify] [frame_stage] scene end; weather begin
#11915 [2026-09-17 23:40:45.530] [DEBUG] [P8724:T14672] [phase=frame_stage_notify] [hook=frame_stage_notify] [frame_stage] weather end; other begin
#11916 [2026-09-17 23:40:45.548] [DEBUG] [P8724:T14672] [phase=frame_stage_notify] [hook=frame_stage_notify] [frame_stage] other end; impacts begin
#11917 [2026-09-17 23:40:45.567] [DEBUG] [P8724:T14672] [phase=frame_stage_notify] [hook=frame_stage_notify] [frame_stage] impacts end
#11918 [2026-09-17 23:40:45.586] [DEBUG] [P8724:T14672] [phase=frame_stage_notify] [hook=frame_stage_notify] [frame_stage] original begin
#11919 [2026-09-17 23:40:45.604] [DEBUG] [P8724:T14672] [phase=frame_stage_notify] [hook=frame_stage_notify] [frame_stage] original end
#11920 [2026-09-17 23:40:45.623] [DEBUG] [P8724:T14672] [phase=frame_stage_notify] [hook=frame_stage_notify] [frame_stage] end stage=7
#11921 [2026-09-17 23:40:45.641] [DEBUG] [P8724:T14672] [phase=frame_stage_notify] [hook=frame_stage_notify] [frame_stage] begin stage=8 this=0x00007FF9971873C0
#11922 [2026-09-17 23:40:45.659] [DEBUG] [P8724:T14672] [phase=frame_stage_notify] [hook=frame_stage_notify] [frame_stage] original begin
#11923 [2026-09-17 23:40:45.677] [DEBUG] [P8724:T14672] [phase=frame_stage_notify] [hook=frame_stage_notify] [frame_stage] original end
#11924 [2026-09-17 23:40:45.696] [DEBUG] [P8724:T14672] [phase=frame_stage_notify] [hook=frame_stage_notify] [frame_stage] end stage=8
#11925 [2026-09-17 23:40:45.714] [DEBUG] [P8724:T14672] [phase=frame_stage_notify] [hook=frame_stage_notify] [frame_stage] begin stage=3 this=0x00007FF9971873C0
#11926 [2026-09-17 23:40:45.732] [DEBUG] [P8724:T14672] [phase=frame_stage_notify] [hook=frame_stage_notify] [frame_stage] original begin
#11927 [2026-09-17 23:40:45.750] [DEBUG] [P8724:T14672] [phase=frame_stage_notify] [hook=frame_stage_notify] [frame_stage] original end
#11928 [2026-09-17 23:40:45.768] [DEBUG] [P8724:T14672] [phase=frame_stage_notify] [hook=frame_stage_notify] [frame_stage] end stage=3
#11929 [2026-09-17 23:40:45.790] [DEBUG] [P8724:T14672] [phase=frame_stage_notify] [hook=frame_stage_notify] [frame_stage] begin stage=12 this=0x00007FF9971873C0
#11930 [2026-09-17 23:40:45.809] [DEBUG] [P8724:T14672] [phase=frame_stage_notify] [hook=frame_stage_notify] [frame_stage] original begin
#11931 [2026-09-17 23:40:45.826] [DEBUG] [P8724:T14672] [phase=frame_stage_notify] [hook=frame_stage_notify] [frame_stage] original end
#11932 [2026-09-17 23:40:45.844] [DEBUG] [P8724:T14672] [phase=frame_stage_notify] [hook=frame_stage_notify] [frame_stage] view/frame-data update begin
#11933 [2026-09-17 23:40:45.863] [DEBUG] [P8724:T14672] [phase=frame_stage_notify] [hook=frame_stage_notify] [frame_stage] view/frame-data update end
#11934 [2026-09-17 23:40:45.881] [DEBUG] [P8724:T14672] [phase=frame_stage_notify] [hook=frame_stage_notify] [frame_stage] end stage=12
#11935 [2026-09-17 23:40:45.922] [DEBUG] [P8724:T17744] [phase=present] [hook=present] [present] begin swap_chain=0x0000026A946CF720 sync=0 flags=0x200 ready=1
#12036 [2026-09-17 23:40:45.941] [DEBUG] [P8724:T17744] [phase=present] [hook=present] [present] rendering context updated
#12037 [2026-09-17 23:40:45.960] [DEBUG] [P8724:T17744] [phase=present] [hook=present] [present] forwarding to original
#12038 [2026-09-17 23:40:45.980] [DEBUG] [P8724:T14672] [phase=frame_stage_notify] [hook=frame_stage_notify] [frame_stage] begin stage=0 this=0x00007FF9971873C0
#12042 [2026-09-17 23:40:45.998] [DEBUG] [P8724:T14672] [phase=frame_stage_notify] [hook=frame_stage_notify] [frame_stage] original begin
#12043 [2026-09-17 23:40:46.017] [DEBUG] [P8724:T14672] [phase=frame_stage_notify] [hook=frame_stage_notify] [frame_stage] original end
#12044 [2026-09-17 23:40:46.035] [DEBUG] [P8724:T14672] [phase=frame_stage_notify] [hook=frame_stage_notify] [frame_stage] end stage=0
#12045 [2026-09-17 23:40:46.054] [DEBUG] [P8724:T14672] [phase=frame_stage_notify] [hook=frame_stage_notify] [frame_stage] begin stage=11 this=0x00007FF9971873C0
#12046 [2026-09-17 23:40:46.073] [DEBUG] [P8724:T14672] [phase=frame_stage_notify] [hook=frame_stage_notify] [frame_stage] original begin
#12047 [2026-09-17 23:40:46.091] [DEBUG] [P8724:T14672] [phase=frame_stage_notify] [hook=frame_stage_notify] [frame_stage] original end
#12048 [2026-09-17 23:40:46.109] [DEBUG] [P8724:T14672] [phase=frame_stage_notify] [hook=frame_stage_notify] [frame_stage] end stage=11
#12049 [2026-09-17 23:40:46.127] [DEBUG] [P8724:T14672] [phase=frame_stage_notify] [hook=frame_stage_notify] [frame_stage] begin stage=0 this=0x00007FF9971873C0
#12050 [2026-09-17 23:40:46.146] [DEBUG] [P8724:T14672] [phase=frame_stage_notify] [hook=frame_stage_notify] [frame_stage] original begin
#12051 [2026-09-17 23:40:46.164] [DEBUG] [P8724:T14672] [phase=frame_stage_notify] [hook=frame_stage_notify] [frame_stage] original end
#12052 [2026-09-17 23:40:46.182] [DEBUG] [P8724:T14672] [phase=frame_stage_notify] [hook=frame_stage_notify] [frame_stage] end stage=0
#12053 [2026-09-17 23:40:46.201] [DEBUG] [P8724:T14672] [phase=frame_stage_notify] [hook=frame_stage_notify] [frame_stage] begin stage=11 this=0x00007FF9971873C0
#12054 [2026-09-17 23:40:46.219] [DEBUG] [P8724:T14672] [phase=frame_stage_notify] [hook=frame_stage_notify] [frame_stage] original begin
#12055 [2026-09-17 23:40:46.238] [DEBUG] [P8724:T14672] [phase=frame_stage_notify] [hook=frame_stage_notify] [frame_stage] original end
#12056 [2026-09-17 23:40:46.256] [DEBUG] [P8724:T14672] [phase=frame_stage_notify] [hook=frame_stage_notify] [frame_stage] end stage=11
#12057 [2026-09-17 23:40:46.275] [DEBUG] [P8724:T14672] [phase=frame_stage_notify] [hook=frame_stage_notify] [frame_stage] begin stage=0 this=0x00007FF9971873C0
#12058 [2026-09-17 23:40:46.293] [DEBUG] [P8724:T14672] [phase=frame_stage_notify] [hook=frame_stage_notify] [frame_stage] original begin
#12059 [2026-09-17 23:40:46.311] [DEBUG] [P8724:T14672] [phase=frame_stage_notify] [hook=frame_stage_notify] [frame_stage] original end
#12060 [2026-09-17 23:40:46.329] [DEBUG] [P8724:T14672] [phase=frame_stage_notify] [hook=frame_stage_notify] [frame_stage] end stage=0
#12061 [2026-09-17 23:40:46.348] [DEBUG] [P8724:T14672] [phase=frame_stage_notify] [hook=frame_stage_notify] [frame_stage] begin stage=11 this=0x00007FF9971873C0
#12062 [2026-09-17 23:40:46.367] [DEBUG] [P8724:T14672] [phase=frame_stage_notify] [hook=frame_stage_notify] [frame_stage] original begin
#12063 [2026-09-17 23:40:46.384] [DEBUG] [P8724:T14672] [phase=frame_stage_notify] [hook=frame_stage_notify] [frame_stage] original end
#12064 [2026-09-17 23:40:46.401] [DEBUG] [P8724:T14672] [phase=frame_stage_notify] [hook=frame_stage_notify] [frame_stage] end stage=11
#12065 [2026-09-17 23:40:46.420] [DEBUG] [P8724:T14672] [phase=frame_stage_notify] [hook=frame_stage_notify] [frame_stage] begin stage=0 this=0x00007FF9971873C0
#12066 [2026-09-17 23:40:46.439] [DEBUG] [P8724:T14672] [phase=frame_stage_notify] [hook=frame_stage_notify] [frame_stage] original begin
#12067 [2026-09-17 23:40:46.458] [DEBUG] [P8724:T14672] [phase=frame_stage_notify] [hook=frame_stage_notify] [frame_stage] original end
#12068 [2026-09-17 23:40:46.476] [DEBUG] [P8724:T14672] [phase=frame_stage_notify] [hook=frame_stage_notify] [frame_stage] end stage=0
#12069 [2026-09-17 23:40:46.495] [DEBUG] [P8724:T14672] [phase=frame_stage_notify] [hook=frame_stage_notify] [frame_stage] begin stage=10 this=0x00007FF9971873C0
#12070 [2026-09-17 23:40:46.513] [DEBUG] [P8724:T14672] [phase=frame_stage_notify] [hook=frame_stage_notify] [frame_stage] original begin
#12071 [2026-09-17 23:40:46.531] [DEBUG] [P8724:T14672] [phase=frame_stage_notify] [hook=frame_stage_notify] [frame_stage] original end
#12072 [2026-09-17 23:40:46.549] [DEBUG] [P8724:T14672] [phase=frame_stage_notify] [hook=frame_stage_notify] [frame_stage] end stage=10
#12073 [2026-09-17 23:40:46.568] [DEBUG] [P8724:T14672] [phase=frame_stage_notify] [hook=frame_stage_notify] [frame_stage] begin stage=11 this=0x00007FF9971873C0
#12074 [2026-09-17 23:40:46.586] [DEBUG] [P8724:T14672] [phase=frame_stage_notify] [hook=frame_stage_notify] [frame_stage] original begin
#12075 [2026-09-17 23:40:46.604] [DEBUG] [P8724:T14672] [phase=frame_stage_notify] [hook=frame_stage_notify] [frame_stage] original end
#12076 [2026-09-17 23:40:46.622] [DEBUG] [P8724:T14672] [phase=frame_stage_notify] [hook=frame_stage_notify] [frame_stage] end stage=11
#12077 [2026-09-17 23:40:46.640] [DEBUG] [P8724:T14672] [phase=frame_stage_notify] [hook=frame_stage_notify] [frame_stage] begin stage=1 this=0x00007FF9971873C0
#12078 [2026-09-17 23:40:46.658] [DEBUG] [P8724:T14672] [phase=frame_stage_notify] [hook=frame_stage_notify] [frame_stage] original begin
#12079 [2026-09-17 23:40:46.677] [DEBUG] [P8724:T14672] [phase=frame_stage_notify] [hook=frame_stage_notify] [frame_stage] original end
#12080 [2026-09-17 23:40:46.696] [DEBUG] [P8724:T14672] [phase=frame_stage_notify] [hook=frame_stage_notify] [frame_stage] end stage=1
#12081 [2026-09-17 23:40:46.716] [DEBUG] [P8724:T14672] [phase=frame_stage_notify] [hook=frame_stage_notify] [frame_stage] begin stage=2 this=0x00007FF9971873C0
#12082 [2026-09-17 23:40:46.734] [DEBUG] [P8724:T14672] [phase=frame_stage_notify] [hook=frame_stage_notify] [frame_stage] original begin
#12083 [2026-09-17 23:40:46.752] [DEBUG] [P8724:T14672] [phase=frame_stage_notify] [hook=frame_stage_notify] [frame_stage] original end
#12084 [2026-09-17 23:40:46.770] [DEBUG] [P8724:T14672] [phase=frame_stage_notify] [hook=frame_stage_notify] [frame_stage] end stage=2
#12085 [2026-09-17 23:40:46.788] [DEBUG] [P8724:T14672] [phase=frame_stage_notify] [hook=frame_stage_notify] [frame_stage] begin stage=5 this=0x00007FF9971873C0
#12086 [2026-09-17 23:40:46.807] [DEBUG] [P8724:T14672] [phase=frame_stage_notify] [hook=frame_stage_notify] [frame_stage] original begin
#12087 [2026-09-17 23:40:46.825] [DEBUG] [P8724:T14672] [phase=frame_stage_notify] [hook=frame_stage_notify] [frame_stage] original end
#12088 [2026-09-17 23:40:46.843] [DEBUG] [P8724:T14672] [phase=frame_stage_notify] [hook=frame_stage_notify] [frame_stage] end stage=5
#12089 [2026-09-17 23:40:46.861] [DEBUG] [P8724:T14672] [phase=frame_stage_notify] [hook=frame_stage_notify] [frame_stage] begin stage=6 this=0x00007FF9971873C0
#12090 [2026-09-17 23:40:46.880] [DEBUG] [P8724:T14672] [phase=frame_stage_notify] [hook=frame_stage_notify] [frame_stage] guns begin
#12091 [2026-09-17 23:40:46.899] [DEBUG] [P8724:T14672] [phase=frame_stage_notify] [hook=frame_stage_notify] [frame_stage] guns end
#12092 [2026-09-17 23:40:46.917] [DEBUG] [P8724:T14672] [phase=frame_stage_notify] [hook=frame_stage_notify] [frame_stage] dlight begin
#12093 [2026-09-17 23:40:46.935] [DEBUG] [P8724:T14672] [phase=frame_stage_notify] [hook=frame_stage_notify] [frame_stage] dlight end
#12094 [2026-09-17 23:40:46.953] [DEBUG] [P8724:T14672] [phase=frame_stage_notify] [hook=frame_stage_notify] [frame_stage] original begin
#12095 [2026-09-17 23:40:46.971] [DEBUG] [P8724:T14672] [phase=frame_stage_notify] [hook=frame_stage_notify] [frame_stage] original end
#12096 [2026-09-17 23:40:46.988] [DEBUG] [P8724:T14672] [phase=frame_stage_notify] [hook=frame_stage_notify] [frame_stage] post-network feature updates begin
#12097 [2026-09-17 23:40:47.007] [DEBUG] [P8724:T14672] [phase=frame_stage_notify] [hook=frame_stage_notify] [frame_stage] post-network feature updates end
#12098 [2026-09-17 23:40:47.026] [DEBUG] [P8724:T14672] [phase=frame_stage_notify] [hook=frame_stage_notify] [frame_stage] end stage=6
#12099 [2026-09-17 23:40:47.046] [DEBUG] [P8724:T14672] [phase=frame_stage_notify] [hook=frame_stage_notify] [frame_stage] begin stage=7 this=0x00007FF9971873C0
#12100 [2026-09-17 23:40:47.064] [DEBUG] [P8724:T14672] [phase=frame_stage_notify] [hook=frame_stage_notify] [frame_stage] agents begin
#12101 [2026-09-17 23:40:47.082] [DEBUG] [P8724:T14672] [phase=frame_stage_notify] [hook=frame_stage_notify] [frame_stage] agents end; gloves begin
#12102 [2026-09-17 23:40:47.100] [DEBUG] [P8724:T14672] [phase=frame_stage_notify] [hook=frame_stage_notify] [frame_stage] gloves end; knives begin
#12103 [2026-09-17 23:40:47.119] [DEBUG] [P8724:T14672] [phase=frame_stage_notify] [hook=frame_stage_notify] [frame_stage] knives end; world begin
#12104 [2026-09-17 23:40:47.137] [DEBUG] [P8724:T14672] [phase=frame_stage_notify] [hook=frame_stage_notify] [frame_stage] scene end; weather begin
#12105 [2026-09-17 23:40:47.156] [DEBUG] [P8724:T14672] [phase=frame_stage_notify] [hook=frame_stage_notify] [frame_stage] weather end; other begin
#12106 [2026-09-17 23:40:47.173] [DEBUG] [P8724:T14672] [phase=frame_stage_notify] [hook=frame_stage_notify] [frame_stage] other end; impacts begin
#12107 [2026-09-17 23:40:47.192] [DEBUG] [P8724:T14672] [phase=frame_stage_notify] [hook=frame_stage_notify] [frame_stage] impacts end
#12108 [2026-09-17 23:40:47.210] [DEBUG] [P8724:T14672] [phase=frame_stage_notify] [hook=frame_stage_notify] [frame_stage] original begin
#12109 [2026-09-17 23:40:47.228] [DEBUG] [P8724:T14672] [phase=frame_stage_notify] [hook=frame_stage_notify] [frame_stage] original end
#12110 [2026-09-17 23:40:47.247] [DEBUG] [P8724:T14672] [phase=frame_stage_notify] [hook=frame_stage_notify] [frame_stage] end stage=7
#12111 [2026-09-17 23:40:47.282] [DEBUG] [P8724:T14672] [phase=frame_stage_notify] [hook=frame_stage_notify] [frame_stage] begin stage=8 this=0x00007FF9971873C0
#12112 [2026-09-17 23:40:47.317] [DEBUG] [P8724:T14672] [phase=frame_stage_notify] [hook=frame_stage_notify] [frame_stage] original begin
#12113 [2026-09-17 23:40:47.336] [DEBUG] [P8724:T14672] [phase=frame_stage_notify] [hook=frame_stage_notify] [frame_stage] original end
#12114 [2026-09-17 23:40:47.355] [DEBUG] [P8724:T14672] [phase=frame_stage_notify] [hook=frame_stage_notify] [frame_stage] end stage=8
#12115 [2026-09-17 23:40:47.373] [DEBUG] [P8724:T14672] [phase=frame_stage_notify] [hook=frame_stage_notify] [frame_stage] begin stage=3 this=0x00007FF9971873C0
#12116 [2026-09-17 23:40:47.392] [DEBUG] [P8724:T14672] [phase=frame_stage_notify] [hook=frame_stage_notify] [frame_stage] original begin
#12117 [2026-09-17 23:40:47.409] [DEBUG] [P8724:T14672] [phase=frame_stage_notify] [hook=frame_stage_notify] [frame_stage] original end
#12118 [2026-09-17 23:40:47.428] [DEBUG] [P8724:T14672] [phase=frame_stage_notify] [hook=frame_stage_notify] [frame_stage] end stage=3
#12119 [2026-09-17 23:40:47.448] [DEBUG] [P8724:T14672] [phase=frame_stage_notify] [hook=frame_stage_notify] [frame_stage] begin stage=12 this=0x00007FF9971873C0
#12120 [2026-09-17 23:40:47.466] [DEBUG] [P8724:T14672] [phase=frame_stage_notify] [hook=frame_stage_notify] [frame_stage] original begin
#12121 [2026-09-17 23:40:47.484] [DEBUG] [P8724:T14672] [phase=frame_stage_notify] [hook=frame_stage_notify] [frame_stage] original end
#12122 [2026-09-17 23:40:47.502] [DEBUG] [P8724:T14672] [phase=frame_stage_notify] [hook=frame_stage_notify] [frame_stage] view/frame-data update begin
#12123 [2026-09-17 23:40:47.520] [DEBUG] [P8724:T14672] [phase=frame_stage_notify] [hook=frame_stage_notify] [frame_stage] view/frame-data update end
#12124 [2026-09-17 23:40:47.539] [DEBUG] [P8724:T14672] [phase=frame_stage_notify] [hook=frame_stage_notify] [frame_stage] end stage=12
#12125 [2026-09-17 23:40:47.563] [DEBUG] [P8724:T17744] [phase=present] [hook=present] [present] begin swap_chain=0x0000026A946CF720 sync=0 flags=0x200 ready=1
#12234 [2026-09-17 23:40:47.582] [DEBUG] [P8724:T17744] [phase=present] [hook=present] [present] rendering context updated
#12235 [2026-09-17 23:40:47.600] [DEBUG] [P8724:T17744] [phase=present] [hook=present] [present] forwarding to original
#12236 [2026-09-17 23:40:47.619] [DEBUG] [P8724:T14672] [phase=frame_stage_notify] [hook=frame_stage_notify] [frame_stage] begin stage=0 this=0x00007FF9971873C0
#12240 [2026-09-17 23:40:47.638] [DEBUG] [P8724:T14672] [phase=frame_stage_notify] [hook=frame_stage_notify] [frame_stage] original begin
#12241 [2026-09-17 23:40:47.657] [DEBUG] [P8724:T14672] [phase=frame_stage_notify] [hook=frame_stage_notify] [frame_stage] original end
#12242 [2026-09-17 23:40:47.675] [DEBUG] [P8724:T14672] [phase=frame_stage_notify] [hook=frame_stage_notify] [frame_stage] end stage=0
#12243 [2026-09-17 23:40:47.695] [DEBUG] [P8724:T14672] [phase=frame_stage_notify] [hook=frame_stage_notify] [frame_stage] begin stage=11 this=0x00007FF9971873C0
#12244 [2026-09-17 23:40:47.713] [DEBUG] [P8724:T14672] [phase=frame_stage_notify] [hook=frame_stage_notify] [frame_stage] original begin
#12245 [2026-09-17 23:40:47.732] [DEBUG] [P8724:T14672] [phase=frame_stage_notify] [hook=frame_stage_notify] [frame_stage] original end
#12246 [2026-09-17 23:40:47.750] [DEBUG] [P8724:T14672] [phase=frame_stage_notify] [hook=frame_stage_notify] [frame_stage] end stage=11
#12247 [2026-09-17 23:40:47.769] [DEBUG] [P8724:T14672] [phase=frame_stage_notify] [hook=frame_stage_notify] [frame_stage] begin stage=0 this=0x00007FF9971873C0
#12248 [2026-09-17 23:40:47.787] [DEBUG] [P8724:T14672] [phase=frame_stage_notify] [hook=frame_stage_notify] [frame_stage] original begin
#12249 [2026-09-17 23:40:47.806] [DEBUG] [P8724:T14672] [phase=frame_stage_notify] [hook=frame_stage_notify] [frame_stage] original end
#12250 [2026-09-17 23:40:47.824] [DEBUG] [P8724:T14672] [phase=frame_stage_notify] [hook=frame_stage_notify] [frame_stage] end stage=0
#12251 [2026-09-17 23:40:47.842] [DEBUG] [P8724:T14672] [phase=frame_stage_notify] [hook=frame_stage_notify] [frame_stage] begin stage=11 this=0x00007FF9971873C0
#12252 [2026-09-17 23:40:47.861] [DEBUG] [P8724:T14672] [phase=frame_stage_notify] [hook=frame_stage_notify] [frame_stage] original begin
#12253 [2026-09-17 23:40:47.879] [DEBUG] [P8724:T14672] [phase=frame_stage_notify] [hook=frame_stage_notify] [frame_stage] original end
#12254 [2026-09-17 23:40:47.898] [DEBUG] [P8724:T14672] [phase=frame_stage_notify] [hook=frame_stage_notify] [frame_stage] end stage=11
#12255 [2026-09-17 23:40:47.916] [DEBUG] [P8724:T14672] [phase=frame_stage_notify] [hook=frame_stage_notify] [frame_stage] begin stage=0 this=0x00007FF9971873C0
#12256 [2026-09-17 23:40:47.935] [DEBUG] [P8724:T14672] [phase=frame_stage_notify] [hook=frame_stage_notify] [frame_stage] original begin
#12257 [2026-09-17 23:40:47.953] [DEBUG] [P8724:T14672] [phase=frame_stage_notify] [hook=frame_stage_notify] [frame_stage] original end
#12258 [2026-09-17 23:40:47.971] [DEBUG] [P8724:T14672] [phase=frame_stage_notify] [hook=frame_stage_notify] [frame_stage] end stage=0
#12259 [2026-09-17 23:40:47.989] [DEBUG] [P8724:T14672] [phase=frame_stage_notify] [hook=frame_stage_notify] [frame_stage] begin stage=10 this=0x00007FF9971873C0
#12260 [2026-09-17 23:40:48.007] [DEBUG] [P8724:T14672] [phase=frame_stage_notify] [hook=frame_stage_notify] [frame_stage] original begin
#12261 [2026-09-17 23:40:48.026] [DEBUG] [P8724:T14672] [phase=frame_stage_notify] [hook=frame_stage_notify] [frame_stage] original end
#12262 [2026-09-17 23:40:48.044] [DEBUG] [P8724:T14672] [phase=frame_stage_notify] [hook=frame_stage_notify] [frame_stage] end stage=10
#12263 [2026-09-17 23:40:48.062] [DEBUG] [P8724:T14672] [phase=frame_stage_notify] [hook=frame_stage_notify] [frame_stage] begin stage=11 this=0x00007FF9971873C0
#12264 [2026-09-17 23:40:48.081] [DEBUG] [P8724:T14672] [phase=frame_stage_notify] [hook=frame_stage_notify] [frame_stage] original begin
#12265 [2026-09-17 23:40:48.099] [DEBUG] [P8724:T14672] [phase=frame_stage_notify] [hook=frame_stage_notify] [frame_stage] original end
#12266 [2026-09-17 23:40:48.117] [DEBUG] [P8724:T14672] [phase=frame_stage_notify] [hook=frame_stage_notify] [frame_stage] end stage=11
#12267 [2026-09-17 23:40:48.136] [DEBUG] [P8724:T14672] [phase=frame_stage_notify] [hook=frame_stage_notify] [frame_stage] begin stage=1 this=0x00007FF9971873C0
#12268 [2026-09-17 23:40:48.155] [DEBUG] [P8724:T14672] [phase=frame_stage_notify] [hook=frame_stage_notify] [frame_stage] original begin
#12269 [2026-09-17 23:40:48.174] [DEBUG] [P8724:T14672] [phase=frame_stage_notify] [hook=frame_stage_notify] [frame_stage] original end
#12270 [2026-09-17 23:40:48.192] [DEBUG] [P8724:T14672] [phase=frame_stage_notify] [hook=frame_stage_notify] [frame_stage] end stage=1
#12271 [2026-09-17 23:40:48.211] [DEBUG] [P8724:T14672] [phase=frame_stage_notify] [hook=frame_stage_notify] [frame_stage] begin stage=2 this=0x00007FF9971873C0
#12272 [2026-09-17 23:40:48.229] [DEBUG] [P8724:T14672] [phase=frame_stage_notify] [hook=frame_stage_notify] [frame_stage] original begin
#12273 [2026-09-17 23:40:48.248] [DEBUG] [P8724:T14672] [phase=frame_stage_notify] [hook=frame_stage_notify] [frame_stage] original end
#12274 [2026-09-17 23:40:48.267] [DEBUG] [P8724:T14672] [phase=frame_stage_notify] [hook=frame_stage_notify] [frame_stage] end stage=2
#12275 [2026-09-17 23:40:48.285] [DEBUG] [P8724:T14672] [phase=frame_stage_notify] [hook=frame_stage_notify] [frame_stage] begin stage=5 this=0x00007FF9971873C0
#12276 [2026-09-17 23:40:48.303] [DEBUG] [P8724:T14672] [phase=frame_stage_notify] [hook=frame_stage_notify] [frame_stage] original begin
#12277 [2026-09-17 23:40:48.321] [DEBUG] [P8724:T14672] [phase=frame_stage_notify] [hook=frame_stage_notify] [frame_stage] original end
#12278 [2026-09-17 23:40:48.340] [DEBUG] [P8724:T14672] [phase=frame_stage_notify] [hook=frame_stage_notify] [frame_stage] end stage=5
#12279 [2026-09-17 23:40:48.358] [DEBUG] [P8724:T14672] [phase=frame_stage_notify] [hook=frame_stage_notify] [frame_stage] begin stage=6 this=0x00007FF9971873C0
#12280 [2026-09-17 23:40:48.377] [DEBUG] [P8724:T14672] [phase=frame_stage_notify] [hook=frame_stage_notify] [frame_stage] guns begin
#12281 [2026-09-17 23:40:48.395] [DEBUG] [P8724:T14672] [phase=frame_stage_notify] [hook=frame_stage_notify] [frame_stage] guns end
#12282 [2026-09-17 23:40:48.413] [DEBUG] [P8724:T14672] [phase=frame_stage_notify] [hook=frame_stage_notify] [frame_stage] dlight begin
#12283 [2026-09-17 23:40:48.431] [DEBUG] [P8724:T14672] [phase=frame_stage_notify] [hook=frame_stage_notify] [frame_stage] dlight end
#12284 [2026-09-17 23:40:48.450] [DEBUG] [P8724:T14672] [phase=frame_stage_notify] [hook=frame_stage_notify] [frame_stage] original begin
#12285 [2026-09-17 23:40:48.468] [DEBUG] [P8724:T14672] [phase=frame_stage_notify] [hook=frame_stage_notify] [frame_stage] original end
#12286 [2026-09-17 23:40:48.487] [DEBUG] [P8724:T14672] [phase=frame_stage_notify] [hook=frame_stage_notify] [frame_stage] post-network feature updates begin
#12287 [2026-09-17 23:40:48.506] [DEBUG] [P8724:T14672] [phase=frame_stage_notify] [hook=frame_stage_notify] [frame_stage] post-network feature updates end
#12288 [2026-09-17 23:40:48.524] [DEBUG] [P8724:T14672] [phase=frame_stage_notify] [hook=frame_stage_notify] [frame_stage] end stage=6
#12289 [2026-09-17 23:40:48.542] [DEBUG] [P8724:T14672] [phase=frame_stage_notify] [hook=frame_stage_notify] [frame_stage] begin stage=7 this=0x00007FF9971873C0
#12290 [2026-09-17 23:40:48.560] [DEBUG] [P8724:T14672] [phase=frame_stage_notify] [hook=frame_stage_notify] [frame_stage] agents begin
#12291 [2026-09-17 23:40:48.579] [DEBUG] [P8724:T14672] [phase=frame_stage_notify] [hook=frame_stage_notify] [frame_stage] agents end; gloves begin
#12292 [2026-09-17 23:40:48.597] [DEBUG] [P8724:T14672] [phase=frame_stage_notify] [hook=frame_stage_notify] [frame_stage] gloves end; knives begin
#12293 [2026-09-17 23:40:48.615] [DEBUG] [P8724:T14672] [phase=frame_stage_notify] [hook=frame_stage_notify] [frame_stage] knives end; world begin
#12294 [2026-09-17 23:40:48.651] [DEBUG] [P8724:T14672] [phase=frame_stage_notify] [hook=frame_stage_notify] [frame_stage] scene end; weather begin
#12295 [2026-09-17 23:40:48.688] [DEBUG] [P8724:T14672] [phase=frame_stage_notify] [hook=frame_stage_notify] [frame_stage] weather end; other begin
#12296 [2026-09-17 23:40:48.707] [DEBUG] [P8724:T14672] [phase=frame_stage_notify] [hook=frame_stage_notify] [frame_stage] other end; impacts begin
#12297 [2026-09-17 23:40:48.725] [DEBUG] [P8724:T14672] [phase=frame_stage_notify] [hook=frame_stage_notify] [frame_stage] impacts end
#12298 [2026-09-17 23:40:48.743] [DEBUG] [P8724:T14672] [phase=frame_stage_notify] [hook=frame_stage_notify] [frame_stage] original begin
#12299 [2026-09-17 23:40:48.779] [DEBUG] [P8724:T14672] [phase=frame_stage_notify] [hook=frame_stage_notify] [frame_stage] original end
#12300 [2026-09-17 23:40:48.797] [DEBUG] [P8724:T14672] [phase=frame_stage_notify] [hook=frame_stage_notify] [frame_stage] end stage=7
#12301 [2026-09-17 23:40:48.815] [DEBUG] [P8724:T14672] [phase=frame_stage_notify] [hook=frame_stage_notify] [frame_stage] begin stage=8 this=0x00007FF9971873C0
#12302 [2026-09-17 23:40:48.833] [DEBUG] [P8724:T14672] [phase=frame_stage_notify] [hook=frame_stage_notify] [frame_stage] original begin
#12303 [2026-09-17 23:40:48.851] [DEBUG] [P8724:T14672] [phase=frame_stage_notify] [hook=frame_stage_notify] [frame_stage] original end
#12304 [2026-09-17 23:40:48.887] [DEBUG] [P8724:T14672] [phase=frame_stage_notify] [hook=frame_stage_notify] [frame_stage] end stage=8
#12305 [2026-09-17 23:40:48.905] [DEBUG] [P8724:T14672] [phase=frame_stage_notify] [hook=frame_stage_notify] [frame_stage] begin stage=3 this=0x00007FF9971873C0
#12306 [2026-09-17 23:40:48.923] [DEBUG] [P8724:T14672] [phase=frame_stage_notify] [hook=frame_stage_notify] [frame_stage] original begin
#12307 [2026-09-17 23:40:48.941] [DEBUG] [P8724:T14672] [phase=frame_stage_notify] [hook=frame_stage_notify] [frame_stage] original end
#12308 [2026-09-17 23:40:48.959] [DEBUG] [P8724:T14672] [phase=frame_stage_notify] [hook=frame_stage_notify] [frame_stage] end stage=3
#12309 [2026-09-17 23:40:48.978] [DEBUG] [P8724:T14672] [phase=frame_stage_notify] [hook=frame_stage_notify] [frame_stage] begin stage=12 this=0x00007FF9971873C0
#12310 [2026-09-17 23:40:48.997] [DEBUG] [P8724:T14672] [phase=frame_stage_notify] [hook=frame_stage_notify] [frame_stage] original begin
#12311 [2026-09-17 23:40:49.015] [DEBUG] [P8724:T14672] [phase=frame_stage_notify] [hook=frame_stage_notify] [frame_stage] original end
#12312 [2026-09-17 23:40:49.035] [DEBUG] [P8724:T14672] [phase=frame_stage_notify] [hook=frame_stage_notify] [frame_stage] view/frame-data update begin
#12313 [2026-09-17 23:40:49.053] [DEBUG] [P8724:T14672] [phase=frame_stage_notify] [hook=frame_stage_notify] [frame_stage] view/frame-data update end
#12314 [2026-09-17 23:40:49.071] [DEBUG] [P8724:T14672] [phase=frame_stage_notify] [hook=frame_stage_notify] [frame_stage] end stage=12
#12315 [2026-09-17 23:40:49.093] [DEBUG] [P8724:T17744] [phase=present] [hook=present] [present] begin swap_chain=0x0000026A946CF720 sync=0 flags=0x200 ready=1
#12424 [2026-09-17 23:40:49.112] [DEBUG] [P8724:T17744] [phase=present] [hook=present] [present] rendering context updated
#12425 [2026-09-17 23:40:49.130] [DEBUG] [P8724:T17744] [phase=present] [hook=present] [present] forwarding to original
#12426 [2026-09-17 23:40:49.150] [DEBUG] [P8724:T17744] [phase=present] [hook=present] [present] begin swap_chain=0x0000026A946CF720 sync=0 flags=0x200 ready=1
#12505 [2026-09-17 23:40:49.169] [DEBUG] [P8724:T17744] [phase=present] [hook=present] [present] rendering context updated
#12506 [2026-09-17 23:40:49.187] [DEBUG] [P8724:T17744] [phase=present] [hook=present] [present] forwarding to original
#12507 [2026-09-17 23:40:49.206] [DEBUG] [P8724:T14672] [phase=frame_stage_notify] [hook=frame_stage_notify] [frame_stage] begin stage=0 this=0x00007FF9971873C0
#12511 [2026-09-17 23:40:49.225] [DEBUG] [P8724:T14672] [phase=frame_stage_notify] [hook=frame_stage_notify] [frame_stage] original begin
#12512 [2026-09-17 23:40:49.244] [DEBUG] [P8724:T14672] [phase=frame_stage_notify] [hook=frame_stage_notify] [frame_stage] original end
#12513 [2026-09-17 23:40:49.262] [DEBUG] [P8724:T14672] [phase=frame_stage_notify] [hook=frame_stage_notify] [frame_stage] end stage=0
#12514 [2026-09-17 23:40:49.280] [DEBUG] [P8724:T14672] [phase=frame_stage_notify] [hook=frame_stage_notify] [frame_stage] begin stage=11 this=0x00007FF9971873C0
#12515 [2026-09-17 23:40:49.299] [DEBUG] [P8724:T14672] [phase=frame_stage_notify] [hook=frame_stage_notify] [frame_stage] original begin
#12516 [2026-09-17 23:40:49.317] [DEBUG] [P8724:T14672] [phase=frame_stage_notify] [hook=frame_stage_notify] [frame_stage] original end
#12517 [2026-09-17 23:40:49.335] [DEBUG] [P8724:T14672] [phase=frame_stage_notify] [hook=frame_stage_notify] [frame_stage] end stage=11
#12518 [2026-09-17 23:40:49.354] [DEBUG] [P8724:T14672] [phase=frame_stage_notify] [hook=frame_stage_notify] [frame_stage] begin stage=0 this=0x00007FF9971873C0
#12519 [2026-09-17 23:40:49.372] [DEBUG] [P8724:T14672] [phase=frame_stage_notify] [hook=frame_stage_notify] [frame_stage] original begin
#12520 [2026-09-17 23:40:49.390] [DEBUG] [P8724:T14672] [phase=frame_stage_notify] [hook=frame_stage_notify] [frame_stage] original end
#12521 [2026-09-17 23:40:49.408] [DEBUG] [P8724:T14672] [phase=frame_stage_notify] [hook=frame_stage_notify] [frame_stage] end stage=0
#12522 [2026-09-17 23:40:49.427] [DEBUG] [P8724:T14672] [phase=frame_stage_notify] [hook=frame_stage_notify] [frame_stage] begin stage=11 this=0x00007FF9971873C0
#12523 [2026-09-17 23:40:49.445] [DEBUG] [P8724:T14672] [phase=frame_stage_notify] [hook=frame_stage_notify] [frame_stage] original begin
#12524 [2026-09-17 23:40:49.464] [DEBUG] [P8724:T14672] [phase=frame_stage_notify] [hook=frame_stage_notify] [frame_stage] original end
#12525 [2026-09-17 23:40:49.482] [DEBUG] [P8724:T14672] [phase=frame_stage_notify] [hook=frame_stage_notify] [frame_stage] end stage=11
#12526 [2026-09-17 23:40:49.500] [DEBUG] [P8724:T14672] [phase=frame_stage_notify] [hook=frame_stage_notify] [frame_stage] begin stage=0 this=0x00007FF9971873C0
#12527 [2026-09-17 23:40:49.523] [DEBUG] [P8724:T14672] [phase=frame_stage_notify] [hook=frame_stage_notify] [frame_stage] original begin
#12528 [2026-09-17 23:40:49.542] [DEBUG] [P8724:T14672] [phase=frame_stage_notify] [hook=frame_stage_notify] [frame_stage] original end
#12529 [2026-09-17 23:40:49.560] [DEBUG] [P8724:T14672] [phase=frame_stage_notify] [hook=frame_stage_notify] [frame_stage] end stage=0
#12530 [2026-09-17 23:40:49.579] [DEBUG] [P8724:T14672] [phase=frame_stage_notify] [hook=frame_stage_notify] [frame_stage] begin stage=11 this=0x00007FF9971873C0
#12531 [2026-09-17 23:40:49.598] [DEBUG] [P8724:T14672] [phase=frame_stage_notify] [hook=frame_stage_notify] [frame_stage] original begin
#12532 [2026-09-17 23:40:49.616] [DEBUG] [P8724:T14672] [phase=frame_stage_notify] [hook=frame_stage_notify] [frame_stage] original end
#12533 [2026-09-17 23:40:49.634] [DEBUG] [P8724:T14672] [phase=frame_stage_notify] [hook=frame_stage_notify] [frame_stage] end stage=11
#12534 [2026-09-17 23:40:49.653] [DEBUG] [P8724:T14672] [phase=frame_stage_notify] [hook=frame_stage_notify] [frame_stage] begin stage=0 this=0x00007FF9971873C0
#12535 [2026-09-17 23:40:49.671] [DEBUG] [P8724:T14672] [phase=frame_stage_notify] [hook=frame_stage_notify] [frame_stage] original begin
#12536 [2026-09-17 23:40:49.690] [DEBUG] [P8724:T14672] [phase=frame_stage_notify] [hook=frame_stage_notify] [frame_stage] original end
#12537 [2026-09-17 23:40:49.708] [DEBUG] [P8724:T14672] [phase=frame_stage_notify] [hook=frame_stage_notify] [frame_stage] end stage=0
#12538 [2026-09-17 23:40:49.727] [DEBUG] [P8724:T14672] [phase=frame_stage_notify] [hook=frame_stage_notify] [frame_stage] begin stage=10 this=0x00007FF9971873C0
#12539 [2026-09-17 23:40:49.746] [DEBUG] [P8724:T14672] [phase=frame_stage_notify] [hook=frame_stage_notify] [frame_stage] original begin
#12540 [2026-09-17 23:40:49.764] [DEBUG] [P8724:T14672] [phase=frame_stage_notify] [hook=frame_stage_notify] [frame_stage] original end
#12541 [2026-09-17 23:40:49.782] [DEBUG] [P8724:T14672] [phase=frame_stage_notify] [hook=frame_stage_notify] [frame_stage] end stage=10
#12542 [2026-09-17 23:40:49.801] [DEBUG] [P8724:T14672] [phase=frame_stage_notify] [hook=frame_stage_notify] [frame_stage] begin stage=11 this=0x00007FF9971873C0
#12543 [2026-09-17 23:40:49.820] [DEBUG] [P8724:T14672] [phase=frame_stage_notify] [hook=frame_stage_notify] [frame_stage] original begin
#12544 [2026-09-17 23:40:49.838] [DEBUG] [P8724:T14672] [phase=frame_stage_notify] [hook=frame_stage_notify] [frame_stage] original end
#12545 [2026-09-17 23:40:49.857] [DEBUG] [P8724:T14672] [phase=frame_stage_notify] [hook=frame_stage_notify] [frame_stage] end stage=11
#12546 [2026-09-17 23:40:49.875] [DEBUG] [P8724:T14672] [phase=frame_stage_notify] [hook=frame_stage_notify] [frame_stage] begin stage=1 this=0x00007FF9971873C0
#12547 [2026-09-17 23:40:49.894] [DEBUG] [P8724:T14672] [phase=frame_stage_notify] [hook=frame_stage_notify] [frame_stage] original begin
#12548 [2026-09-17 23:40:49.913] [DEBUG] [P8724:T14672] [phase=frame_stage_notify] [hook=frame_stage_notify] [frame_stage] original end
#12549 [2026-09-17 23:40:49.931] [DEBUG] [P8724:T14672] [phase=frame_stage_notify] [hook=frame_stage_notify] [frame_stage] end stage=1
#12550 [2026-09-17 23:40:49.949] [DEBUG] [P8724:T14672] [phase=frame_stage_notify] [hook=frame_stage_notify] [frame_stage] begin stage=2 this=0x00007FF9971873C0
#12551 [2026-09-17 23:40:49.966] [DEBUG] [P8724:T14672] [phase=frame_stage_notify] [hook=frame_stage_notify] [frame_stage] original begin
#12552 [2026-09-17 23:40:49.985] [DEBUG] [P8724:T14672] [phase=frame_stage_notify] [hook=frame_stage_notify] [frame_stage] original end
#12553 [2026-09-17 23:40:50.003] [DEBUG] [P8724:T14672] [phase=frame_stage_notify] [hook=frame_stage_notify] [frame_stage] end stage=2
#12554 [2026-09-17 23:40:50.022] [DEBUG] [P8724:T14672] [phase=frame_stage_notify] [hook=frame_stage_notify] [frame_stage] begin stage=5 this=0x00007FF9971873C0
#12555 [2026-09-17 23:40:50.040] [DEBUG] [P8724:T14672] [phase=frame_stage_notify] [hook=frame_stage_notify] [frame_stage] original begin
#12556 [2026-09-17 23:40:50.059] [DEBUG] [P8724:T14672] [phase=frame_stage_notify] [hook=frame_stage_notify] [frame_stage] original end
#12557 [2026-09-17 23:40:50.077] [DEBUG] [P8724:T14672] [phase=frame_stage_notify] [hook=frame_stage_notify] [frame_stage] end stage=5
#12558 [2026-09-17 23:40:50.095] [DEBUG] [P8724:T14672] [phase=frame_stage_notify] [hook=frame_stage_notify] [frame_stage] begin stage=6 this=0x00007FF9971873C0
#12559 [2026-09-17 23:40:50.114] [DEBUG] [P8724:T14672] [phase=frame_stage_notify] [hook=frame_stage_notify] [frame_stage] guns begin
#12560 [2026-09-17 23:40:50.132] [DEBUG] [P8724:T14672] [phase=frame_stage_notify] [hook=frame_stage_notify] [frame_stage] guns end
#12561 [2026-09-17 23:40:50.150] [DEBUG] [P8724:T14672] [phase=frame_stage_notify] [hook=frame_stage_notify] [frame_stage] dlight begin
#12562 [2026-09-17 23:40:50.168] [DEBUG] [P8724:T14672] [phase=frame_stage_notify] [hook=frame_stage_notify] [frame_stage] dlight end
#12563 [2026-09-17 23:40:50.186] [DEBUG] [P8724:T14672] [phase=frame_stage_notify] [hook=frame_stage_notify] [frame_stage] original begin
#12564 [2026-09-17 23:40:50.204] [DEBUG] [P8724:T14672] [phase=frame_stage_notify] [hook=frame_stage_notify] [frame_stage] original end
#12565 [2026-09-17 23:40:50.224] [DEBUG] [P8724:T14672] [phase=frame_stage_notify] [hook=frame_stage_notify] [frame_stage] post-network feature updates begin
#12566 [2026-09-17 23:40:50.242] [DEBUG] [P8724:T14672] [phase=frame_stage_notify] [hook=frame_stage_notify] [frame_stage] post-network feature updates end
#12567 [2026-09-17 23:40:50.260] [DEBUG] [P8724:T14672] [phase=frame_stage_notify] [hook=frame_stage_notify] [frame_stage] end stage=6
#12568 [2026-09-17 23:40:50.278] [DEBUG] [P8724:T14672] [phase=frame_stage_notify] [hook=frame_stage_notify] [frame_stage] begin stage=7 this=0x00007FF9971873C0
#12569 [2026-09-17 23:40:50.296] [DEBUG] [P8724:T14672] [phase=frame_stage_notify] [hook=frame_stage_notify] [frame_stage] agents begin
#12570 [2026-09-17 23:40:50.314] [DEBUG] [P8724:T14672] [phase=frame_stage_notify] [hook=frame_stage_notify] [frame_stage] agents end; gloves begin
#12571 [2026-09-17 23:40:50.334] [DEBUG] [P8724:T14672] [phase=frame_stage_notify] [hook=frame_stage_notify] [frame_stage] gloves end; knives begin
#12572 [2026-09-17 23:40:50.352] [DEBUG] [P8724:T14672] [phase=frame_stage_notify] [hook=frame_stage_notify] [frame_stage] knives end; world begin
#12573 [2026-09-17 23:40:50.371] [DEBUG] [P8724:T14672] [phase=frame_stage_notify] [hook=frame_stage_notify] [frame_stage] scene end; weather begin
#12574 [2026-09-17 23:40:50.389] [DEBUG] [P8724:T14672] [phase=frame_stage_notify] [hook=frame_stage_notify] [frame_stage] weather end; other begin
#12575 [2026-09-17 23:40:50.406] [DEBUG] [P8724:T14672] [phase=frame_stage_notify] [hook=frame_stage_notify] [frame_stage] other end; impacts begin
#12576 [2026-09-17 23:40:50.425] [DEBUG] [P8724:T14672] [phase=frame_stage_notify] [hook=frame_stage_notify] [frame_stage] impacts end
#12577 [2026-09-17 23:40:50.444] [DEBUG] [P8724:T14672] [phase=frame_stage_notify] [hook=frame_stage_notify] [frame_stage] original begin
#12578 [2026-09-17 23:40:50.462] [DEBUG] [P8724:T14672] [phase=frame_stage_notify] [hook=frame_stage_notify] [frame_stage] original end
#12579 [2026-09-17 23:40:50.479] [DEBUG] [P8724:T14672] [phase=frame_stage_notify] [hook=frame_stage_notify] [frame_stage] end stage=7
#12580 [2026-09-17 23:40:50.498] [DEBUG] [P8724:T14672] [phase=frame_stage_notify] [hook=frame_stage_notify] [frame_stage] begin stage=8 this=0x00007FF9971873C0
#12581 [2026-09-17 23:40:50.515] [DEBUG] [P8724:T14672] [phase=frame_stage_notify] [hook=frame_stage_notify] [frame_stage] original begin
#12582 [2026-09-17 23:40:50.535] [DEBUG] [P8724:T14672] [phase=frame_stage_notify] [hook=frame_stage_notify] [frame_stage] original end
#12583 [2026-09-17 23:40:50.553] [DEBUG] [P8724:T14672] [phase=frame_stage_notify] [hook=frame_stage_notify] [frame_stage] end stage=8
#12584 [2026-09-17 23:40:50.571] [DEBUG] [P8724:T14672] [phase=frame_stage_notify] [hook=frame_stage_notify] [frame_stage] begin stage=3 this=0x00007FF9971873C0
#12585 [2026-09-17 23:40:50.589] [DEBUG] [P8724:T14672] [phase=frame_stage_notify] [hook=frame_stage_notify] [frame_stage] original begin
#12586 [2026-09-17 23:40:50.607] [DEBUG] [P8724:T14672] [phase=frame_stage_notify] [hook=frame_stage_notify] [frame_stage] original end
#12587 [2026-09-17 23:40:50.625] [DEBUG] [P8724:T14672] [phase=frame_stage_notify] [hook=frame_stage_notify] [frame_stage] end stage=3
#12588 [2026-09-17 23:40:50.644] [DEBUG] [P8724:T14672] [phase=frame_stage_notify] [hook=frame_stage_notify] [frame_stage] begin stage=12 this=0x00007FF9971873C0
#12589 [2026-09-17 23:40:50.662] [DEBUG] [P8724:T14672] [phase=frame_stage_notify] [hook=frame_stage_notify] [frame_stage] original begin
#12590 [2026-09-17 23:40:50.680] [DEBUG] [P8724:T14672] [phase=frame_stage_notify] [hook=frame_stage_notify] [frame_stage] original end
#12591 [2026-09-17 23:40:50.698] [DEBUG] [P8724:T14672] [phase=frame_stage_notify] [hook=frame_stage_notify] [frame_stage] view/frame-data update begin
#12592 [2026-09-17 23:40:50.716] [DEBUG] [P8724:T14672] [phase=frame_stage_notify] [hook=frame_stage_notify] [frame_stage] view/frame-data update end
#12593 [2026-09-17 23:40:50.734] [DEBUG] [P8724:T14672] [phase=frame_stage_notify] [hook=frame_stage_notify] [frame_stage] end stage=12
#12594 [2026-09-17 23:40:50.756] [DEBUG] [P8724:T17744] [phase=present] [hook=present] [present] begin swap_chain=0x0000026A946CF720 sync=0 flags=0x200 ready=1
#12695 [2026-09-17 23:40:50.774] [DEBUG] [P8724:T17744] [phase=present] [hook=present] [present] rendering context updated
#12696 [2026-09-17 23:40:50.793] [DEBUG] [P8724:T17744] [phase=present] [hook=present] [present] forwarding to original
#12697 [2026-09-17 23:40:50.812] [DEBUG] [P8724:T14672] [phase=frame_stage_notify] [hook=frame_stage_notify] [frame_stage] begin stage=0 this=0x00007FF9971873C0
#12701 [2026-09-17 23:40:50.831] [DEBUG] [P8724:T14672] [phase=frame_stage_notify] [hook=frame_stage_notify] [frame_stage] original begin
#12702 [2026-09-17 23:40:50.849] [DEBUG] [P8724:T14672] [phase=frame_stage_notify] [hook=frame_stage_notify] [frame_stage] original end
#12703 [2026-09-17 23:40:50.868] [DEBUG] [P8724:T14672] [phase=frame_stage_notify] [hook=frame_stage_notify] [frame_stage] end stage=0
#12704 [2026-09-17 23:40:50.887] [DEBUG] [P8724:T14672] [phase=frame_stage_notify] [hook=frame_stage_notify] [frame_stage] begin stage=11 this=0x00007FF9971873C0
#12705 [2026-09-17 23:40:50.905] [DEBUG] [P8724:T14672] [phase=frame_stage_notify] [hook=frame_stage_notify] [frame_stage] original begin
#12706 [2026-09-17 23:40:50.923] [DEBUG] [P8724:T14672] [phase=frame_stage_notify] [hook=frame_stage_notify] [frame_stage] original end
#12707 [2026-09-17 23:40:50.941] [DEBUG] [P8724:T14672] [phase=frame_stage_notify] [hook=frame_stage_notify] [frame_stage] end stage=11
#12708 [2026-09-17 23:40:50.962] [DEBUG] [P8724:T14672] [phase=frame_stage_notify] [hook=frame_stage_notify] [frame_stage] begin stage=0 this=0x00007FF9971873C0
#12709 [2026-09-17 23:40:50.982] [DEBUG] [P8724:T14672] [phase=frame_stage_notify] [hook=frame_stage_notify] [frame_stage] original begin
#12710 [2026-09-17 23:40:51.000] [DEBUG] [P8724:T14672] [phase=frame_stage_notify] [hook=frame_stage_notify] [frame_stage] original end
#12711 [2026-09-17 23:40:51.018] [DEBUG] [P8724:T14672] [phase=frame_stage_notify] [hook=frame_stage_notify] [frame_stage] end stage=0
#12712 [2026-09-17 23:40:51.036] [DEBUG] [P8724:T14672] [phase=frame_stage_notify] [hook=frame_stage_notify] [frame_stage] begin stage=11 this=0x00007FF9971873C0
#12713 [2026-09-17 23:40:51.055] [DEBUG] [P8724:T14672] [phase=frame_stage_notify] [hook=frame_stage_notify] [frame_stage] original begin
#12714 [2026-09-17 23:40:51.073] [DEBUG] [P8724:T14672] [phase=frame_stage_notify] [hook=frame_stage_notify] [frame_stage] original end
#12715 [2026-09-17 23:40:51.091] [DEBUG] [P8724:T14672] [phase=frame_stage_notify] [hook=frame_stage_notify] [frame_stage] end stage=11
#12716 [2026-09-17 23:40:51.109] [DEBUG] [P8724:T14672] [phase=frame_stage_notify] [hook=frame_stage_notify] [frame_stage] begin stage=0 this=0x00007FF9971873C0
#12717 [2026-09-17 23:40:51.128] [DEBUG] [P8724:T14672] [phase=frame_stage_notify] [hook=frame_stage_notify] [frame_stage] original begin
#12718 [2026-09-17 23:40:51.146] [DEBUG] [P8724:T14672] [phase=frame_stage_notify] [hook=frame_stage_notify] [frame_stage] original end
#12719 [2026-09-17 23:40:51.164] [DEBUG] [P8724:T14672] [phase=frame_stage_notify] [hook=frame_stage_notify] [frame_stage] end stage=0
#12720 [2026-09-17 23:40:51.183] [DEBUG] [P8724:T14672] [phase=frame_stage_notify] [hook=frame_stage_notify] [frame_stage] begin stage=11 this=0x00007FF9971873C0
#12721 [2026-09-17 23:40:51.201] [DEBUG] [P8724:T14672] [phase=frame_stage_notify] [hook=frame_stage_notify] [frame_stage] original begin
#12722 [2026-09-17 23:40:51.220] [DEBUG] [P8724:T14672] [phase=frame_stage_notify] [hook=frame_stage_notify] [frame_stage] original end
#12723 [2026-09-17 23:40:51.238] [DEBUG] [P8724:T14672] [phase=frame_stage_notify] [hook=frame_stage_notify] [frame_stage] end stage=11
#12724 [2026-09-17 23:40:51.257] [DEBUG] [P8724:T14672] [phase=frame_stage_notify] [hook=frame_stage_notify] [frame_stage] begin stage=0 this=0x00007FF9971873C0
#12725 [2026-09-17 23:40:51.275] [DEBUG] [P8724:T14672] [phase=frame_stage_notify] [hook=frame_stage_notify] [frame_stage] original begin
#12726 [2026-09-17 23:40:51.293] [DEBUG] [P8724:T14672] [phase=frame_stage_notify] [hook=frame_stage_notify] [frame_stage] original end
#12727 [2026-09-17 23:40:51.312] [DEBUG] [P8724:T14672] [phase=frame_stage_notify] [hook=frame_stage_notify] [frame_stage] end stage=0
#12728 [2026-09-17 23:40:51.330] [DEBUG] [P8724:T14672] [phase=frame_stage_notify] [hook=frame_stage_notify] [frame_stage] begin stage=10 this=0x00007FF9971873C0
#12729 [2026-09-17 23:40:51.349] [DEBUG] [P8724:T14672] [phase=frame_stage_notify] [hook=frame_stage_notify] [frame_stage] original begin
#12730 [2026-09-17 23:40:51.367] [DEBUG] [P8724:T14672] [phase=frame_stage_notify] [hook=frame_stage_notify] [frame_stage] original end
#12731 [2026-09-17 23:40:51.385] [DEBUG] [P8724:T14672] [phase=frame_stage_notify] [hook=frame_stage_notify] [frame_stage] end stage=10
#12732 [2026-09-17 23:40:51.403] [DEBUG] [P8724:T14672] [phase=frame_stage_notify] [hook=frame_stage_notify] [frame_stage] begin stage=11 this=0x00007FF9971873C0
#12733 [2026-09-17 23:40:51.422] [DEBUG] [P8724:T14672] [phase=frame_stage_notify] [hook=frame_stage_notify] [frame_stage] original begin
#12734 [2026-09-17 23:40:51.441] [DEBUG] [P8724:T14672] [phase=frame_stage_notify] [hook=frame_stage_notify] [frame_stage] original end
#12735 [2026-09-17 23:40:51.460] [DEBUG] [P8724:T14672] [phase=frame_stage_notify] [hook=frame_stage_notify] [frame_stage] end stage=11
#12736 [2026-09-17 23:40:51.478] [DEBUG] [P8724:T14672] [phase=frame_stage_notify] [hook=frame_stage_notify] [frame_stage] begin stage=1 this=0x00007FF9971873C0
#12737 [2026-09-17 23:40:51.496] [DEBUG] [P8724:T14672] [phase=frame_stage_notify] [hook=frame_stage_notify] [frame_stage] original begin
#12738 [2026-09-17 23:40:51.514] [DEBUG] [P8724:T14672] [phase=frame_stage_notify] [hook=frame_stage_notify] [frame_stage] original end
#12739 [2026-09-17 23:40:51.533] [DEBUG] [P8724:T14672] [phase=frame_stage_notify] [hook=frame_stage_notify] [frame_stage] end stage=1
#12740 [2026-09-17 23:40:51.551] [DEBUG] [P8724:T14672] [phase=frame_stage_notify] [hook=frame_stage_notify] [frame_stage] begin stage=2 this=0x00007FF9971873C0
#12741 [2026-09-17 23:40:51.569] [DEBUG] [P8724:T14672] [phase=frame_stage_notify] [hook=frame_stage_notify] [frame_stage] original begin
#12742 [2026-09-17 23:40:51.587] [DEBUG] [P8724:T14672] [phase=frame_stage_notify] [hook=frame_stage_notify] [frame_stage] original end
#12743 [2026-09-17 23:40:51.605] [DEBUG] [P8724:T14672] [phase=frame_stage_notify] [hook=frame_stage_notify] [frame_stage] end stage=2
#12744 [2026-09-17 23:40:51.641] [DEBUG] [P8724:T14672] [phase=frame_stage_notify] [hook=frame_stage_notify] [frame_stage] begin stage=5 this=0x00007FF9971873C0
#12745 [2026-09-17 23:40:51.659] [DEBUG] [P8724:T14672] [phase=frame_stage_notify] [hook=frame_stage_notify] [frame_stage] original begin
#12746 [2026-09-17 23:40:51.677] [DEBUG] [P8724:T14672] [phase=frame_stage_notify] [hook=frame_stage_notify] [frame_stage] original end
#12747 [2026-09-17 23:40:51.695] [DEBUG] [P8724:T14672] [phase=frame_stage_notify] [hook=frame_stage_notify] [frame_stage] end stage=5
#12748 [2026-09-17 23:40:51.713] [DEBUG] [P8724:T14672] [phase=frame_stage_notify] [hook=frame_stage_notify] [frame_stage] begin stage=6 this=0x00007FF9971873C0
#12749 [2026-09-17 23:40:51.731] [DEBUG] [P8724:T14672] [phase=frame_stage_notify] [hook=frame_stage_notify] [frame_stage] guns begin
#12750 [2026-09-17 23:40:51.749] [DEBUG] [P8724:T14672] [phase=frame_stage_notify] [hook=frame_stage_notify] [frame_stage] guns end
#12751 [2026-09-17 23:40:51.769] [DEBUG] [P8724:T14672] [phase=frame_stage_notify] [hook=frame_stage_notify] [frame_stage] dlight begin
#12752 [2026-09-17 23:40:51.787] [DEBUG] [P8724:T14672] [phase=frame_stage_notify] [hook=frame_stage_notify] [frame_stage] dlight end
#12753 [2026-09-17 23:40:51.805] [DEBUG] [P8724:T14672] [phase=frame_stage_notify] [hook=frame_stage_notify] [frame_stage] original begin
#12754 [2026-09-17 23:40:51.840] [DEBUG] [P8724:T14672] [phase=frame_stage_notify] [hook=frame_stage_notify] [frame_stage] original end
#12755 [2026-09-17 23:40:51.878] [DEBUG] [P8724:T14672] [phase=frame_stage_notify] [hook=frame_stage_notify] [frame_stage] post-network feature updates begin
#12756 [2026-09-17 23:40:51.902] [DEBUG] [P8724:T14672] [phase=frame_stage_notify] [hook=frame_stage_notify] [frame_stage] post-network feature updates end
#12757 [2026-09-17 23:40:51.920] [DEBUG] [P8724:T14672] [phase=frame_stage_notify] [hook=frame_stage_notify] [frame_stage] end stage=6
#12758 [2026-09-17 23:40:51.938] [DEBUG] [P8724:T14672] [phase=frame_stage_notify] [hook=frame_stage_notify] [frame_stage] begin stage=7 this=0x00007FF9971873C0
#12759 [2026-09-17 23:40:51.956] [DEBUG] [P8724:T14672] [phase=frame_stage_notify] [hook=frame_stage_notify] [frame_stage] agents begin
#12760 [2026-09-17 23:40:51.974] [DEBUG] [P8724:T14672] [phase=frame_stage_notify] [hook=frame_stage_notify] [frame_stage] agents end; gloves begin
#12761 [2026-09-17 23:40:51.992] [DEBUG] [P8724:T14672] [phase=frame_stage_notify] [hook=frame_stage_notify] [frame_stage] gloves end; knives begin
#12762 [2026-09-17 23:40:52.011] [DEBUG] [P8724:T14672] [phase=frame_stage_notify] [hook=frame_stage_notify] [frame_stage] knives end; world begin
#12763 [2026-09-17 23:40:52.029] [DEBUG] [P8724:T14672] [phase=frame_stage_notify] [hook=frame_stage_notify] [frame_stage] scene end; weather begin
#12764 [2026-09-17 23:40:52.047] [DEBUG] [P8724:T14672] [phase=frame_stage_notify] [hook=frame_stage_notify] [frame_stage] weather end; other begin
#12765 [2026-09-17 23:40:52.065] [DEBUG] [P8724:T14672] [phase=frame_stage_notify] [hook=frame_stage_notify] [frame_stage] other end; impacts begin
#12766 [2026-09-17 23:40:52.083] [DEBUG] [P8724:T14672] [phase=frame_stage_notify] [hook=frame_stage_notify] [frame_stage] impacts end
#12767 [2026-09-17 23:40:52.102] [DEBUG] [P8724:T14672] [phase=frame_stage_notify] [hook=frame_stage_notify] [frame_stage] original begin
#12768 [2026-09-17 23:40:52.121] [DEBUG] [P8724:T14672] [phase=frame_stage_notify] [hook=frame_stage_notify] [frame_stage] original end
#12769 [2026-09-17 23:40:52.139] [DEBUG] [P8724:T14672] [phase=frame_stage_notify] [hook=frame_stage_notify] [frame_stage] end stage=7
#12770 [2026-09-17 23:40:52.157] [DEBUG] [P8724:T14672] [phase=frame_stage_notify] [hook=frame_stage_notify] [frame_stage] begin stage=8 this=0x00007FF9971873C0
#12771 [2026-09-17 23:40:52.175] [DEBUG] [P8724:T14672] [phase=frame_stage_notify] [hook=frame_stage_notify] [frame_stage] original begin
#12772 [2026-09-17 23:40:52.193] [DEBUG] [P8724:T14672] [phase=frame_stage_notify] [hook=frame_stage_notify] [frame_stage] original end
#12773 [2026-09-17 23:40:52.212] [DEBUG] [P8724:T14672] [phase=frame_stage_notify] [hook=frame_stage_notify] [frame_stage] end stage=8
#12774 [2026-09-17 23:40:52.230] [DEBUG] [P8724:T14672] [phase=frame_stage_notify] [hook=frame_stage_notify] [frame_stage] begin stage=3 this=0x00007FF9971873C0
#12775 [2026-09-17 23:40:52.248] [DEBUG] [P8724:T14672] [phase=frame_stage_notify] [hook=frame_stage_notify] [frame_stage] original begin
#12776 [2026-09-17 23:40:52.267] [DEBUG] [P8724:T14672] [phase=frame_stage_notify] [hook=frame_stage_notify] [frame_stage] original end
#12777 [2026-09-17 23:40:52.285] [DEBUG] [P8724:T14672] [phase=frame_stage_notify] [hook=frame_stage_notify] [frame_stage] end stage=3
#12778 [2026-09-17 23:40:52.304] [DEBUG] [P8724:T14672] [phase=frame_stage_notify] [hook=frame_stage_notify] [frame_stage] begin stage=12 this=0x00007FF9971873C0
#12779 [2026-09-17 23:40:52.321] [DEBUG] [P8724:T14672] [phase=frame_stage_notify] [hook=frame_stage_notify] [frame_stage] original begin
#12780 [2026-09-17 23:40:52.340] [DEBUG] [P8724:T14672] [phase=frame_stage_notify] [hook=frame_stage_notify] [frame_stage] original end
#12781 [2026-09-17 23:40:52.358] [DEBUG] [P8724:T14672] [phase=frame_stage_notify] [hook=frame_stage_notify] [frame_stage] view/frame-data update begin
#12782 [2026-09-17 23:40:52.376] [DEBUG] [P8724:T14672] [phase=frame_stage_notify] [hook=frame_stage_notify] [frame_stage] view/frame-data update end
#12783 [2026-09-17 23:40:52.395] [DEBUG] [P8724:T14672] [phase=frame_stage_notify] [hook=frame_stage_notify] [frame_stage] end stage=12
#12784 [2026-09-17 23:40:52.416] [DEBUG] [P8724:T17744] [phase=present] [hook=present] [present] begin swap_chain=0x0000026A946CF720 sync=0 flags=0x200 ready=1
#12885 [2026-09-17 23:40:52.435] [DEBUG] [P8724:T17744] [phase=present] [hook=present] [present] rendering context updated
#12886 [2026-09-17 23:40:52.454] [DEBUG] [P8724:T17744] [phase=present] [hook=present] [present] forwarding to original
#12887 [2026-09-17 23:40:52.474] [DEBUG] [P8724:T17744] [phase=present] [hook=present] [present] begin swap_chain=0x0000026A946CF720 sync=0 flags=0x200 ready=1
#12972 [2026-09-17 23:40:52.493] [DEBUG] [P8724:T17744] [phase=present] [hook=present] [present] rendering context updated
#12973 [2026-09-17 23:40:52.512] [DEBUG] [P8724:T17744] [phase=present] [hook=present] [present] forwarding to original
#12974 [2026-09-17 23:40:52.532] [DEBUG] [P8724:T14672] [phase=frame_stage_notify] [hook=frame_stage_notify] [frame_stage] begin stage=0 this=0x00007FF9971873C0
#12978 [2026-09-17 23:40:52.550] [DEBUG] [P8724:T14672] [phase=frame_stage_notify] [hook=frame_stage_notify] [frame_stage] original begin
#12979 [2026-09-17 23:40:52.568] [DEBUG] [P8724:T14672] [phase=frame_stage_notify] [hook=frame_stage_notify] [frame_stage] original end
#12980 [2026-09-17 23:40:52.587] [DEBUG] [P8724:T14672] [phase=frame_stage_notify] [hook=frame_stage_notify] [frame_stage] end stage=0
#12981 [2026-09-17 23:40:52.605] [DEBUG] [P8724:T14672] [phase=frame_stage_notify] [hook=frame_stage_notify] [frame_stage] begin stage=11 this=0x00007FF9971873C0
#12982 [2026-09-17 23:40:52.624] [DEBUG] [P8724:T14672] [phase=frame_stage_notify] [hook=frame_stage_notify] [frame_stage] original begin
#12983 [2026-09-17 23:40:52.644] [DEBUG] [P8724:T14672] [phase=frame_stage_notify] [hook=frame_stage_notify] [frame_stage] original end
#12984 [2026-09-17 23:40:52.663] [DEBUG] [P8724:T14672] [phase=frame_stage_notify] [hook=frame_stage_notify] [frame_stage] end stage=11
#12985 [2026-09-17 23:40:52.681] [DEBUG] [P8724:T14672] [phase=frame_stage_notify] [hook=frame_stage_notify] [frame_stage] begin stage=0 this=0x00007FF9971873C0
#12986 [2026-09-17 23:40:52.698] [DEBUG] [P8724:T14672] [phase=frame_stage_notify] [hook=frame_stage_notify] [frame_stage] original begin
#12987 [2026-09-17 23:40:52.734] [DEBUG] [P8724:T14672] [phase=frame_stage_notify] [hook=frame_stage_notify] [frame_stage] original end
#12988 [2026-09-17 23:40:52.770] [DEBUG] [P8724:T14672] [phase=frame_stage_notify] [hook=frame_stage_notify] [frame_stage] end stage=0
#12989 [2026-09-17 23:40:52.806] [DEBUG] [P8724:T14672] [phase=frame_stage_notify] [hook=frame_stage_notify] [frame_stage] begin stage=11 this=0x00007FF9971873C0
#12990 [2026-09-17 23:40:52.842] [DEBUG] [P8724:T14672] [phase=frame_stage_notify] [hook=frame_stage_notify] [frame_stage] original begin
#12991 [2026-09-17 23:40:52.862] [DEBUG] [P8724:T14672] [phase=frame_stage_notify] [hook=frame_stage_notify] [frame_stage] original end
#12992 [2026-09-17 23:40:52.880] [DEBUG] [P8724:T14672] [phase=frame_stage_notify] [hook=frame_stage_notify] [frame_stage] end stage=11
#12993 [2026-09-17 23:40:52.899] [DEBUG] [P8724:T14672] [phase=frame_stage_notify] [hook=frame_stage_notify] [frame_stage] begin stage=0 this=0x00007FF9971873C0
#12994 [2026-09-17 23:40:52.917] [DEBUG] [P8724:T14672] [phase=frame_stage_notify] [hook=frame_stage_notify] [frame_stage] original begin
#12995 [2026-09-17 23:40:52.935] [DEBUG] [P8724:T14672] [phase=frame_stage_notify] [hook=frame_stage_notify] [frame_stage] original end
#12996 [2026-09-17 23:40:52.953] [DEBUG] [P8724:T14672] [phase=frame_stage_notify] [hook=frame_stage_notify] [frame_stage] end stage=0
#12997 [2026-09-17 23:40:52.972] [DEBUG] [P8724:T14672] [phase=frame_stage_notify] [hook=frame_stage_notify] [frame_stage] begin stage=11 this=0x00007FF9971873C0
#12998 [2026-09-17 23:40:52.990] [DEBUG] [P8724:T14672] [phase=frame_stage_notify] [hook=frame_stage_notify] [frame_stage] original begin
#12999 [2026-09-17 23:40:53.008] [DEBUG] [P8724:T14672] [phase=frame_stage_notify] [hook=frame_stage_notify] [frame_stage] original end
#13000 [2026-09-17 23:40:53.027] [DEBUG] [P8724:T14672] [phase=frame_stage_notify] [hook=frame_stage_notify] [frame_stage] end stage=11
#13001 [2026-09-17 23:40:53.046] [DEBUG] [P8724:T14672] [phase=frame_stage_notify] [hook=frame_stage_notify] [frame_stage] begin stage=0 this=0x00007FF9971873C0
#13002 [2026-09-17 23:40:53.063] [DEBUG] [P8724:T14672] [phase=frame_stage_notify] [hook=frame_stage_notify] [frame_stage] original begin
#13003 [2026-09-17 23:40:53.083] [DEBUG] [P8724:T14672] [phase=frame_stage_notify] [hook=frame_stage_notify] [frame_stage] original end
#13004 [2026-09-17 23:40:53.101] [DEBUG] [P8724:T14672] [phase=frame_stage_notify] [hook=frame_stage_notify] [frame_stage] end stage=0
#13005 [2026-09-17 23:40:53.119] [DEBUG] [P8724:T14672] [phase=frame_stage_notify] [hook=frame_stage_notify] [frame_stage] begin stage=10 this=0x00007FF9971873C0
#13006 [2026-09-17 23:40:53.138] [DEBUG] [P8724:T14672] [phase=frame_stage_notify] [hook=frame_stage_notify] [frame_stage] original begin
#13007 [2026-09-17 23:40:53.156] [DEBUG] [P8724:T14672] [phase=frame_stage_notify] [hook=frame_stage_notify] [frame_stage] original end
#13008 [2026-09-17 23:40:53.175] [DEBUG] [P8724:T14672] [phase=frame_stage_notify] [hook=frame_stage_notify] [frame_stage] end stage=10
#13009 [2026-09-17 23:40:53.193] [DEBUG] [P8724:T14672] [phase=frame_stage_notify] [hook=frame_stage_notify] [frame_stage] begin stage=11 this=0x00007FF9971873C0
#13010 [2026-09-17 23:40:53.212] [DEBUG] [P8724:T14672] [phase=frame_stage_notify] [hook=frame_stage_notify] [frame_stage] original begin
#13011 [2026-09-17 23:40:53.230] [DEBUG] [P8724:T14672] [phase=frame_stage_notify] [hook=frame_stage_notify] [frame_stage] original end
#13012 [2026-09-17 23:40:53.248] [DEBUG] [P8724:T14672] [phase=frame_stage_notify] [hook=frame_stage_notify] [frame_stage] end stage=11
#13013 [2026-09-17 23:40:53.266] [DEBUG] [P8724:T14672] [phase=frame_stage_notify] [hook=frame_stage_notify] [frame_stage] begin stage=1 this=0x00007FF9971873C0
#13014 [2026-09-17 23:40:53.284] [DEBUG] [P8724:T14672] [phase=frame_stage_notify] [hook=frame_stage_notify] [frame_stage] original begin
#13015 [2026-09-17 23:40:53.302] [DEBUG] [P8724:T14672] [phase=frame_stage_notify] [hook=frame_stage_notify] [frame_stage] original end
#13016 [2026-09-17 23:40:53.321] [DEBUG] [P8724:T14672] [phase=frame_stage_notify] [hook=frame_stage_notify] [frame_stage] end stage=1
#13017 [2026-09-17 23:40:53.339] [DEBUG] [P8724:T14672] [phase=frame_stage_notify] [hook=frame_stage_notify] [frame_stage] begin stage=2 this=0x00007FF9971873C0
#13018 [2026-09-17 23:40:53.357] [DEBUG] [P8724:T14672] [phase=frame_stage_notify] [hook=frame_stage_notify] [frame_stage] original begin
#13019 [2026-09-17 23:40:53.375] [DEBUG] [P8724:T14672] [phase=frame_stage_notify] [hook=frame_stage_notify] [frame_stage] original end
#13020 [2026-09-17 23:40:53.393] [DEBUG] [P8724:T14672] [phase=frame_stage_notify] [hook=frame_stage_notify] [frame_stage] end stage=2
#13021 [2026-09-17 23:40:53.412] [DEBUG] [P8724:T14672] [phase=frame_stage_notify] [hook=frame_stage_notify] [frame_stage] begin stage=5 this=0x00007FF9971873C0
#13022 [2026-09-17 23:40:53.430] [DEBUG] [P8724:T14672] [phase=frame_stage_notify] [hook=frame_stage_notify] [frame_stage] original begin
#13023 [2026-09-17 23:40:53.448] [DEBUG] [P8724:T14672] [phase=frame_stage_notify] [hook=frame_stage_notify] [frame_stage] original end
#13024 [2026-09-17 23:40:53.467] [DEBUG] [P8724:T14672] [phase=frame_stage_notify] [hook=frame_stage_notify] [frame_stage] end stage=5
#13025 [2026-09-17 23:40:53.486] [DEBUG] [P8724:T14672] [phase=frame_stage_notify] [hook=frame_stage_notify] [frame_stage] begin stage=6 this=0x00007FF9971873C0
#13026 [2026-09-17 23:40:53.502] [DEBUG] [P8724:T14672] [phase=frame_stage_notify] [hook=frame_stage_notify] [frame_stage] guns begin
#13027 [2026-09-17 23:40:53.521] [DEBUG] [P8724:T14672] [phase=frame_stage_notify] [hook=frame_stage_notify] [frame_stage] guns end
#13028 [2026-09-17 23:40:53.540] [DEBUG] [P8724:T14672] [phase=frame_stage_notify] [hook=frame_stage_notify] [frame_stage] dlight begin
#13029 [2026-09-17 23:40:53.559] [DEBUG] [P8724:T14672] [phase=frame_stage_notify] [hook=frame_stage_notify] [frame_stage] dlight end
#13030 [2026-09-17 23:40:53.576] [DEBUG] [P8724:T14672] [phase=frame_stage_notify] [hook=frame_stage_notify] [frame_stage] original begin
#13031 [2026-09-17 23:40:53.595] [DEBUG] [P8724:T14672] [phase=frame_stage_notify] [hook=frame_stage_notify] [frame_stage] original end
#13032 [2026-09-17 23:40:53.613] [DEBUG] [P8724:T14672] [phase=frame_stage_notify] [hook=frame_stage_notify] [frame_stage] post-network feature updates begin
#13033 [2026-09-17 23:40:53.632] [DEBUG] [P8724:T14672] [phase=frame_stage_notify] [hook=frame_stage_notify] [frame_stage] post-network feature updates end
#13034 [2026-09-17 23:40:53.650] [DEBUG] [P8724:T14672] [phase=frame_stage_notify] [hook=frame_stage_notify] [frame_stage] end stage=6
#13035 [2026-09-17 23:40:53.669] [DEBUG] [P8724:T14672] [phase=frame_stage_notify] [hook=frame_stage_notify] [frame_stage] begin stage=7 this=0x00007FF9971873C0
#13036 [2026-09-17 23:40:53.686] [DEBUG] [P8724:T14672] [phase=frame_stage_notify] [hook=frame_stage_notify] [frame_stage] agents begin
#13037 [2026-09-17 23:40:53.704] [DEBUG] [P8724:T14672] [phase=frame_stage_notify] [hook=frame_stage_notify] [frame_stage] agents end; gloves begin
#13038 [2026-09-17 23:40:53.723] [DEBUG] [P8724:T14672] [phase=frame_stage_notify] [hook=frame_stage_notify] [frame_stage] gloves end; knives begin
#13039 [2026-09-17 23:40:53.741] [DEBUG] [P8724:T14672] [phase=frame_stage_notify] [hook=frame_stage_notify] [frame_stage] knives end; world begin
#13040 [2026-09-17 23:40:53.760] [DEBUG] [P8724:T14672] [phase=frame_stage_notify] [hook=frame_stage_notify] [frame_stage] scene end; weather begin
#13041 [2026-09-17 23:40:53.797] [DEBUG] [P8724:T14672] [phase=frame_stage_notify] [hook=frame_stage_notify] [frame_stage] weather end; other begin
#13042 [2026-09-17 23:40:53.815] [DEBUG] [P8724:T14672] [phase=frame_stage_notify] [hook=frame_stage_notify] [frame_stage] other end; impacts begin
#13043 [2026-09-17 23:40:53.833] [DEBUG] [P8724:T14672] [phase=frame_stage_notify] [hook=frame_stage_notify] [frame_stage] impacts end
#13044 [2026-09-17 23:40:53.851] [DEBUG] [P8724:T14672] [phase=frame_stage_notify] [hook=frame_stage_notify] [frame_stage] original begin
#13045 [2026-09-17 23:40:53.870] [DEBUG] [P8724:T14672] [phase=frame_stage_notify] [hook=frame_stage_notify] [frame_stage] original end
#13046 [2026-09-17 23:40:53.889] [DEBUG] [P8724:T14672] [phase=frame_stage_notify] [hook=frame_stage_notify] [frame_stage] end stage=7
#13047 [2026-09-17 23:40:53.908] [DEBUG] [P8724:T14672] [phase=frame_stage_notify] [hook=frame_stage_notify] [frame_stage] begin stage=8 this=0x00007FF9971873C0
#13048 [2026-09-17 23:40:53.927] [DEBUG] [P8724:T14672] [phase=frame_stage_notify] [hook=frame_stage_notify] [frame_stage] original begin
#13049 [2026-09-17 23:40:53.946] [DEBUG] [P8724:T14672] [phase=frame_stage_notify] [hook=frame_stage_notify] [frame_stage] original end
#13050 [2026-09-17 23:40:53.965] [DEBUG] [P8724:T14672] [phase=frame_stage_notify] [hook=frame_stage_notify] [frame_stage] end stage=8
#13051 [2026-09-17 23:40:53.984] [DEBUG] [P8724:T14672] [phase=frame_stage_notify] [hook=frame_stage_notify] [frame_stage] begin stage=3 this=0x00007FF9971873C0
#13052 [2026-09-17 23:40:54.002] [DEBUG] [P8724:T14672] [phase=frame_stage_notify] [hook=frame_stage_notify] [frame_stage] original begin
#13053 [2026-09-17 23:40:54.021] [DEBUG] [P8724:T14672] [phase=frame_stage_notify] [hook=frame_stage_notify] [frame_stage] original end
#13054 [2026-09-17 23:40:54.038] [DEBUG] [P8724:T14672] [phase=frame_stage_notify] [hook=frame_stage_notify] [frame_stage] end stage=3
#13055 [2026-09-17 23:40:54.057] [DEBUG] [P8724:T14672] [phase=frame_stage_notify] [hook=frame_stage_notify] [frame_stage] begin stage=12 this=0x00007FF9971873C0
#13056 [2026-09-17 23:40:54.093] [DEBUG] [P8724:T14672] [phase=frame_stage_notify] [hook=frame_stage_notify] [frame_stage] original begin
#13057 [2026-09-17 23:40:54.112] [DEBUG] [P8724:T14672] [phase=frame_stage_notify] [hook=frame_stage_notify] [frame_stage] original end
#13058 [2026-09-17 23:40:54.131] [DEBUG] [P8724:T14672] [phase=frame_stage_notify] [hook=frame_stage_notify] [frame_stage] view/frame-data update begin
#13059 [2026-09-17 23:40:54.149] [DEBUG] [P8724:T14672] [phase=frame_stage_notify] [hook=frame_stage_notify] [frame_stage] view/frame-data update end
#13060 [2026-09-17 23:40:54.168] [DEBUG] [P8724:T14672] [phase=frame_stage_notify] [hook=frame_stage_notify] [frame_stage] end stage=12
#13061 [2026-09-17 23:40:54.189] [DEBUG] [P8724:T17744] [phase=present] [hook=present] [present] begin swap_chain=0x0000026A946CF720 sync=0 flags=0x200 ready=1
#13162 [2026-09-17 23:40:54.207] [DEBUG] [P8724:T17744] [phase=present] [hook=present] [present] rendering context updated
#13163 [2026-09-17 23:40:54.225] [DEBUG] [P8724:T17744] [phase=present] [hook=present] [present] forwarding to original
#13164 [2026-09-17 23:40:54.245] [DEBUG] [P8724:T14672] [phase=frame_stage_notify] [hook=frame_stage_notify] [frame_stage] begin stage=0 this=0x00007FF9971873C0
#13168 [2026-09-17 23:40:54.263] [DEBUG] [P8724:T14672] [phase=frame_stage_notify] [hook=frame_stage_notify] [frame_stage] original begin
#13169 [2026-09-17 23:40:54.282] [DEBUG] [P8724:T14672] [phase=frame_stage_notify] [hook=frame_stage_notify] [frame_stage] original end
#13170 [2026-09-17 23:40:54.301] [DEBUG] [P8724:T14672] [phase=frame_stage_notify] [hook=frame_stage_notify] [frame_stage] end stage=0
#13171 [2026-09-17 23:40:54.320] [DEBUG] [P8724:T14672] [phase=frame_stage_notify] [hook=frame_stage_notify] [frame_stage] begin stage=11 this=0x00007FF9971873C0
#13172 [2026-09-17 23:40:54.338] [DEBUG] [P8724:T14672] [phase=frame_stage_notify] [hook=frame_stage_notify] [frame_stage] original begin
#13173 [2026-09-17 23:40:54.357] [DEBUG] [P8724:T14672] [phase=frame_stage_notify] [hook=frame_stage_notify] [frame_stage] original end
#13174 [2026-09-17 23:40:54.375] [DEBUG] [P8724:T14672] [phase=frame_stage_notify] [hook=frame_stage_notify] [frame_stage] end stage=11
#13175 [2026-09-17 23:40:54.393] [DEBUG] [P8724:T14672] [phase=frame_stage_notify] [hook=frame_stage_notify] [frame_stage] begin stage=0 this=0x00007FF9971873C0
#13176 [2026-09-17 23:40:54.412] [DEBUG] [P8724:T14672] [phase=frame_stage_notify] [hook=frame_stage_notify] [frame_stage] original begin
#13177 [2026-09-17 23:40:54.431] [DEBUG] [P8724:T14672] [phase=frame_stage_notify] [hook=frame_stage_notify] [frame_stage] original end
#13178 [2026-09-17 23:40:54.450] [DEBUG] [P8724:T14672] [phase=frame_stage_notify] [hook=frame_stage_notify] [frame_stage] end stage=0
#13179 [2026-09-17 23:40:54.469] [DEBUG] [P8724:T14672] [phase=frame_stage_notify] [hook=frame_stage_notify] [frame_stage] begin stage=11 this=0x00007FF9971873C0
#13180 [2026-09-17 23:40:54.487] [DEBUG] [P8724:T14672] [phase=frame_stage_notify] [hook=frame_stage_notify] [frame_stage] original begin
#13181 [2026-09-17 23:40:54.505] [DEBUG] [P8724:T14672] [phase=frame_stage_notify] [hook=frame_stage_notify] [frame_stage] original end
#13182 [2026-09-17 23:40:54.524] [DEBUG] [P8724:T14672] [phase=frame_stage_notify] [hook=frame_stage_notify] [frame_stage] end stage=11
#13183 [2026-09-17 23:40:54.543] [DEBUG] [P8724:T14672] [phase=frame_stage_notify] [hook=frame_stage_notify] [frame_stage] begin stage=0 this=0x00007FF9971873C0
#13184 [2026-09-17 23:40:54.562] [DEBUG] [P8724:T14672] [phase=frame_stage_notify] [hook=frame_stage_notify] [frame_stage] original begin
#13185 [2026-09-17 23:40:54.580] [DEBUG] [P8724:T14672] [phase=frame_stage_notify] [hook=frame_stage_notify] [frame_stage] original end
#13186 [2026-09-17 23:40:54.598] [DEBUG] [P8724:T14672] [phase=frame_stage_notify] [hook=frame_stage_notify] [frame_stage] end stage=0
#13187 [2026-09-17 23:40:54.617] [DEBUG] [P8724:T14672] [phase=frame_stage_notify] [hook=frame_stage_notify] [frame_stage] begin stage=11 this=0x00007FF9971873C0
#13188 [2026-09-17 23:40:54.636] [DEBUG] [P8724:T14672] [phase=frame_stage_notify] [hook=frame_stage_notify] [frame_stage] original begin
#13189 [2026-09-17 23:40:54.654] [DEBUG] [P8724:T14672] [phase=frame_stage_notify] [hook=frame_stage_notify] [frame_stage] original end
#13190 [2026-09-17 23:40:54.672] [DEBUG] [P8724:T14672] [phase=frame_stage_notify] [hook=frame_stage_notify] [frame_stage] end stage=11
#13191 [2026-09-17 23:40:54.690] [DEBUG] [P8724:T14672] [phase=frame_stage_notify] [hook=frame_stage_notify] [frame_stage] begin stage=0 this=0x00007FF9971873C0
#13192 [2026-09-17 23:40:54.708] [DEBUG] [P8724:T14672] [phase=frame_stage_notify] [hook=frame_stage_notify] [frame_stage] original begin
#13193 [2026-09-17 23:40:54.726] [DEBUG] [P8724:T14672] [phase=frame_stage_notify] [hook=frame_stage_notify] [frame_stage] original end
#13194 [2026-09-17 23:40:54.746] [DEBUG] [P8724:T14672] [phase=frame_stage_notify] [hook=frame_stage_notify] [frame_stage] end stage=0
#13195 [2026-09-17 23:40:54.765] [DEBUG] [P8724:T14672] [phase=frame_stage_notify] [hook=frame_stage_notify] [frame_stage] begin stage=10 this=0x00007FF9971873C0
#13196 [2026-09-17 23:40:54.783] [DEBUG] [P8724:T14672] [phase=frame_stage_notify] [hook=frame_stage_notify] [frame_stage] original begin
#13197 [2026-09-17 23:40:54.801] [DEBUG] [P8724:T14672] [phase=frame_stage_notify] [hook=frame_stage_notify] [frame_stage] original end
#13198 [2026-09-17 23:40:54.819] [DEBUG] [P8724:T14672] [phase=frame_stage_notify] [hook=frame_stage_notify] [frame_stage] end stage=10
#13199 [2026-09-17 23:40:54.838] [DEBUG] [P8724:T14672] [phase=frame_stage_notify] [hook=frame_stage_notify] [frame_stage] begin stage=11 this=0x00007FF9971873C0
#13200 [2026-09-17 23:40:54.858] [DEBUG] [P8724:T14672] [phase=frame_stage_notify] [hook=frame_stage_notify] [frame_stage] original begin
#13201 [2026-09-17 23:40:54.876] [DEBUG] [P8724:T14672] [phase=frame_stage_notify] [hook=frame_stage_notify] [frame_stage] original end
#13202 [2026-09-17 23:40:54.894] [DEBUG] [P8724:T14672] [phase=frame_stage_notify] [hook=frame_stage_notify] [frame_stage] end stage=11
#13203 [2026-09-17 23:40:54.914] [DEBUG] [P8724:T14672] [phase=frame_stage_notify] [hook=frame_stage_notify] [frame_stage] begin stage=1 this=0x00007FF9971873C0
#13204 [2026-09-17 23:40:54.933] [DEBUG] [P8724:T14672] [phase=frame_stage_notify] [hook=frame_stage_notify] [frame_stage] original begin
#13205 [2026-09-17 23:40:54.951] [DEBUG] [P8724:T14672] [phase=frame_stage_notify] [hook=frame_stage_notify] [frame_stage] original end
#13206 [2026-09-17 23:40:54.969] [DEBUG] [P8724:T14672] [phase=frame_stage_notify] [hook=frame_stage_notify] [frame_stage] end stage=1
#13207 [2026-09-17 23:40:54.988] [DEBUG] [P8724:T14672] [phase=frame_stage_notify] [hook=frame_stage_notify] [frame_stage] begin stage=2 this=0x00007FF9971873C0
#13208 [2026-09-17 23:40:55.006] [DEBUG] [P8724:T14672] [phase=frame_stage_notify] [hook=frame_stage_notify] [frame_stage] original begin
#13209 [2026-09-17 23:40:55.024] [DEBUG] [P8724:T14672] [phase=frame_stage_notify] [hook=frame_stage_notify] [frame_stage] original end
#13210 [2026-09-17 23:40:55.042] [DEBUG] [P8724:T14672] [phase=frame_stage_notify] [hook=frame_stage_notify] [frame_stage] end stage=2
#13211 [2026-09-17 23:40:55.060] [DEBUG] [P8724:T14672] [phase=frame_stage_notify] [hook=frame_stage_notify] [frame_stage] begin stage=5 this=0x00007FF9971873C0
#13212 [2026-09-17 23:40:55.078] [DEBUG] [P8724:T14672] [phase=frame_stage_notify] [hook=frame_stage_notify] [frame_stage] original begin
#13213 [2026-09-17 23:40:55.097] [DEBUG] [P8724:T14672] [phase=frame_stage_notify] [hook=frame_stage_notify] [frame_stage] original end
#13214 [2026-09-17 23:40:55.115] [DEBUG] [P8724:T14672] [phase=frame_stage_notify] [hook=frame_stage_notify] [frame_stage] end stage=5
#13215 [2026-09-17 23:40:55.133] [DEBUG] [P8724:T14672] [phase=frame_stage_notify] [hook=frame_stage_notify] [frame_stage] begin stage=6 this=0x00007FF9971873C0
#13216 [2026-09-17 23:40:55.153] [DEBUG] [P8724:T14672] [phase=frame_stage_notify] [hook=frame_stage_notify] [frame_stage] guns begin
#13217 [2026-09-17 23:40:55.171] [DEBUG] [P8724:T14672] [phase=frame_stage_notify] [hook=frame_stage_notify] [frame_stage] guns end
#13218 [2026-09-17 23:40:55.189] [DEBUG] [P8724:T14672] [phase=frame_stage_notify] [hook=frame_stage_notify] [frame_stage] dlight begin
#13219 [2026-09-17 23:40:55.208] [DEBUG] [P8724:T14672] [phase=frame_stage_notify] [hook=frame_stage_notify] [frame_stage] dlight end
#13220 [2026-09-17 23:40:55.227] [DEBUG] [P8724:T14672] [phase=frame_stage_notify] [hook=frame_stage_notify] [frame_stage] original begin
#13221 [2026-09-17 23:40:55.245] [DEBUG] [P8724:T14672] [phase=frame_stage_notify] [hook=frame_stage_notify] [frame_stage] original end
#13222 [2026-09-17 23:40:55.263] [DEBUG] [P8724:T14672] [phase=frame_stage_notify] [hook=frame_stage_notify] [frame_stage] post-network feature updates begin
#13223 [2026-09-17 23:40:55.281] [DEBUG] [P8724:T14672] [phase=frame_stage_notify] [hook=frame_stage_notify] [frame_stage] post-network feature updates end
#13224 [2026-09-17 23:40:55.299] [DEBUG] [P8724:T14672] [phase=frame_stage_notify] [hook=frame_stage_notify] [frame_stage] end stage=6
#13225 [2026-09-17 23:40:55.318] [DEBUG] [P8724:T14672] [phase=frame_stage_notify] [hook=frame_stage_notify] [frame_stage] begin stage=7 this=0x00007FF9971873C0
#13226 [2026-09-17 23:40:55.337] [DEBUG] [P8724:T14672] [phase=frame_stage_notify] [hook=frame_stage_notify] [frame_stage] agents begin
#13227 [2026-09-17 23:40:55.355] [DEBUG] [P8724:T14672] [phase=frame_stage_notify] [hook=frame_stage_notify] [frame_stage] agents end; gloves begin
#13228 [2026-09-17 23:40:55.373] [DEBUG] [P8724:T14672] [phase=frame_stage_notify] [hook=frame_stage_notify] [frame_stage] gloves end; knives begin
#13229 [2026-09-17 23:40:55.391] [DEBUG] [P8724:T14672] [phase=frame_stage_notify] [hook=frame_stage_notify] [frame_stage] knives end; world begin
#13230 [2026-09-17 23:40:55.409] [DEBUG] [P8724:T14672] [phase=frame_stage_notify] [hook=frame_stage_notify] [frame_stage] scene end; weather begin
#13231 [2026-09-17 23:40:55.428] [DEBUG] [P8724:T14672] [phase=frame_stage_notify] [hook=frame_stage_notify] [frame_stage] weather end; other begin
#13232 [2026-09-17 23:40:55.463] [DEBUG] [P8724:T14672] [phase=frame_stage_notify] [hook=frame_stage_notify] [frame_stage] other end; impacts begin
#13233 [2026-09-17 23:40:55.481] [DEBUG] [P8724:T14672] [phase=frame_stage_notify] [hook=frame_stage_notify] [frame_stage] impacts end
#13234 [2026-09-17 23:40:55.500] [DEBUG] [P8724:T14672] [phase=frame_stage_notify] [hook=frame_stage_notify] [frame_stage] original begin
#13235 [2026-09-17 23:40:55.518] [DEBUG] [P8724:T14672] [phase=frame_stage_notify] [hook=frame_stage_notify] [frame_stage] original end
#13236 [2026-09-17 23:40:55.537] [DEBUG] [P8724:T14672] [phase=frame_stage_notify] [hook=frame_stage_notify] [frame_stage] end stage=7
#13237 [2026-09-17 23:40:55.555] [DEBUG] [P8724:T14672] [phase=frame_stage_notify] [hook=frame_stage_notify] [frame_stage] begin stage=8 this=0x00007FF9971873C0
#13238 [2026-09-17 23:40:55.573] [DEBUG] [P8724:T14672] [phase=frame_stage_notify] [hook=frame_stage_notify] [frame_stage] original begin
#13239 [2026-09-17 23:40:55.608] [DEBUG] [P8724:T14672] [phase=frame_stage_notify] [hook=frame_stage_notify] [frame_stage] original end
#13240 [2026-09-17 23:40:55.626] [DEBUG] [P8724:T14672] [phase=frame_stage_notify] [hook=frame_stage_notify] [frame_stage] end stage=8
#13241 [2026-09-17 23:40:55.645] [DEBUG] [P8724:T14672] [phase=frame_stage_notify] [hook=frame_stage_notify] [frame_stage] begin stage=3 this=0x00007FF9971873C0
#13242 [2026-09-17 23:40:55.663] [DEBUG] [P8724:T14672] [phase=frame_stage_notify] [hook=frame_stage_notify] [frame_stage] original begin
#13243 [2026-09-17 23:40:55.681] [DEBUG] [P8724:T14672] [phase=frame_stage_notify] [hook=frame_stage_notify] [frame_stage] original end
#13244 [2026-09-17 23:40:55.699] [DEBUG] [P8724:T14672] [phase=frame_stage_notify] [hook=frame_stage_notify] [frame_stage] end stage=3
#13245 [2026-09-17 23:40:55.719] [DEBUG] [P8724:T14672] [phase=frame_stage_notify] [hook=frame_stage_notify] [frame_stage] begin stage=12 this=0x00007FF9971873C0
#13246 [2026-09-17 23:40:55.738] [DEBUG] [P8724:T14672] [phase=frame_stage_notify] [hook=frame_stage_notify] [frame_stage] original begin
#13247 [2026-09-17 23:40:55.756] [DEBUG] [P8724:T14672] [phase=frame_stage_notify] [hook=frame_stage_notify] [frame_stage] original end
#13248 [2026-09-17 23:40:55.774] [DEBUG] [P8724:T14672] [phase=frame_stage_notify] [hook=frame_stage_notify] [frame_stage] view/frame-data update begin
#13249 [2026-09-17 23:40:55.792] [DEBUG] [P8724:T14672] [phase=frame_stage_notify] [hook=frame_stage_notify] [frame_stage] view/frame-data update end
#13250 [2026-09-17 23:40:55.810] [DEBUG] [P8724:T14672] [phase=frame_stage_notify] [hook=frame_stage_notify] [frame_stage] end stage=12
#13251 [2026-09-17 23:40:55.832] [DEBUG] [P8724:T5296] [phase=none] [hook=generate_primitives] hook enter name=generate_primitives arg0=0x00007FFA36B37AD0 arg1=0x0000027230A56A00 arg2=0x000000C6DD2FF9F0 arg3=0x000000C6DD2FEFB0
#13252 [2026-09-17 23:40:55.851] [DEBUG] [P8724:T5296] [phase=none] [hook=generate_primitives] hook leave name=generate_primitives duration_ms=15
#13253 [2026-09-17 23:40:55.871] [DEBUG] [P8724:T17744] [phase=present] [hook=present] [present] begin swap_chain=0x0000026A946CF720 sync=0 flags=0x200 ready=1
#13354 [2026-09-17 23:40:55.890] [DEBUG] [P8724:T17744] [phase=present] [hook=present] [present] rendering context updated
#13355 [2026-09-17 23:40:55.908] [DEBUG] [P8724:T17744] [phase=present] [hook=present] [present] forwarding to original
#13356 [2026-09-17 23:40:55.928] [DEBUG] [P8724:T17744] [phase=present] [hook=present] [present] begin swap_chain=0x0000026A946CF720 sync=0 flags=0x200 ready=1
#13441 [2026-09-17 23:40:55.947] [DEBUG] [P8724:T17744] [phase=present] [hook=present] [present] rendering context updated
#13442 [2026-09-17 23:40:55.966] [DEBUG] [P8724:T17744] [phase=present] [hook=present] [present] forwarding to original
#13443 [2026-09-17 23:40:55.987] [DEBUG] [P8724:T14672] [phase=frame_stage_notify] [hook=frame_stage_notify] [frame_stage] begin stage=0 this=0x00007FF9971873C0
#13447 [2026-09-17 23:40:56.005] [DEBUG] [P8724:T14672] [phase=frame_stage_notify] [hook=frame_stage_notify] [frame_stage] original begin
#13448 [2026-09-17 23:40:56.023] [DEBUG] [P8724:T14672] [phase=frame_stage_notify] [hook=frame_stage_notify] [frame_stage] original end
#13449 [2026-09-17 23:40:56.041] [DEBUG] [P8724:T14672] [phase=frame_stage_notify] [hook=frame_stage_notify] [frame_stage] end stage=0
#13450 [2026-09-17 23:40:56.060] [DEBUG] [P8724:T14672] [phase=frame_stage_notify] [hook=frame_stage_notify] [frame_stage] begin stage=11 this=0x00007FF9971873C0
#13451 [2026-09-17 23:40:56.079] [DEBUG] [P8724:T14672] [phase=frame_stage_notify] [hook=frame_stage_notify] [frame_stage] original begin
#13452 [2026-09-17 23:40:56.102] [DEBUG] [P8724:T14672] [phase=frame_stage_notify] [hook=frame_stage_notify] [frame_stage] original end
#13453 [2026-09-17 23:40:56.120] [DEBUG] [P8724:T14672] [phase=frame_stage_notify] [hook=frame_stage_notify] [frame_stage] end stage=11
#13454 [2026-09-17 23:40:56.138] [DEBUG] [P8724:T14672] [phase=frame_stage_notify] [hook=frame_stage_notify] [frame_stage] begin stage=0 this=0x00007FF9971873C0
#13455 [2026-09-17 23:40:56.157] [DEBUG] [P8724:T14672] [phase=frame_stage_notify] [hook=frame_stage_notify] [frame_stage] original begin
#13456 [2026-09-17 23:40:56.175] [DEBUG] [P8724:T14672] [phase=frame_stage_notify] [hook=frame_stage_notify] [frame_stage] original end
#13457 [2026-09-17 23:40:56.194] [DEBUG] [P8724:T14672] [phase=frame_stage_notify] [hook=frame_stage_notify] [frame_stage] end stage=0
#13458 [2026-09-17 23:40:56.214] [DEBUG] [P8724:T14672] [phase=frame_stage_notify] [hook=frame_stage_notify] [frame_stage] begin stage=11 this=0x00007FF9971873C0
#13459 [2026-09-17 23:40:56.232] [DEBUG] [P8724:T14672] [phase=frame_stage_notify] [hook=frame_stage_notify] [frame_stage] original begin
#13460 [2026-09-17 23:40:56.250] [DEBUG] [P8724:T14672] [phase=frame_stage_notify] [hook=frame_stage_notify] [frame_stage] original end
#13461 [2026-09-17 23:40:56.268] [DEBUG] [P8724:T14672] [phase=frame_stage_notify] [hook=frame_stage_notify] [frame_stage] end stage=11
#13462 [2026-09-17 23:40:56.287] [DEBUG] [P8724:T14672] [phase=frame_stage_notify] [hook=frame_stage_notify] [frame_stage] begin stage=0 this=0x00007FF9971873C0
#13463 [2026-09-17 23:40:56.307] [DEBUG] [P8724:T14672] [phase=frame_stage_notify] [hook=frame_stage_notify] [frame_stage] original begin
#13464 [2026-09-17 23:40:56.325] [DEBUG] [P8724:T14672] [phase=frame_stage_notify] [hook=frame_stage_notify] [frame_stage] original end
#13465 [2026-09-17 23:40:56.343] [DEBUG] [P8724:T14672] [phase=frame_stage_notify] [hook=frame_stage_notify] [frame_stage] end stage=0
#13466 [2026-09-17 23:40:56.362] [DEBUG] [P8724:T14672] [phase=frame_stage_notify] [hook=frame_stage_notify] [frame_stage] begin stage=11 this=0x00007FF9971873C0
#13467 [2026-09-17 23:40:56.381] [DEBUG] [P8724:T14672] [phase=frame_stage_notify] [hook=frame_stage_notify] [frame_stage] original begin
#13468 [2026-09-17 23:40:56.399] [DEBUG] [P8724:T14672] [phase=frame_stage_notify] [hook=frame_stage_notify] [frame_stage] original end
#13469 [2026-09-17 23:40:56.417] [DEBUG] [P8724:T14672] [phase=frame_stage_notify] [hook=frame_stage_notify] [frame_stage] end stage=11
#13470 [2026-09-17 23:40:56.436] [DEBUG] [P8724:T14672] [phase=frame_stage_notify] [hook=frame_stage_notify] [frame_stage] begin stage=0 this=0x00007FF9971873C0
#13471 [2026-09-17 23:40:56.455] [DEBUG] [P8724:T14672] [phase=frame_stage_notify] [hook=frame_stage_notify] [frame_stage] original begin
#13472 [2026-09-17 23:40:56.473] [DEBUG] [P8724:T14672] [phase=frame_stage_notify] [hook=frame_stage_notify] [frame_stage] original end
#13473 [2026-09-17 23:40:56.491] [DEBUG] [P8724:T14672] [phase=frame_stage_notify] [hook=frame_stage_notify] [frame_stage] end stage=0
#13474 [2026-09-17 23:40:56.509] [DEBUG] [P8724:T14672] [phase=frame_stage_notify] [hook=frame_stage_notify] [frame_stage] begin stage=10 this=0x00007FF9971873C0
#13475 [2026-09-17 23:40:56.529] [DEBUG] [P8724:T14672] [phase=frame_stage_notify] [hook=frame_stage_notify] [frame_stage] original begin
#13476 [2026-09-17 23:40:56.547] [DEBUG] [P8724:T14672] [phase=frame_stage_notify] [hook=frame_stage_notify] [frame_stage] original end
#13477 [2026-09-17 23:40:56.566] [DEBUG] [P8724:T14672] [phase=frame_stage_notify] [hook=frame_stage_notify] [frame_stage] end stage=10
#13478 [2026-09-17 23:40:56.584] [DEBUG] [P8724:T14672] [phase=frame_stage_notify] [hook=frame_stage_notify] [frame_stage] begin stage=11 this=0x00007FF9971873C0
#13479 [2026-09-17 23:40:56.602] [DEBUG] [P8724:T14672] [phase=frame_stage_notify] [hook=frame_stage_notify] [frame_stage] original begin
#13480 [2026-09-17 23:40:56.621] [DEBUG] [P8724:T14672] [phase=frame_stage_notify] [hook=frame_stage_notify] [frame_stage] original end
#13481 [2026-09-17 23:40:56.639] [DEBUG] [P8724:T14672] [phase=frame_stage_notify] [hook=frame_stage_notify] [frame_stage] end stage=11
#13482 [2026-09-17 23:40:56.658] [DEBUG] [P8724:T14672] [phase=frame_stage_notify] [hook=frame_stage_notify] [frame_stage] begin stage=1 this=0x00007FF9971873C0
#13483 [2026-09-17 23:40:56.677] [DEBUG] [P8724:T14672] [phase=frame_stage_notify] [hook=frame_stage_notify] [frame_stage] original begin
#13484 [2026-09-17 23:40:56.695] [DEBUG] [P8724:T14672] [phase=frame_stage_notify] [hook=frame_stage_notify] [frame_stage] original end
#13485 [2026-09-17 23:40:56.713] [DEBUG] [P8724:T14672] [phase=frame_stage_notify] [hook=frame_stage_notify] [frame_stage] end stage=1
#13486 [2026-09-17 23:40:56.731] [DEBUG] [P8724:T14672] [phase=frame_stage_notify] [hook=frame_stage_notify] [frame_stage] begin stage=2 this=0x00007FF9971873C0
#13487 [2026-09-17 23:40:56.749] [DEBUG] [P8724:T14672] [phase=frame_stage_notify] [hook=frame_stage_notify] [frame_stage] original begin
#13488 [2026-09-17 23:40:56.768] [DEBUG] [P8724:T14672] [phase=frame_stage_notify] [hook=frame_stage_notify] [frame_stage] original end
#13489 [2026-09-17 23:40:56.787] [DEBUG] [P8724:T14672] [phase=frame_stage_notify] [hook=frame_stage_notify] [frame_stage] end stage=2
#13490 [2026-09-17 23:40:56.822] [DEBUG] [P8724:T14672] [phase=frame_stage_notify] [hook=frame_stage_notify] [frame_stage] begin stage=5 this=0x00007FF9971873C0
#13491 [2026-09-17 23:40:56.858] [DEBUG] [P8724:T14672] [phase=frame_stage_notify] [hook=frame_stage_notify] [frame_stage] original begin
#13492 [2026-09-17 23:40:56.895] [DEBUG] [P8724:T14672] [phase=frame_stage_notify] [hook=frame_stage_notify] [frame_stage] original end
#13493 [2026-09-17 23:40:56.914] [DEBUG] [P8724:T14672] [phase=frame_stage_notify] [hook=frame_stage_notify] [frame_stage] end stage=5
#13494 [2026-09-17 23:40:56.932] [DEBUG] [P8724:T14672] [phase=frame_stage_notify] [hook=frame_stage_notify] [frame_stage] begin stage=6 this=0x00007FF9971873C0
#13495 [2026-09-17 23:40:56.950] [DEBUG] [P8724:T14672] [phase=frame_stage_notify] [hook=frame_stage_notify] [frame_stage] guns begin
#13496 [2026-09-17 23:40:56.968] [DEBUG] [P8724:T14672] [phase=frame_stage_notify] [hook=frame_stage_notify] [frame_stage] guns end
#13497 [2026-09-17 23:40:56.987] [DEBUG] [P8724:T14672] [phase=frame_stage_notify] [hook=frame_stage_notify] [frame_stage] dlight begin
#13498 [2026-09-17 23:40:57.005] [DEBUG] [P8724:T14672] [phase=frame_stage_notify] [hook=frame_stage_notify] [frame_stage] dlight end
#13499 [2026-09-17 23:40:57.023] [DEBUG] [P8724:T14672] [phase=frame_stage_notify] [hook=frame_stage_notify] [frame_stage] original begin
#13500 [2026-09-17 23:40:57.041] [DEBUG] [P8724:T14672] [phase=frame_stage_notify] [hook=frame_stage_notify] [frame_stage] original end
#13501 [2026-09-17 23:40:57.059] [DEBUG] [P8724:T14672] [phase=frame_stage_notify] [hook=frame_stage_notify] [frame_stage] post-network feature updates begin
#13502 [2026-09-17 23:40:57.078] [DEBUG] [P8724:T14672] [phase=frame_stage_notify] [hook=frame_stage_notify] [frame_stage] post-network feature updates end
#13503 [2026-09-17 23:40:57.096] [DEBUG] [P8724:T14672] [phase=frame_stage_notify] [hook=frame_stage_notify] [frame_stage] end stage=6
#13504 [2026-09-17 23:40:57.114] [DEBUG] [P8724:T14672] [phase=frame_stage_notify] [hook=frame_stage_notify] [frame_stage] begin stage=7 this=0x00007FF9971873C0
#13505 [2026-09-17 23:40:57.131] [DEBUG] [P8724:T14672] [phase=frame_stage_notify] [hook=frame_stage_notify] [frame_stage] agents begin
#13506 [2026-09-17 23:40:57.150] [DEBUG] [P8724:T14672] [phase=frame_stage_notify] [hook=frame_stage_notify] [frame_stage] agents end; gloves begin
#13507 [2026-09-17 23:40:57.169] [DEBUG] [P8724:T14672] [phase=frame_stage_notify] [hook=frame_stage_notify] [frame_stage] gloves end; knives begin
#13508 [2026-09-17 23:40:57.187] [DEBUG] [P8724:T14672] [phase=frame_stage_notify] [hook=frame_stage_notify] [frame_stage] knives end; world begin
#13509 [2026-09-17 23:40:57.207] [DEBUG] [P8724:T14672] [phase=frame_stage_notify] [hook=frame_stage_notify] [frame_stage] scene end; weather begin
#13510 [2026-09-17 23:40:57.225] [DEBUG] [P8724:T14672] [phase=frame_stage_notify] [hook=frame_stage_notify] [frame_stage] weather end; other begin
#13511 [2026-09-17 23:40:57.244] [DEBUG] [P8724:T14672] [phase=frame_stage_notify] [hook=frame_stage_notify] [frame_stage] other end; impacts begin
#13512 [2026-09-17 23:40:57.262] [DEBUG] [P8724:T14672] [phase=frame_stage_notify] [hook=frame_stage_notify] [frame_stage] impacts end
#13513 [2026-09-17 23:40:57.280] [DEBUG] [P8724:T14672] [phase=frame_stage_notify] [hook=frame_stage_notify] [frame_stage] original begin
#13514 [2026-09-17 23:40:57.298] [DEBUG] [P8724:T14672] [phase=frame_stage_notify] [hook=frame_stage_notify] [frame_stage] original end
#13515 [2026-09-17 23:40:57.317] [DEBUG] [P8724:T14672] [phase=frame_stage_notify] [hook=frame_stage_notify] [frame_stage] end stage=7
#13516 [2026-09-17 23:40:57.335] [DEBUG] [P8724:T14672] [phase=frame_stage_notify] [hook=frame_stage_notify] [frame_stage] begin stage=8 this=0x00007FF9971873C0
#13517 [2026-09-17 23:40:57.353] [DEBUG] [P8724:T14672] [phase=frame_stage_notify] [hook=frame_stage_notify] [frame_stage] original begin
#13518 [2026-09-17 23:40:57.371] [DEBUG] [P8724:T14672] [phase=frame_stage_notify] [hook=frame_stage_notify] [frame_stage] original end
#13519 [2026-09-17 23:40:57.390] [DEBUG] [P8724:T14672] [phase=frame_stage_notify] [hook=frame_stage_notify] [frame_stage] end stage=8
#13520 [2026-09-17 23:40:57.408] [DEBUG] [P8724:T14672] [phase=frame_stage_notify] [hook=frame_stage_notify] [frame_stage] begin stage=3 this=0x00007FF9971873C0
#13521 [2026-09-17 23:40:57.426] [DEBUG] [P8724:T14672] [phase=frame_stage_notify] [hook=frame_stage_notify] [frame_stage] original begin
#13522 [2026-09-17 23:40:57.445] [DEBUG] [P8724:T14672] [phase=frame_stage_notify] [hook=frame_stage_notify] [frame_stage] original end
#13523 [2026-09-17 23:40:57.462] [DEBUG] [P8724:T14672] [phase=frame_stage_notify] [hook=frame_stage_notify] [frame_stage] end stage=3
#13524 [2026-09-17 23:40:57.481] [DEBUG] [P8724:T14672] [phase=frame_stage_notify] [hook=frame_stage_notify] [frame_stage] begin stage=12 this=0x00007FF9971873C0
#13525 [2026-09-17 23:40:57.500] [DEBUG] [P8724:T14672] [phase=frame_stage_notify] [hook=frame_stage_notify] [frame_stage] original begin
#13526 [2026-09-17 23:40:57.518] [DEBUG] [P8724:T14672] [phase=frame_stage_notify] [hook=frame_stage_notify] [frame_stage] original end
#13527 [2026-09-17 23:40:57.537] [DEBUG] [P8724:T14672] [phase=frame_stage_notify] [hook=frame_stage_notify] [frame_stage] view/frame-data update begin
#13528 [2026-09-17 23:40:57.555] [DEBUG] [P8724:T14672] [phase=frame_stage_notify] [hook=frame_stage_notify] [frame_stage] view/frame-data update end
#13529 [2026-09-17 23:40:57.573] [DEBUG] [P8724:T14672] [phase=frame_stage_notify] [hook=frame_stage_notify] [frame_stage] end stage=12
#13530 [2026-09-17 23:40:57.596] [DEBUG] [P8724:T17744] [phase=present] [hook=present] [present] begin swap_chain=0x0000026A946CF720 sync=0 flags=0x200 ready=1
#13631 [2026-09-17 23:40:57.614] [DEBUG] [P8724:T17744] [phase=present] [hook=present] [present] rendering context updated
#13632 [2026-09-17 23:40:57.633] [DEBUG] [P8724:T17744] [phase=present] [hook=present] [present] forwarding to original
#13633 [2026-09-17 23:40:57.652] [DEBUG] [P8724:T14672] [phase=frame_stage_notify] [hook=frame_stage_notify] [frame_stage] begin stage=0 this=0x00007FF9971873C0
#13637 [2026-09-17 23:40:57.671] [DEBUG] [P8724:T14672] [phase=frame_stage_notify] [hook=frame_stage_notify] [frame_stage] original begin
#13638 [2026-09-17 23:40:57.689] [DEBUG] [P8724:T14672] [phase=frame_stage_notify] [hook=frame_stage_notify] [frame_stage] original end
#13639 [2026-09-17 23:40:57.707] [DEBUG] [P8724:T14672] [phase=frame_stage_notify] [hook=frame_stage_notify] [frame_stage] end stage=0
#13640 [2026-09-17 23:40:57.726] [DEBUG] [P8724:T14672] [phase=frame_stage_notify] [hook=frame_stage_notify] [frame_stage] begin stage=11 this=0x00007FF9971873C0
#13641 [2026-09-17 23:40:57.744] [DEBUG] [P8724:T14672] [phase=frame_stage_notify] [hook=frame_stage_notify] [frame_stage] original begin
#13642 [2026-09-17 23:40:57.763] [DEBUG] [P8724:T14672] [phase=frame_stage_notify] [hook=frame_stage_notify] [frame_stage] original end
#13643 [2026-09-17 23:40:57.781] [DEBUG] [P8724:T14672] [phase=frame_stage_notify] [hook=frame_stage_notify] [frame_stage] end stage=11
#13644 [2026-09-17 23:40:57.798] [DEBUG] [P8724:T14672] [phase=frame_stage_notify] [hook=frame_stage_notify] [frame_stage] begin stage=0 this=0x00007FF9971873C0
#13645 [2026-09-17 23:40:57.817] [DEBUG] [P8724:T14672] [phase=frame_stage_notify] [hook=frame_stage_notify] [frame_stage] original begin
#13646 [2026-09-17 23:40:57.834] [DEBUG] [P8724:T14672] [phase=frame_stage_notify] [hook=frame_stage_notify] [frame_stage] original end
#13647 [2026-09-17 23:40:57.853] [DEBUG] [P8724:T14672] [phase=frame_stage_notify] [hook=frame_stage_notify] [frame_stage] end stage=0
#13648 [2026-09-17 23:40:57.873] [DEBUG] [P8724:T14672] [phase=frame_stage_notify] [hook=frame_stage_notify] [frame_stage] begin stage=11 this=0x00007FF9971873C0
#13649 [2026-09-17 23:40:57.891] [DEBUG] [P8724:T14672] [phase=frame_stage_notify] [hook=frame_stage_notify] [frame_stage] original begin
#13650 [2026-09-17 23:40:57.909] [DEBUG] [P8724:T14672] [phase=frame_stage_notify] [hook=frame_stage_notify] [frame_stage] original end
#13651 [2026-09-17 23:40:57.927] [DEBUG] [P8724:T14672] [phase=frame_stage_notify] [hook=frame_stage_notify] [frame_stage] end stage=11
#13652 [2026-09-17 23:40:57.945] [DEBUG] [P8724:T14672] [phase=frame_stage_notify] [hook=frame_stage_notify] [frame_stage] begin stage=0 this=0x00007FF9971873C0
#13653 [2026-09-17 23:40:57.964] [DEBUG] [P8724:T14672] [phase=frame_stage_notify] [hook=frame_stage_notify] [frame_stage] original begin
#13654 [2026-09-17 23:40:57.982] [DEBUG] [P8724:T14672] [phase=frame_stage_notify] [hook=frame_stage_notify] [frame_stage] original end
#13655 [2026-09-17 23:40:58.000] [DEBUG] [P8724:T14672] [phase=frame_stage_notify] [hook=frame_stage_notify] [frame_stage] end stage=0
#13656 [2026-09-17 23:40:58.019] [DEBUG] [P8724:T14672] [phase=frame_stage_notify] [hook=frame_stage_notify] [frame_stage] begin stage=11 this=0x00007FF9971873C0
#13657 [2026-09-17 23:40:58.037] [DEBUG] [P8724:T14672] [phase=frame_stage_notify] [hook=frame_stage_notify] [frame_stage] original begin
#13658 [2026-09-17 23:40:58.055] [DEBUG] [P8724:T14672] [phase=frame_stage_notify] [hook=frame_stage_notify] [frame_stage] original end
#13659 [2026-09-17 23:40:58.073] [DEBUG] [P8724:T14672] [phase=frame_stage_notify] [hook=frame_stage_notify] [frame_stage] end stage=11
#13660 [2026-09-17 23:40:58.095] [DEBUG] [P8724:T14672] [phase=frame_stage_notify] [hook=frame_stage_notify] [frame_stage] begin stage=0 this=0x00007FF9971873C0
#13661 [2026-09-17 23:40:58.113] [DEBUG] [P8724:T14672] [phase=frame_stage_notify] [hook=frame_stage_notify] [frame_stage] original begin
#13662 [2026-09-17 23:40:58.131] [DEBUG] [P8724:T14672] [phase=frame_stage_notify] [hook=frame_stage_notify] [frame_stage] original end
#13663 [2026-09-17 23:40:58.149] [DEBUG] [P8724:T14672] [phase=frame_stage_notify] [hook=frame_stage_notify] [frame_stage] end stage=0
#13664 [2026-09-17 23:40:58.186] [DEBUG] [P8724:T14672] [phase=frame_stage_notify] [hook=frame_stage_notify] [frame_stage] begin stage=10 this=0x00007FF9971873C0
#13665 [2026-09-17 23:40:58.205] [DEBUG] [P8724:T14672] [phase=frame_stage_notify] [hook=frame_stage_notify] [frame_stage] original begin
#13666 [2026-09-17 23:40:58.223] [DEBUG] [P8724:T14672] [phase=frame_stage_notify] [hook=frame_stage_notify] [frame_stage] original end
#13667 [2026-09-17 23:40:58.241] [DEBUG] [P8724:T14672] [phase=frame_stage_notify] [hook=frame_stage_notify] [frame_stage] end stage=10
#13668 [2026-09-17 23:40:58.260] [DEBUG] [P8724:T14672] [phase=frame_stage_notify] [hook=frame_stage_notify] [frame_stage] begin stage=11 this=0x00007FF9971873C0
#13669 [2026-09-17 23:40:58.278] [DEBUG] [P8724:T14672] [phase=frame_stage_notify] [hook=frame_stage_notify] [frame_stage] original begin
#13670 [2026-09-17 23:40:58.297] [DEBUG] [P8724:T14672] [phase=frame_stage_notify] [hook=frame_stage_notify] [frame_stage] original end
#13671 [2026-09-17 23:40:58.316] [DEBUG] [P8724:T14672] [phase=frame_stage_notify] [hook=frame_stage_notify] [frame_stage] end stage=11
#13672 [2026-09-17 23:40:58.334] [DEBUG] [P8724:T14672] [phase=frame_stage_notify] [hook=frame_stage_notify] [frame_stage] begin stage=1 this=0x00007FF9971873C0
#13673 [2026-09-17 23:40:58.352] [DEBUG] [P8724:T14672] [phase=frame_stage_notify] [hook=frame_stage_notify] [frame_stage] original begin
#13674 [2026-09-17 23:40:58.370] [DEBUG] [P8724:T14672] [phase=frame_stage_notify] [hook=frame_stage_notify] [frame_stage] original end
#13675 [2026-09-17 23:40:58.388] [DEBUG] [P8724:T14672] [phase=frame_stage_notify] [hook=frame_stage_notify] [frame_stage] end stage=1
#13676 [2026-09-17 23:40:58.407] [DEBUG] [P8724:T14672] [phase=frame_stage_notify] [hook=frame_stage_notify] [frame_stage] begin stage=2 this=0x00007FF9971873C0
#13677 [2026-09-17 23:40:58.426] [DEBUG] [P8724:T14672] [phase=frame_stage_notify] [hook=frame_stage_notify] [frame_stage] original begin
#13678 [2026-09-17 23:40:58.445] [DEBUG] [P8724:T14672] [phase=frame_stage_notify] [hook=frame_stage_notify] [frame_stage] original end
#13679 [2026-09-17 23:40:58.464] [DEBUG] [P8724:T14672] [phase=frame_stage_notify] [hook=frame_stage_notify] [frame_stage] end stage=2
#13680 [2026-09-17 23:40:58.482] [DEBUG] [P8724:T14672] [phase=frame_stage_notify] [hook=frame_stage_notify] [frame_stage] begin stage=5 this=0x00007FF9971873C0
#13681 [2026-09-17 23:40:58.502] [DEBUG] [P8724:T14672] [phase=frame_stage_notify] [hook=frame_stage_notify] [frame_stage] original begin
#13682 [2026-09-17 23:40:58.521] [DEBUG] [P8724:T14672] [phase=frame_stage_notify] [hook=frame_stage_notify] [frame_stage] original end
#13683 [2026-09-17 23:40:58.539] [DEBUG] [P8724:T14672] [phase=frame_stage_notify] [hook=frame_stage_notify] [frame_stage] end stage=5
#13684 [2026-09-17 23:40:58.557] [DEBUG] [P8724:T14672] [phase=frame_stage_notify] [hook=frame_stage_notify] [frame_stage] begin stage=6 this=0x00007FF9971873C0
#13685 [2026-09-17 23:40:58.575] [DEBUG] [P8724:T14672] [phase=frame_stage_notify] [hook=frame_stage_notify] [frame_stage] guns begin
#13686 [2026-09-17 23:40:58.593] [DEBUG] [P8724:T14672] [phase=frame_stage_notify] [hook=frame_stage_notify] [frame_stage] guns end
#13687 [2026-09-17 23:40:58.612] [DEBUG] [P8724:T14672] [phase=frame_stage_notify] [hook=frame_stage_notify] [frame_stage] dlight begin
#13688 [2026-09-17 23:40:58.630] [DEBUG] [P8724:T14672] [phase=frame_stage_notify] [hook=frame_stage_notify] [frame_stage] dlight end
#13689 [2026-09-17 23:40:58.648] [DEBUG] [P8724:T14672] [phase=frame_stage_notify] [hook=frame_stage_notify] [frame_stage] original begin
#13690 [2026-09-17 23:40:58.667] [DEBUG] [P8724:T14672] [phase=frame_stage_notify] [hook=frame_stage_notify] [frame_stage] original end
#13691 [2026-09-17 23:40:58.686] [DEBUG] [P8724:T14672] [phase=frame_stage_notify] [hook=frame_stage_notify] [frame_stage] post-network feature updates begin
#13692 [2026-09-17 23:40:58.704] [DEBUG] [P8724:T14672] [phase=frame_stage_notify] [hook=frame_stage_notify] [frame_stage] post-network feature updates end
#13693 [2026-09-17 23:40:58.722] [DEBUG] [P8724:T14672] [phase=frame_stage_notify] [hook=frame_stage_notify] [frame_stage] end stage=6
#13694 [2026-09-17 23:40:58.741] [DEBUG] [P8724:T14672] [phase=frame_stage_notify] [hook=frame_stage_notify] [frame_stage] begin stage=7 this=0x00007FF9971873C0
#13695 [2026-09-17 23:40:58.759] [DEBUG] [P8724:T14672] [phase=frame_stage_notify] [hook=frame_stage_notify] [frame_stage] agents begin
#13696 [2026-09-17 23:40:58.778] [DEBUG] [P8724:T14672] [phase=frame_stage_notify] [hook=frame_stage_notify] [frame_stage] agents end; gloves begin
#13697 [2026-09-17 23:40:58.796] [DEBUG] [P8724:T14672] [phase=frame_stage_notify] [hook=frame_stage_notify] [frame_stage] gloves end; knives begin
#13698 [2026-09-17 23:40:58.814] [DEBUG] [P8724:T14672] [phase=frame_stage_notify] [hook=frame_stage_notify] [frame_stage] knives end; world begin
#13699 [2026-09-17 23:40:58.832] [DEBUG] [P8724:T14672] [phase=frame_stage_notify] [hook=frame_stage_notify] [frame_stage] scene end; weather begin
#13700 [2026-09-17 23:40:58.851] [DEBUG] [P8724:T14672] [phase=frame_stage_notify] [hook=frame_stage_notify] [frame_stage] weather end; other begin
#13701 [2026-09-17 23:40:58.869] [DEBUG] [P8724:T14672] [phase=frame_stage_notify] [hook=frame_stage_notify] [frame_stage] other end; impacts begin
#13702 [2026-09-17 23:40:58.887] [DEBUG] [P8724:T14672] [phase=frame_stage_notify] [hook=frame_stage_notify] [frame_stage] impacts end
#13703 [2026-09-17 23:40:58.905] [DEBUG] [P8724:T14672] [phase=frame_stage_notify] [hook=frame_stage_notify] [frame_stage] original begin
#13704 [2026-09-17 23:40:58.923] [DEBUG] [P8724:T14672] [phase=frame_stage_notify] [hook=frame_stage_notify] [frame_stage] original end
#13705 [2026-09-17 23:40:58.941] [DEBUG] [P8724:T14672] [phase=frame_stage_notify] [hook=frame_stage_notify] [frame_stage] end stage=7
#13706 [2026-09-17 23:40:58.961] [DEBUG] [P8724:T14672] [phase=frame_stage_notify] [hook=frame_stage_notify] [frame_stage] begin stage=8 this=0x00007FF9971873C0
#13707 [2026-09-17 23:40:58.979] [DEBUG] [P8724:T14672] [phase=frame_stage_notify] [hook=frame_stage_notify] [frame_stage] original begin
#13708 [2026-09-17 23:40:58.997] [DEBUG] [P8724:T14672] [phase=frame_stage_notify] [hook=frame_stage_notify] [frame_stage] original end
#13709 [2026-09-17 23:40:59.015] [DEBUG] [P8724:T14672] [phase=frame_stage_notify] [hook=frame_stage_notify] [frame_stage] end stage=8
#13710 [2026-09-17 23:40:59.033] [DEBUG] [P8724:T14672] [phase=frame_stage_notify] [hook=frame_stage_notify] [frame_stage] begin stage=3 this=0x00007FF9971873C0
#13711 [2026-09-17 23:40:59.050] [DEBUG] [P8724:T14672] [phase=frame_stage_notify] [hook=frame_stage_notify] [frame_stage] original begin
#13712 [2026-09-17 23:40:59.069] [DEBUG] [P8724:T14672] [phase=frame_stage_notify] [hook=frame_stage_notify] [frame_stage] original end
#13713 [2026-09-17 23:40:59.088] [DEBUG] [P8724:T14672] [phase=frame_stage_notify] [hook=frame_stage_notify] [frame_stage] end stage=3
#13714 [2026-09-17 23:40:59.107] [DEBUG] [P8724:T14672] [phase=frame_stage_notify] [hook=frame_stage_notify] [frame_stage] begin stage=12 this=0x00007FF9971873C0
#13715 [2026-09-17 23:40:59.125] [DEBUG] [P8724:T14672] [phase=frame_stage_notify] [hook=frame_stage_notify] [frame_stage] original begin
#13716 [2026-09-17 23:40:59.143] [DEBUG] [P8724:T14672] [phase=frame_stage_notify] [hook=frame_stage_notify] [frame_stage] original end
#13717 [2026-09-17 23:40:59.161] [DEBUG] [P8724:T14672] [phase=frame_stage_notify] [hook=frame_stage_notify] [frame_stage] view/frame-data update begin
#13718 [2026-09-17 23:40:59.180] [DEBUG] [P8724:T14672] [phase=frame_stage_notify] [hook=frame_stage_notify] [frame_stage] view/frame-data update end
#13719 [2026-09-17 23:40:59.199] [DEBUG] [P8724:T14672] [phase=frame_stage_notify] [hook=frame_stage_notify] [frame_stage] end stage=12
#13720 [2026-09-17 23:40:59.220] [DEBUG] [P8724:T17744] [phase=present] [hook=present] [present] begin swap_chain=0x0000026A946CF720 sync=0 flags=0x200 ready=1
#13821 [2026-09-17 23:40:59.239] [DEBUG] [P8724:T17744] [phase=present] [hook=present] [present] rendering context updated
#13822 [2026-09-17 23:40:59.257] [DEBUG] [P8724:T17744] [phase=present] [hook=present] [present] forwarding to original
#13823 [2026-09-17 23:40:59.277] [DEBUG] [P8724:T14672] [phase=frame_stage_notify] [hook=frame_stage_notify] [frame_stage] begin stage=0 this=0x00007FF9971873C0
#13827 [2026-09-17 23:40:59.297] [DEBUG] [P8724:T14672] [phase=frame_stage_notify] [hook=frame_stage_notify] [frame_stage] original begin
#13828 [2026-09-17 23:40:59.314] [DEBUG] [P8724:T14672] [phase=frame_stage_notify] [hook=frame_stage_notify] [frame_stage] original end
#13829 [2026-09-17 23:40:59.332] [DEBUG] [P8724:T14672] [phase=frame_stage_notify] [hook=frame_stage_notify] [frame_stage] end stage=0
#13830 [2026-09-17 23:40:59.368] [DEBUG] [P8724:T14672] [phase=frame_stage_notify] [hook=frame_stage_notify] [frame_stage] begin stage=11 this=0x00007FF9971873C0
#13831 [2026-09-17 23:40:59.386] [DEBUG] [P8724:T14672] [phase=frame_stage_notify] [hook=frame_stage_notify] [frame_stage] original begin
#13832 [2026-09-17 23:40:59.405] [DEBUG] [P8724:T14672] [phase=frame_stage_notify] [hook=frame_stage_notify] [frame_stage] original end
#13833 [2026-09-17 23:40:59.423] [DEBUG] [P8724:T14672] [phase=frame_stage_notify] [hook=frame_stage_notify] [frame_stage] end stage=11
#13834 [2026-09-17 23:40:59.443] [DEBUG] [P8724:T14672] [phase=frame_stage_notify] [hook=frame_stage_notify] [frame_stage] begin stage=0 this=0x00007FF9971873C0
#13835 [2026-09-17 23:40:59.462] [DEBUG] [P8724:T14672] [phase=frame_stage_notify] [hook=frame_stage_notify] [frame_stage] original begin
#13836 [2026-09-17 23:40:59.480] [DEBUG] [P8724:T14672] [phase=frame_stage_notify] [hook=frame_stage_notify] [frame_stage] original end
#13837 [2026-09-17 23:40:59.498] [DEBUG] [P8724:T14672] [phase=frame_stage_notify] [hook=frame_stage_notify] [frame_stage] end stage=0
#13838 [2026-09-17 23:40:59.517] [DEBUG] [P8724:T14672] [phase=frame_stage_notify] [hook=frame_stage_notify] [frame_stage] begin stage=11 this=0x00007FF9971873C0
#13839 [2026-09-17 23:40:59.538] [DEBUG] [P8724:T14672] [phase=frame_stage_notify] [hook=frame_stage_notify] [frame_stage] original begin
#13840 [2026-09-17 23:40:59.573] [DEBUG] [P8724:T14672] [phase=frame_stage_notify] [hook=frame_stage_notify] [frame_stage] original end
#13841 [2026-09-17 23:40:59.592] [DEBUG] [P8724:T14672] [phase=frame_stage_notify] [hook=frame_stage_notify] [frame_stage] end stage=11
#13842 [2026-09-17 23:40:59.633] [DEBUG] [P8724:T14672] [phase=frame_stage_notify] [hook=frame_stage_notify] [frame_stage] begin stage=0 this=0x00007FF9971873C0
#13843 [2026-09-17 23:40:59.652] [DEBUG] [P8724:T14672] [phase=frame_stage_notify] [hook=frame_stage_notify] [frame_stage] original begin
#13844 [2026-09-17 23:40:59.670] [DEBUG] [P8724:T14672] [phase=frame_stage_notify] [hook=frame_stage_notify] [frame_stage] original end
#13845 [2026-09-17 23:40:59.689] [DEBUG] [P8724:T14672] [phase=frame_stage_notify] [hook=frame_stage_notify] [frame_stage] end stage=0
#13846 [2026-09-17 23:40:59.709] [DEBUG] [P8724:T14672] [phase=frame_stage_notify] [hook=frame_stage_notify] [frame_stage] begin stage=11 this=0x00007FF9971873C0
#13847 [2026-09-17 23:40:59.729] [DEBUG] [P8724:T14672] [phase=frame_stage_notify] [hook=frame_stage_notify] [frame_stage] original begin
#13848 [2026-09-17 23:40:59.749] [DEBUG] [P8724:T14672] [phase=frame_stage_notify] [hook=frame_stage_notify] [frame_stage] original end
#13849 [2026-09-17 23:40:59.767] [DEBUG] [P8724:T14672] [phase=frame_stage_notify] [hook=frame_stage_notify] [frame_stage] end stage=11
#13850 [2026-09-17 23:40:59.788] [DEBUG] [P8724:T14672] [phase=frame_stage_notify] [hook=frame_stage_notify] [frame_stage] begin stage=0 this=0x00007FF9971873C0
#13851 [2026-09-17 23:40:59.808] [DEBUG] [P8724:T14672] [phase=frame_stage_notify] [hook=frame_stage_notify] [frame_stage] original begin
#13852 [2026-09-17 23:40:59.827] [DEBUG] [P8724:T14672] [phase=frame_stage_notify] [hook=frame_stage_notify] [frame_stage] original end
#13853 [2026-09-17 23:40:59.845] [DEBUG] [P8724:T14672] [phase=frame_stage_notify] [hook=frame_stage_notify] [frame_stage] end stage=0
#13854 [2026-09-17 23:40:59.881] [DEBUG] [P8724:T14672] [phase=frame_stage_notify] [hook=frame_stage_notify] [frame_stage] begin stage=10 this=0x00007FF9971873C0
#13855 [2026-09-17 23:40:59.915] [DEBUG] [P8724:T14672] [phase=frame_stage_notify] [hook=frame_stage_notify] [frame_stage] original begin
#13856 [2026-09-17 23:40:59.934] [DEBUG] [P8724:T14672] [phase=frame_stage_notify] [hook=frame_stage_notify] [frame_stage] original end
#13857 [2026-09-17 23:40:59.952] [DEBUG] [P8724:T14672] [phase=frame_stage_notify] [hook=frame_stage_notify] [frame_stage] end stage=10
#13858 [2026-09-17 23:40:59.971] [DEBUG] [P8724:T14672] [phase=frame_stage_notify] [hook=frame_stage_notify] [frame_stage] begin stage=11 this=0x00007FF9971873C0
#13859 [2026-09-17 23:40:59.989] [DEBUG] [P8724:T14672] [phase=frame_stage_notify] [hook=frame_stage_notify] [frame_stage] original begin
#13860 [2026-09-17 23:41:00.007] [DEBUG] [P8724:T14672] [phase=frame_stage_notify] [hook=frame_stage_notify] [frame_stage] original end
#13861 [2026-09-17 23:41:00.025] [DEBUG] [P8724:T14672] [phase=frame_stage_notify] [hook=frame_stage_notify] [frame_stage] end stage=11
#13862 [2026-09-17 23:41:00.060] [DEBUG] [P8724:T14672] [phase=frame_stage_notify] [hook=frame_stage_notify] [frame_stage] begin stage=1 this=0x00007FF9971873C0
#13863 [2026-09-17 23:41:00.114] [DEBUG] [P8724:T14672] [phase=frame_stage_notify] [hook=frame_stage_notify] [frame_stage] original begin
#13864 [2026-09-17 23:41:00.149] [DEBUG] [P8724:T14672] [phase=frame_stage_notify] [hook=frame_stage_notify] [frame_stage] original end
#13865 [2026-09-17 23:41:00.168] [DEBUG] [P8724:T14672] [phase=frame_stage_notify] [hook=frame_stage_notify] [frame_stage] end stage=1
#13866 [2026-09-17 23:41:00.186] [DEBUG] [P8724:T14672] [phase=frame_stage_notify] [hook=frame_stage_notify] [frame_stage] begin stage=2 this=0x00007FF9971873C0
#13867 [2026-09-17 23:41:00.205] [DEBUG] [P8724:T14672] [phase=frame_stage_notify] [hook=frame_stage_notify] [frame_stage] original begin
#13868 [2026-09-17 23:41:00.223] [DEBUG] [P8724:T14672] [phase=frame_stage_notify] [hook=frame_stage_notify] [frame_stage] original end
#13869 [2026-09-17 23:41:00.241] [DEBUG] [P8724:T14672] [phase=frame_stage_notify] [hook=frame_stage_notify] [frame_stage] end stage=2
#13870 [2026-09-17 23:41:00.259] [DEBUG] [P8724:T14672] [phase=frame_stage_notify] [hook=frame_stage_notify] [frame_stage] begin stage=5 this=0x00007FF9971873C0
#13871 [2026-09-17 23:41:00.277] [DEBUG] [P8724:T14672] [phase=frame_stage_notify] [hook=frame_stage_notify] [frame_stage] original begin
#13872 [2026-09-17 23:41:00.296] [DEBUG] [P8724:T14672] [phase=frame_stage_notify] [hook=frame_stage_notify] [frame_stage] original end
#13873 [2026-09-17 23:41:00.314] [DEBUG] [P8724:T14672] [phase=frame_stage_notify] [hook=frame_stage_notify] [frame_stage] end stage=5
#13874 [2026-09-17 23:41:00.332] [DEBUG] [P8724:T14672] [phase=frame_stage_notify] [hook=frame_stage_notify] [frame_stage] begin stage=6 this=0x00007FF9971873C0
#13875 [2026-09-17 23:41:00.350] [DEBUG] [P8724:T14672] [phase=frame_stage_notify] [hook=frame_stage_notify] [frame_stage] guns begin
#13876 [2026-09-17 23:41:00.368] [DEBUG] [P8724:T14672] [phase=frame_stage_notify] [hook=frame_stage_notify] [frame_stage] guns end
#13877 [2026-09-17 23:41:00.387] [DEBUG] [P8724:T14672] [phase=frame_stage_notify] [hook=frame_stage_notify] [frame_stage] dlight begin
#13878 [2026-09-17 23:41:00.405] [DEBUG] [P8724:T14672] [phase=frame_stage_notify] [hook=frame_stage_notify] [frame_stage] dlight end
#13879 [2026-09-17 23:41:00.424] [DEBUG] [P8724:T14672] [phase=frame_stage_notify] [hook=frame_stage_notify] [frame_stage] original begin
#13880 [2026-09-17 23:41:00.442] [DEBUG] [P8724:T14672] [phase=frame_stage_notify] [hook=frame_stage_notify] [frame_stage] original end
#13881 [2026-09-17 23:41:00.459] [DEBUG] [P8724:T14672] [phase=frame_stage_notify] [hook=frame_stage_notify] [frame_stage] post-network feature updates begin
#13882 [2026-09-17 23:41:00.478] [DEBUG] [P8724:T14672] [phase=frame_stage_notify] [hook=frame_stage_notify] [frame_stage] post-network feature updates end
#13883 [2026-09-17 23:41:00.495] [DEBUG] [P8724:T14672] [phase=frame_stage_notify] [hook=frame_stage_notify] [frame_stage] end stage=6
#13884 [2026-09-17 23:41:00.514] [DEBUG] [P8724:T14672] [phase=frame_stage_notify] [hook=frame_stage_notify] [frame_stage] begin stage=7 this=0x00007FF9971873C0
#13885 [2026-09-17 23:41:00.533] [DEBUG] [P8724:T14672] [phase=frame_stage_notify] [hook=frame_stage_notify] [frame_stage] agents begin
#13886 [2026-09-17 23:41:00.551] [DEBUG] [P8724:T14672] [phase=frame_stage_notify] [hook=frame_stage_notify] [frame_stage] agents end; gloves begin
#13887 [2026-09-17 23:41:00.569] [DEBUG] [P8724:T14672] [phase=frame_stage_notify] [hook=frame_stage_notify] [frame_stage] gloves end; knives begin
#13888 [2026-09-17 23:41:00.587] [DEBUG] [P8724:T14672] [phase=frame_stage_notify] [hook=frame_stage_notify] [frame_stage] knives end; world begin
#13889 [2026-09-17 23:41:00.604] [DEBUG] [P8724:T14672] [phase=frame_stage_notify] [hook=frame_stage_notify] [frame_stage] scene end; weather begin
#13890 [2026-09-17 23:41:00.623] [DEBUG] [P8724:T14672] [phase=frame_stage_notify] [hook=frame_stage_notify] [frame_stage] weather end; other begin
#13891 [2026-09-17 23:41:00.642] [DEBUG] [P8724:T14672] [phase=frame_stage_notify] [hook=frame_stage_notify] [frame_stage] other end; impacts begin
#13892 [2026-09-17 23:41:00.660] [DEBUG] [P8724:T14672] [phase=frame_stage_notify] [hook=frame_stage_notify] [frame_stage] impacts end
#13893 [2026-09-17 23:41:00.678] [DEBUG] [P8724:T14672] [phase=frame_stage_notify] [hook=frame_stage_notify] [frame_stage] original begin
#13894 [2026-09-17 23:41:00.696] [DEBUG] [P8724:T14672] [phase=frame_stage_notify] [hook=frame_stage_notify] [frame_stage] original end
#13895 [2026-09-17 23:41:00.713] [DEBUG] [P8724:T14672] [phase=frame_stage_notify] [hook=frame_stage_notify] [frame_stage] end stage=7
#13896 [2026-09-17 23:41:00.733] [DEBUG] [P8724:T14672] [phase=frame_stage_notify] [hook=frame_stage_notify] [frame_stage] begin stage=8 this=0x00007FF9971873C0
#13897 [2026-09-17 23:41:00.751] [DEBUG] [P8724:T14672] [phase=frame_stage_notify] [hook=frame_stage_notify] [frame_stage] original begin
#13898 [2026-09-17 23:41:00.769] [DEBUG] [P8724:T14672] [phase=frame_stage_notify] [hook=frame_stage_notify] [frame_stage] original end
#13899 [2026-09-17 23:41:00.787] [DEBUG] [P8724:T14672] [phase=frame_stage_notify] [hook=frame_stage_notify] [frame_stage] end stage=8
#13900 [2026-09-17 23:41:00.805] [DEBUG] [P8724:T14672] [phase=frame_stage_notify] [hook=frame_stage_notify] [frame_stage] begin stage=3 this=0x00007FF9971873C0
#13901 [2026-09-17 23:41:00.823] [DEBUG] [P8724:T14672] [phase=frame_stage_notify] [hook=frame_stage_notify] [frame_stage] original begin
#13902 [2026-09-17 23:41:00.842] [DEBUG] [P8724:T14672] [phase=frame_stage_notify] [hook=frame_stage_notify] [frame_stage] original end
#13903 [2026-09-17 23:41:00.860] [DEBUG] [P8724:T14672] [phase=frame_stage_notify] [hook=frame_stage_notify] [frame_stage] end stage=3
#13904 [2026-09-17 23:41:00.878] [DEBUG] [P8724:T14672] [phase=frame_stage_notify] [hook=frame_stage_notify] [frame_stage] begin stage=12 this=0x00007FF9971873C0
#13905 [2026-09-17 23:41:00.914] [DEBUG] [P8724:T14672] [phase=frame_stage_notify] [hook=frame_stage_notify] [frame_stage] original begin
#13906 [2026-09-17 23:41:00.933] [DEBUG] [P8724:T14672] [phase=frame_stage_notify] [hook=frame_stage_notify] [frame_stage] original end
#13907 [2026-09-17 23:41:00.951] [DEBUG] [P8724:T14672] [phase=frame_stage_notify] [hook=frame_stage_notify] [frame_stage] view/frame-data update begin
#13908 [2026-09-17 23:41:00.970] [DEBUG] [P8724:T14672] [phase=frame_stage_notify] [hook=frame_stage_notify] [frame_stage] view/frame-data update end
#13909 [2026-09-17 23:41:01.326] [DEBUG] [P8724:T14672] [phase=frame_stage_notify] [hook=frame_stage_notify] [frame_stage] end stage=12
#13910 [2026-09-17 23:41:01.351] [DEBUG] [P8724:T17744] [phase=present] [hook=present] [present] begin swap_chain=0x0000026A946CF720 sync=0 flags=0x200 ready=1
#14013 [2026-09-17 23:41:01.369] [DEBUG] [P8724:T17744] [phase=present] [hook=present] [present] rendering context updated
#14014 [2026-09-17 23:41:01.389] [DEBUG] [P8724:T17744] [phase=present] [hook=present] [present] forwarding to original
#14015 [2026-09-17 23:41:01.408] [DEBUG] [P8724:T17744] [phase=present] [hook=present] [present] begin swap_chain=0x0000026A946CF720 sync=0 flags=0x200 ready=1
#14100 [2026-09-17 23:41:01.426] [DEBUG] [P8724:T17744] [phase=present] [hook=present] [present] rendering context updated
#14101 [2026-09-17 23:41:01.446] [DEBUG] [P8724:T17744] [phase=present] [hook=present] [present] forwarding to original
#14102 [2026-09-17 23:41:01.465] [DEBUG] [P8724:T17744] [phase=present] [hook=present] [present] begin swap_chain=0x0000026A946CF720 sync=0 flags=0x200 ready=1
#14103 [2026-09-17 23:41:01.482] [DEBUG] [P8724:T17744] [phase=present] [hook=present] [present] rendering context updated
#14196 [2026-09-17 23:41:01.502] [DEBUG] [P8724:T17744] [phase=present] [hook=present] [present] forwarding to original
#14197 [2026-09-17 23:41:01.522] [DEBUG] [P8724:T17744] [phase=present] [hook=present] [present] begin swap_chain=0x0000026A946CF720 sync=0 flags=0x200 ready=1
#14198 [2026-09-17 23:41:01.541] [DEBUG] [P8724:T17744] [phase=present] [hook=present] [present] rendering context updated
#14275 [2026-09-17 23:41:01.559] [DEBUG] [P8724:T17744] [phase=present] [hook=present] [present] forwarding to original
#14276 [2026-09-17 23:41:01.578] [DEBUG] [P8724:T17744] [phase=present] [hook=present] [present] begin swap_chain=0x0000026A946CF720 sync=0 flags=0x200 ready=1
#14281 [2026-09-17 23:41:01.597] [DEBUG] [P8724:T17744] [phase=present] [hook=present] [present] rendering context updated
#14362 [2026-09-17 23:41:01.616] [DEBUG] [P8724:T17744] [phase=present] [hook=present] [present] forwarding to original
#14363 [2026-09-17 23:41:01.636] [DEBUG] [P8724:T17744] [phase=present] [hook=present] [present] begin swap_chain=0x0000026A946CF720 sync=0 flags=0x200 ready=1
#14364 [2026-09-17 23:41:01.655] [DEBUG] [P8724:T17744] [phase=present] [hook=present] [present] rendering context updated
#14449 [2026-09-17 23:41:01.674] [DEBUG] [P8724:T17744] [phase=present] [hook=present] [present] forwarding to original
#14450 [2026-09-17 23:41:01.693] [DEBUG] [P8724:T17744] [phase=present] [hook=present] [present] begin swap_chain=0x0000026A946CF720 sync=0 flags=0x200 ready=1
#14451 [2026-09-17 23:41:01.711] [DEBUG] [P8724:T17744] [phase=present] [hook=present] [present] rendering context updated
#14528 [2026-09-17 23:41:01.729] [DEBUG] [P8724:T17744] [phase=present] [hook=present] [present] forwarding to original
#14529 [2026-09-17 23:41:01.749] [DEBUG] [P8724:T17744] [phase=present] [hook=present] [present] begin swap_chain=0x0000026A946CF720 sync=0 flags=0x200 ready=1
#14530 [2026-09-17 23:41:01.768] [DEBUG] [P8724:T17744] [phase=present] [hook=present] [present] rendering context updated
#14615 [2026-09-17 23:41:01.786] [DEBUG] [P8724:T17744] [phase=present] [hook=present] [present] forwarding to original
#14616 [2026-09-17 23:41:01.804] [DEBUG] [P8724:T17744] [phase=present] [hook=present] [present] begin swap_chain=0x0000026A946CF720 sync=0 flags=0x200 ready=1
#14617 [2026-09-17 23:41:01.823] [DEBUG] [P8724:T17744] [phase=present] [hook=present] [present] rendering context updated
#14694 [2026-09-17 23:41:01.841] [DEBUG] [P8724:T17744] [phase=present] [hook=present] [present] forwarding to original
#14695 [2026-09-17 23:41:01.867] [DEBUG] [P8724:T17744] [phase=present] [hook=present] [present] begin swap_chain=0x0000026A946CF720 sync=0 flags=0x200 ready=1
#14696 [2026-09-17 23:41:01.886] [DEBUG] [P8724:T17744] [phase=present] [hook=present] [present] rendering context updated
#14783 [2026-09-17 23:41:01.904] [DEBUG] [P8724:T17744] [phase=present] [hook=present] [present] forwarding to original
#14784 [2026-09-17 23:41:01.923] [DEBUG] [P8724:T17744] [phase=present] [hook=present] [present] begin swap_chain=0x0000026A946CF720 sync=0 flags=0x200 ready=1
#14785 [2026-09-17 23:41:01.942] [DEBUG] [P8724:T17744] [phase=present] [hook=present] [present] rendering context updated
#14870 [2026-09-17 23:41:01.960] [DEBUG] [P8724:T17744] [phase=present] [hook=present] [present] forwarding to original
#14871 [2026-09-17 23:41:01.980] [DEBUG] [P8724:T17744] [phase=present] [hook=present] [present] begin swap_chain=0x0000026A946CF720 sync=0 flags=0x200 ready=1
#14872 [2026-09-17 23:41:02.000] [DEBUG] [P8724:T17744] [phase=present] [hook=present] [present] rendering context updated
#14957 [2026-09-17 23:41:02.017] [DEBUG] [P8724:T17744] [phase=present] [hook=present] [present] forwarding to original
#14958 [2026-09-17 23:41:02.036] [DEBUG] [P8724:T17744] [phase=present] [hook=present] [present] begin swap_chain=0x0000026A946CF720 sync=0 flags=0x200 ready=1
#14963 [2026-09-17 23:41:02.055] [DEBUG] [P8724:T17744] [phase=present] [hook=present] [present] rendering context updated
#15036 [2026-09-17 23:41:02.073] [DEBUG] [P8724:T17744] [phase=present] [hook=present] [present] forwarding to original
#15037 [2026-09-17 23:41:02.093] [DEBUG] [P8724:T17744] [phase=present] [hook=present] [present] begin swap_chain=0x0000026A946CF720 sync=0 flags=0x200 ready=1
#15038 [2026-09-17 23:41:02.111] [DEBUG] [P8724:T17744] [phase=present] [hook=present] [present] rendering context updated
#15123 [2026-09-17 23:41:02.129] [DEBUG] [P8724:T17744] [phase=present] [hook=present] [present] forwarding to original
#15124 [2026-09-17 23:41:02.149] [DEBUG] [P8724:T17744] [phase=present] [hook=present] [present] begin swap_chain=0x0000026A946CF720 sync=0 flags=0x200 ready=1
#15125 [2026-09-17 23:41:02.166] [DEBUG] [P8724:T17744] [phase=present] [hook=present] [present] rendering context updated
#15202 [2026-09-17 23:41:02.184] [DEBUG] [P8724:T17744] [phase=present] [hook=present] [present] forwarding to original
#15203 [2026-09-17 23:41:02.206] [DEBUG] [P8724:T17744] [phase=present] [hook=present] [present] begin swap_chain=0x0000026A946CF720 sync=0 flags=0x200 ready=1
#15204 [2026-09-17 23:41:02.225] [DEBUG] [P8724:T17744] [phase=present] [hook=present] [present] rendering context updated
#15289 [2026-09-17 23:41:02.243] [DEBUG] [P8724:T17744] [phase=present] [hook=present] [present] forwarding to original
#15290 [2026-09-17 23:41:02.262] [DEBUG] [P8724:T17744] [phase=present] [hook=present] [present] begin swap_chain=0x0000026A946CF720 sync=0 flags=0x200 ready=1
#15291 [2026-09-17 23:41:02.281] [DEBUG] [P8724:T17744] [phase=present] [hook=present] [present] rendering context updated
#15376 [2026-09-17 23:41:02.299] [DEBUG] [P8724:T17744] [phase=present] [hook=present] [present] forwarding to original
#15377 [2026-09-17 23:41:02.319] [DEBUG] [P8724:T17744] [phase=present] [hook=present] [present] begin swap_chain=0x0000026A946CF720 sync=0 flags=0x200 ready=1
#15378 [2026-09-17 23:41:02.338] [DEBUG] [P8724:T17744] [phase=present] [hook=present] [present] rendering context updated
#15455 [2026-09-17 23:41:02.356] [DEBUG] [P8724:T17744] [phase=present] [hook=present] [present] forwarding to original
#15456 [2026-09-17 23:41:02.376] [DEBUG] [P8724:T17744] [phase=present] [hook=present] [present] begin swap_chain=0x0000026A946CF720 sync=0 flags=0x200 ready=1
#15457 [2026-09-17 23:41:02.394] [DEBUG] [P8724:T17744] [phase=present] [hook=present] [present] rendering context updated
#15544 [2026-09-17 23:41:02.412] [DEBUG] [P8724:T17744] [phase=present] [hook=present] [present] forwarding to original
#15545 [2026-09-17 23:41:02.433] [DEBUG] [P8724:T17744] [phase=present] [hook=present] [present] begin swap_chain=0x0000026A946CF720 sync=0 flags=0x200 ready=1
#15546 [2026-09-17 23:41:02.451] [DEBUG] [P8724:T17744] [phase=present] [hook=present] [present] rendering context updated
#15631 [2026-09-17 23:41:02.471] [DEBUG] [P8724:T17744] [phase=present] [hook=present] [present] forwarding to original
#15632 [2026-09-17 23:41:02.491] [DEBUG] [P8724:T17744] [phase=present] [hook=present] [present] begin swap_chain=0x0000026A946CF720 sync=0 flags=0x200 ready=1
#15633 [2026-09-17 23:41:02.509] [DEBUG] [P8724:T17744] [phase=present] [hook=present] [present] rendering context updated
#15710 [2026-09-17 23:41:02.527] [DEBUG] [P8724:T17744] [phase=present] [hook=present] [present] forwarding to original
#15711 [2026-09-17 23:41:02.547] [DEBUG] [P8724:T17744] [phase=present] [hook=present] [present] begin swap_chain=0x0000026A946CF720 sync=0 flags=0x200 ready=1
#15720 [2026-09-17 23:41:02.566] [DEBUG] [P8724:T14672] [phase=frame_stage_notify] [hook=frame_stage_notify] [frame_stage] begin stage=0 this=0x00007FF9971873C0
#15723 [2026-09-17 23:41:02.584] [DEBUG] [P8724:T14672] [phase=frame_stage_notify] [hook=frame_stage_notify] [frame_stage] original begin
#15724 [2026-09-17 23:41:02.602] [DEBUG] [P8724:T14672] [phase=frame_stage_notify] [hook=frame_stage_notify] [frame_stage] original end
#15725 [2026-09-17 23:41:02.620] [DEBUG] [P8724:T14672] [phase=frame_stage_notify] [hook=frame_stage_notify] [frame_stage] end stage=0
#15726 [2026-09-17 23:41:02.639] [DEBUG] [P8724:T14672] [phase=frame_stage_notify] [hook=frame_stage_notify] [frame_stage] begin stage=11 this=0x00007FF9971873C0
#15727 [2026-09-17 23:41:02.658] [DEBUG] [P8724:T14672] [phase=frame_stage_notify] [hook=frame_stage_notify] [frame_stage] original begin
#15728 [2026-09-17 23:41:02.676] [DEBUG] [P8724:T14672] [phase=frame_stage_notify] [hook=frame_stage_notify] [frame_stage] original end
#15729 [2026-09-17 23:41:02.694] [DEBUG] [P8724:T14672] [phase=frame_stage_notify] [hook=frame_stage_notify] [frame_stage] end stage=11
#15730 [2026-09-17 23:41:02.712] [DEBUG] [P8724:T14672] [phase=frame_stage_notify] [hook=frame_stage_notify] [frame_stage] begin stage=0 this=0x00007FF9971873C0
#15731 [2026-09-17 23:41:02.730] [DEBUG] [P8724:T14672] [phase=frame_stage_notify] [hook=frame_stage_notify] [frame_stage] original begin
#15732 [2026-09-17 23:41:02.748] [DEBUG] [P8724:T14672] [phase=frame_stage_notify] [hook=frame_stage_notify] [frame_stage] original end
#15733 [2026-09-17 23:41:02.767] [DEBUG] [P8724:T14672] [phase=frame_stage_notify] [hook=frame_stage_notify] [frame_stage] end stage=0
#15734 [2026-09-17 23:41:02.785] [DEBUG] [P8724:T14672] [phase=frame_stage_notify] [hook=frame_stage_notify] [frame_stage] begin stage=11 this=0x00007FF9971873C0
#15735 [2026-09-17 23:41:02.804] [DEBUG] [P8724:T14672] [phase=frame_stage_notify] [hook=frame_stage_notify] [frame_stage] original begin
#15736 [2026-09-17 23:41:02.822] [DEBUG] [P8724:T14672] [phase=frame_stage_notify] [hook=frame_stage_notify] [frame_stage] original end
#15737 [2026-09-17 23:41:02.841] [DEBUG] [P8724:T14672] [phase=frame_stage_notify] [hook=frame_stage_notify] [frame_stage] end stage=11
#15738 [2026-09-17 23:41:02.859] [DEBUG] [P8724:T14672] [phase=frame_stage_notify] [hook=frame_stage_notify] [frame_stage] begin stage=0 this=0x00007FF9971873C0
#15739 [2026-09-17 23:41:02.878] [DEBUG] [P8724:T14672] [phase=frame_stage_notify] [hook=frame_stage_notify] [frame_stage] original begin
#15740 [2026-09-17 23:41:02.897] [DEBUG] [P8724:T14672] [phase=frame_stage_notify] [hook=frame_stage_notify] [frame_stage] original end
#15741 [2026-09-17 23:41:02.914] [DEBUG] [P8724:T14672] [phase=frame_stage_notify] [hook=frame_stage_notify] [frame_stage] end stage=0
#15742 [2026-09-17 23:41:02.932] [DEBUG] [P8724:T14672] [phase=frame_stage_notify] [hook=frame_stage_notify] [frame_stage] begin stage=10 this=0x00007FF9971873C0
#15743 [2026-09-17 23:41:02.950] [DEBUG] [P8724:T14672] [phase=frame_stage_notify] [hook=frame_stage_notify] [frame_stage] original begin
#15744 [2026-09-17 23:41:02.968] [DEBUG] [P8724:T14672] [phase=frame_stage_notify] [hook=frame_stage_notify] [frame_stage] original end
#15745 [2026-09-17 23:41:02.987] [DEBUG] [P8724:T14672] [phase=frame_stage_notify] [hook=frame_stage_notify] [frame_stage] end stage=10
#15746 [2026-09-17 23:41:03.005] [DEBUG] [P8724:T14672] [phase=frame_stage_notify] [hook=frame_stage_notify] [frame_stage] begin stage=11 this=0x00007FF9971873C0
#15747 [2026-09-17 23:41:03.024] [DEBUG] [P8724:T14672] [phase=frame_stage_notify] [hook=frame_stage_notify] [frame_stage] original begin
#15748 [2026-09-17 23:41:03.043] [DEBUG] [P8724:T14672] [phase=frame_stage_notify] [hook=frame_stage_notify] [frame_stage] original end
#15749 [2026-09-17 23:41:03.061] [DEBUG] [P8724:T14672] [phase=frame_stage_notify] [hook=frame_stage_notify] [frame_stage] end stage=11
#15750 [2026-09-17 23:41:03.096] [DEBUG] [P8724:T14672] [phase=frame_stage_notify] [hook=frame_stage_notify] [frame_stage] begin stage=1 this=0x00007FF9971873C0
#15751 [2026-09-17 23:41:03.115] [DEBUG] [P8724:T14672] [phase=frame_stage_notify] [hook=frame_stage_notify] [frame_stage] original begin
#15752 [2026-09-17 23:41:03.133] [DEBUG] [P8724:T14672] [phase=frame_stage_notify] [hook=frame_stage_notify] [frame_stage] original end
#15753 [2026-09-17 23:41:03.151] [DEBUG] [P8724:T14672] [phase=frame_stage_notify] [hook=frame_stage_notify] [frame_stage] end stage=1
#15754 [2026-09-17 23:41:03.169] [DEBUG] [P8724:T14672] [phase=frame_stage_notify] [hook=frame_stage_notify] [frame_stage] begin stage=2 this=0x00007FF9971873C0
#15755 [2026-09-17 23:41:03.188] [DEBUG] [P8724:T14672] [phase=frame_stage_notify] [hook=frame_stage_notify] [frame_stage] original begin
#15756 [2026-09-17 23:41:03.206] [DEBUG] [P8724:T14672] [phase=frame_stage_notify] [hook=frame_stage_notify] [frame_stage] original end
#15757 [2026-09-17 23:41:03.224] [DEBUG] [P8724:T14672] [phase=frame_stage_notify] [hook=frame_stage_notify] [frame_stage] end stage=2
#15758 [2026-09-17 23:41:03.242] [DEBUG] [P8724:T14672] [phase=frame_stage_notify] [hook=frame_stage_notify] [frame_stage] begin stage=5 this=0x00007FF9971873C0
#15759 [2026-09-17 23:41:03.260] [DEBUG] [P8724:T14672] [phase=frame_stage_notify] [hook=frame_stage_notify] [frame_stage] original begin
#15760 [2026-09-17 23:41:03.278] [DEBUG] [P8724:T14672] [phase=frame_stage_notify] [hook=frame_stage_notify] [frame_stage] original end
#15761 [2026-09-17 23:41:03.296] [DEBUG] [P8724:T14672] [phase=frame_stage_notify] [hook=frame_stage_notify] [frame_stage] end stage=5
#15762 [2026-09-17 23:41:03.315] [DEBUG] [P8724:T14672] [phase=frame_stage_notify] [hook=frame_stage_notify] [frame_stage] begin stage=6 this=0x00007FF9971873C0
#15763 [2026-09-17 23:41:03.333] [DEBUG] [P8724:T14672] [phase=frame_stage_notify] [hook=frame_stage_notify] [frame_stage] guns begin
#15764 [2026-09-17 23:41:03.358] [DEBUG] [P8724:T14672] [phase=frame_stage_notify] [hook=frame_stage_notify] [frame_stage] guns end
#15765 [2026-09-17 23:41:03.377] [DEBUG] [P8724:T14672] [phase=frame_stage_notify] [hook=frame_stage_notify] [frame_stage] dlight begin
#15766 [2026-09-17 23:41:03.396] [DEBUG] [P8724:T14672] [phase=frame_stage_notify] [hook=frame_stage_notify] [frame_stage] dlight end
#15767 [2026-09-17 23:41:03.413] [DEBUG] [P8724:T14672] [phase=frame_stage_notify] [hook=frame_stage_notify] [frame_stage] original begin
#15768 [2026-09-17 23:41:03.432] [DEBUG] [P8724:T14672] [phase=frame_stage_notify] [hook=frame_stage_notify] [frame_stage] original end
#15769 [2026-09-17 23:41:03.450] [DEBUG] [P8724:T14672] [phase=frame_stage_notify] [hook=frame_stage_notify] [frame_stage] post-network feature updates begin
#15770 [2026-09-17 23:41:03.468] [DEBUG] [P8724:T14672] [phase=frame_stage_notify] [hook=frame_stage_notify] [frame_stage] post-network feature updates end
#15771 [2026-09-17 23:41:03.488] [DEBUG] [P8724:T14672] [phase=frame_stage_notify] [hook=frame_stage_notify] [frame_stage] end stage=6
#15772 [2026-09-17 23:41:03.505] [DEBUG] [P8724:T14672] [phase=frame_stage_notify] [hook=frame_stage_notify] [frame_stage] begin stage=7 this=0x00007FF9971873C0
#15773 [2026-09-17 23:41:03.523] [DEBUG] [P8724:T14672] [phase=frame_stage_notify] [hook=frame_stage_notify] [frame_stage] agents begin
#15774 [2026-09-17 23:41:03.542] [DEBUG] [P8724:T14672] [phase=frame_stage_notify] [hook=frame_stage_notify] [frame_stage] agents end; gloves begin
#15775 [2026-09-17 23:41:03.560] [DEBUG] [P8724:T14672] [phase=frame_stage_notify] [hook=frame_stage_notify] [frame_stage] gloves end; knives begin
#15776 [2026-09-17 23:41:03.578] [DEBUG] [P8724:T14672] [phase=frame_stage_notify] [hook=frame_stage_notify] [frame_stage] knives end; world begin
#15777 [2026-09-17 23:41:03.596] [DEBUG] [P8724:T14672] [phase=frame_stage_notify] [hook=frame_stage_notify] [frame_stage] scene end; weather begin
#15778 [2026-09-17 23:41:03.615] [DEBUG] [P8724:T14672] [phase=frame_stage_notify] [hook=frame_stage_notify] [frame_stage] weather end; other begin
#15779 [2026-09-17 23:41:03.651] [DEBUG] [P8724:T14672] [phase=frame_stage_notify] [hook=frame_stage_notify] [frame_stage] other end; impacts begin
#15780 [2026-09-17 23:41:03.688] [DEBUG] [P8724:T14672] [phase=frame_stage_notify] [hook=frame_stage_notify] [frame_stage] impacts end
#15781 [2026-09-17 23:41:03.707] [DEBUG] [P8724:T14672] [phase=frame_stage_notify] [hook=frame_stage_notify] [frame_stage] original begin
#15782 [2026-09-17 23:41:03.725] [DEBUG] [P8724:T14672] [phase=frame_stage_notify] [hook=frame_stage_notify] [frame_stage] original end
#15783 [2026-09-17 23:41:03.744] [DEBUG] [P8724:T14672] [phase=frame_stage_notify] [hook=frame_stage_notify] [frame_stage] end stage=7
#15784 [2026-09-17 23:41:03.763] [DEBUG] [P8724:T14672] [phase=frame_stage_notify] [hook=frame_stage_notify] [frame_stage] begin stage=8 this=0x00007FF9971873C0
#15785 [2026-09-17 23:41:03.781] [DEBUG] [P8724:T14672] [phase=frame_stage_notify] [hook=frame_stage_notify] [frame_stage] original begin
#15786 [2026-09-17 23:41:03.800] [DEBUG] [P8724:T14672] [phase=frame_stage_notify] [hook=frame_stage_notify] [frame_stage] original end
#15787 [2026-09-17 23:41:03.818] [DEBUG] [P8724:T14672] [phase=frame_stage_notify] [hook=frame_stage_notify] [frame_stage] end stage=8
#15788 [2026-09-17 23:41:03.839] [DEBUG] [P8724:T14672] [phase=frame_stage_notify] [hook=frame_stage_notify] [frame_stage] begin stage=3 this=0x00007FF9971873C0
#15789 [2026-09-17 23:41:03.857] [DEBUG] [P8724:T14672] [phase=frame_stage_notify] [hook=frame_stage_notify] [frame_stage] original begin
#15790 [2026-09-17 23:41:03.875] [DEBUG] [P8724:T14672] [phase=frame_stage_notify] [hook=frame_stage_notify] [frame_stage] original end
#15791 [2026-09-17 23:41:03.893] [DEBUG] [P8724:T14672] [phase=frame_stage_notify] [hook=frame_stage_notify] [frame_stage] end stage=3
#15792 [2026-09-17 23:41:03.912] [DEBUG] [P8724:T14672] [phase=frame_stage_notify] [hook=frame_stage_notify] [frame_stage] begin stage=12 this=0x00007FF9971873C0
#15793 [2026-09-17 23:41:03.930] [DEBUG] [P8724:T14672] [phase=frame_stage_notify] [hook=frame_stage_notify] [frame_stage] original begin
#15794 [2026-09-17 23:41:03.949] [DEBUG] [P8724:T14672] [phase=frame_stage_notify] [hook=frame_stage_notify] [frame_stage] original end
#15795 [2026-09-17 23:41:03.968] [DEBUG] [P8724:T14672] [phase=frame_stage_notify] [hook=frame_stage_notify] [frame_stage] view/frame-data update begin
#15796 [2026-09-17 23:41:03.988] [DEBUG] [P8724:T14672] [phase=frame_stage_notify] [hook=frame_stage_notify] [frame_stage] view/frame-data update end
#15797 [2026-09-17 23:41:04.007] [DEBUG] [P8724:T14672] [phase=frame_stage_notify] [hook=frame_stage_notify] [frame_stage] end stage=12
#15798 [2026-09-17 23:41:04.030] [DEBUG] [P8724:T17744] [phase=present] [hook=present] [present] begin swap_chain=0x0000026A946CF720 sync=0 flags=0x200 ready=1
#15799 [2026-09-17 23:41:04.049] [DEBUG] [P8724:T17744] [phase=present] [hook=present] [present] rendering context updated
#15900 [2026-09-17 23:41:04.119] [DEBUG] [P8724:T17744] [phase=present] [hook=present] [present] forwarding to original
#15901 [2026-09-17 23:41:04.197] [DEBUG] [P8724:T17744] [phase=present] [hook=present] [present] begin swap_chain=0x0000026A946CF720 sync=0 flags=0x200 ready=1
#15902 [2026-09-17 23:41:04.216] [DEBUG] [P8724:T17744] [phase=present] [hook=present] [present] rendering context updated
#16011 [2026-09-17 23:41:04.235] [DEBUG] [P8724:T17744] [phase=present] [hook=present] [present] forwarding to original
#16012 [2026-09-17 23:41:04.256] [DEBUG] [P8724:T17744] [phase=present] [hook=present] [present] begin swap_chain=0x0000026A946CF720 sync=0 flags=0x200 ready=1
#16013 [2026-09-17 23:41:04.274] [DEBUG] [P8724:T17744] [phase=present] [hook=present] [present] rendering context updated
#16090 [2026-09-17 23:41:04.292] [DEBUG] [P8724:T17744] [phase=present] [hook=present] [present] forwarding to original
#16091 [2026-09-17 23:41:04.312] [DEBUG] [P8724:T17744] [phase=present] [hook=present] [present] begin swap_chain=0x0000026A946CF720 sync=0 flags=0x200 ready=1
#16092 [2026-09-17 23:41:04.331] [DEBUG] [P8724:T17744] [phase=present] [hook=present] [present] rendering context updated
#16177 [2026-09-17 23:41:04.350] [DEBUG] [P8724:T17744] [phase=present] [hook=present] [present] forwarding to original
#16178 [2026-09-17 23:41:04.387] [DEBUG] [P8724:T17744] [phase=present] [hook=present] [present] begin swap_chain=0x0000026A946CF720 sync=0 flags=0x200 ready=1
#16179 [2026-09-17 23:41:04.406] [DEBUG] [P8724:T17744] [phase=present] [hook=present] [present] rendering context updated
#16274 [2026-09-17 23:41:04.424] [DEBUG] [P8724:T17744] [phase=present] [hook=present] [present] forwarding to original
#16275 [2026-09-17 23:41:04.443] [DEBUG] [P8724:T17744] [phase=present] [hook=present] [present] begin swap_chain=0x0000026A946CF720 sync=0 flags=0x200 ready=1
#16276 [2026-09-17 23:41:04.462] [DEBUG] [P8724:T17744] [phase=present] [hook=present] [present] rendering context updated
#16353 [2026-09-17 23:41:04.480] [DEBUG] [P8724:T17744] [phase=present] [hook=present] [present] forwarding to original
#16354 [2026-09-17 23:41:04.501] [DEBUG] [P8724:T17744] [phase=present] [hook=present] [present] begin swap_chain=0x0000026A946CF720 sync=0 flags=0x200 ready=1
#16355 [2026-09-17 23:41:04.520] [DEBUG] [P8724:T17744] [phase=present] [hook=present] [present] rendering context updated
#16440 [2026-09-17 23:41:04.540] [DEBUG] [P8724:T17744] [phase=present] [hook=present] [present] forwarding to original
#16441 [2026-09-17 23:41:04.560] [DEBUG] [P8724:T17744] [phase=present] [hook=present] [present] begin swap_chain=0x0000026A946CF720 sync=0 flags=0x200 ready=1
#16442 [2026-09-17 23:41:04.579] [DEBUG] [P8724:T17744] [phase=present] [hook=present] [present] rendering context updated
#16527 [2026-09-17 23:41:04.597] [DEBUG] [P8724:T17744] [phase=present] [hook=present] [present] forwarding to original
#16528 [2026-09-17 23:41:04.617] [DEBUG] [P8724:T17744] [phase=present] [hook=present] [present] begin swap_chain=0x0000026A946CF720 sync=0 flags=0x200 ready=1
#16529 [2026-09-17 23:41:04.636] [DEBUG] [P8724:T17744] [phase=present] [hook=present] [present] rendering context updated
#16606 [2026-09-17 23:41:04.655] [DEBUG] [P8724:T17744] [phase=present] [hook=present] [present] forwarding to original
#16607 [2026-09-17 23:41:04.674] [DEBUG] [P8724:T17744] [phase=present] [hook=present] [present] begin swap_chain=0x0000026A946CF720 sync=0 flags=0x200 ready=1
#16611 [2026-09-17 23:41:04.694] [DEBUG] [P8724:T14672] [phase=frame_stage_notify] [hook=frame_stage_notify] [frame_stage] end stage=0
#16614 [2026-09-17 23:41:04.712] [DEBUG] [P8724:T14672] [phase=frame_stage_notify] [hook=frame_stage_notify] [frame_stage] begin stage=11 this=0x00007FF9971873C0
#16615 [2026-09-17 23:41:04.731] [DEBUG] [P8724:T14672] [phase=frame_stage_notify] [hook=frame_stage_notify] [frame_stage] original begin
#16616 [2026-09-17 23:41:04.749] [DEBUG] [P8724:T14672] [phase=frame_stage_notify] [hook=frame_stage_notify] [frame_stage] original end
#16617 [2026-09-17 23:41:04.767] [DEBUG] [P8724:T14672] [phase=frame_stage_notify] [hook=frame_stage_notify] [frame_stage] end stage=11
#16618 [2026-09-17 23:41:04.786] [DEBUG] [P8724:T14672] [phase=frame_stage_notify] [hook=frame_stage_notify] [frame_stage] begin stage=0 this=0x00007FF9971873C0
#16619 [2026-09-17 23:41:04.805] [DEBUG] [P8724:T14672] [phase=frame_stage_notify] [hook=frame_stage_notify] [frame_stage] original begin
#16620 [2026-09-17 23:41:04.824] [DEBUG] [P8724:T14672] [phase=frame_stage_notify] [hook=frame_stage_notify] [frame_stage] original end
#16621 [2026-09-17 23:41:04.842] [DEBUG] [P8724:T14672] [phase=frame_stage_notify] [hook=frame_stage_notify] [frame_stage] end stage=0
#16622 [2026-09-17 23:41:04.860] [DEBUG] [P8724:T14672] [phase=frame_stage_notify] [hook=frame_stage_notify] [frame_stage] begin stage=11 this=0x00007FF9971873C0
#16623 [2026-09-17 23:41:04.879] [DEBUG] [P8724:T14672] [phase=frame_stage_notify] [hook=frame_stage_notify] [frame_stage] original begin
#16624 [2026-09-17 23:41:04.897] [DEBUG] [P8724:T14672] [phase=frame_stage_notify] [hook=frame_stage_notify] [frame_stage] original end
#16625 [2026-09-17 23:41:04.915] [DEBUG] [P8724:T14672] [phase=frame_stage_notify] [hook=frame_stage_notify] [frame_stage] end stage=11
#16626 [2026-09-17 23:41:04.933] [DEBUG] [P8724:T14672] [phase=frame_stage_notify] [hook=frame_stage_notify] [frame_stage] begin stage=0 this=0x00007FF9971873C0
#16627 [2026-09-17 23:41:04.951] [DEBUG] [P8724:T14672] [phase=frame_stage_notify] [hook=frame_stage_notify] [frame_stage] original begin
#16628 [2026-09-17 23:41:04.969] [DEBUG] [P8724:T14672] [phase=frame_stage_notify] [hook=frame_stage_notify] [frame_stage] original end
#16629 [2026-09-17 23:41:05.006] [DEBUG] [P8724:T14672] [phase=frame_stage_notify] [hook=frame_stage_notify] [frame_stage] end stage=0
#16630 [2026-09-17 23:41:05.044] [DEBUG] [P8724:T14672] [phase=frame_stage_notify] [hook=frame_stage_notify] [frame_stage] begin stage=11 this=0x00007FF9971873C0
#16631 [2026-09-17 23:41:05.062] [DEBUG] [P8724:T14672] [phase=frame_stage_notify] [hook=frame_stage_notify] [frame_stage] original begin
#16632 [2026-09-17 23:41:05.080] [DEBUG] [P8724:T14672] [phase=frame_stage_notify] [hook=frame_stage_notify] [frame_stage] original end
#16633 [2026-09-17 23:41:05.098] [DEBUG] [P8724:T14672] [phase=frame_stage_notify] [hook=frame_stage_notify] [frame_stage] end stage=11
#16634 [2026-09-17 23:41:05.117] [DEBUG] [P8724:T14672] [phase=frame_stage_notify] [hook=frame_stage_notify] [frame_stage] begin stage=0 this=0x00007FF9971873C0
#16635 [2026-09-17 23:41:05.137] [DEBUG] [P8724:T14672] [phase=frame_stage_notify] [hook=frame_stage_notify] [frame_stage] original begin
#16636 [2026-09-17 23:41:05.156] [DEBUG] [P8724:T14672] [phase=frame_stage_notify] [hook=frame_stage_notify] [frame_stage] original end
#16637 [2026-09-17 23:41:05.175] [DEBUG] [P8724:T14672] [phase=frame_stage_notify] [hook=frame_stage_notify] [frame_stage] end stage=0
#16638 [2026-09-17 23:41:05.194] [DEBUG] [P8724:T14672] [phase=frame_stage_notify] [hook=frame_stage_notify] [frame_stage] begin stage=10 this=0x00007FF9971873C0
#16639 [2026-09-17 23:41:05.213] [DEBUG] [P8724:T14672] [phase=frame_stage_notify] [hook=frame_stage_notify] [frame_stage] original begin
#16640 [2026-09-17 23:41:05.231] [DEBUG] [P8724:T14672] [phase=frame_stage_notify] [hook=frame_stage_notify] [frame_stage] original end
#16641 [2026-09-17 23:41:05.251] [DEBUG] [P8724:T14672] [phase=frame_stage_notify] [hook=frame_stage_notify] [frame_stage] end stage=10
#16642 [2026-09-17 23:41:05.270] [DEBUG] [P8724:T14672] [phase=frame_stage_notify] [hook=frame_stage_notify] [frame_stage] begin stage=11 this=0x00007FF9971873C0
#16643 [2026-09-17 23:41:05.288] [DEBUG] [P8724:T14672] [phase=frame_stage_notify] [hook=frame_stage_notify] [frame_stage] original begin
#16644 [2026-09-17 23:41:05.306] [DEBUG] [P8724:T14672] [phase=frame_stage_notify] [hook=frame_stage_notify] [frame_stage] original end
#16645 [2026-09-17 23:41:05.324] [DEBUG] [P8724:T14672] [phase=frame_stage_notify] [hook=frame_stage_notify] [frame_stage] end stage=11
#16646 [2026-09-17 23:41:05.343] [DEBUG] [P8724:T14672] [phase=frame_stage_notify] [hook=frame_stage_notify] [frame_stage] begin stage=1 this=0x00007FF9971873C0
#16647 [2026-09-17 23:41:05.361] [DEBUG] [P8724:T14672] [phase=frame_stage_notify] [hook=frame_stage_notify] [frame_stage] original begin
#16648 [2026-09-17 23:41:05.380] [DEBUG] [P8724:T14672] [phase=frame_stage_notify] [hook=frame_stage_notify] [frame_stage] original end
#16649 [2026-09-17 23:41:05.404] [DEBUG] [P8724:T14672] [phase=frame_stage_notify] [hook=frame_stage_notify] [frame_stage] end stage=1
#16650 [2026-09-17 23:41:05.423] [DEBUG] [P8724:T14672] [phase=frame_stage_notify] [hook=frame_stage_notify] [frame_stage] begin stage=2 this=0x00007FF9971873C0
#16651 [2026-09-17 23:41:05.442] [DEBUG] [P8724:T14672] [phase=frame_stage_notify] [hook=frame_stage_notify] [frame_stage] original begin
#16652 [2026-09-17 23:41:05.460] [DEBUG] [P8724:T14672] [phase=frame_stage_notify] [hook=frame_stage_notify] [frame_stage] original end
#16653 [2026-09-17 23:41:05.478] [DEBUG] [P8724:T14672] [phase=frame_stage_notify] [hook=frame_stage_notify] [frame_stage] end stage=2
#16654 [2026-09-17 23:41:05.497] [DEBUG] [P8724:T14672] [phase=frame_stage_notify] [hook=frame_stage_notify] [frame_stage] begin stage=5 this=0x00007FF9971873C0
#16655 [2026-09-17 23:41:05.516] [DEBUG] [P8724:T14672] [phase=frame_stage_notify] [hook=frame_stage_notify] [frame_stage] original begin
#16656 [2026-09-17 23:41:05.534] [DEBUG] [P8724:T14672] [phase=frame_stage_notify] [hook=frame_stage_notify] [frame_stage] original end
#16657 [2026-09-17 23:41:05.553] [DEBUG] [P8724:T14672] [phase=frame_stage_notify] [hook=frame_stage_notify] [frame_stage] end stage=5
#16658 [2026-09-17 23:41:05.571] [DEBUG] [P8724:T14672] [phase=frame_stage_notify] [hook=frame_stage_notify] [frame_stage] begin stage=6 this=0x00007FF9971873C0
#16659 [2026-09-17 23:41:05.591] [DEBUG] [P8724:T14672] [phase=frame_stage_notify] [hook=frame_stage_notify] [frame_stage] guns begin
#16660 [2026-09-17 23:41:05.609] [DEBUG] [P8724:T14672] [phase=frame_stage_notify] [hook=frame_stage_notify] [frame_stage] guns end
#16661 [2026-09-17 23:41:05.627] [DEBUG] [P8724:T14672] [phase=frame_stage_notify] [hook=frame_stage_notify] [frame_stage] dlight begin
#16662 [2026-09-17 23:41:05.646] [DEBUG] [P8724:T14672] [phase=frame_stage_notify] [hook=frame_stage_notify] [frame_stage] dlight end
#16663 [2026-09-17 23:41:05.664] [DEBUG] [P8724:T14672] [phase=frame_stage_notify] [hook=frame_stage_notify] [frame_stage] original begin
#16664 [2026-09-17 23:41:05.683] [DEBUG] [P8724:T14672] [phase=frame_stage_notify] [hook=frame_stage_notify] [frame_stage] original end
#16665 [2026-09-17 23:41:05.701] [DEBUG] [P8724:T14672] [phase=frame_stage_notify] [hook=frame_stage_notify] [frame_stage] post-network feature updates begin
#16666 [2026-09-17 23:41:05.720] [DEBUG] [P8724:T14672] [phase=frame_stage_notify] [hook=frame_stage_notify] [frame_stage] post-network feature updates end
#16667 [2026-09-17 23:41:05.738] [DEBUG] [P8724:T14672] [phase=frame_stage_notify] [hook=frame_stage_notify] [frame_stage] end stage=6
#16668 [2026-09-17 23:41:05.757] [DEBUG] [P8724:T14672] [phase=frame_stage_notify] [hook=frame_stage_notify] [frame_stage] begin stage=7 this=0x00007FF9971873C0
#16669 [2026-09-17 23:41:05.775] [DEBUG] [P8724:T14672] [phase=frame_stage_notify] [hook=frame_stage_notify] [frame_stage] agents begin
#16670 [2026-09-17 23:41:05.812] [DEBUG] [P8724:T14672] [phase=frame_stage_notify] [hook=frame_stage_notify] [frame_stage] agents end; gloves begin
#16671 [2026-09-17 23:41:05.881] [DEBUG] [P8724:T14672] [phase=frame_stage_notify] [hook=frame_stage_notify] [frame_stage] gloves end; knives begin
#16672 [2026-09-17 23:41:05.952] [DEBUG] [P8724:T14672] [phase=frame_stage_notify] [hook=frame_stage_notify] [frame_stage] knives end; world begin
#16673 [2026-09-17 23:41:05.988] [DEBUG] [P8724:T14672] [phase=frame_stage_notify] [hook=frame_stage_notify] [frame_stage] scene end; weather begin
#16674 [2026-09-17 23:41:06.059] [DEBUG] [P8724:T14672] [phase=frame_stage_notify] [hook=frame_stage_notify] [frame_stage] weather end; other begin
#16675 [2026-09-17 23:41:06.096] [DEBUG] [P8724:T14672] [phase=frame_stage_notify] [hook=frame_stage_notify] [frame_stage] other end; impacts begin
#16676 [2026-09-17 23:41:06.167] [DEBUG] [P8724:T14672] [phase=frame_stage_notify] [hook=frame_stage_notify] [frame_stage] impacts end
#16677 [2026-09-17 23:41:06.236] [DEBUG] [P8724:T14672] [phase=frame_stage_notify] [hook=frame_stage_notify] [frame_stage] original begin
#16678 [2026-09-17 23:41:06.322] [DEBUG] [P8724:T14672] [phase=frame_stage_notify] [hook=frame_stage_notify] [frame_stage] original end
#16679 [2026-09-17 23:41:06.394] [DEBUG] [P8724:T14672] [phase=frame_stage_notify] [hook=frame_stage_notify] [frame_stage] end stage=7
#16680 [2026-09-17 23:41:06.413] [DEBUG] [P8724:T14672] [phase=frame_stage_notify] [hook=frame_stage_notify] [frame_stage] begin stage=8 this=0x00007FF9971873C0
#16681 [2026-09-17 23:41:06.431] [DEBUG] [P8724:T14672] [phase=frame_stage_notify] [hook=frame_stage_notify] [frame_stage] original begin
#16682 [2026-09-17 23:41:06.449] [DEBUG] [P8724:T14672] [phase=frame_stage_notify] [hook=frame_stage_notify] [frame_stage] original end
#16683 [2026-09-17 23:41:06.467] [DEBUG] [P8724:T14672] [phase=frame_stage_notify] [hook=frame_stage_notify] [frame_stage] end stage=8
#16684 [2026-09-17 23:41:06.486] [DEBUG] [P8724:T14672] [phase=frame_stage_notify] [hook=frame_stage_notify] [frame_stage] begin stage=3 this=0x00007FF9971873C0
#16685 [2026-09-17 23:41:06.504] [DEBUG] [P8724:T14672] [phase=frame_stage_notify] [hook=frame_stage_notify] [frame_stage] original begin
#16686 [2026-09-17 23:41:06.522] [DEBUG] [P8724:T14672] [phase=frame_stage_notify] [hook=frame_stage_notify] [frame_stage] original end
#16687 [2026-09-17 23:41:06.542] [DEBUG] [P8724:T14672] [phase=frame_stage_notify] [hook=frame_stage_notify] [frame_stage] end stage=3
#16688 [2026-09-17 23:41:06.561] [DEBUG] [P8724:T14672] [phase=frame_stage_notify] [hook=frame_stage_notify] [frame_stage] begin stage=12 this=0x00007FF9971873C0
#16689 [2026-09-17 23:41:06.579] [DEBUG] [P8724:T14672] [phase=frame_stage_notify] [hook=frame_stage_notify] [frame_stage] original begin
#16690 [2026-09-17 23:41:06.602] [DEBUG] [P8724:T14672] [phase=frame_stage_notify] [hook=frame_stage_notify] [frame_stage] original end
#16691 [2026-09-17 23:41:06.620] [DEBUG] [P8724:T14672] [phase=frame_stage_notify] [hook=frame_stage_notify] [frame_stage] view/frame-data update begin
#16692 [2026-09-17 23:41:06.639] [DEBUG] [P8724:T14672] [phase=frame_stage_notify] [hook=frame_stage_notify] [frame_stage] view/frame-data update end
#16693 [2026-09-17 23:41:06.658] [DEBUG] [P8724:T14672] [phase=frame_stage_notify] [hook=frame_stage_notify] [frame_stage] end stage=12
#16694 [2026-09-17 23:41:06.680] [DEBUG] [P8724:T17744] [phase=present] [hook=present] [present] begin swap_chain=0x0000026A946CF720 sync=0 flags=0x200 ready=1
#16695 [2026-09-17 23:41:06.699] [DEBUG] [P8724:T17744] [phase=present] [hook=present] [present] rendering context updated
#16796 [2026-09-17 23:41:06.718] [DEBUG] [P8724:T17744] [phase=present] [hook=present] [present] forwarding to original
#16797 [2026-09-17 23:41:06.738] [DEBUG] [P8724:T17744] [phase=present] [hook=present] [present] begin swap_chain=0x0000026A946CF720 sync=0 flags=0x200 ready=1
#16798 [2026-09-17 23:41:06.757] [DEBUG] [P8724:T17744] [phase=present] [hook=present] [present] rendering context updated
#16883 [2026-09-17 23:41:06.776] [DEBUG] [P8724:T17744] [phase=present] [hook=present] [present] forwarding to original
#16884 [2026-09-17 23:41:06.796] [DEBUG] [P8724:T17744] [phase=present] [hook=present] [present] begin swap_chain=0x0000026A946CF720 sync=0 flags=0x200 ready=1
#16886 [2026-09-17 23:41:06.815] [DEBUG] [P8724:T14672] [phase=frame_stage_notify] [hook=frame_stage_notify] [frame_stage] original begin
#16889 [2026-09-17 23:41:06.833] [DEBUG] [P8724:T14672] [phase=frame_stage_notify] [hook=frame_stage_notify] [frame_stage] original end
#16890 [2026-09-17 23:41:06.851] [DEBUG] [P8724:T14672] [phase=frame_stage_notify] [hook=frame_stage_notify] [frame_stage] end stage=0
#16891 [2026-09-17 23:41:06.870] [DEBUG] [P8724:T14672] [phase=frame_stage_notify] [hook=frame_stage_notify] [frame_stage] begin stage=11 this=0x00007FF9971873C0
#16892 [2026-09-17 23:41:06.889] [DEBUG] [P8724:T14672] [phase=frame_stage_notify] [hook=frame_stage_notify] [frame_stage] original begin
#16893 [2026-09-17 23:41:06.908] [DEBUG] [P8724:T14672] [phase=frame_stage_notify] [hook=frame_stage_notify] [frame_stage] original end
#16894 [2026-09-17 23:41:06.927] [DEBUG] [P8724:T14672] [phase=frame_stage_notify] [hook=frame_stage_notify] [frame_stage] end stage=11
#16895 [2026-09-17 23:41:06.946] [DEBUG] [P8724:T14672] [phase=frame_stage_notify] [hook=frame_stage_notify] [frame_stage] begin stage=0 this=0x00007FF9971873C0
#16896 [2026-09-17 23:41:06.963] [DEBUG] [P8724:T14672] [phase=frame_stage_notify] [hook=frame_stage_notify] [frame_stage] original begin
#16897 [2026-09-17 23:41:06.982] [DEBUG] [P8724:T14672] [phase=frame_stage_notify] [hook=frame_stage_notify] [frame_stage] original end
#16898 [2026-09-17 23:41:07.001] [DEBUG] [P8724:T14672] [phase=frame_stage_notify] [hook=frame_stage_notify] [frame_stage] end stage=0
#16899 [2026-09-17 23:41:07.020] [DEBUG] [P8724:T14672] [phase=frame_stage_notify] [hook=frame_stage_notify] [frame_stage] begin stage=11 this=0x00007FF9971873C0
#16900 [2026-09-17 23:41:07.039] [DEBUG] [P8724:T14672] [phase=frame_stage_notify] [hook=frame_stage_notify] [frame_stage] original begin
#16901 [2026-09-17 23:41:07.059] [DEBUG] [P8724:T14672] [phase=frame_stage_notify] [hook=frame_stage_notify] [frame_stage] original end
#16902 [2026-09-17 23:41:07.077] [DEBUG] [P8724:T14672] [phase=frame_stage_notify] [hook=frame_stage_notify] [frame_stage] end stage=11
#16903 [2026-09-17 23:41:07.095] [DEBUG] [P8724:T14672] [phase=frame_stage_notify] [hook=frame_stage_notify] [frame_stage] begin stage=0 this=0x00007FF9971873C0
#16904 [2026-09-17 23:41:07.113] [DEBUG] [P8724:T14672] [phase=frame_stage_notify] [hook=frame_stage_notify] [frame_stage] original begin
#16905 [2026-09-17 23:41:07.131] [DEBUG] [P8724:T14672] [phase=frame_stage_notify] [hook=frame_stage_notify] [frame_stage] original end
#16906 [2026-09-17 23:41:07.150] [DEBUG] [P8724:T14672] [phase=frame_stage_notify] [hook=frame_stage_notify] [frame_stage] end stage=0
#16907 [2026-09-17 23:41:07.170] [DEBUG] [P8724:T14672] [phase=frame_stage_notify] [hook=frame_stage_notify] [frame_stage] begin stage=11 this=0x00007FF9971873C0
#16908 [2026-09-17 23:41:07.189] [DEBUG] [P8724:T14672] [phase=frame_stage_notify] [hook=frame_stage_notify] [frame_stage] original begin
#16909 [2026-09-17 23:41:07.207] [DEBUG] [P8724:T14672] [phase=frame_stage_notify] [hook=frame_stage_notify] [frame_stage] original end
#16910 [2026-09-17 23:41:07.226] [DEBUG] [P8724:T14672] [phase=frame_stage_notify] [hook=frame_stage_notify] [frame_stage] end stage=11
#16911 [2026-09-17 23:41:07.244] [DEBUG] [P8724:T14672] [phase=frame_stage_notify] [hook=frame_stage_notify] [frame_stage] begin stage=0 this=0x00007FF9971873C0
#16912 [2026-09-17 23:41:07.263] [DEBUG] [P8724:T14672] [phase=frame_stage_notify] [hook=frame_stage_notify] [frame_stage] original begin
#16913 [2026-09-17 23:41:07.281] [DEBUG] [P8724:T14672] [phase=frame_stage_notify] [hook=frame_stage_notify] [frame_stage] original end
#16914 [2026-09-17 23:41:07.300] [DEBUG] [P8724:T14672] [phase=frame_stage_notify] [hook=frame_stage_notify] [frame_stage] end stage=0
#16915 [2026-09-17 23:41:07.318] [DEBUG] [P8724:T14672] [phase=frame_stage_notify] [hook=frame_stage_notify] [frame_stage] begin stage=10 this=0x00007FF9971873C0
#16916 [2026-09-17 23:41:07.336] [DEBUG] [P8724:T14672] [phase=frame_stage_notify] [hook=frame_stage_notify] [frame_stage] original begin
#16917 [2026-09-17 23:41:07.353] [DEBUG] [P8724:T14672] [phase=frame_stage_notify] [hook=frame_stage_notify] [frame_stage] original end
#16918 [2026-09-17 23:41:07.371] [DEBUG] [P8724:T14672] [phase=frame_stage_notify] [hook=frame_stage_notify] [frame_stage] end stage=10
#16919 [2026-09-17 23:41:07.390] [DEBUG] [P8724:T14672] [phase=frame_stage_notify] [hook=frame_stage_notify] [frame_stage] begin stage=11 this=0x00007FF9971873C0
#16920 [2026-09-17 23:41:07.409] [DEBUG] [P8724:T14672] [phase=frame_stage_notify] [hook=frame_stage_notify] [frame_stage] original begin
#16921 [2026-09-17 23:41:07.427] [DEBUG] [P8724:T14672] [phase=frame_stage_notify] [hook=frame_stage_notify] [frame_stage] original end
#16922 [2026-09-17 23:41:07.445] [DEBUG] [P8724:T14672] [phase=frame_stage_notify] [hook=frame_stage_notify] [frame_stage] end stage=11
#16923 [2026-09-17 23:41:07.469] [DEBUG] [P8724:T14672] [phase=frame_stage_notify] [hook=frame_stage_notify] [frame_stage] begin stage=1 this=0x00007FF9971873C0
#16924 [2026-09-17 23:41:07.487] [DEBUG] [P8724:T14672] [phase=frame_stage_notify] [hook=frame_stage_notify] [frame_stage] original begin
#16925 [2026-09-17 23:41:07.505] [DEBUG] [P8724:T14672] [phase=frame_stage_notify] [hook=frame_stage_notify] [frame_stage] original end
#16926 [2026-09-17 23:41:07.523] [DEBUG] [P8724:T14672] [phase=frame_stage_notify] [hook=frame_stage_notify] [frame_stage] end stage=1
#16927 [2026-09-17 23:41:07.541] [DEBUG] [P8724:T14672] [phase=frame_stage_notify] [hook=frame_stage_notify] [frame_stage] begin stage=2 this=0x00007FF9971873C0
#16928 [2026-09-17 23:41:07.560] [DEBUG] [P8724:T14672] [phase=frame_stage_notify] [hook=frame_stage_notify] [frame_stage] original begin
#16929 [2026-09-17 23:41:07.579] [DEBUG] [P8724:T14672] [phase=frame_stage_notify] [hook=frame_stage_notify] [frame_stage] original end
#16930 [2026-09-17 23:41:07.597] [DEBUG] [P8724:T14672] [phase=frame_stage_notify] [hook=frame_stage_notify] [frame_stage] end stage=2
#16931 [2026-09-17 23:41:07.616] [DEBUG] [P8724:T14672] [phase=frame_stage_notify] [hook=frame_stage_notify] [frame_stage] begin stage=5 this=0x00007FF9971873C0
#16932 [2026-09-17 23:41:07.635] [DEBUG] [P8724:T14672] [phase=frame_stage_notify] [hook=frame_stage_notify] [frame_stage] original begin
#16933 [2026-09-17 23:41:07.652] [DEBUG] [P8724:T14672] [phase=frame_stage_notify] [hook=frame_stage_notify] [frame_stage] original end
#16934 [2026-09-17 23:41:07.671] [DEBUG] [P8724:T14672] [phase=frame_stage_notify] [hook=frame_stage_notify] [frame_stage] end stage=5
#16935 [2026-09-17 23:41:07.689] [DEBUG] [P8724:T14672] [phase=frame_stage_notify] [hook=frame_stage_notify] [frame_stage] begin stage=6 this=0x00007FF9971873C0
#16936 [2026-09-17 23:41:07.708] [DEBUG] [P8724:T14672] [phase=frame_stage_notify] [hook=frame_stage_notify] [frame_stage] guns begin
#16937 [2026-09-17 23:41:07.743] [DEBUG] [P8724:T14672] [phase=frame_stage_notify] [hook=frame_stage_notify] [frame_stage] guns end
#16938 [2026-09-17 23:41:07.778] [DEBUG] [P8724:T14672] [phase=frame_stage_notify] [hook=frame_stage_notify] [frame_stage] dlight begin
#16939 [2026-09-17 23:41:07.815] [DEBUG] [P8724:T14672] [phase=frame_stage_notify] [hook=frame_stage_notify] [frame_stage] dlight end
#16940 [2026-09-17 23:41:07.834] [DEBUG] [P8724:T14672] [phase=frame_stage_notify] [hook=frame_stage_notify] [frame_stage] original begin
#16941 [2026-09-17 23:41:07.853] [DEBUG] [P8724:T14672] [phase=frame_stage_notify] [hook=frame_stage_notify] [frame_stage] original end
#16942 [2026-09-17 23:41:07.870] [DEBUG] [P8724:T14672] [phase=frame_stage_notify] [hook=frame_stage_notify] [frame_stage] post-network feature updates begin
#16943 [2026-09-17 23:41:07.889] [DEBUG] [P8724:T14672] [phase=frame_stage_notify] [hook=frame_stage_notify] [frame_stage] post-network feature updates end
#16944 [2026-09-17 23:41:07.908] [DEBUG] [P8724:T14672] [phase=frame_stage_notify] [hook=frame_stage_notify] [frame_stage] end stage=6
#16945 [2026-09-17 23:41:07.927] [DEBUG] [P8724:T14672] [phase=frame_stage_notify] [hook=frame_stage_notify] [frame_stage] begin stage=7 this=0x00007FF9971873C0
#16946 [2026-09-17 23:41:07.945] [DEBUG] [P8724:T14672] [phase=frame_stage_notify] [hook=frame_stage_notify] [frame_stage] agents begin
#16947 [2026-09-17 23:41:07.964] [DEBUG] [P8724:T14672] [phase=frame_stage_notify] [hook=frame_stage_notify] [frame_stage] agents end; gloves begin
#16948 [2026-09-17 23:41:07.982] [DEBUG] [P8724:T14672] [phase=frame_stage_notify] [hook=frame_stage_notify] [frame_stage] gloves end; knives begin
#16949 [2026-09-17 23:41:07.999] [DEBUG] [P8724:T14672] [phase=frame_stage_notify] [hook=frame_stage_notify] [frame_stage] knives end; world begin
#16950 [2026-09-17 23:41:08.018] [DEBUG] [P8724:T14672] [phase=frame_stage_notify] [hook=frame_stage_notify] [frame_stage] scene end; weather begin
#16951 [2026-09-17 23:41:08.037] [DEBUG] [P8724:T14672] [phase=frame_stage_notify] [hook=frame_stage_notify] [frame_stage] weather end; other begin
#16952 [2026-09-17 23:41:08.055] [DEBUG] [P8724:T14672] [phase=frame_stage_notify] [hook=frame_stage_notify] [frame_stage] other end; impacts begin
#16953 [2026-09-17 23:41:08.073] [DEBUG] [P8724:T14672] [phase=frame_stage_notify] [hook=frame_stage_notify] [frame_stage] impacts end
#16954 [2026-09-17 23:41:08.091] [DEBUG] [P8724:T14672] [phase=frame_stage_notify] [hook=frame_stage_notify] [frame_stage] original begin
#16955 [2026-09-17 23:41:08.109] [DEBUG] [P8724:T14672] [phase=frame_stage_notify] [hook=frame_stage_notify] [frame_stage] original end
#16956 [2026-09-17 23:41:08.128] [DEBUG] [P8724:T14672] [phase=frame_stage_notify] [hook=frame_stage_notify] [frame_stage] end stage=7
#16957 [2026-09-17 23:41:08.146] [DEBUG] [P8724:T14672] [phase=frame_stage_notify] [hook=frame_stage_notify] [frame_stage] begin stage=8 this=0x00007FF9971873C0
#16958 [2026-09-17 23:41:08.164] [DEBUG] [P8724:T14672] [phase=frame_stage_notify] [hook=frame_stage_notify] [frame_stage] original begin
#16959 [2026-09-17 23:41:08.182] [DEBUG] [P8724:T14672] [phase=frame_stage_notify] [hook=frame_stage_notify] [frame_stage] original end
#16960 [2026-09-17 23:41:08.200] [DEBUG] [P8724:T14672] [phase=frame_stage_notify] [hook=frame_stage_notify] [frame_stage] end stage=8
#16961 [2026-09-17 23:41:08.218] [DEBUG] [P8724:T14672] [phase=frame_stage_notify] [hook=frame_stage_notify] [frame_stage] begin stage=3 this=0x00007FF9971873C0
#16962 [2026-09-17 23:41:08.239] [DEBUG] [P8724:T14672] [phase=frame_stage_notify] [hook=frame_stage_notify] [frame_stage] original begin
#16963 [2026-09-17 23:41:08.258] [DEBUG] [P8724:T14672] [phase=frame_stage_notify] [hook=frame_stage_notify] [frame_stage] original end
#16964 [2026-09-17 23:41:08.276] [DEBUG] [P8724:T14672] [phase=frame_stage_notify] [hook=frame_stage_notify] [frame_stage] end stage=3
#16965 [2026-09-17 23:41:08.295] [DEBUG] [P8724:T14672] [phase=frame_stage_notify] [hook=frame_stage_notify] [frame_stage] begin stage=12 this=0x00007FF9971873C0
#16966 [2026-09-17 23:41:08.314] [DEBUG] [P8724:T14672] [phase=frame_stage_notify] [hook=frame_stage_notify] [frame_stage] original begin
#16967 [2026-09-17 23:41:08.332] [DEBUG] [P8724:T14672] [phase=frame_stage_notify] [hook=frame_stage_notify] [frame_stage] original end
#16968 [2026-09-17 23:41:08.352] [DEBUG] [P8724:T14672] [phase=frame_stage_notify] [hook=frame_stage_notify] [frame_stage] view/frame-data update begin
#16969 [2026-09-17 23:41:08.369] [DEBUG] [P8724:T14672] [phase=frame_stage_notify] [hook=frame_stage_notify] [frame_stage] view/frame-data update end
#16970 [2026-09-17 23:41:08.387] [DEBUG] [P8724:T14672] [phase=frame_stage_notify] [hook=frame_stage_notify] [frame_stage] end stage=12
#16971 [2026-09-17 23:41:08.409] [DEBUG] [P8724:T17744] [phase=present] [hook=present] [present] begin swap_chain=0x0000026A946CF720 sync=0 flags=0x200 ready=1
#16972 [2026-09-17 23:41:08.428] [DEBUG] [P8724:T17744] [phase=present] [hook=present] [present] rendering context updated
#17075 [2026-09-17 23:41:08.447] [DEBUG] [P8724:T17744] [phase=present] [hook=present] [present] forwarding to original
#17076 [2026-09-17 23:41:08.467] [DEBUG] [P8724:T17744] [phase=present] [hook=present] [present] begin swap_chain=0x0000026A946CF720 sync=0 flags=0x200 ready=1
#17077 [2026-09-17 23:41:08.486] [DEBUG] [P8724:T17744] [phase=present] [hook=present] [present] rendering context updated
#17162 [2026-09-17 23:41:08.505] [DEBUG] [P8724:T17744] [phase=present] [hook=present] [present] forwarding to original
#17163 [2026-09-17 23:41:08.524] [DEBUG] [P8724:T17744] [phase=present] [hook=present] [present] begin swap_chain=0x0000026A946CF720 sync=0 flags=0x200 ready=1
#17164 [2026-09-17 23:41:08.542] [DEBUG] [P8724:T17744] [phase=present] [hook=present] [present] rendering context updated
#17241 [2026-09-17 23:41:08.562] [DEBUG] [P8724:T17744] [phase=present] [hook=present] [present] forwarding to original
#17242 [2026-09-17 23:41:08.582] [DEBUG] [P8724:T17744] [phase=present] [hook=present] [present] begin swap_chain=0x0000026A946CF720 sync=0 flags=0x200 ready=1
#17243 [2026-09-17 23:41:08.601] [DEBUG] [P8724:T17744] [phase=render: present] [hook=present] render frame begin index=240 swap_chain=0x0000026A946CF720 initialized=true
#17328 [2026-09-17 23:41:08.620] [DEBUG] [P8724:T17744] [phase=render: ImGui submit] [hook=present] render frame end index=240 gameplay_ready=true menu_open=false
#17329 [2026-09-17 23:41:08.639] [DEBUG] [P8724:T17744] [phase=present] [hook=present] [present] rendering context updated
#17330 [2026-09-17 23:41:08.658] [DEBUG] [P8724:T17744] [phase=present] [hook=present] [present] forwarding to original
#17331 [2026-09-17 23:41:08.678] [DEBUG] [P8724:T17744] [phase=present] [hook=present] [present] begin swap_chain=0x0000026A946CF720 sync=0 flags=0x200 ready=1
#17332 [2026-09-17 23:41:08.698] [DEBUG] [P8724:T17744] [phase=present] [hook=present] [present] rendering context updated
#17433 [2026-09-17 23:41:08.716] [DEBUG] [P8724:T17744] [phase=present] [hook=present] [present] forwarding to original
#17434 [2026-09-17 23:41:08.735] [DEBUG] [P8724:T17744] [phase=present] [hook=present] [present] begin swap_chain=0x0000026A946CF720 sync=0 flags=0x200 ready=1
#17435 [2026-09-17 23:41:08.754] [DEBUG] [P8724:T17744] [phase=present] [hook=present] [present] rendering context updated
#17520 [2026-09-17 23:41:08.773] [DEBUG] [P8724:T17744] [phase=present] [hook=present] [present] forwarding to original
#17521 [2026-09-17 23:41:08.793] [DEBUG] [P8724:T17744] [phase=present] [hook=present] [present] begin swap_chain=0x0000026A946CF720 sync=0 flags=0x200 ready=1
#17522 [2026-09-17 23:41:08.812] [DEBUG] [P8724:T17744] [phase=present] [hook=present] [present] rendering context updated
#17607 [2026-09-17 23:41:08.830] [DEBUG] [P8724:T17744] [phase=present] [hook=present] [present] forwarding to original
#17608 [2026-09-17 23:41:08.850] [DEBUG] [P8724:T17744] [phase=present] [hook=present] [present] begin swap_chain=0x0000026A946CF720 sync=0 flags=0x200 ready=1
#17609 [2026-09-17 23:41:08.870] [DEBUG] [P8724:T14672] [phase=frame_stage_notify] [hook=frame_stage_notify] [frame_stage] begin stage=0 this=0x00007FF9971873C0
#17612 [2026-09-17 23:41:08.889] [DEBUG] [P8724:T14672] [phase=frame_stage_notify] [hook=frame_stage_notify] [frame_stage] original begin
#17613 [2026-09-17 23:41:08.908] [DEBUG] [P8724:T14672] [phase=frame_stage_notify] [hook=frame_stage_notify] [frame_stage] original end
#17614 [2026-09-17 23:41:08.927] [DEBUG] [P8724:T14672] [phase=frame_stage_notify] [hook=frame_stage_notify] [frame_stage] end stage=0
#17615 [2026-09-17 23:41:08.945] [DEBUG] [P8724:T14672] [phase=frame_stage_notify] [hook=frame_stage_notify] [frame_stage] begin stage=11 this=0x00007FF9971873C0
#17616 [2026-09-17 23:41:08.963] [DEBUG] [P8724:T14672] [phase=frame_stage_notify] [hook=frame_stage_notify] [frame_stage] original begin
#17617 [2026-09-17 23:41:08.981] [DEBUG] [P8724:T14672] [phase=frame_stage_notify] [hook=frame_stage_notify] [frame_stage] original end
#17618 [2026-09-17 23:41:08.999] [DEBUG] [P8724:T14672] [phase=frame_stage_notify] [hook=frame_stage_notify] [frame_stage] end stage=11
#17619 [2026-09-17 23:41:09.017] [DEBUG] [P8724:T14672] [phase=frame_stage_notify] [hook=frame_stage_notify] [frame_stage] begin stage=0 this=0x00007FF9971873C0
#17620 [2026-09-17 23:41:09.037] [DEBUG] [P8724:T14672] [phase=frame_stage_notify] [hook=frame_stage_notify] [frame_stage] original begin
#17621 [2026-09-17 23:41:09.056] [DEBUG] [P8724:T14672] [phase=frame_stage_notify] [hook=frame_stage_notify] [frame_stage] original end
#17622 [2026-09-17 23:41:09.092] [DEBUG] [P8724:T14672] [phase=frame_stage_notify] [hook=frame_stage_notify] [frame_stage] end stage=0
#17623 [2026-09-17 23:41:09.112] [DEBUG] [P8724:T14672] [phase=frame_stage_notify] [hook=frame_stage_notify] [frame_stage] begin stage=11 this=0x00007FF9971873C0
#17624 [2026-09-17 23:41:09.130] [DEBUG] [P8724:T14672] [phase=frame_stage_notify] [hook=frame_stage_notify] [frame_stage] original begin
#17625 [2026-09-17 23:41:09.148] [DEBUG] [P8724:T14672] [phase=frame_stage_notify] [hook=frame_stage_notify] [frame_stage] original end
#17626 [2026-09-17 23:41:09.183] [DEBUG] [P8724:T14672] [phase=frame_stage_notify] [hook=frame_stage_notify] [frame_stage] end stage=11
#17627 [2026-09-17 23:41:09.202] [DEBUG] [P8724:T14672] [phase=frame_stage_notify] [hook=frame_stage_notify] [frame_stage] begin stage=0 this=0x00007FF9971873C0
#17628 [2026-09-17 23:41:09.236] [DEBUG] [P8724:T14672] [phase=frame_stage_notify] [hook=frame_stage_notify] [frame_stage] original begin
#17629 [2026-09-17 23:41:09.272] [DEBUG] [P8724:T14672] [phase=frame_stage_notify] [hook=frame_stage_notify] [frame_stage] original end
#17630 [2026-09-17 23:41:09.291] [DEBUG] [P8724:T14672] [phase=frame_stage_notify] [hook=frame_stage_notify] [frame_stage] end stage=0
#17631 [2026-09-17 23:41:09.310] [DEBUG] [P8724:T14672] [phase=frame_stage_notify] [hook=frame_stage_notify] [frame_stage] begin stage=10 this=0x00007FF9971873C0
#17632 [2026-09-17 23:41:09.329] [DEBUG] [P8724:T14672] [phase=frame_stage_notify] [hook=frame_stage_notify] [frame_stage] original begin
#17633 [2026-09-17 23:41:09.348] [DEBUG] [P8724:T14672] [phase=frame_stage_notify] [hook=frame_stage_notify] [frame_stage] original end
#17634 [2026-09-17 23:41:09.366] [DEBUG] [P8724:T14672] [phase=frame_stage_notify] [hook=frame_stage_notify] [frame_stage] end stage=10
#17635 [2026-09-17 23:41:09.384] [DEBUG] [P8724:T14672] [phase=frame_stage_notify] [hook=frame_stage_notify] [frame_stage] begin stage=11 this=0x00007FF9971873C0
#17636 [2026-09-17 23:41:09.403] [DEBUG] [P8724:T14672] [phase=frame_stage_notify] [hook=frame_stage_notify] [frame_stage] original begin
#17637 [2026-09-17 23:41:09.421] [DEBUG] [P8724:T14672] [phase=frame_stage_notify] [hook=frame_stage_notify] [frame_stage] original end
#17638 [2026-09-17 23:41:09.440] [DEBUG] [P8724:T14672] [phase=frame_stage_notify] [hook=frame_stage_notify] [frame_stage] end stage=11
#17639 [2026-09-17 23:41:09.458] [DEBUG] [P8724:T14672] [phase=frame_stage_notify] [hook=frame_stage_notify] [frame_stage] begin stage=1 this=0x00007FF9971873C0
#17640 [2026-09-17 23:41:09.477] [DEBUG] [P8724:T14672] [phase=frame_stage_notify] [hook=frame_stage_notify] [frame_stage] original begin
#17641 [2026-09-17 23:41:09.496] [DEBUG] [P8724:T14672] [phase=frame_stage_notify] [hook=frame_stage_notify] [frame_stage] original end
#17642 [2026-09-17 23:41:09.514] [DEBUG] [P8724:T14672] [phase=frame_stage_notify] [hook=frame_stage_notify] [frame_stage] end stage=1
#17643 [2026-09-17 23:41:09.532] [DEBUG] [P8724:T14672] [phase=frame_stage_notify] [hook=frame_stage_notify] [frame_stage] begin stage=2 this=0x00007FF9971873C0
#17644 [2026-09-17 23:41:09.551] [DEBUG] [P8724:T14672] [phase=frame_stage_notify] [hook=frame_stage_notify] [frame_stage] original begin
#17645 [2026-09-17 23:41:09.569] [DEBUG] [P8724:T14672] [phase=frame_stage_notify] [hook=frame_stage_notify] [frame_stage] original end
#17646 [2026-09-17 23:41:09.588] [DEBUG] [P8724:T14672] [phase=frame_stage_notify] [hook=frame_stage_notify] [frame_stage] end stage=2
#17647 [2026-09-17 23:41:09.606] [DEBUG] [P8724:T14672] [phase=frame_stage_notify] [hook=frame_stage_notify] [frame_stage] begin stage=5 this=0x00007FF9971873C0
#17648 [2026-09-17 23:41:09.624] [DEBUG] [P8724:T14672] [phase=frame_stage_notify] [hook=frame_stage_notify] [frame_stage] original begin
#17649 [2026-09-17 23:41:09.643] [DEBUG] [P8724:T14672] [phase=frame_stage_notify] [hook=frame_stage_notify] [frame_stage] original end
#17650 [2026-09-17 23:41:09.661] [DEBUG] [P8724:T14672] [phase=frame_stage_notify] [hook=frame_stage_notify] [frame_stage] end stage=5
#17651 [2026-09-17 23:41:09.680] [DEBUG] [P8724:T14672] [phase=frame_stage_notify] [hook=frame_stage_notify] [frame_stage] begin stage=6 this=0x00007FF9971873C0
#17652 [2026-09-17 23:41:09.698] [DEBUG] [P8724:T14672] [phase=frame_stage_notify] [hook=frame_stage_notify] [frame_stage] guns begin
#17653 [2026-09-17 23:41:09.717] [DEBUG] [P8724:T14672] [phase=frame_stage_notify] [hook=frame_stage_notify] [frame_stage] guns end
#17654 [2026-09-17 23:41:09.735] [DEBUG] [P8724:T14672] [phase=frame_stage_notify] [hook=frame_stage_notify] [frame_stage] dlight begin
#17655 [2026-09-17 23:41:09.753] [DEBUG] [P8724:T14672] [phase=frame_stage_notify] [hook=frame_stage_notify] [frame_stage] dlight end
#17656 [2026-09-17 23:41:09.771] [DEBUG] [P8724:T14672] [phase=frame_stage_notify] [hook=frame_stage_notify] [frame_stage] original begin
#17657 [2026-09-17 23:41:09.789] [DEBUG] [P8724:T14672] [phase=frame_stage_notify] [hook=frame_stage_notify] [frame_stage] original end
#17658 [2026-09-17 23:41:09.808] [DEBUG] [P8724:T14672] [phase=frame_stage_notify] [hook=frame_stage_notify] [frame_stage] post-network feature updates begin
#17659 [2026-09-17 23:41:09.826] [DEBUG] [P8724:T14672] [phase=frame_stage_notify] [hook=frame_stage_notify] [frame_stage] post-network feature updates end
#17660 [2026-09-17 23:41:09.844] [DEBUG] [P8724:T14672] [phase=frame_stage_notify] [hook=frame_stage_notify] [frame_stage] end stage=6
#17661 [2026-09-17 23:41:09.862] [DEBUG] [P8724:T14672] [phase=frame_stage_notify] [hook=frame_stage_notify] [frame_stage] begin stage=7 this=0x00007FF9971873C0
#17662 [2026-09-17 23:41:09.880] [DEBUG] [P8724:T14672] [phase=frame_stage_notify] [hook=frame_stage_notify] [frame_stage] agents begin
#17663 [2026-09-17 23:41:09.902] [DEBUG] [P8724:T14672] [phase=frame_stage_notify] [hook=frame_stage_notify] [frame_stage] agents end; gloves begin
#17664 [2026-09-17 23:41:09.921] [DEBUG] [P8724:T14672] [phase=frame_stage_notify] [hook=frame_stage_notify] [frame_stage] gloves end; knives begin
#17665 [2026-09-17 23:41:09.956] [DEBUG] [P8724:T14672] [phase=frame_stage_notify] [hook=frame_stage_notify] [frame_stage] knives end; world begin
#17666 [2026-09-17 23:41:09.975] [DEBUG] [P8724:T14672] [phase=frame_stage_notify] [hook=frame_stage_notify] [frame_stage] scene end; weather begin
#17667 [2026-09-17 23:41:09.993] [DEBUG] [P8724:T14672] [phase=frame_stage_notify] [hook=frame_stage_notify] [frame_stage] weather end; other begin
#17668 [2026-09-17 23:41:10.011] [DEBUG] [P8724:T14672] [phase=frame_stage_notify] [hook=frame_stage_notify] [frame_stage] other end; impacts begin
#17669 [2026-09-17 23:41:10.031] [DEBUG] [P8724:T14672] [phase=frame_stage_notify] [hook=frame_stage_notify] [frame_stage] impacts end
#17670 [2026-09-17 23:41:10.049] [DEBUG] [P8724:T14672] [phase=frame_stage_notify] [hook=frame_stage_notify] [frame_stage] original begin
#17671 [2026-09-17 23:41:10.067] [DEBUG] [P8724:T14672] [phase=frame_stage_notify] [hook=frame_stage_notify] [frame_stage] original end
#17672 [2026-09-17 23:41:10.086] [DEBUG] [P8724:T14672] [phase=frame_stage_notify] [hook=frame_stage_notify] [frame_stage] end stage=7
#17673 [2026-09-17 23:41:10.105] [DEBUG] [P8724:T14672] [phase=frame_stage_notify] [hook=frame_stage_notify] [frame_stage] begin stage=8 this=0x00007FF9971873C0
#17674 [2026-09-17 23:41:10.123] [DEBUG] [P8724:T14672] [phase=frame_stage_notify] [hook=frame_stage_notify] [frame_stage] original begin
#17675 [2026-09-17 23:41:10.142] [DEBUG] [P8724:T14672] [phase=frame_stage_notify] [hook=frame_stage_notify] [frame_stage] original end
#17676 [2026-09-17 23:41:10.162] [DEBUG] [P8724:T14672] [phase=frame_stage_notify] [hook=frame_stage_notify] [frame_stage] end stage=8
#17677 [2026-09-17 23:41:10.181] [DEBUG] [P8724:T14672] [phase=frame_stage_notify] [hook=frame_stage_notify] [frame_stage] begin stage=3 this=0x00007FF9971873C0
#17678 [2026-09-17 23:41:10.200] [DEBUG] [P8724:T14672] [phase=frame_stage_notify] [hook=frame_stage_notify] [frame_stage] original begin
#17679 [2026-09-17 23:41:10.236] [DEBUG] [P8724:T14672] [phase=frame_stage_notify] [hook=frame_stage_notify] [frame_stage] original end
#17680 [2026-09-17 23:41:10.289] [DEBUG] [P8724:T14672] [phase=frame_stage_notify] [hook=frame_stage_notify] [frame_stage] end stage=3
#17681 [2026-09-17 23:41:10.308] [DEBUG] [P8724:T14672] [phase=frame_stage_notify] [hook=frame_stage_notify] [frame_stage] begin stage=12 this=0x00007FF9971873C0
#17682 [2026-09-17 23:41:10.326] [DEBUG] [P8724:T14672] [phase=frame_stage_notify] [hook=frame_stage_notify] [frame_stage] original begin
#17683 [2026-09-17 23:41:10.344] [DEBUG] [P8724:T14672] [phase=frame_stage_notify] [hook=frame_stage_notify] [frame_stage] original end
#17684 [2026-09-17 23:41:10.363] [DEBUG] [P8724:T14672] [phase=frame_stage_notify] [hook=frame_stage_notify] [frame_stage] view/frame-data update begin
#17685 [2026-09-17 23:41:10.382] [DEBUG] [P8724:T14672] [phase=frame_stage_notify] [hook=frame_stage_notify] [frame_stage] view/frame-data update end
#17686 [2026-09-17 23:41:10.401] [DEBUG] [P8724:T14672] [phase=frame_stage_notify] [hook=frame_stage_notify] [frame_stage] end stage=12
#17687 [2026-09-17 23:41:10.422] [DEBUG] [P8724:T17744] [phase=present] [hook=present] [present] begin swap_chain=0x0000026A946CF720 sync=0 flags=0x200 ready=1
#17798 [2026-09-17 23:41:10.459] [DEBUG] [P8724:T17744] [phase=present] [hook=present] [present] rendering context updated
#17799 [2026-09-17 23:41:10.478] [DEBUG] [P8724:T17744] [phase=present] [hook=present] [present] forwarding to original
#17800 [2026-09-17 23:41:10.498] [DEBUG] [P8724:T17744] [phase=present] [hook=present] [present] begin swap_chain=0x0000026A946CF720 sync=0 flags=0x200 ready=1
#17801 [2026-09-17 23:41:10.517] [DEBUG] [P8724:T17744] [phase=present] [hook=present] [present] rendering context updated
#17894 [2026-09-17 23:41:10.536] [DEBUG] [P8724:T17744] [phase=present] [hook=present] [present] forwarding to original
#17895 [2026-09-17 23:41:10.555] [DEBUG] [P8724:T17744] [phase=present] [hook=present] [present] begin swap_chain=0x0000026A946CF720 sync=0 flags=0x200 ready=1
#17896 [2026-09-17 23:41:10.573] [DEBUG] [P8724:T17744] [phase=present] [hook=present] [present] rendering context updated
#17973 [2026-09-17 23:41:10.592] [DEBUG] [P8724:T17744] [phase=present] [hook=present] [present] forwarding to original
#17974 [2026-09-17 23:41:10.612] [DEBUG] [P8724:T17744] [phase=present] [hook=present] [present] begin swap_chain=0x0000026A946CF720 sync=0 flags=0x200 ready=1
#17975 [2026-09-17 23:41:10.631] [DEBUG] [P8724:T17744] [phase=present] [hook=present] [present] rendering context updated
#18060 [2026-09-17 23:41:10.649] [DEBUG] [P8724:T17744] [phase=present] [hook=present] [present] forwarding to original
#18061 [2026-09-17 23:41:10.668] [DEBUG] [P8724:T17744] [phase=present] [hook=present] [present] begin swap_chain=0x0000026A946CF720 sync=0 flags=0x200 ready=1
#18062 [2026-09-17 23:41:10.688] [DEBUG] [P8724:T17744] [phase=present] [hook=present] [present] rendering context updated
#18139 [2026-09-17 23:41:10.706] [DEBUG] [P8724:T17744] [phase=present] [hook=present] [present] forwarding to original
#18140 [2026-09-17 23:41:10.726] [DEBUG] [P8724:T17744] [phase=present] [hook=present] [present] begin swap_chain=0x0000026A946CF720 sync=0 flags=0x200 ready=1
#18141 [2026-09-17 23:41:10.745] [DEBUG] [P8724:T17744] [phase=present] [hook=present] [present] rendering context updated
#18226 [2026-09-17 23:41:10.763] [DEBUG] [P8724:T17744] [phase=present] [hook=present] [present] forwarding to original
#18227 [2026-09-17 23:41:10.782] [DEBUG] [P8724:T17744] [phase=present] [hook=present] [present] begin swap_chain=0x0000026A946CF720 sync=0 flags=0x200 ready=1
#18228 [2026-09-17 23:41:10.800] [DEBUG] [P8724:T17744] [phase=present] [hook=present] [present] rendering context updated
#18313 [2026-09-17 23:41:10.819] [DEBUG] [P8724:T17744] [phase=present] [hook=present] [present] forwarding to original
#18314 [2026-09-17 23:41:10.839] [DEBUG] [P8724:T17744] [phase=present] [hook=present] [present] begin swap_chain=0x0000026A946CF720 sync=0 flags=0x200 ready=1
#18315 [2026-09-17 23:41:10.858] [DEBUG] [P8724:T17744] [phase=present] [hook=present] [present] rendering context updated
#18392 [2026-09-17 23:41:10.877] [DEBUG] [P8724:T17744] [phase=present] [hook=present] [present] forwarding to original
#18393 [2026-09-17 23:41:10.914] [DEBUG] [P8724:T17744] [phase=present] [hook=present] [present] begin swap_chain=0x0000026A946CF720 sync=0 flags=0x200 ready=1
#18394 [2026-09-17 23:41:10.932] [DEBUG] [P8724:T17744] [phase=present] [hook=present] [present] rendering context updated
#18489 [2026-09-17 23:41:10.951] [DEBUG] [P8724:T17744] [phase=present] [hook=present] [present] forwarding to original
#18490 [2026-09-17 23:41:10.970] [DEBUG] [P8724:T17744] [phase=present] [hook=present] [present] begin swap_chain=0x0000026A946CF720 sync=0 flags=0x200 ready=1
#18491 [2026-09-17 23:41:10.989] [DEBUG] [P8724:T17744] [phase=present] [hook=present] [present] rendering context updated
#18576 [2026-09-17 23:41:11.007] [DEBUG] [P8724:T17744] [phase=present] [hook=present] [present] forwarding to original
#18577 [2026-09-17 23:41:11.027] [DEBUG] [P8724:T17744] [phase=present] [hook=present] [present] begin swap_chain=0x0000026A946CF720 sync=0 flags=0x200 ready=1
#18578 [2026-09-17 23:41:11.045] [DEBUG] [P8724:T17744] [phase=present] [hook=present] [present] rendering context updated
#18655 [2026-09-17 23:41:11.064] [DEBUG] [P8724:T17744] [phase=present] [hook=present] [present] forwarding to original
#18656 [2026-09-17 23:41:11.084] [DEBUG] [P8724:T17744] [phase=present] [hook=present] [present] begin swap_chain=0x0000026A946CF720 sync=0 flags=0x200 ready=1
#18657 [2026-09-17 23:41:11.102] [DEBUG] [P8724:T17744] [phase=present] [hook=present] [present] rendering context updated
#18742 [2026-09-17 23:41:11.121] [DEBUG] [P8724:T17744] [phase=present] [hook=present] [present] forwarding to original
#18743 [2026-09-17 23:41:11.142] [DEBUG] [P8724:T17744] [phase=present] [hook=present] [present] begin swap_chain=0x0000026A946CF720 sync=0 flags=0x200 ready=1
#18744 [2026-09-17 23:41:11.161] [DEBUG] [P8724:T17744] [phase=present] [hook=present] [present] rendering context updated
#18829 [2026-09-17 23:41:11.179] [DEBUG] [P8724:T17744] [phase=present] [hook=present] [present] forwarding to original
#18830 [2026-09-17 23:41:11.199] [DEBUG] [P8724:T17744] [phase=present] [hook=present] [present] begin swap_chain=0x0000026A946CF720 sync=0 flags=0x200 ready=1
#18831 [2026-09-17 23:41:11.217] [DEBUG] [P8724:T17744] [phase=present] [hook=present] [present] rendering context updated
#18908 [2026-09-17 23:41:11.255] [DEBUG] [P8724:T17744] [phase=present] [hook=present] [present] forwarding to original
#18909 [2026-09-17 23:41:11.326] [DEBUG] [P8724:T17744] [phase=present] [hook=present] [present] begin swap_chain=0x0000026A946CF720 sync=0 flags=0x200 ready=1
#19018 [2026-09-17 23:41:11.362] [DEBUG] [P8724:T17744] [phase=present] [hook=present] [present] rendering context updated
#19019 [2026-09-17 23:41:11.399] [DEBUG] [P8724:T17744] [phase=present] [hook=present] [present] forwarding to original
#19020 [2026-09-17 23:41:11.437] [DEBUG] [P8724:T17744] [phase=present] [hook=present] [present] begin swap_chain=0x0000026A946CF720 sync=0 flags=0x200 ready=1
#19121 [2026-09-17 23:41:11.492] [DEBUG] [P8724:T17744] [phase=present] [hook=present] [present] rendering context updated
#19122 [2026-09-17 23:41:11.511] [DEBUG] [P8724:T17744] [phase=present] [hook=present] [present] forwarding to original
#19123 [2026-09-17 23:41:11.531] [DEBUG] [P8724:T17744] [phase=present] [hook=present] [present] begin swap_chain=0x0000026A946CF720 sync=0 flags=0x200 ready=1
#19124 [2026-09-17 23:41:11.549] [DEBUG] [P8724:T17744] [phase=present] [hook=present] [present] rendering context updated
#19225 [2026-09-17 23:41:11.568] [DEBUG] [P8724:T17744] [phase=present] [hook=present] [present] forwarding to original
#19226 [2026-09-17 23:41:11.588] [DEBUG] [P8724:T17744] [phase=present] [hook=present] [present] begin swap_chain=0x0000026A946CF720 sync=0 flags=0x200 ready=1
#19257 [2026-09-17 23:41:11.610] [DEBUG] [P8724:T17744] [phase=present] [hook=present] [present] rendering context updated
#19314 [2026-09-17 23:41:11.628] [DEBUG] [P8724:T17744] [phase=present] [hook=present] [present] forwarding to original
#19315 [2026-09-17 23:41:11.649] [DEBUG] [P8724:T17744] [phase=present] [hook=present] [present] begin swap_chain=0x0000026A946CF720 sync=0 flags=0x200 ready=1
#19316 [2026-09-17 23:41:11.667] [DEBUG] [P8724:T17744] [phase=present] [hook=present] [present] rendering context updated
#19401 [2026-09-17 23:41:11.686] [DEBUG] [P8724:T17744] [phase=present] [hook=present] [present] forwarding to original
#19402 [2026-09-17 23:41:11.705] [DEBUG] [P8724:T17744] [phase=present] [hook=present] [present] begin swap_chain=0x0000026A946CF720 sync=0 flags=0x200 ready=1
#19403 [2026-09-17 23:41:11.724] [DEBUG] [P8724:T17744] [phase=present] [hook=present] [present] rendering context updated
#19480 [2026-09-17 23:41:11.744] [DEBUG] [P8724:T17744] [phase=present] [hook=present] [present] forwarding to original
#19481 [2026-09-17 23:41:11.771] [DEBUG] [P8724:T17744] [phase=present] [hook=present] [present] begin swap_chain=0x0000026A946CF720 sync=0 flags=0x200 ready=1
#19482 [2026-09-17 23:41:11.790] [DEBUG] [P8724:T17744] [phase=present] [hook=present] [present] rendering context updated
#19567 [2026-09-17 23:41:11.808] [DEBUG] [P8724:T17744] [phase=present] [hook=present] [present] forwarding to original
#19568 [2026-09-17 23:41:11.847] [DEBUG] [P8724:T14672] [phase=frame_stage_notify] [hook=frame_stage_notify] [frame_stage] begin stage=0 this=0x00007FF9971873C0
#19572 [2026-09-17 23:41:11.865] [DEBUG] [P8724:T14672] [phase=frame_stage_notify] [hook=frame_stage_notify] [frame_stage] original begin
#19573 [2026-09-17 23:41:11.884] [DEBUG] [P8724:T14672] [phase=frame_stage_notify] [hook=frame_stage_notify] [frame_stage] original end
#19574 [2026-09-17 23:41:11.902] [DEBUG] [P8724:T14672] [phase=frame_stage_notify] [hook=frame_stage_notify] [frame_stage] end stage=0
#19575 [2026-09-17 23:41:11.922] [DEBUG] [P8724:T14672] [phase=frame_stage_notify] [hook=frame_stage_notify] [frame_stage] begin stage=11 this=0x00007FF9971873C0
#19576 [2026-09-17 23:41:11.940] [DEBUG] [P8724:T14672] [phase=frame_stage_notify] [hook=frame_stage_notify] [frame_stage] original begin
#19577 [2026-09-17 23:41:11.958] [DEBUG] [P8724:T14672] [phase=frame_stage_notify] [hook=frame_stage_notify] [frame_stage] original end
#19578 [2026-09-17 23:41:11.977] [DEBUG] [P8724:T14672] [phase=frame_stage_notify] [hook=frame_stage_notify] [frame_stage] end stage=11
#19579 [2026-09-17 23:41:11.996] [DEBUG] [P8724:T14672] [phase=frame_stage_notify] [hook=frame_stage_notify] [frame_stage] begin stage=0 this=0x00007FF9971873C0
#19580 [2026-09-17 23:41:12.024] [DEBUG] [P8724:T14672] [phase=frame_stage_notify] [hook=frame_stage_notify] [frame_stage] original begin
#19581 [2026-09-17 23:41:12.060] [DEBUG] [P8724:T14672] [phase=frame_stage_notify] [hook=frame_stage_notify] [frame_stage] original end
#19582 [2026-09-17 23:41:12.083] [DEBUG] [P8724:T14672] [phase=frame_stage_notify] [hook=frame_stage_notify] [frame_stage] end stage=0
#19583 [2026-09-17 23:41:12.102] [DEBUG] [P8724:T14672] [phase=frame_stage_notify] [hook=frame_stage_notify] [frame_stage] begin stage=11 this=0x00007FF9971873C0
#19584 [2026-09-17 23:41:12.121] [DEBUG] [P8724:T14672] [phase=frame_stage_notify] [hook=frame_stage_notify] [frame_stage] original begin
#19585 [2026-09-17 23:41:12.141] [DEBUG] [P8724:T14672] [phase=frame_stage_notify] [hook=frame_stage_notify] [frame_stage] original end
#19586 [2026-09-17 23:41:12.160] [DEBUG] [P8724:T14672] [phase=frame_stage_notify] [hook=frame_stage_notify] [frame_stage] end stage=11
#19587 [2026-09-17 23:41:12.196] [DEBUG] [P8724:T14672] [phase=frame_stage_notify] [hook=frame_stage_notify] [frame_stage] begin stage=0 this=0x00007FF9971873C0
#19588 [2026-09-17 23:41:12.269] [DEBUG] [P8724:T14672] [phase=frame_stage_notify] [hook=frame_stage_notify] [frame_stage] original begin
#19589 [2026-09-17 23:41:12.340] [DEBUG] [P8724:T14672] [phase=frame_stage_notify] [hook=frame_stage_notify] [frame_stage] original end
#19590 [2026-09-17 23:41:12.377] [DEBUG] [P8724:T14672] [phase=frame_stage_notify] [hook=frame_stage_notify] [frame_stage] end stage=0
#19591 [2026-09-17 23:41:12.431] [DEBUG] [P8724:T14672] [phase=frame_stage_notify] [hook=frame_stage_notify] [frame_stage] begin stage=11 this=0x00007FF9971873C0
#19592 [2026-09-17 23:41:12.450] [DEBUG] [P8724:T14672] [phase=frame_stage_notify] [hook=frame_stage_notify] [frame_stage] original begin
#19593 [2026-09-17 23:41:12.468] [DEBUG] [P8724:T14672] [phase=frame_stage_notify] [hook=frame_stage_notify] [frame_stage] original end
#19594 [2026-09-17 23:41:12.486] [DEBUG] [P8724:T14672] [phase=frame_stage_notify] [hook=frame_stage_notify] [frame_stage] end stage=11
#19595 [2026-09-17 23:41:12.504] [DEBUG] [P8724:T14672] [phase=frame_stage_notify] [hook=frame_stage_notify] [frame_stage] begin stage=0 this=0x00007FF9971873C0
#19596 [2026-09-17 23:41:12.522] [DEBUG] [P8724:T14672] [phase=frame_stage_notify] [hook=frame_stage_notify] [frame_stage] original begin
#19597 [2026-09-17 23:41:12.541] [DEBUG] [P8724:T14672] [phase=frame_stage_notify] [hook=frame_stage_notify] [frame_stage] original end
#19598 [2026-09-17 23:41:12.561] [DEBUG] [P8724:T14672] [phase=frame_stage_notify] [hook=frame_stage_notify] [frame_stage] end stage=0
#19599 [2026-09-17 23:41:12.580] [DEBUG] [P8724:T14672] [phase=frame_stage_notify] [hook=frame_stage_notify] [frame_stage] begin stage=10 this=0x00007FF9971873C0
#19600 [2026-09-17 23:41:12.602] [DEBUG] [P8724:T14672] [phase=frame_stage_notify] [hook=frame_stage_notify] [frame_stage] original begin
#19601 [2026-09-17 23:41:12.621] [DEBUG] [P8724:T14672] [phase=frame_stage_notify] [hook=frame_stage_notify] [frame_stage] original end
#19602 [2026-09-17 23:41:12.640] [DEBUG] [P8724:T14672] [phase=frame_stage_notify] [hook=frame_stage_notify] [frame_stage] end stage=10
#19603 [2026-09-17 23:41:12.657] [DEBUG] [P8724:T14672] [phase=frame_stage_notify] [hook=frame_stage_notify] [frame_stage] begin stage=11 this=0x00007FF9971873C0
#19604 [2026-09-17 23:41:12.694] [DEBUG] [P8724:T14672] [phase=frame_stage_notify] [hook=frame_stage_notify] [frame_stage] original begin
#19605 [2026-09-17 23:41:12.729] [DEBUG] [P8724:T14672] [phase=frame_stage_notify] [hook=frame_stage_notify] [frame_stage] original end
#19606 [2026-09-17 23:41:12.764] [DEBUG] [P8724:T14672] [phase=frame_stage_notify] [hook=frame_stage_notify] [frame_stage] end stage=11
#19607 [2026-09-17 23:41:12.782] [DEBUG] [P8724:T14672] [phase=frame_stage_notify] [hook=frame_stage_notify] [frame_stage] begin stage=1 this=0x00007FF9971873C0
#19608 [2026-09-17 23:41:12.801] [DEBUG] [P8724:T14672] [phase=frame_stage_notify] [hook=frame_stage_notify] [frame_stage] original begin
#19609 [2026-09-17 23:41:12.819] [DEBUG] [P8724:T14672] [phase=frame_stage_notify] [hook=frame_stage_notify] [frame_stage] original end
#19610 [2026-09-17 23:41:12.838] [DEBUG] [P8724:T14672] [phase=frame_stage_notify] [hook=frame_stage_notify] [frame_stage] end stage=1
#19611 [2026-09-17 23:41:12.856] [DEBUG] [P8724:T14672] [phase=frame_stage_notify] [hook=frame_stage_notify] [frame_stage] begin stage=2 this=0x00007FF9971873C0
#19612 [2026-09-17 23:41:12.874] [DEBUG] [P8724:T14672] [phase=frame_stage_notify] [hook=frame_stage_notify] [frame_stage] original begin
#19613 [2026-09-17 23:41:12.892] [DEBUG] [P8724:T14672] [phase=frame_stage_notify] [hook=frame_stage_notify] [frame_stage] original end
#19614 [2026-09-17 23:41:12.911] [DEBUG] [P8724:T14672] [phase=frame_stage_notify] [hook=frame_stage_notify] [frame_stage] end stage=2
#19615 [2026-09-17 23:41:12.929] [DEBUG] [P8724:T14672] [phase=frame_stage_notify] [hook=frame_stage_notify] [frame_stage] begin stage=5 this=0x00007FF9971873C0
#19616 [2026-09-17 23:41:12.948] [DEBUG] [P8724:T14672] [phase=frame_stage_notify] [hook=frame_stage_notify] [frame_stage] original begin
#19617 [2026-09-17 23:41:12.967] [DEBUG] [P8724:T14672] [phase=frame_stage_notify] [hook=frame_stage_notify] [frame_stage] original end
#19618 [2026-09-17 23:41:12.985] [DEBUG] [P8724:T14672] [phase=frame_stage_notify] [hook=frame_stage_notify] [frame_stage] end stage=5
#19619 [2026-09-17 23:41:13.004] [DEBUG] [P8724:T14672] [phase=frame_stage_notify] [hook=frame_stage_notify] [frame_stage] begin stage=6 this=0x00007FF9971873C0
#19620 [2026-09-17 23:41:13.022] [DEBUG] [P8724:T14672] [phase=frame_stage_notify] [hook=frame_stage_notify] [frame_stage] guns begin
#19621 [2026-09-17 23:41:13.041] [DEBUG] [P8724:T14672] [phase=frame_stage_notify] [hook=frame_stage_notify] [frame_stage] guns end
#19622 [2026-09-17 23:41:13.061] [DEBUG] [P8724:T14672] [phase=frame_stage_notify] [hook=frame_stage_notify] [frame_stage] dlight begin
#19623 [2026-09-17 23:41:13.079] [DEBUG] [P8724:T14672] [phase=frame_stage_notify] [hook=frame_stage_notify] [frame_stage] dlight end
#19624 [2026-09-17 23:41:13.097] [DEBUG] [P8724:T14672] [phase=frame_stage_notify] [hook=frame_stage_notify] [frame_stage] original begin
#19625 [2026-09-17 23:41:13.116] [DEBUG] [P8724:T14672] [phase=frame_stage_notify] [hook=frame_stage_notify] [frame_stage] original end
#19626 [2026-09-17 23:41:13.135] [DEBUG] [P8724:T14672] [phase=frame_stage_notify] [hook=frame_stage_notify] [frame_stage] post-network feature updates begin
#19627 [2026-09-17 23:41:13.153] [DEBUG] [P8724:T14672] [phase=frame_stage_notify] [hook=frame_stage_notify] [frame_stage] post-network feature updates end
#19628 [2026-09-17 23:41:13.187] [DEBUG] [P8724:T14672] [phase=frame_stage_notify] [hook=frame_stage_notify] [frame_stage] end stage=6
#19629 [2026-09-17 23:41:13.205] [DEBUG] [P8724:T14672] [phase=frame_stage_notify] [hook=frame_stage_notify] [frame_stage] begin stage=7 this=0x00007FF9971873C0
#19630 [2026-09-17 23:41:13.225] [DEBUG] [P8724:T14672] [phase=frame_stage_notify] [hook=frame_stage_notify] [frame_stage] agents begin
#19631 [2026-09-17 23:41:13.243] [DEBUG] [P8724:T14672] [phase=frame_stage_notify] [hook=frame_stage_notify] [frame_stage] agents end; gloves begin
#19632 [2026-09-17 23:41:13.261] [DEBUG] [P8724:T14672] [phase=frame_stage_notify] [hook=frame_stage_notify] [frame_stage] gloves end; knives begin
#19633 [2026-09-17 23:41:13.279] [DEBUG] [P8724:T14672] [phase=frame_stage_notify] [hook=frame_stage_notify] [frame_stage] knives end; world begin
#19634 [2026-09-17 23:41:13.297] [DEBUG] [P8724:T14672] [phase=frame_stage_notify] [hook=frame_stage_notify] [frame_stage] scene end; weather begin
#19635 [2026-09-17 23:41:13.315] [DEBUG] [P8724:T14672] [phase=frame_stage_notify] [hook=frame_stage_notify] [frame_stage] weather end; other begin
#19636 [2026-09-17 23:41:13.334] [DEBUG] [P8724:T14672] [phase=frame_stage_notify] [hook=frame_stage_notify] [frame_stage] other end; impacts begin
#19637 [2026-09-17 23:41:13.352] [DEBUG] [P8724:T14672] [phase=frame_stage_notify] [hook=frame_stage_notify] [frame_stage] impacts end
#19638 [2026-09-17 23:41:13.370] [DEBUG] [P8724:T14672] [phase=frame_stage_notify] [hook=frame_stage_notify] [frame_stage] original begin
#19639 [2026-09-17 23:41:13.389] [DEBUG] [P8724:T14672] [phase=frame_stage_notify] [hook=frame_stage_notify] [frame_stage] original end
#19640 [2026-09-17 23:41:13.409] [DEBUG] [P8724:T14672] [phase=frame_stage_notify] [hook=frame_stage_notify] [frame_stage] end stage=7
#19641 [2026-09-17 23:41:13.427] [DEBUG] [P8724:T14672] [phase=frame_stage_notify] [hook=frame_stage_notify] [frame_stage] begin stage=8 this=0x00007FF9971873C0
#19642 [2026-09-17 23:41:13.445] [DEBUG] [P8724:T14672] [phase=frame_stage_notify] [hook=frame_stage_notify] [frame_stage] original begin
#19643 [2026-09-17 23:41:13.464] [DEBUG] [P8724:T14672] [phase=frame_stage_notify] [hook=frame_stage_notify] [frame_stage] original end
#19644 [2026-09-17 23:41:13.483] [DEBUG] [P8724:T14672] [phase=frame_stage_notify] [hook=frame_stage_notify] [frame_stage] end stage=8
#19645 [2026-09-17 23:41:13.501] [DEBUG] [P8724:T14672] [phase=frame_stage_notify] [hook=frame_stage_notify] [frame_stage] begin stage=3 this=0x00007FF9971873C0
#19646 [2026-09-17 23:41:13.520] [DEBUG] [P8724:T14672] [phase=frame_stage_notify] [hook=frame_stage_notify] [frame_stage] original begin
#19647 [2026-09-17 23:41:13.539] [DEBUG] [P8724:T14672] [phase=frame_stage_notify] [hook=frame_stage_notify] [frame_stage] original end
#19648 [2026-09-17 23:41:13.559] [DEBUG] [P8724:T14672] [phase=frame_stage_notify] [hook=frame_stage_notify] [frame_stage] end stage=3
#19649 [2026-09-17 23:41:13.578] [DEBUG] [P8724:T14672] [phase=frame_stage_notify] [hook=frame_stage_notify] [frame_stage] begin stage=12 this=0x00007FF9971873C0
#19650 [2026-09-17 23:41:13.596] [DEBUG] [P8724:T14672] [phase=frame_stage_notify] [hook=frame_stage_notify] [frame_stage] original begin
#19651 [2026-09-17 23:41:13.615] [DEBUG] [P8724:T14672] [phase=frame_stage_notify] [hook=frame_stage_notify] [frame_stage] original end
#19652 [2026-09-17 23:41:13.634] [DEBUG] [P8724:T14672] [phase=frame_stage_notify] [hook=frame_stage_notify] [frame_stage] view/frame-data update begin
#19653 [2026-09-17 23:41:13.652] [DEBUG] [P8724:T14672] [phase=frame_stage_notify] [hook=frame_stage_notify] [frame_stage] view/frame-data update end
#19654 [2026-09-17 23:41:13.671] [DEBUG] [P8724:T14672] [phase=frame_stage_notify] [hook=frame_stage_notify] [frame_stage] end stage=12
#19655 [2026-09-17 23:41:13.694] [DEBUG] [P8724:T14672] [phase=frame_stage_notify] [hook=frame_stage_notify] [frame_stage] begin stage=0 this=0x00007FF9971873C0
#19659 [2026-09-17 23:41:13.712] [DEBUG] [P8724:T14672] [phase=frame_stage_notify] [hook=frame_stage_notify] [frame_stage] original begin
#19660 [2026-09-17 23:41:13.730] [DEBUG] [P8724:T14672] [phase=frame_stage_notify] [hook=frame_stage_notify] [frame_stage] original end
#19661 [2026-09-17 23:41:13.748] [DEBUG] [P8724:T14672] [phase=frame_stage_notify] [hook=frame_stage_notify] [frame_stage] end stage=0
#19662 [2026-09-17 23:41:13.768] [DEBUG] [P8724:T14672] [phase=frame_stage_notify] [hook=frame_stage_notify] [frame_stage] begin stage=11 this=0x00007FF9971873C0
#19663 [2026-09-17 23:41:13.787] [DEBUG] [P8724:T14672] [phase=frame_stage_notify] [hook=frame_stage_notify] [frame_stage] original begin
#19664 [2026-09-17 23:41:13.805] [DEBUG] [P8724:T14672] [phase=frame_stage_notify] [hook=frame_stage_notify] [frame_stage] original end
#19665 [2026-09-17 23:41:13.823] [DEBUG] [P8724:T14672] [phase=frame_stage_notify] [hook=frame_stage_notify] [frame_stage] end stage=11
#19666 [2026-09-17 23:41:13.842] [DEBUG] [P8724:T14672] [phase=frame_stage_notify] [hook=frame_stage_notify] [frame_stage] begin stage=0 this=0x00007FF9971873C0
#19667 [2026-09-17 23:41:13.860] [DEBUG] [P8724:T14672] [phase=frame_stage_notify] [hook=frame_stage_notify] [frame_stage] original begin
#19668 [2026-09-17 23:41:13.879] [DEBUG] [P8724:T14672] [phase=frame_stage_notify] [hook=frame_stage_notify] [frame_stage] original end
#19669 [2026-09-17 23:41:13.898] [DEBUG] [P8724:T14672] [phase=frame_stage_notify] [hook=frame_stage_notify] [frame_stage] end stage=0
#19670 [2026-09-17 23:41:13.917] [DEBUG] [P8724:T14672] [phase=frame_stage_notify] [hook=frame_stage_notify] [frame_stage] begin stage=11 this=0x00007FF9971873C0
#19671 [2026-09-17 23:41:13.936] [DEBUG] [P8724:T14672] [phase=frame_stage_notify] [hook=frame_stage_notify] [frame_stage] original begin
#19672 [2026-09-17 23:41:13.955] [DEBUG] [P8724:T14672] [phase=frame_stage_notify] [hook=frame_stage_notify] [frame_stage] original end
#19673 [2026-09-17 23:41:13.974] [DEBUG] [P8724:T14672] [phase=frame_stage_notify] [hook=frame_stage_notify] [frame_stage] end stage=11
#19674 [2026-09-17 23:41:13.993] [DEBUG] [P8724:T14672] [phase=frame_stage_notify] [hook=frame_stage_notify] [frame_stage] begin stage=0 this=0x00007FF9971873C0
#19675 [2026-09-17 23:41:14.013] [DEBUG] [P8724:T14672] [phase=frame_stage_notify] [hook=frame_stage_notify] [frame_stage] original begin
#19676 [2026-09-17 23:41:14.032] [DEBUG] [P8724:T14672] [phase=frame_stage_notify] [hook=frame_stage_notify] [frame_stage] original end
#19677 [2026-09-17 23:41:14.050] [DEBUG] [P8724:T14672] [phase=frame_stage_notify] [hook=frame_stage_notify] [frame_stage] end stage=0
#19678 [2026-09-17 23:41:14.070] [DEBUG] [P8724:T14672] [phase=frame_stage_notify] [hook=frame_stage_notify] [frame_stage] begin stage=11 this=0x00007FF9971873C0
#19679 [2026-09-17 23:41:14.087] [DEBUG] [P8724:T14672] [phase=frame_stage_notify] [hook=frame_stage_notify] [frame_stage] original begin
#19680 [2026-09-17 23:41:14.106] [DEBUG] [P8724:T14672] [phase=frame_stage_notify] [hook=frame_stage_notify] [frame_stage] original end
#19681 [2026-09-17 23:41:14.124] [DEBUG] [P8724:T14672] [phase=frame_stage_notify] [hook=frame_stage_notify] [frame_stage] end stage=11
#19682 [2026-09-17 23:41:14.143] [DEBUG] [P8724:T14672] [phase=frame_stage_notify] [hook=frame_stage_notify] [frame_stage] begin stage=0 this=0x00007FF9971873C0
#19683 [2026-09-17 23:41:14.161] [DEBUG] [P8724:T14672] [phase=frame_stage_notify] [hook=frame_stage_notify] [frame_stage] original begin
#19684 [2026-09-17 23:41:14.179] [DEBUG] [P8724:T14672] [phase=frame_stage_notify] [hook=frame_stage_notify] [frame_stage] original end
#19685 [2026-09-17 23:41:14.197] [DEBUG] [P8724:T14672] [phase=frame_stage_notify] [hook=frame_stage_notify] [frame_stage] end stage=0
#19686 [2026-09-17 23:41:14.216] [DEBUG] [P8724:T14672] [phase=frame_stage_notify] [hook=frame_stage_notify] [frame_stage] begin stage=11 this=0x00007FF9971873C0
#19687 [2026-09-17 23:41:14.235] [DEBUG] [P8724:T14672] [phase=frame_stage_notify] [hook=frame_stage_notify] [frame_stage] original begin
#19688 [2026-09-17 23:41:14.254] [DEBUG] [P8724:T14672] [phase=frame_stage_notify] [hook=frame_stage_notify] [frame_stage] original end
#19689 [2026-09-17 23:41:14.273] [DEBUG] [P8724:T14672] [phase=frame_stage_notify] [hook=frame_stage_notify] [frame_stage] end stage=11
#19690 [2026-09-17 23:41:14.291] [DEBUG] [P8724:T14672] [phase=frame_stage_notify] [hook=frame_stage_notify] [frame_stage] begin stage=0 this=0x00007FF9971873C0
#19691 [2026-09-17 23:41:14.310] [DEBUG] [P8724:T14672] [phase=frame_stage_notify] [hook=frame_stage_notify] [frame_stage] original begin
#19692 [2026-09-17 23:41:14.328] [DEBUG] [P8724:T14672] [phase=frame_stage_notify] [hook=frame_stage_notify] [frame_stage] original end
#19693 [2026-09-17 23:41:14.346] [DEBUG] [P8724:T14672] [phase=frame_stage_notify] [hook=frame_stage_notify] [frame_stage] end stage=0
#19694 [2026-09-17 23:41:14.365] [DEBUG] [P8724:T14672] [phase=frame_stage_notify] [hook=frame_stage_notify] [frame_stage] begin stage=11 this=0x00007FF9971873C0
#19695 [2026-09-17 23:41:14.384] [DEBUG] [P8724:T14672] [phase=frame_stage_notify] [hook=frame_stage_notify] [frame_stage] original begin
#19696 [2026-09-17 23:41:14.402] [DEBUG] [P8724:T14672] [phase=frame_stage_notify] [hook=frame_stage_notify] [frame_stage] original end
#19697 [2026-09-17 23:41:14.420] [DEBUG] [P8724:T14672] [phase=frame_stage_notify] [hook=frame_stage_notify] [frame_stage] end stage=11
#19698 [2026-09-17 23:41:14.438] [DEBUG] [P8724:T14672] [phase=frame_stage_notify] [hook=frame_stage_notify] [frame_stage] begin stage=0 this=0x00007FF9971873C0
#19699 [2026-09-17 23:41:14.457] [DEBUG] [P8724:T14672] [phase=frame_stage_notify] [hook=frame_stage_notify] [frame_stage] original begin
#19700 [2026-09-17 23:41:14.475] [DEBUG] [P8724:T14672] [phase=frame_stage_notify] [hook=frame_stage_notify] [frame_stage] original end
#19701 [2026-09-17 23:41:14.494] [DEBUG] [P8724:T14672] [phase=frame_stage_notify] [hook=frame_stage_notify] [frame_stage] end stage=0
#19702 [2026-09-17 23:41:14.512] [DEBUG] [P8724:T14672] [phase=frame_stage_notify] [hook=frame_stage_notify] [frame_stage] begin stage=10 this=0x00007FF9971873C0
#19703 [2026-09-17 23:41:14.548] [DEBUG] [P8724:T14672] [phase=frame_stage_notify] [hook=frame_stage_notify] [frame_stage] original begin
#19704 [2026-09-17 23:41:14.586] [DEBUG] [P8724:T14672] [phase=frame_stage_notify] [hook=frame_stage_notify] [frame_stage] original end
#19705 [2026-09-17 23:41:14.604] [DEBUG] [P8724:T14672] [phase=frame_stage_notify] [hook=frame_stage_notify] [frame_stage] end stage=10
#19706 [2026-09-17 23:41:14.622] [DEBUG] [P8724:T14672] [phase=frame_stage_notify] [hook=frame_stage_notify] [frame_stage] begin stage=11 this=0x00007FF9971873C0
#19707 [2026-09-17 23:41:14.640] [DEBUG] [P8724:T14672] [phase=frame_stage_notify] [hook=frame_stage_notify] [frame_stage] original begin
#19708 [2026-09-17 23:41:14.658] [DEBUG] [P8724:T14672] [phase=frame_stage_notify] [hook=frame_stage_notify] [frame_stage] original end
#19709 [2026-09-17 23:41:14.677] [DEBUG] [P8724:T14672] [phase=frame_stage_notify] [hook=frame_stage_notify] [frame_stage] end stage=11
#19710 [2026-09-17 23:41:14.696] [DEBUG] [P8724:T14672] [phase=frame_stage_notify] [hook=frame_stage_notify] [frame_stage] begin stage=1 this=0x00007FF9971873C0
#19711 [2026-09-17 23:41:14.715] [DEBUG] [P8724:T14672] [phase=frame_stage_notify] [hook=frame_stage_notify] [frame_stage] original begin
#19712 [2026-09-17 23:41:14.733] [DEBUG] [P8724:T14672] [phase=frame_stage_notify] [hook=frame_stage_notify] [frame_stage] original end
#19713 [2026-09-17 23:41:14.751] [DEBUG] [P8724:T14672] [phase=frame_stage_notify] [hook=frame_stage_notify] [frame_stage] end stage=1
#19714 [2026-09-17 23:41:14.769] [DEBUG] [P8724:T14672] [phase=frame_stage_notify] [hook=frame_stage_notify] [frame_stage] begin stage=2 this=0x00007FF9971873C0
#19715 [2026-09-17 23:41:14.789] [DEBUG] [P8724:T14672] [phase=frame_stage_notify] [hook=frame_stage_notify] [frame_stage] original begin
#19716 [2026-09-17 23:41:14.808] [DEBUG] [P8724:T14672] [phase=frame_stage_notify] [hook=frame_stage_notify] [frame_stage] original end
#19717 [2026-09-17 23:41:14.827] [DEBUG] [P8724:T14672] [phase=frame_stage_notify] [hook=frame_stage_notify] [frame_stage] end stage=2
#19718 [2026-09-17 23:41:14.846] [DEBUG] [P8724:T14672] [phase=frame_stage_notify] [hook=frame_stage_notify] [frame_stage] begin stage=5 this=0x00007FF9971873C0
#19719 [2026-09-17 23:41:14.864] [DEBUG] [P8724:T14672] [phase=frame_stage_notify] [hook=frame_stage_notify] [frame_stage] original begin
#19720 [2026-09-17 23:41:14.882] [DEBUG] [P8724:T14672] [phase=frame_stage_notify] [hook=frame_stage_notify] [frame_stage] original end
#19721 [2026-09-17 23:41:14.902] [DEBUG] [P8724:T14672] [phase=frame_stage_notify] [hook=frame_stage_notify] [frame_stage] end stage=5
#19722 [2026-09-17 23:41:14.920] [DEBUG] [P8724:T14672] [phase=frame_stage_notify] [hook=frame_stage_notify] [frame_stage] begin stage=6 this=0x00007FF9971873C0
#19723 [2026-09-17 23:41:14.938] [DEBUG] [P8724:T14672] [phase=frame_stage_notify] [hook=frame_stage_notify] [frame_stage] guns begin
#19724 [2026-09-17 23:41:14.974] [DEBUG] [P8724:T14672] [phase=frame_stage_notify] [hook=frame_stage_notify] [frame_stage] guns end
#19725 [2026-09-17 23:41:15.028] [DEBUG] [P8724:T14672] [phase=frame_stage_notify] [hook=frame_stage_notify] [frame_stage] dlight begin
#19726 [2026-09-17 23:41:15.046] [DEBUG] [P8724:T14672] [phase=frame_stage_notify] [hook=frame_stage_notify] [frame_stage] dlight end
#19727 [2026-09-17 23:41:15.064] [DEBUG] [P8724:T14672] [phase=frame_stage_notify] [hook=frame_stage_notify] [frame_stage] original begin
#19728 [2026-09-17 23:41:15.082] [DEBUG] [P8724:T14672] [phase=frame_stage_notify] [hook=frame_stage_notify] [frame_stage] original end
#19729 [2026-09-17 23:41:15.101] [DEBUG] [P8724:T14672] [phase=frame_stage_notify] [hook=frame_stage_notify] [frame_stage] post-network feature updates begin
#19730 [2026-09-17 23:41:15.119] [DEBUG] [P8724:T14672] [phase=frame_stage_notify] [hook=frame_stage_notify] [frame_stage] post-network feature updates end
#19731 [2026-09-17 23:41:15.138] [DEBUG] [P8724:T14672] [phase=frame_stage_notify] [hook=frame_stage_notify] [frame_stage] end stage=6
#19732 [2026-09-17 23:41:15.156] [DEBUG] [P8724:T14672] [phase=frame_stage_notify] [hook=frame_stage_notify] [frame_stage] begin stage=7 this=0x00007FF9971873C0
#19733 [2026-09-17 23:41:15.175] [DEBUG] [P8724:T14672] [phase=frame_stage_notify] [hook=frame_stage_notify] [frame_stage] agents begin
#19734 [2026-09-17 23:41:15.194] [DEBUG] [P8724:T14672] [phase=frame_stage_notify] [hook=frame_stage_notify] [frame_stage] agents end; gloves begin
#19735 [2026-09-17 23:41:15.213] [DEBUG] [P8724:T14672] [phase=frame_stage_notify] [hook=frame_stage_notify] [frame_stage] gloves end; knives begin
#19736 [2026-09-17 23:41:15.232] [DEBUG] [P8724:T14672] [phase=frame_stage_notify] [hook=frame_stage_notify] [frame_stage] knives end; world begin
#19737 [2026-09-17 23:41:15.250] [DEBUG] [P8724:T14672] [phase=frame_stage_notify] [hook=frame_stage_notify] [frame_stage] scene end; weather begin
#19738 [2026-09-17 23:41:15.269] [DEBUG] [P8724:T14672] [phase=frame_stage_notify] [hook=frame_stage_notify] [frame_stage] weather end; other begin
#19739 [2026-09-17 23:41:15.287] [DEBUG] [P8724:T14672] [phase=frame_stage_notify] [hook=frame_stage_notify] [frame_stage] other end; impacts begin
#19740 [2026-09-17 23:41:15.305] [DEBUG] [P8724:T14672] [phase=frame_stage_notify] [hook=frame_stage_notify] [frame_stage] impacts end
#19741 [2026-09-17 23:41:15.329] [DEBUG] [P8724:T14672] [phase=frame_stage_notify] [hook=frame_stage_notify] [frame_stage] original begin
#19742 [2026-09-17 23:41:15.348] [DEBUG] [P8724:T14672] [phase=frame_stage_notify] [hook=frame_stage_notify] [frame_stage] original end
#19743 [2026-09-17 23:41:15.366] [DEBUG] [P8724:T14672] [phase=frame_stage_notify] [hook=frame_stage_notify] [frame_stage] end stage=7
#19744 [2026-09-17 23:41:15.384] [DEBUG] [P8724:T14672] [phase=frame_stage_notify] [hook=frame_stage_notify] [frame_stage] begin stage=8 this=0x00007FF9971873C0
#19745 [2026-09-17 23:41:15.403] [DEBUG] [P8724:T14672] [phase=frame_stage_notify] [hook=frame_stage_notify] [frame_stage] original begin
#19746 [2026-09-17 23:41:15.422] [DEBUG] [P8724:T14672] [phase=frame_stage_notify] [hook=frame_stage_notify] [frame_stage] original end
#19747 [2026-09-17 23:41:15.440] [DEBUG] [P8724:T14672] [phase=frame_stage_notify] [hook=frame_stage_notify] [frame_stage] end stage=8
#19748 [2026-09-17 23:41:15.458] [DEBUG] [P8724:T14672] [phase=frame_stage_notify] [hook=frame_stage_notify] [frame_stage] begin stage=3 this=0x00007FF9971873C0
#19749 [2026-09-17 23:41:15.477] [DEBUG] [P8724:T14672] [phase=frame_stage_notify] [hook=frame_stage_notify] [frame_stage] original begin
#19750 [2026-09-17 23:41:15.495] [DEBUG] [P8724:T14672] [phase=frame_stage_notify] [hook=frame_stage_notify] [frame_stage] original end
#19751 [2026-09-17 23:41:15.513] [DEBUG] [P8724:T14672] [phase=frame_stage_notify] [hook=frame_stage_notify] [frame_stage] end stage=3
#19752 [2026-09-17 23:41:15.532] [DEBUG] [P8724:T14672] [phase=frame_stage_notify] [hook=frame_stage_notify] [frame_stage] begin stage=12 this=0x00007FF9971873C0
#19753 [2026-09-17 23:41:15.550] [DEBUG] [P8724:T14672] [phase=frame_stage_notify] [hook=frame_stage_notify] [frame_stage] original begin
#19754 [2026-09-17 23:41:15.569] [DEBUG] [P8724:T14672] [phase=frame_stage_notify] [hook=frame_stage_notify] [frame_stage] original end
#19755 [2026-09-17 23:41:15.587] [DEBUG] [P8724:T14672] [phase=frame_stage_notify] [hook=frame_stage_notify] [frame_stage] view/frame-data update begin
#19756 [2026-09-17 23:41:15.605] [DEBUG] [P8724:T14672] [phase=frame_stage_notify] [hook=frame_stage_notify] [frame_stage] view/frame-data update end
#19757 [2026-09-17 23:41:15.623] [DEBUG] [P8724:T14672] [phase=frame_stage_notify] [hook=frame_stage_notify] [frame_stage] end stage=12
#19758 [2026-09-17 23:41:15.645] [DEBUG] [P8724:T14672] [phase=frame_stage_notify] [hook=frame_stage_notify] [frame_stage] begin stage=0 this=0x00007FF9971873C0
#19762 [2026-09-17 23:41:15.663] [DEBUG] [P8724:T14672] [phase=frame_stage_notify] [hook=frame_stage_notify] [frame_stage] original begin
#19763 [2026-09-17 23:41:15.682] [DEBUG] [P8724:T14672] [phase=frame_stage_notify] [hook=frame_stage_notify] [frame_stage] original end
#19764 [2026-09-17 23:41:15.700] [DEBUG] [P8724:T14672] [phase=frame_stage_notify] [hook=frame_stage_notify] [frame_stage] end stage=0
#19765 [2026-09-17 23:41:15.719] [DEBUG] [P8724:T14672] [phase=frame_stage_notify] [hook=frame_stage_notify] [frame_stage] begin stage=11 this=0x00007FF9971873C0
#19766 [2026-09-17 23:41:15.737] [DEBUG] [P8724:T14672] [phase=frame_stage_notify] [hook=frame_stage_notify] [frame_stage] original begin
#19767 [2026-09-17 23:41:15.755] [DEBUG] [P8724:T14672] [phase=frame_stage_notify] [hook=frame_stage_notify] [frame_stage] original end
#19768 [2026-09-17 23:41:15.774] [DEBUG] [P8724:T14672] [phase=frame_stage_notify] [hook=frame_stage_notify] [frame_stage] end stage=11
#19769 [2026-09-17 23:41:15.793] [DEBUG] [P8724:T14672] [phase=frame_stage_notify] [hook=frame_stage_notify] [frame_stage] begin stage=0 this=0x00007FF9971873C0
#19770 [2026-09-17 23:41:15.811] [DEBUG] [P8724:T14672] [phase=frame_stage_notify] [hook=frame_stage_notify] [frame_stage] original begin
#19771 [2026-09-17 23:41:15.830] [DEBUG] [P8724:T14672] [phase=frame_stage_notify] [hook=frame_stage_notify] [frame_stage] original end
#19772 [2026-09-17 23:41:15.848] [DEBUG] [P8724:T14672] [phase=frame_stage_notify] [hook=frame_stage_notify] [frame_stage] end stage=0
#19773 [2026-09-17 23:41:15.866] [DEBUG] [P8724:T14672] [phase=frame_stage_notify] [hook=frame_stage_notify] [frame_stage] begin stage=11 this=0x00007FF9971873C0
#19774 [2026-09-17 23:41:15.885] [DEBUG] [P8724:T14672] [phase=frame_stage_notify] [hook=frame_stage_notify] [frame_stage] original begin
#19775 [2026-09-17 23:41:15.921] [DEBUG] [P8724:T14672] [phase=frame_stage_notify] [hook=frame_stage_notify] [frame_stage] original end
#19776 [2026-09-17 23:41:15.941] [DEBUG] [P8724:T14672] [phase=frame_stage_notify] [hook=frame_stage_notify] [frame_stage] end stage=11
#19777 [2026-09-17 23:41:15.972] [DEBUG] [P8724:T14672] [phase=frame_stage_notify] [hook=frame_stage_notify] [frame_stage] begin stage=0 this=0x00007FF9971873C0
#19778 [2026-09-17 23:41:15.991] [DEBUG] [P8724:T14672] [phase=frame_stage_notify] [hook=frame_stage_notify] [frame_stage] original begin
#19779 [2026-09-17 23:41:16.010] [DEBUG] [P8724:T14672] [phase=frame_stage_notify] [hook=frame_stage_notify] [frame_stage] original end
#19780 [2026-09-17 23:41:16.030] [DEBUG] [P8724:T14672] [phase=frame_stage_notify] [hook=frame_stage_notify] [frame_stage] end stage=0
#19781 [2026-09-17 23:41:16.050] [DEBUG] [P8724:T14672] [phase=frame_stage_notify] [hook=frame_stage_notify] [frame_stage] begin stage=11 this=0x00007FF9971873C0
#19782 [2026-09-17 23:41:16.068] [DEBUG] [P8724:T14672] [phase=frame_stage_notify] [hook=frame_stage_notify] [frame_stage] original begin
#19783 [2026-09-17 23:41:16.086] [DEBUG] [P8724:T14672] [phase=frame_stage_notify] [hook=frame_stage_notify] [frame_stage] original end
#19784 [2026-09-17 23:41:16.103] [DEBUG] [P8724:T14672] [phase=frame_stage_notify] [hook=frame_stage_notify] [frame_stage] end stage=11
#19785 [2026-09-17 23:41:16.124] [DEBUG] [P8724:T14672] [phase=frame_stage_notify] [hook=frame_stage_notify] [frame_stage] begin stage=0 this=0x00007FF9971873C0
#19786 [2026-09-17 23:41:16.143] [DEBUG] [P8724:T14672] [phase=frame_stage_notify] [hook=frame_stage_notify] [frame_stage] original begin
#19787 [2026-09-17 23:41:16.161] [DEBUG] [P8724:T14672] [phase=frame_stage_notify] [hook=frame_stage_notify] [frame_stage] original end
#19788 [2026-09-17 23:41:16.179] [DEBUG] [P8724:T14672] [phase=frame_stage_notify] [hook=frame_stage_notify] [frame_stage] end stage=0
#19789 [2026-09-17 23:41:16.199] [DEBUG] [P8724:T14672] [phase=frame_stage_notify] [hook=frame_stage_notify] [frame_stage] begin stage=11 this=0x00007FF9971873C0
#19790 [2026-09-17 23:41:16.217] [DEBUG] [P8724:T14672] [phase=frame_stage_notify] [hook=frame_stage_notify] [frame_stage] original begin
#19791 [2026-09-17 23:41:16.235] [DEBUG] [P8724:T14672] [phase=frame_stage_notify] [hook=frame_stage_notify] [frame_stage] original end
#19792 [2026-09-17 23:41:16.255] [DEBUG] [P8724:T14672] [phase=frame_stage_notify] [hook=frame_stage_notify] [frame_stage] end stage=11
#19793 [2026-09-17 23:41:16.273] [DEBUG] [P8724:T14672] [phase=frame_stage_notify] [hook=frame_stage_notify] [frame_stage] begin stage=0 this=0x00007FF9971873C0
#19794 [2026-09-17 23:41:16.292] [DEBUG] [P8724:T14672] [phase=frame_stage_notify] [hook=frame_stage_notify] [frame_stage] original begin
#19795 [2026-09-17 23:41:16.310] [DEBUG] [P8724:T14672] [phase=frame_stage_notify] [hook=frame_stage_notify] [frame_stage] original end
#19796 [2026-09-17 23:41:16.331] [DEBUG] [P8724:T14672] [phase=frame_stage_notify] [hook=frame_stage_notify] [frame_stage] end stage=0
#19797 [2026-09-17 23:41:16.349] [DEBUG] [P8724:T14672] [phase=frame_stage_notify] [hook=frame_stage_notify] [frame_stage] begin stage=11 this=0x00007FF9971873C0
#19798 [2026-09-17 23:41:16.368] [DEBUG] [P8724:T14672] [phase=frame_stage_notify] [hook=frame_stage_notify] [frame_stage] original begin
#19799 [2026-09-17 23:41:16.387] [DEBUG] [P8724:T14672] [phase=frame_stage_notify] [hook=frame_stage_notify] [frame_stage] original end
#19800 [2026-09-17 23:41:16.405] [DEBUG] [P8724:T14672] [phase=frame_stage_notify] [hook=frame_stage_notify] [frame_stage] end stage=11
#19801 [2026-09-17 23:41:16.423] [DEBUG] [P8724:T14672] [phase=frame_stage_notify] [hook=frame_stage_notify] [frame_stage] begin stage=0 this=0x00007FF9971873C0
#19802 [2026-09-17 23:41:16.441] [DEBUG] [P8724:T14672] [phase=frame_stage_notify] [hook=frame_stage_notify] [frame_stage] original begin
#19803 [2026-09-17 23:41:16.459] [DEBUG] [P8724:T14672] [phase=frame_stage_notify] [hook=frame_stage_notify] [frame_stage] original end
#19804 [2026-09-17 23:41:16.478] [DEBUG] [P8724:T14672] [phase=frame_stage_notify] [hook=frame_stage_notify] [frame_stage] end stage=0
#19805 [2026-09-17 23:41:16.496] [DEBUG] [P8724:T14672] [phase=frame_stage_notify] [hook=frame_stage_notify] [frame_stage] begin stage=11 this=0x00007FF9971873C0
#19806 [2026-09-17 23:41:16.515] [DEBUG] [P8724:T14672] [phase=frame_stage_notify] [hook=frame_stage_notify] [frame_stage] original begin
#19807 [2026-09-17 23:41:16.533] [DEBUG] [P8724:T14672] [phase=frame_stage_notify] [hook=frame_stage_notify] [frame_stage] original end
#19808 [2026-09-17 23:41:16.551] [DEBUG] [P8724:T14672] [phase=frame_stage_notify] [hook=frame_stage_notify] [frame_stage] end stage=11
#19809 [2026-09-17 23:41:16.569] [DEBUG] [P8724:T14672] [phase=frame_stage_notify] [hook=frame_stage_notify] [frame_stage] begin stage=0 this=0x00007FF9971873C0
#19810 [2026-09-17 23:41:16.587] [DEBUG] [P8724:T14672] [phase=frame_stage_notify] [hook=frame_stage_notify] [frame_stage] original begin
#19811 [2026-09-17 23:41:16.606] [DEBUG] [P8724:T14672] [phase=frame_stage_notify] [hook=frame_stage_notify] [frame_stage] original end
#19812 [2026-09-17 23:41:16.624] [DEBUG] [P8724:T14672] [phase=frame_stage_notify] [hook=frame_stage_notify] [frame_stage] end stage=0
#19813 [2026-09-17 23:41:16.642] [DEBUG] [P8724:T14672] [phase=frame_stage_notify] [hook=frame_stage_notify] [frame_stage] begin stage=10 this=0x00007FF9971873C0
#19814 [2026-09-17 23:41:16.662] [DEBUG] [P8724:T14672] [phase=frame_stage_notify] [hook=frame_stage_notify] [frame_stage] original begin
#19815 [2026-09-17 23:41:16.680] [DEBUG] [P8724:T14672] [phase=frame_stage_notify] [hook=frame_stage_notify] [frame_stage] original end
#19816 [2026-09-17 23:41:16.698] [DEBUG] [P8724:T14672] [phase=frame_stage_notify] [hook=frame_stage_notify] [frame_stage] end stage=10
#19817 [2026-09-17 23:41:16.717] [DEBUG] [P8724:T14672] [phase=frame_stage_notify] [hook=frame_stage_notify] [frame_stage] begin stage=11 this=0x00007FF9971873C0
#19818 [2026-09-17 23:41:16.736] [DEBUG] [P8724:T14672] [phase=frame_stage_notify] [hook=frame_stage_notify] [frame_stage] original begin
#19819 [2026-09-17 23:41:16.755] [DEBUG] [P8724:T14672] [phase=frame_stage_notify] [hook=frame_stage_notify] [frame_stage] original end
#19820 [2026-09-17 23:41:16.774] [DEBUG] [P8724:T14672] [phase=frame_stage_notify] [hook=frame_stage_notify] [frame_stage] end stage=11
#19821 [2026-09-17 23:41:16.792] [DEBUG] [P8724:T14672] [phase=frame_stage_notify] [hook=frame_stage_notify] [frame_stage] begin stage=1 this=0x00007FF9971873C0
#19822 [2026-09-17 23:41:16.811] [DEBUG] [P8724:T14672] [phase=frame_stage_notify] [hook=frame_stage_notify] [frame_stage] original begin
#19823 [2026-09-17 23:41:16.830] [DEBUG] [P8724:T14672] [phase=frame_stage_notify] [hook=frame_stage_notify] [frame_stage] original end
#19824 [2026-09-17 23:41:16.848] [DEBUG] [P8724:T14672] [phase=frame_stage_notify] [hook=frame_stage_notify] [frame_stage] end stage=1
#19825 [2026-09-17 23:41:16.867] [DEBUG] [P8724:T14672] [phase=frame_stage_notify] [hook=frame_stage_notify] [frame_stage] begin stage=2 this=0x00007FF9971873C0
#19826 [2026-09-17 23:41:16.886] [DEBUG] [P8724:T14672] [phase=frame_stage_notify] [hook=frame_stage_notify] [frame_stage] original begin
#19827 [2026-09-17 23:41:16.904] [DEBUG] [P8724:T14672] [phase=frame_stage_notify] [hook=frame_stage_notify] [frame_stage] original end
#19828 [2026-09-17 23:41:16.923] [DEBUG] [P8724:T14672] [phase=frame_stage_notify] [hook=frame_stage_notify] [frame_stage] end stage=2
#19829 [2026-09-17 23:41:16.941] [DEBUG] [P8724:T14672] [phase=frame_stage_notify] [hook=frame_stage_notify] [frame_stage] begin stage=5 this=0x00007FF9971873C0
#19830 [2026-09-17 23:41:16.977] [DEBUG] [P8724:T14672] [phase=frame_stage_notify] [hook=frame_stage_notify] [frame_stage] original begin
#19831 [2026-09-17 23:41:16.995] [DEBUG] [P8724:T14672] [phase=frame_stage_notify] [hook=frame_stage_notify] [frame_stage] original end
#19832 [2026-09-17 23:41:17.014] [DEBUG] [P8724:T14672] [phase=frame_stage_notify] [hook=frame_stage_notify] [frame_stage] end stage=5
#19833 [2026-09-17 23:41:17.033] [DEBUG] [P8724:T14672] [phase=frame_stage_notify] [hook=frame_stage_notify] [frame_stage] begin stage=6 this=0x00007FF9971873C0
#19834 [2026-09-17 23:41:17.052] [DEBUG] [P8724:T14672] [phase=frame_stage_notify] [hook=frame_stage_notify] [frame_stage] guns begin
#19835 [2026-09-17 23:41:17.071] [DEBUG] [P8724:T14672] [phase=frame_stage_notify] [hook=frame_stage_notify] [frame_stage] guns end
#19836 [2026-09-17 23:41:17.090] [DEBUG] [P8724:T14672] [phase=frame_stage_notify] [hook=frame_stage_notify] [frame_stage] dlight begin
#19837 [2026-09-17 23:41:17.108] [DEBUG] [P8724:T14672] [phase=frame_stage_notify] [hook=frame_stage_notify] [frame_stage] dlight end
#19838 [2026-09-17 23:41:17.126] [DEBUG] [P8724:T14672] [phase=frame_stage_notify] [hook=frame_stage_notify] [frame_stage] original begin
#19839 [2026-09-17 23:41:17.143] [DEBUG] [P8724:T14672] [phase=frame_stage_notify] [hook=frame_stage_notify] [frame_stage] original end
#19840 [2026-09-17 23:41:17.162] [DEBUG] [P8724:T14672] [phase=frame_stage_notify] [hook=frame_stage_notify] [frame_stage] post-network feature updates begin
#19841 [2026-09-17 23:41:17.180] [DEBUG] [P8724:T14672] [phase=frame_stage_notify] [hook=frame_stage_notify] [frame_stage] post-network feature updates end
#19842 [2026-09-17 23:41:17.198] [DEBUG] [P8724:T14672] [phase=frame_stage_notify] [hook=frame_stage_notify] [frame_stage] end stage=6
#19843 [2026-09-17 23:41:17.216] [DEBUG] [P8724:T14672] [phase=frame_stage_notify] [hook=frame_stage_notify] [frame_stage] begin stage=7 this=0x00007FF9971873C0
#19844 [2026-09-17 23:41:17.235] [DEBUG] [P8724:T14672] [phase=frame_stage_notify] [hook=frame_stage_notify] [frame_stage] agents begin
#19845 [2026-09-17 23:41:17.271] [DEBUG] [P8724:T14672] [phase=frame_stage_notify] [hook=frame_stage_notify] [frame_stage] agents end; gloves begin
#19846 [2026-09-17 23:41:17.290] [DEBUG] [P8724:T14672] [phase=frame_stage_notify] [hook=frame_stage_notify] [frame_stage] gloves end; knives begin
#19847 [2026-09-17 23:41:17.308] [DEBUG] [P8724:T14672] [phase=frame_stage_notify] [hook=frame_stage_notify] [frame_stage] knives end; world begin
#19848 [2026-09-17 23:41:17.327] [DEBUG] [P8724:T14672] [phase=frame_stage_notify] [hook=frame_stage_notify] [frame_stage] scene end; weather begin
#19849 [2026-09-17 23:41:17.346] [DEBUG] [P8724:T14672] [phase=frame_stage_notify] [hook=frame_stage_notify] [frame_stage] weather end; other begin
#19850 [2026-09-17 23:41:17.365] [DEBUG] [P8724:T14672] [phase=frame_stage_notify] [hook=frame_stage_notify] [frame_stage] other end; impacts begin
#19851 [2026-09-17 23:41:17.383] [DEBUG] [P8724:T14672] [phase=frame_stage_notify] [hook=frame_stage_notify] [frame_stage] impacts end
#19852 [2026-09-17 23:41:17.403] [DEBUG] [P8724:T14672] [phase=frame_stage_notify] [hook=frame_stage_notify] [frame_stage] original begin
#19853 [2026-09-17 23:41:17.422] [DEBUG] [P8724:T14672] [phase=frame_stage_notify] [hook=frame_stage_notify] [frame_stage] original end
#19854 [2026-09-17 23:41:17.441] [DEBUG] [P8724:T14672] [phase=frame_stage_notify] [hook=frame_stage_notify] [frame_stage] end stage=7
#19855 [2026-09-17 23:41:17.459] [DEBUG] [P8724:T14672] [phase=frame_stage_notify] [hook=frame_stage_notify] [frame_stage] begin stage=8 this=0x00007FF9971873C0
#19856 [2026-09-17 23:41:17.478] [DEBUG] [P8724:T14672] [phase=frame_stage_notify] [hook=frame_stage_notify] [frame_stage] original begin
#19857 [2026-09-17 23:41:17.497] [DEBUG] [P8724:T14672] [phase=frame_stage_notify] [hook=frame_stage_notify] [frame_stage] original end
#19858 [2026-09-17 23:41:17.514] [DEBUG] [P8724:T14672] [phase=frame_stage_notify] [hook=frame_stage_notify] [frame_stage] end stage=8
#19859 [2026-09-17 23:41:17.532] [DEBUG] [P8724:T14672] [phase=frame_stage_notify] [hook=frame_stage_notify] [frame_stage] begin stage=3 this=0x00007FF9971873C0
#19860 [2026-09-17 23:41:17.550] [DEBUG] [P8724:T14672] [phase=frame_stage_notify] [hook=frame_stage_notify] [frame_stage] original begin
#19861 [2026-09-17 23:41:17.568] [DEBUG] [P8724:T14672] [phase=frame_stage_notify] [hook=frame_stage_notify] [frame_stage] original end
#19862 [2026-09-17 23:41:17.588] [DEBUG] [P8724:T14672] [phase=frame_stage_notify] [hook=frame_stage_notify] [frame_stage] end stage=3
#19863 [2026-09-17 23:41:17.607] [DEBUG] [P8724:T14672] [phase=frame_stage_notify] [hook=frame_stage_notify] [frame_stage] begin stage=12 this=0x00007FF9971873C0
#19864 [2026-09-17 23:41:17.625] [DEBUG] [P8724:T14672] [phase=frame_stage_notify] [hook=frame_stage_notify] [frame_stage] original begin
#19865 [2026-09-17 23:41:17.645] [DEBUG] [P8724:T14672] [phase=frame_stage_notify] [hook=frame_stage_notify] [frame_stage] original end
#19866 [2026-09-17 23:41:17.663] [DEBUG] [P8724:T14672] [phase=frame_stage_notify] [hook=frame_stage_notify] [frame_stage] view/frame-data update begin
#19867 [2026-09-17 23:41:17.681] [DEBUG] [P8724:T14672] [phase=frame_stage_notify] [hook=frame_stage_notify] [frame_stage] view/frame-data update end
#19868 [2026-09-17 23:41:17.701] [DEBUG] [P8724:T14672] [phase=frame_stage_notify] [hook=frame_stage_notify] [frame_stage] end stage=12
#19869 [2026-09-17 23:41:17.724] [DEBUG] [P8724:T17744] [phase=present] [hook=present] [present] begin swap_chain=0x0000026A946CF720 sync=0 flags=0x200 ready=1
#19970 [2026-09-17 23:41:17.743] [DEBUG] [P8724:T17744] [phase=present] [hook=present] [present] rendering context updated
#19971 [2026-09-17 23:41:17.761] [DEBUG] [P8724:T17744] [phase=present] [hook=present] [present] forwarding to original
#19972 [2026-09-17 23:41:17.780] [DEBUG] [P8724:T14672] [phase=frame_stage_notify] [hook=frame_stage_notify] [frame_stage] begin stage=0 this=0x00007FF9971873C0
#19976 [2026-09-17 23:41:17.799] [DEBUG] [P8724:T14672] [phase=frame_stage_notify] [hook=frame_stage_notify] [frame_stage] original begin
#19977 [2026-09-17 23:41:17.818] [DEBUG] [P8724:T14672] [phase=frame_stage_notify] [hook=frame_stage_notify] [frame_stage] original end
#19978 [2026-09-17 23:41:17.836] [DEBUG] [P8724:T14672] [phase=frame_stage_notify] [hook=frame_stage_notify] [frame_stage] end stage=0
#19979 [2026-09-17 23:41:17.854] [DEBUG] [P8724:T14672] [phase=frame_stage_notify] [hook=frame_stage_notify] [frame_stage] begin stage=11 this=0x00007FF9971873C0
#19980 [2026-09-17 23:41:17.873] [DEBUG] [P8724:T14672] [phase=frame_stage_notify] [hook=frame_stage_notify] [frame_stage] original begin
#19981 [2026-09-17 23:41:17.891] [DEBUG] [P8724:T14672] [phase=frame_stage_notify] [hook=frame_stage_notify] [frame_stage] original end
#19982 [2026-09-17 23:41:17.910] [DEBUG] [P8724:T14672] [phase=frame_stage_notify] [hook=frame_stage_notify] [frame_stage] end stage=11
#19983 [2026-09-17 23:41:17.929] [DEBUG] [P8724:T14672] [phase=frame_stage_notify] [hook=frame_stage_notify] [frame_stage] begin stage=0 this=0x00007FF9971873C0
#19984 [2026-09-17 23:41:17.947] [DEBUG] [P8724:T14672] [phase=frame_stage_notify] [hook=frame_stage_notify] [frame_stage] original begin
#19985 [2026-09-17 23:41:17.966] [DEBUG] [P8724:T14672] [phase=frame_stage_notify] [hook=frame_stage_notify] [frame_stage] original end
#19986 [2026-09-17 23:41:17.984] [DEBUG] [P8724:T14672] [phase=frame_stage_notify] [hook=frame_stage_notify] [frame_stage] end stage=0
#19987 [2026-09-17 23:41:18.003] [DEBUG] [P8724:T14672] [phase=frame_stage_notify] [hook=frame_stage_notify] [frame_stage] begin stage=11 this=0x00007FF9971873C0
#19988 [2026-09-17 23:41:18.021] [DEBUG] [P8724:T14672] [phase=frame_stage_notify] [hook=frame_stage_notify] [frame_stage] original begin
#19989 [2026-09-17 23:41:18.040] [DEBUG] [P8724:T14672] [phase=frame_stage_notify] [hook=frame_stage_notify] [frame_stage] original end
#19990 [2026-09-17 23:41:18.059] [DEBUG] [P8724:T14672] [phase=frame_stage_notify] [hook=frame_stage_notify] [frame_stage] end stage=11
#19991 [2026-09-17 23:41:18.078] [DEBUG] [P8724:T14672] [phase=frame_stage_notify] [hook=frame_stage_notify] [frame_stage] begin stage=0 this=0x00007FF9971873C0
#19992 [2026-09-17 23:41:18.095] [DEBUG] [P8724:T14672] [phase=frame_stage_notify] [hook=frame_stage_notify] [frame_stage] original begin
#19993 [2026-09-17 23:41:18.113] [DEBUG] [P8724:T14672] [phase=frame_stage_notify] [hook=frame_stage_notify] [frame_stage] original end
#19994 [2026-09-17 23:41:18.131] [DEBUG] [P8724:T14672] [phase=frame_stage_notify] [hook=frame_stage_notify] [frame_stage] end stage=0
#19995 [2026-09-17 23:41:18.150] [DEBUG] [P8724:T14672] [phase=none] [hook=frame_stage_notify] hook enter name=frame_stage_notify arg0=0x00007FF9971873C0 arg1=0x000000000000000B arg2=0x0000000000000000 arg3=0x0000000000000000
#19996 [2026-09-17 23:41:18.169] [DEBUG] [P8724:T14672] [phase=frame_stage_notify] [hook=frame_stage_notify] [frame_stage] begin stage=11 this=0x00007FF9971873C0
#19997 [2026-09-17 23:41:18.187] [DEBUG] [P8724:T14672] [phase=frame_stage_notify] [hook=frame_stage_notify] [frame_stage] original begin
#19998 [2026-09-17 23:41:18.205] [DEBUG] [P8724:T14672] [phase=frame_stage_notify] [hook=frame_stage_notify] [frame_stage] original end
#19999 [2026-09-17 23:41:18.223] [DEBUG] [P8724:T14672] [phase=frame_stage_notify] [hook=frame_stage_notify] [frame_stage] end stage=11
#20000 [2026-09-17 23:41:18.242] [DEBUG] [P8724:T14672] [phase=none] [hook=frame_stage_notify] hook leave name=frame_stage_notify duration_ms=94
#20001 [2026-09-17 23:41:18.261] [DEBUG] [P8724:T14672] [phase=frame_stage_notify] [hook=frame_stage_notify] [frame_stage] begin stage=0 this=0x00007FF9971873C0
#20002 [2026-09-17 23:41:18.279] [DEBUG] [P8724:T14672] [phase=frame_stage_notify] [hook=frame_stage_notify] [frame_stage] original begin
#20003 [2026-09-17 23:41:18.297] [DEBUG] [P8724:T14672] [phase=frame_stage_notify] [hook=frame_stage_notify] [frame_stage] original end
#20004 [2026-09-17 23:41:18.315] [DEBUG] [P8724:T14672] [phase=frame_stage_notify] [hook=frame_stage_notify] [frame_stage] end stage=0
#20005 [2026-09-17 23:41:18.334] [DEBUG] [P8724:T14672] [phase=frame_stage_notify] [hook=frame_stage_notify] [frame_stage] begin stage=10 this=0x00007FF9971873C0
#20006 [2026-09-17 23:41:18.353] [DEBUG] [P8724:T14672] [phase=frame_stage_notify] [hook=frame_stage_notify] [frame_stage] original begin
#20007 [2026-09-17 23:41:18.371] [DEBUG] [P8724:T14672] [phase=frame_stage_notify] [hook=frame_stage_notify] [frame_stage] original end
#20008 [2026-09-17 23:41:18.390] [DEBUG] [P8724:T14672] [phase=frame_stage_notify] [hook=frame_stage_notify] [frame_stage] end stage=10
#20009 [2026-09-17 23:41:18.407] [DEBUG] [P8724:T14672] [phase=frame_stage_notify] [hook=frame_stage_notify] [frame_stage] begin stage=11 this=0x00007FF9971873C0
#20010 [2026-09-17 23:41:18.426] [DEBUG] [P8724:T14672] [phase=frame_stage_notify] [hook=frame_stage_notify] [frame_stage] original begin
#20011 [2026-09-17 23:41:18.444] [DEBUG] [P8724:T14672] [phase=frame_stage_notify] [hook=frame_stage_notify] [frame_stage] original end
#20012 [2026-09-17 23:41:18.462] [DEBUG] [P8724:T14672] [phase=frame_stage_notify] [hook=frame_stage_notify] [frame_stage] end stage=11
#20013 [2026-09-17 23:41:18.480] [DEBUG] [P8724:T14672] [phase=frame_stage_notify] [hook=frame_stage_notify] [frame_stage] begin stage=1 this=0x00007FF9971873C0
#20014 [2026-09-17 23:41:18.499] [DEBUG] [P8724:T14672] [phase=frame_stage_notify] [hook=frame_stage_notify] [frame_stage] original begin
#20015 [2026-09-17 23:41:18.519] [DEBUG] [P8724:T14672] [phase=frame_stage_notify] [hook=frame_stage_notify] [frame_stage] original end
#20016 [2026-09-17 23:41:18.537] [DEBUG] [P8724:T14672] [phase=frame_stage_notify] [hook=frame_stage_notify] [frame_stage] end stage=1
#20017 [2026-09-17 23:41:18.555] [DEBUG] [P8724:T14672] [phase=frame_stage_notify] [hook=frame_stage_notify] [frame_stage] begin stage=2 this=0x00007FF9971873C0
#20018 [2026-09-17 23:41:18.573] [DEBUG] [P8724:T14672] [phase=frame_stage_notify] [hook=frame_stage_notify] [frame_stage] original begin
#20019 [2026-09-17 23:41:18.592] [DEBUG] [P8724:T14672] [phase=frame_stage_notify] [hook=frame_stage_notify] [frame_stage] original end
#20020 [2026-09-17 23:41:18.610] [DEBUG] [P8724:T14672] [phase=frame_stage_notify] [hook=frame_stage_notify] [frame_stage] end stage=2
#20021 [2026-09-17 23:41:18.646] [DEBUG] [P8724:T14672] [phase=frame_stage_notify] [hook=frame_stage_notify] [frame_stage] begin stage=5 this=0x00007FF9971873C0
#20022 [2026-09-17 23:41:18.664] [DEBUG] [P8724:T14672] [phase=frame_stage_notify] [hook=frame_stage_notify] [frame_stage] original begin
#20023 [2026-09-17 23:41:18.682] [DEBUG] [P8724:T14672] [phase=frame_stage_notify] [hook=frame_stage_notify] [frame_stage] original end
#20024 [2026-09-17 23:41:18.701] [DEBUG] [P8724:T14672] [phase=frame_stage_notify] [hook=frame_stage_notify] [frame_stage] end stage=5
#20025 [2026-09-17 23:41:18.720] [DEBUG] [P8724:T14672] [phase=frame_stage_notify] [hook=frame_stage_notify] [frame_stage] begin stage=6 this=0x00007FF9971873C0
#20026 [2026-09-17 23:41:18.738] [DEBUG] [P8724:T14672] [phase=frame_stage_notify] [hook=frame_stage_notify] [frame_stage] guns begin
#20027 [2026-09-17 23:41:18.756] [DEBUG] [P8724:T14672] [phase=frame_stage_notify] [hook=frame_stage_notify] [frame_stage] guns end
#20028 [2026-09-17 23:41:18.773] [DEBUG] [P8724:T14672] [phase=frame_stage_notify] [hook=frame_stage_notify] [frame_stage] dlight begin
#20029 [2026-09-17 23:41:18.792] [DEBUG] [P8724:T14672] [phase=frame_stage_notify] [hook=frame_stage_notify] [frame_stage] dlight end
#20030 [2026-09-17 23:41:18.811] [DEBUG] [P8724:T14672] [phase=frame_stage_notify] [hook=frame_stage_notify] [frame_stage] original begin
#20031 [2026-09-17 23:41:18.830] [DEBUG] [P8724:T14672] [phase=frame_stage_notify] [hook=frame_stage_notify] [frame_stage] original end
#20032 [2026-09-17 23:41:18.848] [DEBUG] [P8724:T14672] [phase=frame_stage_notify] [hook=frame_stage_notify] [frame_stage] post-network feature updates begin
#20033 [2026-09-17 23:41:18.867] [DEBUG] [P8724:T14672] [phase=frame_stage_notify] [hook=frame_stage_notify] [frame_stage] post-network feature updates end
#20034 [2026-09-17 23:41:18.885] [DEBUG] [P8724:T14672] [phase=frame_stage_notify] [hook=frame_stage_notify] [frame_stage] end stage=6
#20035 [2026-09-17 23:41:18.904] [DEBUG] [P8724:T14672] [phase=frame_stage_notify] [hook=frame_stage_notify] [frame_stage] begin stage=7 this=0x00007FF9971873C0
#20036 [2026-09-17 23:41:18.923] [DEBUG] [P8724:T14672] [phase=frame_stage_notify] [hook=frame_stage_notify] [frame_stage] agents begin
#20037 [2026-09-17 23:41:18.942] [DEBUG] [P8724:T14672] [phase=frame_stage_notify] [hook=frame_stage_notify] [frame_stage] agents end; gloves begin
#20038 [2026-09-17 23:41:18.960] [DEBUG] [P8724:T14672] [phase=frame_stage_notify] [hook=frame_stage_notify] [frame_stage] gloves end; knives begin
#20039 [2026-09-17 23:41:18.979] [DEBUG] [P8724:T14672] [phase=frame_stage_notify] [hook=frame_stage_notify] [frame_stage] knives end; world begin
#20040 [2026-09-17 23:41:18.997] [DEBUG] [P8724:T14672] [phase=frame_stage_notify] [hook=frame_stage_notify] [frame_stage] scene end; weather begin
#20041 [2026-09-17 23:41:19.015] [DEBUG] [P8724:T14672] [phase=frame_stage_notify] [hook=frame_stage_notify] [frame_stage] weather end; other begin
#20042 [2026-09-17 23:41:19.034] [DEBUG] [P8724:T14672] [phase=frame_stage_notify] [hook=frame_stage_notify] [frame_stage] other end; impacts begin
#20043 [2026-09-17 23:41:19.052] [DEBUG] [P8724:T14672] [phase=frame_stage_notify] [hook=frame_stage_notify] [frame_stage] impacts end
#20044 [2026-09-17 23:41:19.070] [DEBUG] [P8724:T14672] [phase=frame_stage_notify] [hook=frame_stage_notify] [frame_stage] original begin
#20045 [2026-09-17 23:41:19.089] [DEBUG] [P8724:T14672] [phase=frame_stage_notify] [hook=frame_stage_notify] [frame_stage] original end
#20046 [2026-09-17 23:41:19.108] [DEBUG] [P8724:T14672] [phase=frame_stage_notify] [hook=frame_stage_notify] [frame_stage] end stage=7
#20047 [2026-09-17 23:41:19.126] [DEBUG] [P8724:T14672] [phase=frame_stage_notify] [hook=frame_stage_notify] [frame_stage] begin stage=8 this=0x00007FF9971873C0
#20048 [2026-09-17 23:41:19.144] [DEBUG] [P8724:T14672] [phase=frame_stage_notify] [hook=frame_stage_notify] [frame_stage] original begin
#20049 [2026-09-17 23:41:19.163] [DEBUG] [P8724:T14672] [phase=frame_stage_notify] [hook=frame_stage_notify] [frame_stage] original end
#20050 [2026-09-17 23:41:19.181] [DEBUG] [P8724:T14672] [phase=frame_stage_notify] [hook=frame_stage_notify] [frame_stage] end stage=8
#20051 [2026-09-17 23:41:19.199] [DEBUG] [P8724:T14672] [phase=frame_stage_notify] [hook=frame_stage_notify] [frame_stage] begin stage=3 this=0x00007FF9971873C0
#20052 [2026-09-17 23:41:19.217] [DEBUG] [P8724:T14672] [phase=frame_stage_notify] [hook=frame_stage_notify] [frame_stage] original begin
#20053 [2026-09-17 23:41:19.236] [DEBUG] [P8724:T14672] [phase=frame_stage_notify] [hook=frame_stage_notify] [frame_stage] original end
#20054 [2026-09-17 23:41:19.256] [DEBUG] [P8724:T14672] [phase=frame_stage_notify] [hook=frame_stage_notify] [frame_stage] end stage=3
#20055 [2026-09-17 23:41:19.275] [DEBUG] [P8724:T14672] [phase=frame_stage_notify] [hook=frame_stage_notify] [frame_stage] begin stage=12 this=0x00007FF9971873C0
#20056 [2026-09-17 23:41:19.294] [DEBUG] [P8724:T14672] [phase=frame_stage_notify] [hook=frame_stage_notify] [frame_stage] original begin
#20057 [2026-09-17 23:41:19.313] [DEBUG] [P8724:T14672] [phase=frame_stage_notify] [hook=frame_stage_notify] [frame_stage] original end
#20058 [2026-09-17 23:41:19.331] [DEBUG] [P8724:T14672] [phase=frame_stage_notify] [hook=frame_stage_notify] [frame_stage] view/frame-data update begin
#20059 [2026-09-17 23:41:19.350] [DEBUG] [P8724:T14672] [phase=frame_stage_notify] [hook=frame_stage_notify] [frame_stage] view/frame-data update end
#20060 [2026-09-17 23:41:19.368] [DEBUG] [P8724:T14672] [phase=frame_stage_notify] [hook=frame_stage_notify] [frame_stage] end stage=12
#20061 [2026-09-17 23:41:19.391] [DEBUG] [P8724:T17744] [phase=present] [hook=present] [present] begin swap_chain=0x0000026A946CF720 sync=0 flags=0x200 ready=1
#20162 [2026-09-17 23:41:19.410] [DEBUG] [P8724:T17744] [phase=present] [hook=present] [present] rendering context updated
#20163 [2026-09-17 23:41:19.428] [DEBUG] [P8724:T17744] [phase=present] [hook=present] [present] forwarding to original
#20164 [2026-09-17 23:41:19.447] [DEBUG] [P8724:T17744] [phase=present] [hook=present] [present] begin swap_chain=0x0000026A946CF720 sync=0 flags=0x200 ready=1
#20249 [2026-09-17 23:41:19.466] [DEBUG] [P8724:T17744] [phase=present] [hook=present] [present] rendering context updated
#20250 [2026-09-17 23:41:19.485] [DEBUG] [P8724:T17744] [phase=present] [hook=present] [present] forwarding to original
#20251 [2026-09-17 23:41:19.506] [DEBUG] [P8724:T17744] [phase=present] [hook=present] [present] begin swap_chain=0x0000026A946CF720 sync=0 flags=0x200 ready=1
#20336 [2026-09-17 23:41:19.525] [DEBUG] [P8724:T17744] [phase=present] [hook=present] [present] rendering context updated
#20337 [2026-09-17 23:41:19.543] [DEBUG] [P8724:T17744] [phase=present] [hook=present] [present] forwarding to original
#20338 [2026-09-17 23:41:19.563] [DEBUG] [P8724:T17744] [phase=present] [hook=present] [present] begin swap_chain=0x0000026A946CF720 sync=0 flags=0x200 ready=1
#20415 [2026-09-17 23:41:19.581] [DEBUG] [P8724:T17744] [phase=present] [hook=present] [present] rendering context updated
#20416 [2026-09-17 23:41:19.600] [DEBUG] [P8724:T17744] [phase=present] [hook=present] [present] forwarding to original
#20417 [2026-09-17 23:41:19.621] [DEBUG] [P8724:T17744] [phase=present] [hook=present] [present] begin swap_chain=0x0000026A946CF720 sync=0 flags=0x200 ready=1
#20502 [2026-09-17 23:41:19.641] [DEBUG] [P8724:T17744] [phase=present] [hook=present] [present] rendering context updated
#20503 [2026-09-17 23:41:19.660] [DEBUG] [P8724:T17744] [phase=present] [hook=present] [present] forwarding to original
#20504 [2026-09-17 23:41:19.679] [DEBUG] [P8724:T17744] [phase=present] [hook=present] [present] begin swap_chain=0x0000026A946CF720 sync=0 flags=0x200 ready=1
#20589 [2026-09-17 23:41:19.697] [DEBUG] [P8724:T17744] [phase=present] [hook=present] [present] rendering context updated
#20590 [2026-09-17 23:41:19.716] [DEBUG] [P8724:T17744] [phase=present] [hook=present] [present] forwarding to original
#20591 [2026-09-17 23:41:19.737] [DEBUG] [P8724:T17744] [phase=present] [hook=present] [present] begin swap_chain=0x0000026A946CF720 sync=0 flags=0x200 ready=1
#20668 [2026-09-17 23:41:19.755] [DEBUG] [P8724:T17744] [phase=present] [hook=present] [present] rendering context updated
#20669 [2026-09-17 23:41:19.774] [DEBUG] [P8724:T17744] [phase=present] [hook=present] [present] forwarding to original
#20670 [2026-09-17 23:41:19.794] [DEBUG] [P8724:T14672] [phase=frame_stage_notify] [hook=frame_stage_notify] [frame_stage] begin stage=0 this=0x00007FF9971873C0
#20674 [2026-09-17 23:41:19.812] [DEBUG] [P8724:T14672] [phase=frame_stage_notify] [hook=frame_stage_notify] [frame_stage] original begin
#20675 [2026-09-17 23:41:19.831] [DEBUG] [P8724:T14672] [phase=frame_stage_notify] [hook=frame_stage_notify] [frame_stage] original end
#20676 [2026-09-17 23:41:19.849] [DEBUG] [P8724:T14672] [phase=frame_stage_notify] [hook=frame_stage_notify] [frame_stage] end stage=0
#20677 [2026-09-17 23:41:19.868] [DEBUG] [P8724:T14672] [phase=frame_stage_notify] [hook=frame_stage_notify] [frame_stage] begin stage=11 this=0x00007FF9971873C0
#20678 [2026-09-17 23:41:19.886] [DEBUG] [P8724:T14672] [phase=frame_stage_notify] [hook=frame_stage_notify] [frame_stage] original begin
#20679 [2026-09-17 23:41:19.904] [DEBUG] [P8724:T14672] [phase=frame_stage_notify] [hook=frame_stage_notify] [frame_stage] original end
#20680 [2026-09-17 23:41:19.922] [DEBUG] [P8724:T14672] [phase=frame_stage_notify] [hook=frame_stage_notify] [frame_stage] end stage=11
#20681 [2026-09-17 23:41:19.944] [DEBUG] [P8724:T14672] [phase=frame_stage_notify] [hook=frame_stage_notify] [frame_stage] begin stage=0 this=0x00007FF9971873C0
#20682 [2026-09-17 23:41:19.962] [DEBUG] [P8724:T14672] [phase=frame_stage_notify] [hook=frame_stage_notify] [frame_stage] original begin
#20683 [2026-09-17 23:41:19.981] [DEBUG] [P8724:T14672] [phase=frame_stage_notify] [hook=frame_stage_notify] [frame_stage] original end
#20684 [2026-09-17 23:41:19.999] [DEBUG] [P8724:T14672] [phase=frame_stage_notify] [hook=frame_stage_notify] [frame_stage] end stage=0
#20685 [2026-09-17 23:41:20.018] [DEBUG] [P8724:T14672] [phase=frame_stage_notify] [hook=frame_stage_notify] [frame_stage] begin stage=11 this=0x00007FF9971873C0
#20686 [2026-09-17 23:41:20.037] [DEBUG] [P8724:T14672] [phase=frame_stage_notify] [hook=frame_stage_notify] [frame_stage] original begin
#20687 [2026-09-17 23:41:20.056] [DEBUG] [P8724:T14672] [phase=frame_stage_notify] [hook=frame_stage_notify] [frame_stage] original end
#20688 [2026-09-17 23:41:20.074] [DEBUG] [P8724:T14672] [phase=frame_stage_notify] [hook=frame_stage_notify] [frame_stage] end stage=11
#20689 [2026-09-17 23:41:20.097] [DEBUG] [P8724:T14672] [phase=frame_stage_notify] [hook=frame_stage_notify] [frame_stage] begin stage=0 this=0x00007FF9971873C0
#20690 [2026-09-17 23:41:20.116] [DEBUG] [P8724:T14672] [phase=frame_stage_notify] [hook=frame_stage_notify] [frame_stage] original begin
#20691 [2026-09-17 23:41:20.134] [DEBUG] [P8724:T14672] [phase=frame_stage_notify] [hook=frame_stage_notify] [frame_stage] original end
#20692 [2026-09-17 23:41:20.151] [DEBUG] [P8724:T14672] [phase=frame_stage_notify] [hook=frame_stage_notify] [frame_stage] end stage=0
#20693 [2026-09-17 23:41:20.170] [DEBUG] [P8724:T14672] [phase=frame_stage_notify] [hook=frame_stage_notify] [frame_stage] begin stage=11 this=0x00007FF9971873C0
#20694 [2026-09-17 23:41:20.189] [DEBUG] [P8724:T14672] [phase=frame_stage_notify] [hook=frame_stage_notify] [frame_stage] original begin
#20695 [2026-09-17 23:41:20.206] [DEBUG] [P8724:T14672] [phase=frame_stage_notify] [hook=frame_stage_notify] [frame_stage] original end
#20696 [2026-09-17 23:41:20.224] [DEBUG] [P8724:T14672] [phase=frame_stage_notify] [hook=frame_stage_notify] [frame_stage] end stage=11
#20697 [2026-09-17 23:41:20.243] [DEBUG] [P8724:T14672] [phase=frame_stage_notify] [hook=frame_stage_notify] [frame_stage] begin stage=0 this=0x00007FF9971873C0
#20698 [2026-09-17 23:41:20.261] [DEBUG] [P8724:T14672] [phase=frame_stage_notify] [hook=frame_stage_notify] [frame_stage] original begin
#20699 [2026-09-17 23:41:20.280] [DEBUG] [P8724:T14672] [phase=frame_stage_notify] [hook=frame_stage_notify] [frame_stage] original end
#20700 [2026-09-17 23:41:20.298] [DEBUG] [P8724:T14672] [phase=frame_stage_notify] [hook=frame_stage_notify] [frame_stage] end stage=0
#20701 [2026-09-17 23:41:20.317] [DEBUG] [P8724:T14672] [phase=frame_stage_notify] [hook=frame_stage_notify] [frame_stage] begin stage=10 this=0x00007FF9971873C0
#20702 [2026-09-17 23:41:20.335] [DEBUG] [P8724:T14672] [phase=frame_stage_notify] [hook=frame_stage_notify] [frame_stage] original begin
#20703 [2026-09-17 23:41:20.354] [DEBUG] [P8724:T14672] [phase=frame_stage_notify] [hook=frame_stage_notify] [frame_stage] original end
#20704 [2026-09-17 23:41:20.373] [DEBUG] [P8724:T14672] [phase=frame_stage_notify] [hook=frame_stage_notify] [frame_stage] end stage=10
#20705 [2026-09-17 23:41:20.392] [DEBUG] [P8724:T14672] [phase=frame_stage_notify] [hook=frame_stage_notify] [frame_stage] begin stage=11 this=0x00007FF9971873C0
#20706 [2026-09-17 23:41:20.411] [DEBUG] [P8724:T14672] [phase=frame_stage_notify] [hook=frame_stage_notify] [frame_stage] original begin
#20707 [2026-09-17 23:41:20.430] [DEBUG] [P8724:T14672] [phase=frame_stage_notify] [hook=frame_stage_notify] [frame_stage] original end
#20708 [2026-09-17 23:41:20.448] [DEBUG] [P8724:T14672] [phase=frame_stage_notify] [hook=frame_stage_notify] [frame_stage] end stage=11
#20709 [2026-09-17 23:41:20.466] [DEBUG] [P8724:T14672] [phase=frame_stage_notify] [hook=frame_stage_notify] [frame_stage] begin stage=1 this=0x00007FF9971873C0
#20710 [2026-09-17 23:41:20.485] [DEBUG] [P8724:T14672] [phase=frame_stage_notify] [hook=frame_stage_notify] [frame_stage] original begin
#20711 [2026-09-17 23:41:20.504] [DEBUG] [P8724:T14672] [phase=frame_stage_notify] [hook=frame_stage_notify] [frame_stage] original end
#20712 [2026-09-17 23:41:20.523] [DEBUG] [P8724:T14672] [phase=frame_stage_notify] [hook=frame_stage_notify] [frame_stage] end stage=1
#20713 [2026-09-17 23:41:20.559] [DEBUG] [P8724:T14672] [phase=frame_stage_notify] [hook=frame_stage_notify] [frame_stage] begin stage=2 this=0x00007FF9971873C0
#20714 [2026-09-17 23:41:20.577] [DEBUG] [P8724:T14672] [phase=frame_stage_notify] [hook=frame_stage_notify] [frame_stage] original begin
#20715 [2026-09-17 23:41:20.595] [DEBUG] [P8724:T14672] [phase=frame_stage_notify] [hook=frame_stage_notify] [frame_stage] original end
#20716 [2026-09-17 23:41:20.613] [DEBUG] [P8724:T14672] [phase=frame_stage_notify] [hook=frame_stage_notify] [frame_stage] end stage=2
#20717 [2026-09-17 23:41:20.632] [DEBUG] [P8724:T14672] [phase=frame_stage_notify] [hook=frame_stage_notify] [frame_stage] begin stage=5 this=0x00007FF9971873C0
#20718 [2026-09-17 23:41:20.651] [DEBUG] [P8724:T14672] [phase=frame_stage_notify] [hook=frame_stage_notify] [frame_stage] original begin
#20719 [2026-09-17 23:41:20.669] [DEBUG] [P8724:T14672] [phase=frame_stage_notify] [hook=frame_stage_notify] [frame_stage] original end
#20720 [2026-09-17 23:41:20.687] [DEBUG] [P8724:T14672] [phase=frame_stage_notify] [hook=frame_stage_notify] [frame_stage] end stage=5
#20721 [2026-09-17 23:41:20.705] [DEBUG] [P8724:T14672] [phase=frame_stage_notify] [hook=frame_stage_notify] [frame_stage] begin stage=6 this=0x00007FF9971873C0
#20722 [2026-09-17 23:41:20.725] [DEBUG] [P8724:T14672] [phase=frame_stage_notify] [hook=frame_stage_notify] [frame_stage] guns begin
#20723 [2026-09-17 23:41:20.743] [DEBUG] [P8724:T14672] [phase=frame_stage_notify] [hook=frame_stage_notify] [frame_stage] guns end
#20724 [2026-09-17 23:41:20.762] [DEBUG] [P8724:T14672] [phase=frame_stage_notify] [hook=frame_stage_notify] [frame_stage] dlight begin
#20725 [2026-09-17 23:41:20.780] [DEBUG] [P8724:T14672] [phase=frame_stage_notify] [hook=frame_stage_notify] [frame_stage] dlight end
#20726 [2026-09-17 23:41:20.798] [DEBUG] [P8724:T14672] [phase=frame_stage_notify] [hook=frame_stage_notify] [frame_stage] original begin
#20727 [2026-09-17 23:41:20.817] [DEBUG] [P8724:T14672] [phase=frame_stage_notify] [hook=frame_stage_notify] [frame_stage] original end
#20728 [2026-09-17 23:41:20.838] [DEBUG] [P8724:T14672] [phase=frame_stage_notify] [hook=frame_stage_notify] [frame_stage] post-network feature updates begin
#20729 [2026-09-17 23:41:20.856] [DEBUG] [P8724:T14672] [phase=frame_stage_notify] [hook=frame_stage_notify] [frame_stage] post-network feature updates end
#20730 [2026-09-17 23:41:20.874] [DEBUG] [P8724:T14672] [phase=frame_stage_notify] [hook=frame_stage_notify] [frame_stage] end stage=6
#20731 [2026-09-17 23:41:20.893] [DEBUG] [P8724:T14672] [phase=frame_stage_notify] [hook=frame_stage_notify] [frame_stage] begin stage=7 this=0x00007FF9971873C0
#20732 [2026-09-17 23:41:20.911] [DEBUG] [P8724:T14672] [phase=frame_stage_notify] [hook=frame_stage_notify] [frame_stage] agents begin
#20733 [2026-09-17 23:41:20.929] [DEBUG] [P8724:T14672] [phase=frame_stage_notify] [hook=frame_stage_notify] [frame_stage] agents end; gloves begin
#20734 [2026-09-17 23:41:20.947] [DEBUG] [P8724:T14672] [phase=frame_stage_notify] [hook=frame_stage_notify] [frame_stage] gloves end; knives begin
#20735 [2026-09-17 23:41:20.966] [DEBUG] [P8724:T14672] [phase=frame_stage_notify] [hook=frame_stage_notify] [frame_stage] knives end; world begin
#20736 [2026-09-17 23:41:20.984] [DEBUG] [P8724:T14672] [phase=frame_stage_notify] [hook=frame_stage_notify] [frame_stage] scene end; weather begin
#20737 [2026-09-17 23:41:21.003] [DEBUG] [P8724:T14672] [phase=frame_stage_notify] [hook=frame_stage_notify] [frame_stage] weather end; other begin
#20738 [2026-09-17 23:41:21.021] [DEBUG] [P8724:T14672] [phase=frame_stage_notify] [hook=frame_stage_notify] [frame_stage] other end; impacts begin
#20739 [2026-09-17 23:41:21.039] [DEBUG] [P8724:T14672] [phase=frame_stage_notify] [hook=frame_stage_notify] [frame_stage] impacts end
#20740 [2026-09-17 23:41:21.058] [DEBUG] [P8724:T14672] [phase=frame_stage_notify] [hook=frame_stage_notify] [frame_stage] original begin
#20741 [2026-09-17 23:41:21.076] [DEBUG] [P8724:T14672] [phase=frame_stage_notify] [hook=frame_stage_notify] [frame_stage] original end
#20742 [2026-09-17 23:41:21.095] [DEBUG] [P8724:T14672] [phase=frame_stage_notify] [hook=frame_stage_notify] [frame_stage] end stage=7
#20743 [2026-09-17 23:41:21.113] [DEBUG] [P8724:T14672] [phase=frame_stage_notify] [hook=frame_stage_notify] [frame_stage] begin stage=8 this=0x00007FF9971873C0
#20744 [2026-09-17 23:41:21.131] [DEBUG] [P8724:T14672] [phase=frame_stage_notify] [hook=frame_stage_notify] [frame_stage] original begin
#20745 [2026-09-17 23:41:21.149] [DEBUG] [P8724:T14672] [phase=frame_stage_notify] [hook=frame_stage_notify] [frame_stage] original end
#20746 [2026-09-17 23:41:21.168] [DEBUG] [P8724:T14672] [phase=frame_stage_notify] [hook=frame_stage_notify] [frame_stage] end stage=8
#20747 [2026-09-17 23:41:21.187] [DEBUG] [P8724:T14672] [phase=frame_stage_notify] [hook=frame_stage_notify] [frame_stage] begin stage=3 this=0x00007FF9971873C0
#20748 [2026-09-17 23:41:21.222] [DEBUG] [P8724:T14672] [phase=frame_stage_notify] [hook=frame_stage_notify] [frame_stage] original begin
#20749 [2026-09-17 23:41:21.275] [DEBUG] [P8724:T14672] [phase=frame_stage_notify] [hook=frame_stage_notify] [frame_stage] original end
#20750 [2026-09-17 23:41:21.294] [DEBUG] [P8724:T14672] [phase=frame_stage_notify] [hook=frame_stage_notify] [frame_stage] end stage=3
#20751 [2026-09-17 23:41:21.313] [DEBUG] [P8724:T14672] [phase=frame_stage_notify] [hook=frame_stage_notify] [frame_stage] begin stage=12 this=0x00007FF9971873C0
#20752 [2026-09-17 23:41:21.331] [DEBUG] [P8724:T14672] [phase=frame_stage_notify] [hook=frame_stage_notify] [frame_stage] original begin
#20753 [2026-09-17 23:41:21.349] [DEBUG] [P8724:T14672] [phase=frame_stage_notify] [hook=frame_stage_notify] [frame_stage] original end
#20754 [2026-09-17 23:41:21.368] [DEBUG] [P8724:T14672] [phase=frame_stage_notify] [hook=frame_stage_notify] [frame_stage] view/frame-data update begin
#20755 [2026-09-17 23:41:21.387] [DEBUG] [P8724:T14672] [phase=frame_stage_notify] [hook=frame_stage_notify] [frame_stage] view/frame-data update end
#20756 [2026-09-17 23:41:21.406] [DEBUG] [P8724:T14672] [phase=frame_stage_notify] [hook=frame_stage_notify] [frame_stage] end stage=12
#20757 [2026-09-17 23:41:21.428] [DEBUG] [P8724:T5296] [phase=none] [hook=generate_primitives] hook enter name=generate_primitives arg0=0x00007FFA36B37AD0 arg1=0x0000027230A56A00 arg2=0x000000C6DD2FF9F0 arg3=0x000000C6DD2FEFB0
#20758 [2026-09-17 23:41:21.447] [DEBUG] [P8724:T5296] [phase=none] [hook=generate_primitives] hook leave name=generate_primitives duration_ms=15
#20759 [2026-09-17 23:41:21.466] [DEBUG] [P8724:T17744] [phase=present] [hook=present] [present] begin swap_chain=0x0000026A946CF720 sync=0 flags=0x200 ready=1
#20860 [2026-09-17 23:41:21.485] [DEBUG] [P8724:T17744] [phase=present] [hook=present] [present] rendering context updated
#20861 [2026-09-17 23:41:21.504] [DEBUG] [P8724:T17744] [phase=present] [hook=present] [present] forwarding to original
#20862 [2026-09-17 23:41:21.524] [DEBUG] [P8724:T14672] [phase=frame_stage_notify] [hook=frame_stage_notify] [frame_stage] begin stage=0 this=0x00007FF9971873C0
#20866 [2026-09-17 23:41:21.543] [DEBUG] [P8724:T14672] [phase=frame_stage_notify] [hook=frame_stage_notify] [frame_stage] original begin
#20867 [2026-09-17 23:41:21.561] [DEBUG] [P8724:T14672] [phase=frame_stage_notify] [hook=frame_stage_notify] [frame_stage] original end
#20868 [2026-09-17 23:41:21.579] [DEBUG] [P8724:T14672] [phase=frame_stage_notify] [hook=frame_stage_notify] [frame_stage] end stage=0
#20869 [2026-09-17 23:41:21.597] [DEBUG] [P8724:T14672] [phase=frame_stage_notify] [hook=frame_stage_notify] [frame_stage] begin stage=11 this=0x00007FF9971873C0
#20870 [2026-09-17 23:41:21.617] [DEBUG] [P8724:T14672] [phase=frame_stage_notify] [hook=frame_stage_notify] [frame_stage] original begin
#20871 [2026-09-17 23:41:21.635] [DEBUG] [P8724:T14672] [phase=frame_stage_notify] [hook=frame_stage_notify] [frame_stage] original end
#20872 [2026-09-17 23:41:21.653] [DEBUG] [P8724:T14672] [phase=frame_stage_notify] [hook=frame_stage_notify] [frame_stage] end stage=11
#20873 [2026-09-17 23:41:21.672] [DEBUG] [P8724:T14672] [phase=frame_stage_notify] [hook=frame_stage_notify] [frame_stage] begin stage=0 this=0x00007FF9971873C0
#20874 [2026-09-17 23:41:21.691] [DEBUG] [P8724:T14672] [phase=frame_stage_notify] [hook=frame_stage_notify] [frame_stage] original begin
#20875 [2026-09-17 23:41:21.709] [DEBUG] [P8724:T14672] [phase=frame_stage_notify] [hook=frame_stage_notify] [frame_stage] original end
#20876 [2026-09-17 23:41:21.728] [DEBUG] [P8724:T14672] [phase=frame_stage_notify] [hook=frame_stage_notify] [frame_stage] end stage=0
#20877 [2026-09-17 23:41:21.747] [DEBUG] [P8724:T14672] [phase=frame_stage_notify] [hook=frame_stage_notify] [frame_stage] begin stage=11 this=0x00007FF9971873C0
#20878 [2026-09-17 23:41:21.766] [DEBUG] [P8724:T14672] [phase=frame_stage_notify] [hook=frame_stage_notify] [frame_stage] original begin
#20879 [2026-09-17 23:41:21.784] [DEBUG] [P8724:T14672] [phase=frame_stage_notify] [hook=frame_stage_notify] [frame_stage] original end
#20880 [2026-09-17 23:41:21.802] [DEBUG] [P8724:T14672] [phase=frame_stage_notify] [hook=frame_stage_notify] [frame_stage] end stage=11
#20881 [2026-09-17 23:41:21.821] [DEBUG] [P8724:T14672] [phase=frame_stage_notify] [hook=frame_stage_notify] [frame_stage] begin stage=0 this=0x00007FF9971873C0
#20882 [2026-09-17 23:41:21.840] [DEBUG] [P8724:T14672] [phase=frame_stage_notify] [hook=frame_stage_notify] [frame_stage] original begin
#20883 [2026-09-17 23:41:21.859] [DEBUG] [P8724:T14672] [phase=frame_stage_notify] [hook=frame_stage_notify] [frame_stage] original end
#20884 [2026-09-17 23:41:21.878] [DEBUG] [P8724:T14672] [phase=frame_stage_notify] [hook=frame_stage_notify] [frame_stage] end stage=0
#20885 [2026-09-17 23:41:21.896] [DEBUG] [P8724:T14672] [phase=frame_stage_notify] [hook=frame_stage_notify] [frame_stage] begin stage=11 this=0x00007FF9971873C0
#20886 [2026-09-17 23:41:21.915] [DEBUG] [P8724:T14672] [phase=frame_stage_notify] [hook=frame_stage_notify] [frame_stage] original begin
#20887 [2026-09-17 23:41:21.932] [DEBUG] [P8724:T14672] [phase=frame_stage_notify] [hook=frame_stage_notify] [frame_stage] original end
#20888 [2026-09-17 23:41:21.950] [DEBUG] [P8724:T14672] [phase=frame_stage_notify] [hook=frame_stage_notify] [frame_stage] end stage=11
#20889 [2026-09-17 23:41:21.970] [DEBUG] [P8724:T14672] [phase=frame_stage_notify] [hook=frame_stage_notify] [frame_stage] begin stage=0 this=0x00007FF9971873C0
#20890 [2026-09-17 23:41:21.989] [DEBUG] [P8724:T14672] [phase=frame_stage_notify] [hook=frame_stage_notify] [frame_stage] original begin
#20891 [2026-09-17 23:41:22.009] [DEBUG] [P8724:T14672] [phase=frame_stage_notify] [hook=frame_stage_notify] [frame_stage] original end
#20892 [2026-09-17 23:41:22.027] [DEBUG] [P8724:T14672] [phase=frame_stage_notify] [hook=frame_stage_notify] [frame_stage] end stage=0
#20893 [2026-09-17 23:41:22.046] [DEBUG] [P8724:T14672] [phase=frame_stage_notify] [hook=frame_stage_notify] [frame_stage] begin stage=10 this=0x00007FF9971873C0
#20894 [2026-09-17 23:41:22.065] [DEBUG] [P8724:T14672] [phase=frame_stage_notify] [hook=frame_stage_notify] [frame_stage] original begin
#20895 [2026-09-17 23:41:22.083] [DEBUG] [P8724:T14672] [phase=frame_stage_notify] [hook=frame_stage_notify] [frame_stage] original end
#20896 [2026-09-17 23:41:22.102] [DEBUG] [P8724:T14672] [phase=frame_stage_notify] [hook=frame_stage_notify] [frame_stage] end stage=10
#20897 [2026-09-17 23:41:22.121] [DEBUG] [P8724:T14672] [phase=frame_stage_notify] [hook=frame_stage_notify] [frame_stage] begin stage=11 this=0x00007FF9971873C0
#20898 [2026-09-17 23:41:22.139] [DEBUG] [P8724:T14672] [phase=frame_stage_notify] [hook=frame_stage_notify] [frame_stage] original begin
#20899 [2026-09-17 23:41:22.157] [DEBUG] [P8724:T14672] [phase=frame_stage_notify] [hook=frame_stage_notify] [frame_stage] original end
#20900 [2026-09-17 23:41:22.177] [DEBUG] [P8724:T14672] [phase=frame_stage_notify] [hook=frame_stage_notify] [frame_stage] end stage=11
#20901 [2026-09-17 23:41:22.195] [DEBUG] [P8724:T14672] [phase=frame_stage_notify] [hook=frame_stage_notify] [frame_stage] begin stage=1 this=0x00007FF9971873C0
#20902 [2026-09-17 23:41:22.213] [DEBUG] [P8724:T14672] [phase=frame_stage_notify] [hook=frame_stage_notify] [frame_stage] original begin
#20903 [2026-09-17 23:41:22.231] [DEBUG] [P8724:T14672] [phase=frame_stage_notify] [hook=frame_stage_notify] [frame_stage] original end
#20904 [2026-09-17 23:41:22.249] [DEBUG] [P8724:T14672] [phase=frame_stage_notify] [hook=frame_stage_notify] [frame_stage] end stage=1
#20905 [2026-09-17 23:41:22.267] [DEBUG] [P8724:T14672] [phase=frame_stage_notify] [hook=frame_stage_notify] [frame_stage] begin stage=2 this=0x00007FF9971873C0
#20906 [2026-09-17 23:41:22.286] [DEBUG] [P8724:T14672] [phase=frame_stage_notify] [hook=frame_stage_notify] [frame_stage] original begin
#20907 [2026-09-17 23:41:22.305] [DEBUG] [P8724:T14672] [phase=frame_stage_notify] [hook=frame_stage_notify] [frame_stage] original end
#20908 [2026-09-17 23:41:22.323] [DEBUG] [P8724:T14672] [phase=frame_stage_notify] [hook=frame_stage_notify] [frame_stage] end stage=2
#20909 [2026-09-17 23:41:22.340] [DEBUG] [P8724:T14672] [phase=frame_stage_notify] [hook=frame_stage_notify] [frame_stage] begin stage=5 this=0x00007FF9971873C0
#20910 [2026-09-17 23:41:22.358] [DEBUG] [P8724:T14672] [phase=frame_stage_notify] [hook=frame_stage_notify] [frame_stage] original begin
#20911 [2026-09-17 23:41:22.377] [DEBUG] [P8724:T14672] [phase=frame_stage_notify] [hook=frame_stage_notify] [frame_stage] original end
#20912 [2026-09-17 23:41:22.395] [DEBUG] [P8724:T14672] [phase=frame_stage_notify] [hook=frame_stage_notify] [frame_stage] end stage=5
#20913 [2026-09-17 23:41:22.414] [DEBUG] [P8724:T14672] [phase=frame_stage_notify] [hook=frame_stage_notify] [frame_stage] begin stage=6 this=0x00007FF9971873C0
#20914 [2026-09-17 23:41:22.432] [DEBUG] [P8724:T14672] [phase=frame_stage_notify] [hook=frame_stage_notify] [frame_stage] guns begin
#20915 [2026-09-17 23:41:22.450] [DEBUG] [P8724:T14672] [phase=frame_stage_notify] [hook=frame_stage_notify] [frame_stage] guns end
#20916 [2026-09-17 23:41:22.468] [DEBUG] [P8724:T14672] [phase=frame_stage_notify] [hook=frame_stage_notify] [frame_stage] dlight begin
#20917 [2026-09-17 23:41:22.487] [DEBUG] [P8724:T14672] [phase=frame_stage_notify] [hook=frame_stage_notify] [frame_stage] dlight end
#20918 [2026-09-17 23:41:22.507] [DEBUG] [P8724:T14672] [phase=frame_stage_notify] [hook=frame_stage_notify] [frame_stage] original begin
#20919 [2026-09-17 23:41:22.525] [DEBUG] [P8724:T14672] [phase=frame_stage_notify] [hook=frame_stage_notify] [frame_stage] original end
#20920 [2026-09-17 23:41:22.543] [DEBUG] [P8724:T14672] [phase=frame_stage_notify] [hook=frame_stage_notify] [frame_stage] post-network feature updates begin
#20921 [2026-09-17 23:41:22.561] [DEBUG] [P8724:T14672] [phase=frame_stage_notify] [hook=frame_stage_notify] [frame_stage] post-network feature updates end
#20922 [2026-09-17 23:41:22.580] [DEBUG] [P8724:T14672] [phase=frame_stage_notify] [hook=frame_stage_notify] [frame_stage] end stage=6
#20923 [2026-09-17 23:41:22.597] [DEBUG] [P8724:T14672] [phase=frame_stage_notify] [hook=frame_stage_notify] [frame_stage] begin stage=7 this=0x00007FF9971873C0
#20924 [2026-09-17 23:41:22.616] [DEBUG] [P8724:T14672] [phase=frame_stage_notify] [hook=frame_stage_notify] [frame_stage] agents begin
#20925 [2026-09-17 23:41:22.635] [DEBUG] [P8724:T14672] [phase=frame_stage_notify] [hook=frame_stage_notify] [frame_stage] agents end; gloves begin
#20926 [2026-09-17 23:41:22.654] [DEBUG] [P8724:T14672] [phase=frame_stage_notify] [hook=frame_stage_notify] [frame_stage] gloves end; knives begin
#20927 [2026-09-17 23:41:22.673] [DEBUG] [P8724:T14672] [phase=frame_stage_notify] [hook=frame_stage_notify] [frame_stage] knives end; world begin
#20928 [2026-09-17 23:41:22.691] [DEBUG] [P8724:T14672] [phase=frame_stage_notify] [hook=frame_stage_notify] [frame_stage] scene end; weather begin
#20929 [2026-09-17 23:41:22.732] [DEBUG] [P8724:T14672] [phase=frame_stage_notify] [hook=frame_stage_notify] [frame_stage] weather end; other begin
#20930 [2026-09-17 23:41:22.751] [DEBUG] [P8724:T14672] [phase=frame_stage_notify] [hook=frame_stage_notify] [frame_stage] other end; impacts begin
#20931 [2026-09-17 23:41:22.769] [DEBUG] [P8724:T14672] [phase=frame_stage_notify] [hook=frame_stage_notify] [frame_stage] impacts end
#20932 [2026-09-17 23:41:22.788] [DEBUG] [P8724:T14672] [phase=frame_stage_notify] [hook=frame_stage_notify] [frame_stage] original begin
#20933 [2026-09-17 23:41:22.806] [DEBUG] [P8724:T14672] [phase=frame_stage_notify] [hook=frame_stage_notify] [frame_stage] original end
#20934 [2026-09-17 23:41:22.825] [DEBUG] [P8724:T14672] [phase=frame_stage_notify] [hook=frame_stage_notify] [frame_stage] end stage=7
#20935 [2026-09-17 23:41:22.843] [DEBUG] [P8724:T14672] [phase=frame_stage_notify] [hook=frame_stage_notify] [frame_stage] begin stage=8 this=0x00007FF9971873C0
#20936 [2026-09-17 23:41:22.861] [DEBUG] [P8724:T14672] [phase=frame_stage_notify] [hook=frame_stage_notify] [frame_stage] original begin
#20937 [2026-09-17 23:41:22.879] [DEBUG] [P8724:T14672] [phase=frame_stage_notify] [hook=frame_stage_notify] [frame_stage] original end
#20938 [2026-09-17 23:41:22.897] [DEBUG] [P8724:T14672] [phase=frame_stage_notify] [hook=frame_stage_notify] [frame_stage] end stage=8
#20939 [2026-09-17 23:41:22.915] [DEBUG] [P8724:T14672] [phase=frame_stage_notify] [hook=frame_stage_notify] [frame_stage] begin stage=3 this=0x00007FF9971873C0
#20940 [2026-09-17 23:41:22.934] [DEBUG] [P8724:T14672] [phase=frame_stage_notify] [hook=frame_stage_notify] [frame_stage] original begin
#20941 [2026-09-17 23:41:22.953] [DEBUG] [P8724:T14672] [phase=frame_stage_notify] [hook=frame_stage_notify] [frame_stage] original end
#20942 [2026-09-17 23:41:22.971] [DEBUG] [P8724:T14672] [phase=frame_stage_notify] [hook=frame_stage_notify] [frame_stage] end stage=3
#20943 [2026-09-17 23:41:22.991] [DEBUG] [P8724:T14672] [phase=frame_stage_notify] [hook=frame_stage_notify] [frame_stage] begin stage=12 this=0x00007FF9971873C0
#20944 [2026-09-17 23:41:23.009] [DEBUG] [P8724:T14672] [phase=frame_stage_notify] [hook=frame_stage_notify] [frame_stage] original begin
#20945 [2026-09-17 23:41:23.027] [DEBUG] [P8724:T14672] [phase=frame_stage_notify] [hook=frame_stage_notify] [frame_stage] original end
#20946 [2026-09-17 23:41:23.050] [DEBUG] [P8724:T14672] [phase=frame_stage_notify] [hook=frame_stage_notify] [frame_stage] view/frame-data update begin
#20947 [2026-09-17 23:41:23.069] [DEBUG] [P8724:T14672] [phase=frame_stage_notify] [hook=frame_stage_notify] [frame_stage] view/frame-data update end
#20948 [2026-09-17 23:41:23.087] [DEBUG] [P8724:T14672] [phase=frame_stage_notify] [hook=frame_stage_notify] [frame_stage] end stage=12
#20949 [2026-09-17 23:41:23.109] [DEBUG] [P8724:T17744] [phase=present] [hook=present] [present] begin swap_chain=0x0000026A946CF720 sync=0 flags=0x200 ready=1
#21058 [2026-09-17 23:41:23.128] [DEBUG] [P8724:T17744] [phase=present] [hook=present] [present] rendering context updated
#21059 [2026-09-17 23:41:23.147] [DEBUG] [P8724:T17744] [phase=present] [hook=present] [present] forwarding to original
#21060 [2026-09-17 23:41:23.166] [DEBUG] [P8724:T17744] [phase=present] [hook=present] [present] begin swap_chain=0x0000026A946CF720 sync=0 flags=0x200 ready=1
#21137 [2026-09-17 23:41:23.186] [DEBUG] [P8724:T17744] [phase=present] [hook=present] [present] rendering context updated
#21138 [2026-09-17 23:41:23.205] [DEBUG] [P8724:T17744] [phase=present] [hook=present] [present] forwarding to original
#21139 [2026-09-17 23:41:23.225] [DEBUG] [P8724:T17744] [phase=present] [hook=present] [present] begin swap_chain=0x0000026A946CF720 sync=0 flags=0x200 ready=1
#21224 [2026-09-17 23:41:23.244] [DEBUG] [P8724:T17744] [phase=present] [hook=present] [present] rendering context updated
#21225 [2026-09-17 23:41:23.262] [DEBUG] [P8724:T17744] [phase=present] [hook=present] [present] forwarding to original
#21226 [2026-09-17 23:41:23.281] [DEBUG] [P8724:T14672] [phase=frame_stage_notify] [hook=frame_stage_notify] [frame_stage] begin stage=0 this=0x00007FF9971873C0
#21230 [2026-09-17 23:41:23.302] [DEBUG] [P8724:T14672] [phase=frame_stage_notify] [hook=frame_stage_notify] [frame_stage] original begin
#21231 [2026-09-17 23:41:23.321] [DEBUG] [P8724:T14672] [phase=frame_stage_notify] [hook=frame_stage_notify] [frame_stage] original end
#21232 [2026-09-17 23:41:23.340] [DEBUG] [P8724:T14672] [phase=frame_stage_notify] [hook=frame_stage_notify] [frame_stage] end stage=0
#21233 [2026-09-17 23:41:23.358] [DEBUG] [P8724:T14672] [phase=frame_stage_notify] [hook=frame_stage_notify] [frame_stage] begin stage=11 this=0x00007FF9971873C0
#21234 [2026-09-17 23:41:23.376] [DEBUG] [P8724:T14672] [phase=frame_stage_notify] [hook=frame_stage_notify] [frame_stage] original begin
#21235 [2026-09-17 23:41:23.394] [DEBUG] [P8724:T14672] [phase=frame_stage_notify] [hook=frame_stage_notify] [frame_stage] original end
#21236 [2026-09-17 23:41:23.412] [DEBUG] [P8724:T14672] [phase=frame_stage_notify] [hook=frame_stage_notify] [frame_stage] end stage=11
#21237 [2026-09-17 23:41:23.431] [DEBUG] [P8724:T14672] [phase=frame_stage_notify] [hook=frame_stage_notify] [frame_stage] begin stage=0 this=0x00007FF9971873C0
#21238 [2026-09-17 23:41:23.450] [DEBUG] [P8724:T14672] [phase=frame_stage_notify] [hook=frame_stage_notify] [frame_stage] original begin
#21239 [2026-09-17 23:41:23.468] [DEBUG] [P8724:T14672] [phase=frame_stage_notify] [hook=frame_stage_notify] [frame_stage] original end
#21240 [2026-09-17 23:41:23.487] [DEBUG] [P8724:T14672] [phase=frame_stage_notify] [hook=frame_stage_notify] [frame_stage] end stage=0
#21241 [2026-09-17 23:41:23.506] [DEBUG] [P8724:T14672] [phase=frame_stage_notify] [hook=frame_stage_notify] [frame_stage] begin stage=11 this=0x00007FF9971873C0
#21242 [2026-09-17 23:41:23.525] [DEBUG] [P8724:T14672] [phase=frame_stage_notify] [hook=frame_stage_notify] [frame_stage] original begin
#21243 [2026-09-17 23:41:23.543] [DEBUG] [P8724:T14672] [phase=frame_stage_notify] [hook=frame_stage_notify] [frame_stage] original end
#21244 [2026-09-17 23:41:23.561] [DEBUG] [P8724:T14672] [phase=frame_stage_notify] [hook=frame_stage_notify] [frame_stage] end stage=11
#21245 [2026-09-17 23:41:23.582] [DEBUG] [P8724:T14672] [phase=frame_stage_notify] [hook=frame_stage_notify] [frame_stage] begin stage=0 this=0x00007FF9971873C0
#21246 [2026-09-17 23:41:23.600] [DEBUG] [P8724:T14672] [phase=frame_stage_notify] [hook=frame_stage_notify] [frame_stage] original begin
#21247 [2026-09-17 23:41:23.618] [DEBUG] [P8724:T14672] [phase=frame_stage_notify] [hook=frame_stage_notify] [frame_stage] original end
#21248 [2026-09-17 23:41:23.637] [DEBUG] [P8724:T14672] [phase=frame_stage_notify] [hook=frame_stage_notify] [frame_stage] end stage=0
#21249 [2026-09-17 23:41:23.656] [DEBUG] [P8724:T14672] [phase=frame_stage_notify] [hook=frame_stage_notify] [frame_stage] begin stage=11 this=0x00007FF9971873C0
#21250 [2026-09-17 23:41:23.675] [DEBUG] [P8724:T14672] [phase=frame_stage_notify] [hook=frame_stage_notify] [frame_stage] original begin
#21251 [2026-09-17 23:41:23.693] [DEBUG] [P8724:T14672] [phase=frame_stage_notify] [hook=frame_stage_notify] [frame_stage] original end
#21252 [2026-09-17 23:41:23.711] [DEBUG] [P8724:T14672] [phase=frame_stage_notify] [hook=frame_stage_notify] [frame_stage] end stage=11
#21253 [2026-09-17 23:41:23.730] [DEBUG] [P8724:T14672] [phase=frame_stage_notify] [hook=frame_stage_notify] [frame_stage] begin stage=0 this=0x00007FF9971873C0
#21254 [2026-09-17 23:41:23.748] [DEBUG] [P8724:T14672] [phase=frame_stage_notify] [hook=frame_stage_notify] [frame_stage] original begin
#21255 [2026-09-17 23:41:23.767] [DEBUG] [P8724:T14672] [phase=frame_stage_notify] [hook=frame_stage_notify] [frame_stage] original end
#21256 [2026-09-17 23:41:23.786] [DEBUG] [P8724:T14672] [phase=frame_stage_notify] [hook=frame_stage_notify] [frame_stage] end stage=0
#21257 [2026-09-17 23:41:23.805] [DEBUG] [P8724:T14672] [phase=frame_stage_notify] [hook=frame_stage_notify] [frame_stage] begin stage=10 this=0x00007FF9971873C0
#21258 [2026-09-17 23:41:23.824] [DEBUG] [P8724:T14672] [phase=frame_stage_notify] [hook=frame_stage_notify] [frame_stage] original begin
#21259 [2026-09-17 23:41:23.842] [DEBUG] [P8724:T14672] [phase=frame_stage_notify] [hook=frame_stage_notify] [frame_stage] original end
#21260 [2026-09-17 23:41:23.860] [DEBUG] [P8724:T14672] [phase=frame_stage_notify] [hook=frame_stage_notify] [frame_stage] end stage=10
#21261 [2026-09-17 23:41:23.879] [DEBUG] [P8724:T14672] [phase=frame_stage_notify] [hook=frame_stage_notify] [frame_stage] begin stage=11 this=0x00007FF9971873C0
#21262 [2026-09-17 23:41:23.899] [DEBUG] [P8724:T14672] [phase=frame_stage_notify] [hook=frame_stage_notify] [frame_stage] original begin
#21263 [2026-09-17 23:41:23.917] [DEBUG] [P8724:T14672] [phase=frame_stage_notify] [hook=frame_stage_notify] [frame_stage] original end
#21264 [2026-09-17 23:41:23.937] [DEBUG] [P8724:T14672] [phase=frame_stage_notify] [hook=frame_stage_notify] [frame_stage] end stage=11
#21265 [2026-09-17 23:41:23.955] [DEBUG] [P8724:T14672] [phase=frame_stage_notify] [hook=frame_stage_notify] [frame_stage] begin stage=1 this=0x00007FF9971873C0
#21266 [2026-09-17 23:41:23.973] [DEBUG] [P8724:T14672] [phase=frame_stage_notify] [hook=frame_stage_notify] [frame_stage] original begin
#21267 [2026-09-17 23:41:24.010] [DEBUG] [P8724:T14672] [phase=frame_stage_notify] [hook=frame_stage_notify] [frame_stage] original end
#21268 [2026-09-17 23:41:24.028] [DEBUG] [P8724:T14672] [phase=frame_stage_notify] [hook=frame_stage_notify] [frame_stage] end stage=1
#21269 [2026-09-17 23:41:24.046] [DEBUG] [P8724:T14672] [phase=frame_stage_notify] [hook=frame_stage_notify] [frame_stage] begin stage=2 this=0x00007FF9971873C0
#21270 [2026-09-17 23:41:24.065] [DEBUG] [P8724:T14672] [phase=frame_stage_notify] [hook=frame_stage_notify] [frame_stage] original begin
#21271 [2026-09-17 23:41:24.083] [DEBUG] [P8724:T14672] [phase=frame_stage_notify] [hook=frame_stage_notify] [frame_stage] original end
#21272 [2026-09-17 23:41:24.102] [DEBUG] [P8724:T14672] [phase=frame_stage_notify] [hook=frame_stage_notify] [frame_stage] end stage=2
#21273 [2026-09-17 23:41:24.121] [DEBUG] [P8724:T14672] [phase=frame_stage_notify] [hook=frame_stage_notify] [frame_stage] begin stage=5 this=0x00007FF9971873C0
#21274 [2026-09-17 23:41:24.139] [DEBUG] [P8724:T14672] [phase=frame_stage_notify] [hook=frame_stage_notify] [frame_stage] original begin
#21275 [2026-09-17 23:41:24.157] [DEBUG] [P8724:T14672] [phase=frame_stage_notify] [hook=frame_stage_notify] [frame_stage] original end
#21276 [2026-09-17 23:41:24.176] [DEBUG] [P8724:T14672] [phase=frame_stage_notify] [hook=frame_stage_notify] [frame_stage] end stage=5
#21277 [2026-09-17 23:41:24.194] [DEBUG] [P8724:T14672] [phase=frame_stage_notify] [hook=frame_stage_notify] [frame_stage] begin stage=6 this=0x00007FF9971873C0
#21278 [2026-09-17 23:41:24.213] [DEBUG] [P8724:T14672] [phase=frame_stage_notify] [hook=frame_stage_notify] [frame_stage] guns begin
#21279 [2026-09-17 23:41:24.231] [DEBUG] [P8724:T14672] [phase=frame_stage_notify] [hook=frame_stage_notify] [frame_stage] guns end
#21280 [2026-09-17 23:41:24.249] [DEBUG] [P8724:T14672] [phase=frame_stage_notify] [hook=frame_stage_notify] [frame_stage] dlight begin
#21281 [2026-09-17 23:41:24.285] [DEBUG] [P8724:T14672] [phase=frame_stage_notify] [hook=frame_stage_notify] [frame_stage] dlight end
#21282 [2026-09-17 23:41:24.304] [DEBUG] [P8724:T14672] [phase=frame_stage_notify] [hook=frame_stage_notify] [frame_stage] original begin
#21283 [2026-09-17 23:41:24.322] [DEBUG] [P8724:T14672] [phase=frame_stage_notify] [hook=frame_stage_notify] [frame_stage] original end
#21284 [2026-09-17 23:41:24.340] [DEBUG] [P8724:T14672] [phase=frame_stage_notify] [hook=frame_stage_notify] [frame_stage] post-network feature updates begin
#21285 [2026-09-17 23:41:24.359] [DEBUG] [P8724:T14672] [phase=frame_stage_notify] [hook=frame_stage_notify] [frame_stage] post-network feature updates end
#21286 [2026-09-17 23:41:24.377] [DEBUG] [P8724:T14672] [phase=frame_stage_notify] [hook=frame_stage_notify] [frame_stage] end stage=6
#21287 [2026-09-17 23:41:24.396] [DEBUG] [P8724:T14672] [phase=frame_stage_notify] [hook=frame_stage_notify] [frame_stage] begin stage=7 this=0x00007FF9971873C0
#21288 [2026-09-17 23:41:24.415] [DEBUG] [P8724:T14672] [phase=frame_stage_notify] [hook=frame_stage_notify] [frame_stage] agents begin
#21289 [2026-09-17 23:41:24.433] [DEBUG] [P8724:T14672] [phase=frame_stage_notify] [hook=frame_stage_notify] [frame_stage] agents end; gloves begin
#21290 [2026-09-17 23:41:24.452] [DEBUG] [P8724:T14672] [phase=frame_stage_notify] [hook=frame_stage_notify] [frame_stage] gloves end; knives begin
#21291 [2026-09-17 23:41:24.470] [DEBUG] [P8724:T14672] [phase=frame_stage_notify] [hook=frame_stage_notify] [frame_stage] knives end; world begin
#21292 [2026-09-17 23:41:24.488] [DEBUG] [P8724:T14672] [phase=frame_stage_notify] [hook=frame_stage_notify] [frame_stage] scene end; weather begin
#21293 [2026-09-17 23:41:24.506] [DEBUG] [P8724:T14672] [phase=frame_stage_notify] [hook=frame_stage_notify] [frame_stage] weather end; other begin
#21294 [2026-09-17 23:41:24.525] [DEBUG] [P8724:T14672] [phase=frame_stage_notify] [hook=frame_stage_notify] [frame_stage] other end; impacts begin
#21295 [2026-09-17 23:41:24.543] [DEBUG] [P8724:T14672] [phase=frame_stage_notify] [hook=frame_stage_notify] [frame_stage] impacts end
#21296 [2026-09-17 23:41:24.561] [DEBUG] [P8724:T14672] [phase=frame_stage_notify] [hook=frame_stage_notify] [frame_stage] original begin
#21297 [2026-09-17 23:41:24.579] [DEBUG] [P8724:T14672] [phase=frame_stage_notify] [hook=frame_stage_notify] [frame_stage] original end
#21298 [2026-09-17 23:41:24.599] [DEBUG] [P8724:T14672] [phase=frame_stage_notify] [hook=frame_stage_notify] [frame_stage] end stage=7
#21299 [2026-09-17 23:41:24.618] [DEBUG] [P8724:T14672] [phase=frame_stage_notify] [hook=frame_stage_notify] [frame_stage] begin stage=8 this=0x00007FF9971873C0
#21300 [2026-09-17 23:41:24.636] [DEBUG] [P8724:T14672] [phase=frame_stage_notify] [hook=frame_stage_notify] [frame_stage] original begin
#21301 [2026-09-17 23:41:24.655] [DEBUG] [P8724:T14672] [phase=frame_stage_notify] [hook=frame_stage_notify] [frame_stage] original end
#21302 [2026-09-17 23:41:24.672] [DEBUG] [P8724:T14672] [phase=frame_stage_notify] [hook=frame_stage_notify] [frame_stage] end stage=8
#21303 [2026-09-17 23:41:24.691] [DEBUG] [P8724:T14672] [phase=frame_stage_notify] [hook=frame_stage_notify] [frame_stage] begin stage=3 this=0x00007FF9971873C0
#21304 [2026-09-17 23:41:24.710] [DEBUG] [P8724:T14672] [phase=frame_stage_notify] [hook=frame_stage_notify] [frame_stage] original begin
#21305 [2026-09-17 23:41:24.728] [DEBUG] [P8724:T14672] [phase=frame_stage_notify] [hook=frame_stage_notify] [frame_stage] original end
#21306 [2026-09-17 23:41:24.747] [DEBUG] [P8724:T14672] [phase=frame_stage_notify] [hook=frame_stage_notify] [frame_stage] end stage=3
#21307 [2026-09-17 23:41:24.767] [DEBUG] [P8724:T14672] [phase=frame_stage_notify] [hook=frame_stage_notify] [frame_stage] begin stage=12 this=0x00007FF9971873C0
#21308 [2026-09-17 23:41:24.785] [DEBUG] [P8724:T14672] [phase=frame_stage_notify] [hook=frame_stage_notify] [frame_stage] original begin
#21309 [2026-09-17 23:41:24.803] [DEBUG] [P8724:T14672] [phase=frame_stage_notify] [hook=frame_stage_notify] [frame_stage] original end
#21310 [2026-09-17 23:41:24.822] [DEBUG] [P8724:T14672] [phase=frame_stage_notify] [hook=frame_stage_notify] [frame_stage] view/frame-data update begin
#21311 [2026-09-17 23:41:24.840] [DEBUG] [P8724:T14672] [phase=frame_stage_notify] [hook=frame_stage_notify] [frame_stage] view/frame-data update end
#21312 [2026-09-17 23:41:24.859] [DEBUG] [P8724:T14672] [phase=frame_stage_notify] [hook=frame_stage_notify] [frame_stage] end stage=12
#21313 [2026-09-17 23:41:24.881] [DEBUG] [P8724:T17744] [phase=present] [hook=present] [present] begin swap_chain=0x0000026A946CF720 sync=0 flags=0x200 ready=1
#21414 [2026-09-17 23:41:24.900] [DEBUG] [P8724:T17744] [phase=present] [hook=present] [present] rendering context updated
#21415 [2026-09-17 23:41:24.918] [DEBUG] [P8724:T17744] [phase=present] [hook=present] [present] forwarding to original
#21416 [2026-09-17 23:41:24.938] [DEBUG] [P8724:T17744] [phase=present] [hook=present] [present] begin swap_chain=0x0000026A946CF720 sync=0 flags=0x200 ready=1
#21503 [2026-09-17 23:41:24.957] [DEBUG] [P8724:T17744] [phase=present] [hook=present] [present] rendering context updated
#21504 [2026-09-17 23:41:24.976] [DEBUG] [P8724:T17744] [phase=present] [hook=present] [present] forwarding to original
#21505 [2026-09-17 23:41:24.995] [DEBUG] [P8724:T17744] [phase=present] [hook=present] [present] begin swap_chain=0x0000026A946CF720 sync=0 flags=0x200 ready=1
#21582 [2026-09-17 23:41:25.015] [DEBUG] [P8724:T17744] [phase=present] [hook=present] [present] rendering context updated
#21583 [2026-09-17 23:41:25.033] [DEBUG] [P8724:T17744] [phase=present] [hook=present] [present] forwarding to original
#21584 [2026-09-17 23:41:25.052] [DEBUG] [P8724:T17744] [phase=present] [hook=present] [present] begin swap_chain=0x0000026A946CF720 sync=0 flags=0x200 ready=1
#21669 [2026-09-17 23:41:25.072] [DEBUG] [P8724:T17744] [phase=present] [hook=present] [present] rendering context updated
#21670 [2026-09-17 23:41:25.091] [DEBUG] [P8724:T17744] [phase=present] [hook=present] [present] forwarding to original
#21671 [2026-09-17 23:41:25.111] [DEBUG] [P8724:T17744] [phase=present] [hook=present] [present] begin swap_chain=0x0000026A946CF720 sync=0 flags=0x200 ready=1
#21756 [2026-09-17 23:41:25.130] [DEBUG] [P8724:T17744] [phase=present] [hook=present] [present] rendering context updated
#21757 [2026-09-17 23:41:25.148] [DEBUG] [P8724:T17744] [phase=present] [hook=present] [present] forwarding to original
#21758 [2026-09-17 23:41:25.168] [DEBUG] [P8724:T14672] [phase=frame_stage_notify] [hook=frame_stage_notify] [frame_stage] begin stage=0 this=0x00007FF9971873C0
#21762 [2026-09-17 23:41:25.186] [DEBUG] [P8724:T14672] [phase=frame_stage_notify] [hook=frame_stage_notify] [frame_stage] original begin
#21763 [2026-09-17 23:41:25.205] [DEBUG] [P8724:T14672] [phase=frame_stage_notify] [hook=frame_stage_notify] [frame_stage] original end
#21764 [2026-09-17 23:41:25.223] [DEBUG] [P8724:T14672] [phase=frame_stage_notify] [hook=frame_stage_notify] [frame_stage] end stage=0
#21765 [2026-09-17 23:41:25.242] [DEBUG] [P8724:T14672] [phase=frame_stage_notify] [hook=frame_stage_notify] [frame_stage] begin stage=11 this=0x00007FF9971873C0
#21766 [2026-09-17 23:41:25.261] [DEBUG] [P8724:T14672] [phase=frame_stage_notify] [hook=frame_stage_notify] [frame_stage] original begin
#21767 [2026-09-17 23:41:25.279] [DEBUG] [P8724:T14672] [phase=frame_stage_notify] [hook=frame_stage_notify] [frame_stage] original end
#21768 [2026-09-17 23:41:25.297] [DEBUG] [P8724:T14672] [phase=frame_stage_notify] [hook=frame_stage_notify] [frame_stage] end stage=11
#21769 [2026-09-17 23:41:25.315] [DEBUG] [P8724:T14672] [phase=frame_stage_notify] [hook=frame_stage_notify] [frame_stage] begin stage=0 this=0x00007FF9971873C0
#21770 [2026-09-17 23:41:25.334] [DEBUG] [P8724:T14672] [phase=frame_stage_notify] [hook=frame_stage_notify] [frame_stage] original begin
#21771 [2026-09-17 23:41:25.353] [DEBUG] [P8724:T14672] [phase=frame_stage_notify] [hook=frame_stage_notify] [frame_stage] original end
#21772 [2026-09-17 23:41:25.371] [DEBUG] [P8724:T14672] [phase=frame_stage_notify] [hook=frame_stage_notify] [frame_stage] end stage=0
#21773 [2026-09-17 23:41:25.389] [DEBUG] [P8724:T14672] [phase=frame_stage_notify] [hook=frame_stage_notify] [frame_stage] begin stage=11 this=0x00007FF9971873C0
#21774 [2026-09-17 23:41:25.409] [DEBUG] [P8724:T14672] [phase=frame_stage_notify] [hook=frame_stage_notify] [frame_stage] original begin
#21775 [2026-09-17 23:41:25.428] [DEBUG] [P8724:T14672] [phase=frame_stage_notify] [hook=frame_stage_notify] [frame_stage] original end
#21776 [2026-09-17 23:41:25.446] [DEBUG] [P8724:T14672] [phase=frame_stage_notify] [hook=frame_stage_notify] [frame_stage] end stage=11
#21777 [2026-09-17 23:41:25.465] [DEBUG] [P8724:T14672] [phase=frame_stage_notify] [hook=frame_stage_notify] [frame_stage] begin stage=0 this=0x00007FF9971873C0
#21778 [2026-09-17 23:41:25.483] [DEBUG] [P8724:T14672] [phase=frame_stage_notify] [hook=frame_stage_notify] [frame_stage] original begin
#21779 [2026-09-17 23:41:25.502] [DEBUG] [P8724:T14672] [phase=frame_stage_notify] [hook=frame_stage_notify] [frame_stage] original end
#21780 [2026-09-17 23:41:25.520] [DEBUG] [P8724:T14672] [phase=frame_stage_notify] [hook=frame_stage_notify] [frame_stage] end stage=0
#21781 [2026-09-17 23:41:25.539] [DEBUG] [P8724:T14672] [phase=frame_stage_notify] [hook=frame_stage_notify] [frame_stage] begin stage=10 this=0x00007FF9971873C0
#21782 [2026-09-17 23:41:25.576] [DEBUG] [P8724:T14672] [phase=frame_stage_notify] [hook=frame_stage_notify] [frame_stage] original begin
#21783 [2026-09-17 23:41:25.633] [DEBUG] [P8724:T14672] [phase=frame_stage_notify] [hook=frame_stage_notify] [frame_stage] original end
#21784 [2026-09-17 23:41:25.651] [DEBUG] [P8724:T14672] [phase=frame_stage_notify] [hook=frame_stage_notify] [frame_stage] end stage=10
#21785 [2026-09-17 23:41:25.669] [DEBUG] [P8724:T14672] [phase=frame_stage_notify] [hook=frame_stage_notify] [frame_stage] begin stage=11 this=0x00007FF9971873C0
#21786 [2026-09-17 23:41:25.688] [DEBUG] [P8724:T14672] [phase=frame_stage_notify] [hook=frame_stage_notify] [frame_stage] original begin
#21787 [2026-09-17 23:41:25.707] [DEBUG] [P8724:T14672] [phase=frame_stage_notify] [hook=frame_stage_notify] [frame_stage] original end
#21788 [2026-09-17 23:41:25.725] [DEBUG] [P8724:T14672] [phase=frame_stage_notify] [hook=frame_stage_notify] [frame_stage] end stage=11
#21789 [2026-09-17 23:41:25.744] [DEBUG] [P8724:T14672] [phase=frame_stage_notify] [hook=frame_stage_notify] [frame_stage] begin stage=1 this=0x00007FF9971873C0
#21790 [2026-09-17 23:41:25.762] [DEBUG] [P8724:T14672] [phase=frame_stage_notify] [hook=frame_stage_notify] [frame_stage] original begin
#21791 [2026-09-17 23:41:25.781] [DEBUG] [P8724:T14672] [phase=frame_stage_notify] [hook=frame_stage_notify] [frame_stage] original end
#21792 [2026-09-17 23:41:25.799] [DEBUG] [P8724:T14672] [phase=frame_stage_notify] [hook=frame_stage_notify] [frame_stage] end stage=1
#21793 [2026-09-17 23:41:25.817] [DEBUG] [P8724:T14672] [phase=frame_stage_notify] [hook=frame_stage_notify] [frame_stage] begin stage=2 this=0x00007FF9971873C0
#21794 [2026-09-17 23:41:25.836] [DEBUG] [P8724:T14672] [phase=frame_stage_notify] [hook=frame_stage_notify] [frame_stage] original begin
#21795 [2026-09-17 23:41:25.854] [DEBUG] [P8724:T14672] [phase=frame_stage_notify] [hook=frame_stage_notify] [frame_stage] original end
#21796 [2026-09-17 23:41:25.874] [DEBUG] [P8724:T14672] [phase=frame_stage_notify] [hook=frame_stage_notify] [frame_stage] end stage=2
#21797 [2026-09-17 23:41:25.892] [DEBUG] [P8724:T14672] [phase=frame_stage_notify] [hook=frame_stage_notify] [frame_stage] begin stage=5 this=0x00007FF9971873C0
#21798 [2026-09-17 23:41:25.910] [DEBUG] [P8724:T14672] [phase=frame_stage_notify] [hook=frame_stage_notify] [frame_stage] original begin
#21799 [2026-09-17 23:41:25.928] [DEBUG] [P8724:T14672] [phase=frame_stage_notify] [hook=frame_stage_notify] [frame_stage] original end
#21800 [2026-09-17 23:41:25.946] [DEBUG] [P8724:T14672] [phase=frame_stage_notify] [hook=frame_stage_notify] [frame_stage] end stage=5
#21801 [2026-09-17 23:41:25.964] [DEBUG] [P8724:T14672] [phase=frame_stage_notify] [hook=frame_stage_notify] [frame_stage] begin stage=6 this=0x00007FF9971873C0
#21802 [2026-09-17 23:41:25.983] [DEBUG] [P8724:T14672] [phase=frame_stage_notify] [hook=frame_stage_notify] [frame_stage] guns begin
#21803 [2026-09-17 23:41:26.001] [DEBUG] [P8724:T14672] [phase=frame_stage_notify] [hook=frame_stage_notify] [frame_stage] guns end
#21804 [2026-09-17 23:41:26.020] [DEBUG] [P8724:T14672] [phase=frame_stage_notify] [hook=frame_stage_notify] [frame_stage] dlight begin
#21805 [2026-09-17 23:41:26.038] [DEBUG] [P8724:T14672] [phase=frame_stage_notify] [hook=frame_stage_notify] [frame_stage] dlight end
#21806 [2026-09-17 23:41:26.056] [DEBUG] [P8724:T14672] [phase=frame_stage_notify] [hook=frame_stage_notify] [frame_stage] original begin
#21807 [2026-09-17 23:41:26.075] [DEBUG] [P8724:T14672] [phase=frame_stage_notify] [hook=frame_stage_notify] [frame_stage] original end
#21808 [2026-09-17 23:41:26.095] [DEBUG] [P8724:T14672] [phase=frame_stage_notify] [hook=frame_stage_notify] [frame_stage] post-network feature updates begin
#21809 [2026-09-17 23:41:26.113] [DEBUG] [P8724:T14672] [phase=frame_stage_notify] [hook=frame_stage_notify] [frame_stage] post-network feature updates end
#21810 [2026-09-17 23:41:26.131] [DEBUG] [P8724:T14672] [phase=frame_stage_notify] [hook=frame_stage_notify] [frame_stage] end stage=6
#21811 [2026-09-17 23:41:26.149] [DEBUG] [P8724:T14672] [phase=frame_stage_notify] [hook=frame_stage_notify] [frame_stage] begin stage=7 this=0x00007FF9971873C0
#21812 [2026-09-17 23:41:26.167] [DEBUG] [P8724:T14672] [phase=frame_stage_notify] [hook=frame_stage_notify] [frame_stage] agents begin
#21813 [2026-09-17 23:41:26.186] [DEBUG] [P8724:T14672] [phase=frame_stage_notify] [hook=frame_stage_notify] [frame_stage] agents end; gloves begin
#21814 [2026-09-17 23:41:26.205] [DEBUG] [P8724:T14672] [phase=frame_stage_notify] [hook=frame_stage_notify] [frame_stage] gloves end; knives begin
#21815 [2026-09-17 23:41:26.223] [DEBUG] [P8724:T14672] [phase=frame_stage_notify] [hook=frame_stage_notify] [frame_stage] knives end; world begin
#21816 [2026-09-17 23:41:26.242] [DEBUG] [P8724:T14672] [phase=frame_stage_notify] [hook=frame_stage_notify] [frame_stage] scene end; weather begin
#21817 [2026-09-17 23:41:26.260] [DEBUG] [P8724:T14672] [phase=frame_stage_notify] [hook=frame_stage_notify] [frame_stage] weather end; other begin
#21818 [2026-09-17 23:41:26.278] [DEBUG] [P8724:T14672] [phase=frame_stage_notify] [hook=frame_stage_notify] [frame_stage] other end; impacts begin
#21819 [2026-09-17 23:41:26.296] [DEBUG] [P8724:T14672] [phase=frame_stage_notify] [hook=frame_stage_notify] [frame_stage] impacts end
#21820 [2026-09-17 23:41:26.315] [DEBUG] [P8724:T14672] [phase=frame_stage_notify] [hook=frame_stage_notify] [frame_stage] original begin
#21821 [2026-09-17 23:41:26.334] [DEBUG] [P8724:T14672] [phase=frame_stage_notify] [hook=frame_stage_notify] [frame_stage] original end
#21822 [2026-09-17 23:41:26.352] [DEBUG] [P8724:T14672] [phase=frame_stage_notify] [hook=frame_stage_notify] [frame_stage] end stage=7
#21823 [2026-09-17 23:41:26.370] [DEBUG] [P8724:T14672] [phase=frame_stage_notify] [hook=frame_stage_notify] [frame_stage] begin stage=8 this=0x00007FF9971873C0
#21824 [2026-09-17 23:41:26.389] [DEBUG] [P8724:T14672] [phase=frame_stage_notify] [hook=frame_stage_notify] [frame_stage] original begin
#21825 [2026-09-17 23:41:26.408] [DEBUG] [P8724:T14672] [phase=frame_stage_notify] [hook=frame_stage_notify] [frame_stage] original end
#21826 [2026-09-17 23:41:26.426] [DEBUG] [P8724:T14672] [phase=frame_stage_notify] [hook=frame_stage_notify] [frame_stage] end stage=8
#21827 [2026-09-17 23:41:26.444] [DEBUG] [P8724:T14672] [phase=frame_stage_notify] [hook=frame_stage_notify] [frame_stage] begin stage=3 this=0x00007FF9971873C0
#21828 [2026-09-17 23:41:26.462] [DEBUG] [P8724:T14672] [phase=frame_stage_notify] [hook=frame_stage_notify] [frame_stage] original begin
#21829 [2026-09-17 23:41:26.481] [DEBUG] [P8724:T14672] [phase=frame_stage_notify] [hook=frame_stage_notify] [frame_stage] original end
#21830 [2026-09-17 23:41:26.499] [DEBUG] [P8724:T14672] [phase=frame_stage_notify] [hook=frame_stage_notify] [frame_stage] end stage=3
#21831 [2026-09-17 23:41:26.519] [DEBUG] [P8724:T14672] [phase=frame_stage_notify] [hook=frame_stage_notify] [frame_stage] begin stage=12 this=0x00007FF9971873C0
#21832 [2026-09-17 23:41:26.537] [DEBUG] [P8724:T14672] [phase=frame_stage_notify] [hook=frame_stage_notify] [frame_stage] original begin
#21833 [2026-09-17 23:41:26.556] [DEBUG] [P8724:T14672] [phase=frame_stage_notify] [hook=frame_stage_notify] [frame_stage] original end
#21834 [2026-09-17 23:41:26.575] [DEBUG] [P8724:T14672] [phase=frame_stage_notify] [hook=frame_stage_notify] [frame_stage] view/frame-data update begin
#21835 [2026-09-17 23:41:26.593] [DEBUG] [P8724:T14672] [phase=frame_stage_notify] [hook=frame_stage_notify] [frame_stage] view/frame-data update end
#21836 [2026-09-17 23:41:26.611] [DEBUG] [P8724:T14672] [phase=frame_stage_notify] [hook=frame_stage_notify] [frame_stage] end stage=12
#21837 [2026-09-17 23:41:26.650] [DEBUG] [P8724:T17744] [phase=present] [hook=present] [present] begin swap_chain=0x0000026A946CF720 sync=0 flags=0x200 ready=1
#21946 [2026-09-17 23:41:26.669] [DEBUG] [P8724:T17744] [phase=present] [hook=present] [present] rendering context updated
#21947 [2026-09-17 23:41:26.688] [DEBUG] [P8724:T17744] [phase=present] [hook=present] [present] forwarding to original
#21948 [2026-09-17 23:41:26.707] [DEBUG] [P8724:T17744] [phase=present] [hook=present] [present] begin swap_chain=0x0000026A946CF720 sync=0 flags=0x200 ready=1
#22025 [2026-09-17 23:41:26.727] [DEBUG] [P8724:T17744] [phase=present] [hook=present] [present] rendering context updated
#22026 [2026-09-17 23:41:26.745] [DEBUG] [P8724:T17744] [phase=present] [hook=present] [present] forwarding to original
#22027 [2026-09-17 23:41:26.766] [DEBUG] [P8724:T14672] [phase=frame_stage_notify] [hook=frame_stage_notify] [frame_stage] begin stage=0 this=0x00007FF9971873C0
#22031 [2026-09-17 23:41:26.784] [DEBUG] [P8724:T14672] [phase=frame_stage_notify] [hook=frame_stage_notify] [frame_stage] original begin
#22032 [2026-09-17 23:41:26.802] [DEBUG] [P8724:T14672] [phase=frame_stage_notify] [hook=frame_stage_notify] [frame_stage] original end
#22033 [2026-09-17 23:41:26.821] [DEBUG] [P8724:T14672] [phase=frame_stage_notify] [hook=frame_stage_notify] [frame_stage] end stage=0
#22034 [2026-09-17 23:41:26.856] [DEBUG] [P8724:T14672] [phase=frame_stage_notify] [hook=frame_stage_notify] [frame_stage] begin stage=11 this=0x00007FF9971873C0
#22035 [2026-09-17 23:41:26.875] [DEBUG] [P8724:T14672] [phase=frame_stage_notify] [hook=frame_stage_notify] [frame_stage] original begin
#22036 [2026-09-17 23:41:26.893] [DEBUG] [P8724:T14672] [phase=frame_stage_notify] [hook=frame_stage_notify] [frame_stage] original end
#22037 [2026-09-17 23:41:26.911] [DEBUG] [P8724:T14672] [phase=frame_stage_notify] [hook=frame_stage_notify] [frame_stage] end stage=11
#22038 [2026-09-17 23:41:26.930] [DEBUG] [P8724:T14672] [phase=frame_stage_notify] [hook=frame_stage_notify] [frame_stage] begin stage=0 this=0x00007FF9971873C0
#22039 [2026-09-17 23:41:26.948] [DEBUG] [P8724:T14672] [phase=frame_stage_notify] [hook=frame_stage_notify] [frame_stage] original begin
#22040 [2026-09-17 23:41:26.966] [DEBUG] [P8724:T14672] [phase=frame_stage_notify] [hook=frame_stage_notify] [frame_stage] original end
#22041 [2026-09-17 23:41:26.984] [DEBUG] [P8724:T14672] [phase=frame_stage_notify] [hook=frame_stage_notify] [frame_stage] end stage=0
#22042 [2026-09-17 23:41:27.003] [DEBUG] [P8724:T14672] [phase=frame_stage_notify] [hook=frame_stage_notify] [frame_stage] begin stage=11 this=0x00007FF9971873C0
#22043 [2026-09-17 23:41:27.022] [DEBUG] [P8724:T14672] [phase=frame_stage_notify] [hook=frame_stage_notify] [frame_stage] original begin
#22044 [2026-09-17 23:41:27.040] [DEBUG] [P8724:T14672] [phase=frame_stage_notify] [hook=frame_stage_notify] [frame_stage] original end
#22045 [2026-09-17 23:41:27.058] [DEBUG] [P8724:T14672] [phase=frame_stage_notify] [hook=frame_stage_notify] [frame_stage] end stage=11
#22046 [2026-09-17 23:41:27.078] [DEBUG] [P8724:T14672] [phase=frame_stage_notify] [hook=frame_stage_notify] [frame_stage] begin stage=0 this=0x00007FF9971873C0
#22047 [2026-09-17 23:41:27.096] [DEBUG] [P8724:T14672] [phase=frame_stage_notify] [hook=frame_stage_notify] [frame_stage] original begin
#22048 [2026-09-17 23:41:27.115] [DEBUG] [P8724:T14672] [phase=frame_stage_notify] [hook=frame_stage_notify] [frame_stage] original end
#22049 [2026-09-17 23:41:27.133] [DEBUG] [P8724:T14672] [phase=frame_stage_notify] [hook=frame_stage_notify] [frame_stage] end stage=0
#22050 [2026-09-17 23:41:27.152] [DEBUG] [P8724:T14672] [phase=frame_stage_notify] [hook=frame_stage_notify] [frame_stage] begin stage=11 this=0x00007FF9971873C0
#22051 [2026-09-17 23:41:27.170] [DEBUG] [P8724:T14672] [phase=frame_stage_notify] [hook=frame_stage_notify] [frame_stage] original begin
#22052 [2026-09-17 23:41:27.188] [DEBUG] [P8724:T14672] [phase=frame_stage_notify] [hook=frame_stage_notify] [frame_stage] original end
#22053 [2026-09-17 23:41:27.208] [DEBUG] [P8724:T14672] [phase=frame_stage_notify] [hook=frame_stage_notify] [frame_stage] end stage=11
#22054 [2026-09-17 23:41:27.227] [DEBUG] [P8724:T14672] [phase=frame_stage_notify] [hook=frame_stage_notify] [frame_stage] begin stage=0 this=0x00007FF9971873C0
#22055 [2026-09-17 23:41:27.262] [DEBUG] [P8724:T14672] [phase=frame_stage_notify] [hook=frame_stage_notify] [frame_stage] original begin
#22056 [2026-09-17 23:41:27.281] [DEBUG] [P8724:T14672] [phase=frame_stage_notify] [hook=frame_stage_notify] [frame_stage] original end
#22057 [2026-09-17 23:41:27.299] [DEBUG] [P8724:T14672] [phase=frame_stage_notify] [hook=frame_stage_notify] [frame_stage] end stage=0
#22058 [2026-09-17 23:41:27.318] [DEBUG] [P8724:T14672] [phase=frame_stage_notify] [hook=frame_stage_notify] [frame_stage] begin stage=10 this=0x00007FF9971873C0
#22059 [2026-09-17 23:41:27.337] [DEBUG] [P8724:T14672] [phase=frame_stage_notify] [hook=frame_stage_notify] [frame_stage] original begin
#22060 [2026-09-17 23:41:27.354] [DEBUG] [P8724:T14672] [phase=frame_stage_notify] [hook=frame_stage_notify] [frame_stage] original end
#22061 [2026-09-17 23:41:27.372] [DEBUG] [P8724:T14672] [phase=frame_stage_notify] [hook=frame_stage_notify] [frame_stage] end stage=10
#22062 [2026-09-17 23:41:27.390] [DEBUG] [P8724:T14672] [phase=frame_stage_notify] [hook=frame_stage_notify] [frame_stage] begin stage=11 this=0x00007FF9971873C0
#22063 [2026-09-17 23:41:27.408] [DEBUG] [P8724:T14672] [phase=frame_stage_notify] [hook=frame_stage_notify] [frame_stage] original begin
#22064 [2026-09-17 23:41:27.427] [DEBUG] [P8724:T14672] [phase=frame_stage_notify] [hook=frame_stage_notify] [frame_stage] original end
#22065 [2026-09-17 23:41:27.446] [DEBUG] [P8724:T14672] [phase=frame_stage_notify] [hook=frame_stage_notify] [frame_stage] end stage=11
#22066 [2026-09-17 23:41:27.464] [DEBUG] [P8724:T14672] [phase=frame_stage_notify] [hook=frame_stage_notify] [frame_stage] begin stage=1 this=0x00007FF9971873C0
#22067 [2026-09-17 23:41:27.482] [DEBUG] [P8724:T14672] [phase=frame_stage_notify] [hook=frame_stage_notify] [frame_stage] original begin
#22068 [2026-09-17 23:41:27.500] [DEBUG] [P8724:T14672] [phase=frame_stage_notify] [hook=frame_stage_notify] [frame_stage] original end
#22069 [2026-09-17 23:41:27.518] [DEBUG] [P8724:T14672] [phase=frame_stage_notify] [hook=frame_stage_notify] [frame_stage] end stage=1
#22070 [2026-09-17 23:41:27.538] [DEBUG] [P8724:T14672] [phase=frame_stage_notify] [hook=frame_stage_notify] [frame_stage] begin stage=2 this=0x00007FF9971873C0
#22071 [2026-09-17 23:41:27.556] [DEBUG] [P8724:T14672] [phase=frame_stage_notify] [hook=frame_stage_notify] [frame_stage] original begin
#22072 [2026-09-17 23:41:27.574] [DEBUG] [P8724:T14672] [phase=frame_stage_notify] [hook=frame_stage_notify] [frame_stage] original end
#22073 [2026-09-17 23:41:27.592] [DEBUG] [P8724:T14672] [phase=frame_stage_notify] [hook=frame_stage_notify] [frame_stage] end stage=2
#22074 [2026-09-17 23:41:27.610] [DEBUG] [P8724:T14672] [phase=frame_stage_notify] [hook=frame_stage_notify] [frame_stage] begin stage=5 this=0x00007FF9971873C0
#22075 [2026-09-17 23:41:27.629] [DEBUG] [P8724:T14672] [phase=frame_stage_notify] [hook=frame_stage_notify] [frame_stage] original begin
#22076 [2026-09-17 23:41:27.647] [DEBUG] [P8724:T14672] [phase=frame_stage_notify] [hook=frame_stage_notify] [frame_stage] original end
#22077 [2026-09-17 23:41:27.666] [DEBUG] [P8724:T14672] [phase=frame_stage_notify] [hook=frame_stage_notify] [frame_stage] end stage=5
#22078 [2026-09-17 23:41:27.684] [DEBUG] [P8724:T14672] [phase=frame_stage_notify] [hook=frame_stage_notify] [frame_stage] begin stage=6 this=0x00007FF9971873C0
#22079 [2026-09-17 23:41:27.702] [DEBUG] [P8724:T14672] [phase=frame_stage_notify] [hook=frame_stage_notify] [frame_stage] guns begin
#22080 [2026-09-17 23:41:27.720] [DEBUG] [P8724:T14672] [phase=frame_stage_notify] [hook=frame_stage_notify] [frame_stage] guns end
#22081 [2026-09-17 23:41:27.738] [DEBUG] [P8724:T14672] [phase=frame_stage_notify] [hook=frame_stage_notify] [frame_stage] dlight begin
#22082 [2026-09-17 23:41:27.757] [DEBUG] [P8724:T14672] [phase=frame_stage_notify] [hook=frame_stage_notify] [frame_stage] dlight end
#22083 [2026-09-17 23:41:27.775] [DEBUG] [P8724:T14672] [phase=frame_stage_notify] [hook=frame_stage_notify] [frame_stage] original begin
#22084 [2026-09-17 23:41:27.793] [DEBUG] [P8724:T14672] [phase=frame_stage_notify] [hook=frame_stage_notify] [frame_stage] original end
#22085 [2026-09-17 23:41:27.811] [DEBUG] [P8724:T14672] [phase=frame_stage_notify] [hook=frame_stage_notify] [frame_stage] post-network feature updates begin
#22086 [2026-09-17 23:41:27.829] [DEBUG] [P8724:T14672] [phase=frame_stage_notify] [hook=frame_stage_notify] [frame_stage] post-network feature updates end
#22087 [2026-09-17 23:41:27.847] [DEBUG] [P8724:T14672] [phase=frame_stage_notify] [hook=frame_stage_notify] [frame_stage] end stage=6
#22088 [2026-09-17 23:41:27.865] [DEBUG] [P8724:T14672] [phase=frame_stage_notify] [hook=frame_stage_notify] [frame_stage] begin stage=7 this=0x00007FF9971873C0
#22089 [2026-09-17 23:41:27.884] [DEBUG] [P8724:T14672] [phase=frame_stage_notify] [hook=frame_stage_notify] [frame_stage] agents begin
#22090 [2026-09-17 23:41:27.902] [DEBUG] [P8724:T14672] [phase=frame_stage_notify] [hook=frame_stage_notify] [frame_stage] agents end; gloves begin
#22091 [2026-09-17 23:41:27.920] [DEBUG] [P8724:T14672] [phase=frame_stage_notify] [hook=frame_stage_notify] [frame_stage] gloves end; knives begin
#22092 [2026-09-17 23:41:27.938] [DEBUG] [P8724:T14672] [phase=frame_stage_notify] [hook=frame_stage_notify] [frame_stage] knives end; world begin
#22093 [2026-09-17 23:41:27.957] [DEBUG] [P8724:T14672] [phase=frame_stage_notify] [hook=frame_stage_notify] [frame_stage] scene end; weather begin
#22094 [2026-09-17 23:41:27.975] [DEBUG] [P8724:T14672] [phase=frame_stage_notify] [hook=frame_stage_notify] [frame_stage] weather end; other begin
#22095 [2026-09-17 23:41:27.994] [DEBUG] [P8724:T14672] [phase=frame_stage_notify] [hook=frame_stage_notify] [frame_stage] other end; impacts begin
#22096 [2026-09-17 23:41:28.012] [DEBUG] [P8724:T14672] [phase=frame_stage_notify] [hook=frame_stage_notify] [frame_stage] impacts end
#22097 [2026-09-17 23:41:28.030] [DEBUG] [P8724:T14672] [phase=frame_stage_notify] [hook=frame_stage_notify] [frame_stage] original begin
#22098 [2026-09-17 23:41:28.049] [DEBUG] [P8724:T14672] [phase=frame_stage_notify] [hook=frame_stage_notify] [frame_stage] original end
#22099 [2026-09-17 23:41:28.068] [DEBUG] [P8724:T14672] [phase=frame_stage_notify] [hook=frame_stage_notify] [frame_stage] end stage=7
#22100 [2026-09-17 23:41:28.085] [DEBUG] [P8724:T14672] [phase=frame_stage_notify] [hook=frame_stage_notify] [frame_stage] begin stage=8 this=0x00007FF9971873C0
#22101 [2026-09-17 23:41:28.104] [DEBUG] [P8724:T14672] [phase=frame_stage_notify] [hook=frame_stage_notify] [frame_stage] original begin
#22102 [2026-09-17 23:41:28.124] [DEBUG] [P8724:T14672] [phase=frame_stage_notify] [hook=frame_stage_notify] [frame_stage] original end
#22103 [2026-09-17 23:41:28.143] [DEBUG] [P8724:T14672] [phase=frame_stage_notify] [hook=frame_stage_notify] [frame_stage] end stage=8
#22104 [2026-09-17 23:41:28.161] [DEBUG] [P8724:T14672] [phase=frame_stage_notify] [hook=frame_stage_notify] [frame_stage] begin stage=3 this=0x00007FF9971873C0
#22105 [2026-09-17 23:41:28.179] [DEBUG] [P8724:T14672] [phase=frame_stage_notify] [hook=frame_stage_notify] [frame_stage] original begin
#22106 [2026-09-17 23:41:28.197] [DEBUG] [P8724:T14672] [phase=frame_stage_notify] [hook=frame_stage_notify] [frame_stage] original end
#22107 [2026-09-17 23:41:28.216] [DEBUG] [P8724:T14672] [phase=frame_stage_notify] [hook=frame_stage_notify] [frame_stage] end stage=3
#22108 [2026-09-17 23:41:28.235] [DEBUG] [P8724:T14672] [phase=frame_stage_notify] [hook=frame_stage_notify] [frame_stage] begin stage=12 this=0x00007FF9971873C0
#22109 [2026-09-17 23:41:28.253] [DEBUG] [P8724:T14672] [phase=frame_stage_notify] [hook=frame_stage_notify] [frame_stage] original begin
#22110 [2026-09-17 23:41:28.271] [DEBUG] [P8724:T14672] [phase=frame_stage_notify] [hook=frame_stage_notify] [frame_stage] original end
#22111 [2026-09-17 23:41:28.289] [DEBUG] [P8724:T14672] [phase=frame_stage_notify] [hook=frame_stage_notify] [frame_stage] view/frame-data update begin
#22112 [2026-09-17 23:41:28.307] [DEBUG] [P8724:T14672] [phase=frame_stage_notify] [hook=frame_stage_notify] [frame_stage] view/frame-data update end
#22113 [2026-09-17 23:41:28.325] [DEBUG] [P8724:T14672] [phase=frame_stage_notify] [hook=frame_stage_notify] [frame_stage] end stage=12
#22114 [2026-09-17 23:41:28.345] [DEBUG] [P8724:T17744] [phase=present] [hook=present] [present] begin swap_chain=0x0000026A946CF720 sync=0 flags=0x200 ready=1
#22223 [2026-09-17 23:41:28.364] [DEBUG] [P8724:T17744] [phase=present] [hook=present] [present] rendering context updated
#22224 [2026-09-17 23:41:28.383] [DEBUG] [P8724:T17744] [phase=present] [hook=present] [present] forwarding to original
#22225 [2026-09-17 23:41:28.402] [DEBUG] [P8724:T14672] [phase=frame_stage_notify] [hook=frame_stage_notify] [frame_stage] begin stage=0 this=0x00007FF9971873C0
#22229 [2026-09-17 23:41:28.420] [DEBUG] [P8724:T14672] [phase=frame_stage_notify] [hook=frame_stage_notify] [frame_stage] original begin
#22230 [2026-09-17 23:41:28.438] [DEBUG] [P8724:T14672] [phase=frame_stage_notify] [hook=frame_stage_notify] [frame_stage] original end
#22231 [2026-09-17 23:41:28.457] [DEBUG] [P8724:T14672] [phase=frame_stage_notify] [hook=frame_stage_notify] [frame_stage] end stage=0
#22232 [2026-09-17 23:41:28.474] [DEBUG] [P8724:T14672] [phase=frame_stage_notify] [hook=frame_stage_notify] [frame_stage] begin stage=11 this=0x00007FF9971873C0
#22233 [2026-09-17 23:41:28.492] [DEBUG] [P8724:T14672] [phase=frame_stage_notify] [hook=frame_stage_notify] [frame_stage] original begin
#22234 [2026-09-17 23:41:28.511] [DEBUG] [P8724:T14672] [phase=frame_stage_notify] [hook=frame_stage_notify] [frame_stage] original end
#22235 [2026-09-17 23:41:28.529] [DEBUG] [P8724:T14672] [phase=frame_stage_notify] [hook=frame_stage_notify] [frame_stage] end stage=11
#22236 [2026-09-17 23:41:28.548] [DEBUG] [P8724:T14672] [phase=frame_stage_notify] [hook=frame_stage_notify] [frame_stage] begin stage=0 this=0x00007FF9971873C0
#22237 [2026-09-17 23:41:28.567] [DEBUG] [P8724:T14672] [phase=frame_stage_notify] [hook=frame_stage_notify] [frame_stage] original begin
#22238 [2026-09-17 23:41:28.585] [DEBUG] [P8724:T14672] [phase=frame_stage_notify] [hook=frame_stage_notify] [frame_stage] original end
#22239 [2026-09-17 23:41:28.603] [DEBUG] [P8724:T14672] [phase=frame_stage_notify] [hook=frame_stage_notify] [frame_stage] end stage=0
#22240 [2026-09-17 23:41:28.621] [DEBUG] [P8724:T14672] [phase=frame_stage_notify] [hook=frame_stage_notify] [frame_stage] begin stage=11 this=0x00007FF9971873C0
#22241 [2026-09-17 23:41:28.640] [DEBUG] [P8724:T14672] [phase=frame_stage_notify] [hook=frame_stage_notify] [frame_stage] original begin
#22242 [2026-09-17 23:41:28.659] [DEBUG] [P8724:T14672] [phase=frame_stage_notify] [hook=frame_stage_notify] [frame_stage] original end
#22243 [2026-09-17 23:41:28.677] [DEBUG] [P8724:T14672] [phase=frame_stage_notify] [hook=frame_stage_notify] [frame_stage] end stage=11
#22244 [2026-09-17 23:41:28.696] [DEBUG] [P8724:T14672] [phase=frame_stage_notify] [hook=frame_stage_notify] [frame_stage] begin stage=0 this=0x00007FF9971873C0
#22245 [2026-09-17 23:41:28.714] [DEBUG] [P8724:T14672] [phase=frame_stage_notify] [hook=frame_stage_notify] [frame_stage] original begin
#22246 [2026-09-17 23:41:28.732] [DEBUG] [P8724:T14672] [phase=frame_stage_notify] [hook=frame_stage_notify] [frame_stage] original end
#22247 [2026-09-17 23:41:28.752] [DEBUG] [P8724:T14672] [phase=frame_stage_notify] [hook=frame_stage_notify] [frame_stage] end stage=0
#22248 [2026-09-17 23:41:28.771] [DEBUG] [P8724:T14672] [phase=none] [hook=frame_stage_notify] hook enter name=frame_stage_notify arg0=0x00007FF9971873C0 arg1=0x000000000000000A arg2=0x0000000000000000 arg3=0x0000000000000000
#22249 [2026-09-17 23:41:28.789] [DEBUG] [P8724:T14672] [phase=frame_stage_notify] [hook=frame_stage_notify] [frame_stage] begin stage=10 this=0x00007FF9971873C0
#22250 [2026-09-17 23:41:28.808] [DEBUG] [P8724:T14672] [phase=frame_stage_notify] [hook=frame_stage_notify] [frame_stage] original begin
#22251 [2026-09-17 23:41:28.826] [DEBUG] [P8724:T14672] [phase=frame_stage_notify] [hook=frame_stage_notify] [frame_stage] original end
#22252 [2026-09-17 23:41:28.843] [DEBUG] [P8724:T14672] [phase=frame_stage_notify] [hook=frame_stage_notify] [frame_stage] end stage=10
#22253 [2026-09-17 23:41:28.862] [DEBUG] [P8724:T14672] [phase=none] [hook=frame_stage_notify] hook leave name=frame_stage_notify duration_ms=78
#22254 [2026-09-17 23:41:28.880] [DEBUG] [P8724:T14672] [phase=frame_stage_notify] [hook=frame_stage_notify] [frame_stage] begin stage=11 this=0x00007FF9971873C0
#22255 [2026-09-17 23:41:28.899] [DEBUG] [P8724:T14672] [phase=frame_stage_notify] [hook=frame_stage_notify] [frame_stage] original begin
#22256 [2026-09-17 23:41:28.917] [DEBUG] [P8724:T14672] [phase=frame_stage_notify] [hook=frame_stage_notify] [frame_stage] original end
#22257 [2026-09-17 23:41:28.935] [DEBUG] [P8724:T14672] [phase=frame_stage_notify] [hook=frame_stage_notify] [frame_stage] end stage=11
#22258 [2026-09-17 23:41:28.953] [DEBUG] [P8724:T14672] [phase=frame_stage_notify] [hook=frame_stage_notify] [frame_stage] begin stage=1 this=0x00007FF9971873C0
#22259 [2026-09-17 23:41:28.973] [DEBUG] [P8724:T14672] [phase=frame_stage_notify] [hook=frame_stage_notify] [frame_stage] original begin
#22260 [2026-09-17 23:41:28.991] [DEBUG] [P8724:T14672] [phase=frame_stage_notify] [hook=frame_stage_notify] [frame_stage] original end
#22261 [2026-09-17 23:41:29.009] [DEBUG] [P8724:T14672] [phase=frame_stage_notify] [hook=frame_stage_notify] [frame_stage] end stage=1
#22262 [2026-09-17 23:41:29.027] [DEBUG] [P8724:T14672] [phase=frame_stage_notify] [hook=frame_stage_notify] [frame_stage] begin stage=2 this=0x00007FF9971873C0
#22263 [2026-09-17 23:41:29.045] [DEBUG] [P8724:T14672] [phase=frame_stage_notify] [hook=frame_stage_notify] [frame_stage] original begin
#22264 [2026-09-17 23:41:29.063] [DEBUG] [P8724:T14672] [phase=frame_stage_notify] [hook=frame_stage_notify] [frame_stage] original end
#22265 [2026-09-17 23:41:29.082] [DEBUG] [P8724:T14672] [phase=frame_stage_notify] [hook=frame_stage_notify] [frame_stage] end stage=2
#22266 [2026-09-17 23:41:29.100] [DEBUG] [P8724:T14672] [phase=frame_stage_notify] [hook=frame_stage_notify] [frame_stage] begin stage=5 this=0x00007FF9971873C0
#22267 [2026-09-17 23:41:29.118] [DEBUG] [P8724:T14672] [phase=frame_stage_notify] [hook=frame_stage_notify] [frame_stage] original begin
#22268 [2026-09-17 23:41:29.138] [DEBUG] [P8724:T14672] [phase=frame_stage_notify] [hook=frame_stage_notify] [frame_stage] original end
#22269 [2026-09-17 23:41:29.155] [DEBUG] [P8724:T14672] [phase=frame_stage_notify] [hook=frame_stage_notify] [frame_stage] end stage=5
#22270 [2026-09-17 23:41:29.173] [DEBUG] [P8724:T14672] [phase=frame_stage_notify] [hook=frame_stage_notify] [frame_stage] begin stage=6 this=0x00007FF9971873C0
#22271 [2026-09-17 23:41:29.192] [DEBUG] [P8724:T14672] [phase=frame_stage_notify] [hook=frame_stage_notify] [frame_stage] guns begin
#22272 [2026-09-17 23:41:29.211] [DEBUG] [P8724:T14672] [phase=frame_stage_notify] [hook=frame_stage_notify] [frame_stage] guns end
#22273 [2026-09-17 23:41:29.229] [DEBUG] [P8724:T14672] [phase=frame_stage_notify] [hook=frame_stage_notify] [frame_stage] dlight begin
#22274 [2026-09-17 23:41:29.248] [DEBUG] [P8724:T14672] [phase=frame_stage_notify] [hook=frame_stage_notify] [frame_stage] dlight end
#22275 [2026-09-17 23:41:29.267] [DEBUG] [P8724:T14672] [phase=frame_stage_notify] [hook=frame_stage_notify] [frame_stage] original begin
#22276 [2026-09-17 23:41:29.285] [DEBUG] [P8724:T14672] [phase=frame_stage_notify] [hook=frame_stage_notify] [frame_stage] original end
#22277 [2026-09-17 23:41:29.303] [DEBUG] [P8724:T14672] [phase=frame_stage_notify] [hook=frame_stage_notify] [frame_stage] post-network feature updates begin
#22278 [2026-09-17 23:41:29.322] [DEBUG] [P8724:T14672] [phase=frame_stage_notify] [hook=frame_stage_notify] [frame_stage] post-network feature updates end
#22279 [2026-09-17 23:41:29.340] [DEBUG] [P8724:T14672] [phase=frame_stage_notify] [hook=frame_stage_notify] [frame_stage] end stage=6
#22280 [2026-09-17 23:41:29.358] [DEBUG] [P8724:T14672] [phase=frame_stage_notify] [hook=frame_stage_notify] [frame_stage] begin stage=7 this=0x00007FF9971873C0
#22281 [2026-09-17 23:41:29.377] [DEBUG] [P8724:T14672] [phase=frame_stage_notify] [hook=frame_stage_notify] [frame_stage] agents begin
#22282 [2026-09-17 23:41:29.395] [DEBUG] [P8724:T14672] [phase=frame_stage_notify] [hook=frame_stage_notify] [frame_stage] agents end; gloves begin
#22283 [2026-09-17 23:41:29.414] [DEBUG] [P8724:T14672] [phase=frame_stage_notify] [hook=frame_stage_notify] [frame_stage] gloves end; knives begin
#22284 [2026-09-17 23:41:29.432] [DEBUG] [P8724:T14672] [phase=frame_stage_notify] [hook=frame_stage_notify] [frame_stage] knives end; world begin
#22285 [2026-09-17 23:41:29.450] [DEBUG] [P8724:T14672] [phase=frame_stage_notify] [hook=frame_stage_notify] [frame_stage] scene end; weather begin
#22286 [2026-09-17 23:41:29.468] [DEBUG] [P8724:T14672] [phase=frame_stage_notify] [hook=frame_stage_notify] [frame_stage] weather end; other begin
#22287 [2026-09-17 23:41:29.487] [DEBUG] [P8724:T14672] [phase=frame_stage_notify] [hook=frame_stage_notify] [frame_stage] other end; impacts begin
#22288 [2026-09-17 23:41:29.505] [DEBUG] [P8724:T14672] [phase=frame_stage_notify] [hook=frame_stage_notify] [frame_stage] impacts end
#22289 [2026-09-17 23:41:29.523] [DEBUG] [P8724:T14672] [phase=frame_stage_notify] [hook=frame_stage_notify] [frame_stage] original begin
#22290 [2026-09-17 23:41:29.542] [DEBUG] [P8724:T14672] [phase=frame_stage_notify] [hook=frame_stage_notify] [frame_stage] original end
#22291 [2026-09-17 23:41:29.561] [DEBUG] [P8724:T14672] [phase=frame_stage_notify] [hook=frame_stage_notify] [frame_stage] end stage=7
#22292 [2026-09-17 23:41:29.579] [DEBUG] [P8724:T14672] [phase=frame_stage_notify] [hook=frame_stage_notify] [frame_stage] begin stage=8 this=0x00007FF9971873C0
#22293 [2026-09-17 23:41:29.597] [DEBUG] [P8724:T14672] [phase=frame_stage_notify] [hook=frame_stage_notify] [frame_stage] original begin
#22294 [2026-09-17 23:41:29.616] [DEBUG] [P8724:T14672] [phase=frame_stage_notify] [hook=frame_stage_notify] [frame_stage] original end
#22295 [2026-09-17 23:41:29.635] [DEBUG] [P8724:T14672] [phase=frame_stage_notify] [hook=frame_stage_notify] [frame_stage] end stage=8
#22296 [2026-09-17 23:41:29.653] [DEBUG] [P8724:T14672] [phase=frame_stage_notify] [hook=frame_stage_notify] [frame_stage] begin stage=3 this=0x00007FF9971873C0
#22297 [2026-09-17 23:41:29.671] [DEBUG] [P8724:T14672] [phase=frame_stage_notify] [hook=frame_stage_notify] [frame_stage] original begin
#22298 [2026-09-17 23:41:29.689] [DEBUG] [P8724:T14672] [phase=frame_stage_notify] [hook=frame_stage_notify] [frame_stage] original end
#22299 [2026-09-17 23:41:29.707] [DEBUG] [P8724:T14672] [phase=frame_stage_notify] [hook=frame_stage_notify] [frame_stage] end stage=3
#22300 [2026-09-17 23:41:29.727] [DEBUG] [P8724:T14672] [phase=frame_stage_notify] [hook=frame_stage_notify] [frame_stage] begin stage=12 this=0x00007FF9971873C0
#22301 [2026-09-17 23:41:29.746] [DEBUG] [P8724:T14672] [phase=frame_stage_notify] [hook=frame_stage_notify] [frame_stage] original begin
#22302 [2026-09-17 23:41:29.764] [DEBUG] [P8724:T14672] [phase=frame_stage_notify] [hook=frame_stage_notify] [frame_stage] original end
#22303 [2026-09-17 23:41:29.783] [DEBUG] [P8724:T14672] [phase=frame_stage_notify] [hook=frame_stage_notify] [frame_stage] view/frame-data update begin
#22304 [2026-09-17 23:41:29.801] [DEBUG] [P8724:T14672] [phase=frame_stage_notify] [hook=frame_stage_notify] [frame_stage] view/frame-data update end
#22305 [2026-09-17 23:41:29.819] [DEBUG] [P8724:T14672] [phase=frame_stage_notify] [hook=frame_stage_notify] [frame_stage] end stage=12
#22306 [2026-09-17 23:41:29.841] [DEBUG] [P8724:T17744] [phase=present] [hook=present] [present] begin swap_chain=0x0000026A946CF720 sync=0 flags=0x200 ready=1
#22415 [2026-09-17 23:41:29.860] [DEBUG] [P8724:T17744] [phase=present] [hook=present] [present] rendering context updated
#22416 [2026-09-17 23:41:29.878] [DEBUG] [P8724:T17744] [phase=present] [hook=present] [present] forwarding to original
#22417 [2026-09-17 23:41:29.898] [DEBUG] [P8724:T17744] [phase=present] [hook=present] [present] begin swap_chain=0x0000026A946CF720 sync=0 flags=0x200 ready=1
#22494 [2026-09-17 23:41:29.917] [DEBUG] [P8724:T17744] [phase=present] [hook=present] [present] rendering context updated
#22495 [2026-09-17 23:41:29.935] [DEBUG] [P8724:T17744] [phase=present] [hook=present] [present] forwarding to original
#22496 [2026-09-17 23:41:29.954] [DEBUG] [P8724:T14672] [phase=frame_stage_notify] [hook=frame_stage_notify] [frame_stage] begin stage=0 this=0x00007FF9971873C0
#22500 [2026-09-17 23:41:29.973] [DEBUG] [P8724:T14672] [phase=frame_stage_notify] [hook=frame_stage_notify] [frame_stage] original begin
#22501 [2026-09-17 23:41:29.991] [DEBUG] [P8724:T14672] [phase=frame_stage_notify] [hook=frame_stage_notify] [frame_stage] original end
#22502 [2026-09-17 23:41:30.010] [DEBUG] [P8724:T14672] [phase=frame_stage_notify] [hook=frame_stage_notify] [frame_stage] end stage=0
#22503 [2026-09-17 23:41:30.029] [DEBUG] [P8724:T14672] [phase=frame_stage_notify] [hook=frame_stage_notify] [frame_stage] begin stage=11 this=0x00007FF9971873C0
#22504 [2026-09-17 23:41:30.047] [DEBUG] [P8724:T14672] [phase=frame_stage_notify] [hook=frame_stage_notify] [frame_stage] original begin
#22505 [2026-09-17 23:41:30.065] [DEBUG] [P8724:T14672] [phase=frame_stage_notify] [hook=frame_stage_notify] [frame_stage] original end
#22506 [2026-09-17 23:41:30.084] [DEBUG] [P8724:T14672] [phase=frame_stage_notify] [hook=frame_stage_notify] [frame_stage] end stage=11
#22507 [2026-09-17 23:41:30.102] [DEBUG] [P8724:T14672] [phase=frame_stage_notify] [hook=frame_stage_notify] [frame_stage] begin stage=0 this=0x00007FF9971873C0
#22508 [2026-09-17 23:41:30.121] [DEBUG] [P8724:T14672] [phase=frame_stage_notify] [hook=frame_stage_notify] [frame_stage] original begin
#22509 [2026-09-17 23:41:30.139] [DEBUG] [P8724:T14672] [phase=frame_stage_notify] [hook=frame_stage_notify] [frame_stage] original end
#22510 [2026-09-17 23:41:30.157] [DEBUG] [P8724:T14672] [phase=frame_stage_notify] [hook=frame_stage_notify] [frame_stage] end stage=0
#22511 [2026-09-17 23:41:30.176] [DEBUG] [P8724:T14672] [phase=frame_stage_notify] [hook=frame_stage_notify] [frame_stage] begin stage=11 this=0x00007FF9971873C0
#22512 [2026-09-17 23:41:30.194] [DEBUG] [P8724:T14672] [phase=frame_stage_notify] [hook=frame_stage_notify] [frame_stage] original begin
#22513 [2026-09-17 23:41:30.213] [DEBUG] [P8724:T14672] [phase=frame_stage_notify] [hook=frame_stage_notify] [frame_stage] original end
#22514 [2026-09-17 23:41:30.231] [DEBUG] [P8724:T14672] [phase=frame_stage_notify] [hook=frame_stage_notify] [frame_stage] end stage=11
#22515 [2026-09-17 23:41:30.250] [DEBUG] [P8724:T14672] [phase=frame_stage_notify] [hook=frame_stage_notify] [frame_stage] begin stage=0 this=0x00007FF9971873C0
#22516 [2026-09-17 23:41:30.285] [DEBUG] [P8724:T14672] [phase=frame_stage_notify] [hook=frame_stage_notify] [frame_stage] original begin
#22517 [2026-09-17 23:41:30.304] [DEBUG] [P8724:T14672] [phase=frame_stage_notify] [hook=frame_stage_notify] [frame_stage] original end
#22518 [2026-09-17 23:41:30.322] [DEBUG] [P8724:T14672] [phase=frame_stage_notify] [hook=frame_stage_notify] [frame_stage] end stage=0
#22519 [2026-09-17 23:41:30.341] [DEBUG] [P8724:T14672] [phase=frame_stage_notify] [hook=frame_stage_notify] [frame_stage] begin stage=11 this=0x00007FF9971873C0
#22520 [2026-09-17 23:41:30.359] [DEBUG] [P8724:T14672] [phase=frame_stage_notify] [hook=frame_stage_notify] [frame_stage] original begin
#22521 [2026-09-17 23:41:30.377] [DEBUG] [P8724:T14672] [phase=frame_stage_notify] [hook=frame_stage_notify] [frame_stage] original end
#22522 [2026-09-17 23:41:30.396] [DEBUG] [P8724:T14672] [phase=frame_stage_notify] [hook=frame_stage_notify] [frame_stage] end stage=11
#22523 [2026-09-17 23:41:30.416] [DEBUG] [P8724:T14672] [phase=frame_stage_notify] [hook=frame_stage_notify] [frame_stage] begin stage=0 this=0x00007FF9971873C0
#22524 [2026-09-17 23:41:30.434] [DEBUG] [P8724:T14672] [phase=frame_stage_notify] [hook=frame_stage_notify] [frame_stage] original begin
#22525 [2026-09-17 23:41:30.453] [DEBUG] [P8724:T14672] [phase=frame_stage_notify] [hook=frame_stage_notify] [frame_stage] original end
#22526 [2026-09-17 23:41:30.470] [DEBUG] [P8724:T14672] [phase=frame_stage_notify] [hook=frame_stage_notify] [frame_stage] end stage=0
#22527 [2026-09-17 23:41:30.507] [DEBUG] [P8724:T14672] [phase=frame_stage_notify] [hook=frame_stage_notify] [frame_stage] begin stage=10 this=0x00007FF9971873C0
#22528 [2026-09-17 23:41:30.525] [DEBUG] [P8724:T14672] [phase=frame_stage_notify] [hook=frame_stage_notify] [frame_stage] original begin
#22529 [2026-09-17 23:41:30.543] [DEBUG] [P8724:T14672] [phase=frame_stage_notify] [hook=frame_stage_notify] [frame_stage] original end
#22530 [2026-09-17 23:41:30.563] [DEBUG] [P8724:T14672] [phase=frame_stage_notify] [hook=frame_stage_notify] [frame_stage] end stage=10
#22531 [2026-09-17 23:41:30.581] [DEBUG] [P8724:T14672] [phase=frame_stage_notify] [hook=frame_stage_notify] [frame_stage] begin stage=11 this=0x00007FF9971873C0
#22532 [2026-09-17 23:41:30.599] [DEBUG] [P8724:T14672] [phase=frame_stage_notify] [hook=frame_stage_notify] [frame_stage] original begin
#22533 [2026-09-17 23:41:30.617] [DEBUG] [P8724:T14672] [phase=frame_stage_notify] [hook=frame_stage_notify] [frame_stage] original end
#22534 [2026-09-17 23:41:30.636] [DEBUG] [P8724:T14672] [phase=frame_stage_notify] [hook=frame_stage_notify] [frame_stage] end stage=11
#22535 [2026-09-17 23:41:30.654] [DEBUG] [P8724:T14672] [phase=frame_stage_notify] [hook=frame_stage_notify] [frame_stage] begin stage=1 this=0x00007FF9971873C0
#22536 [2026-09-17 23:41:30.672] [DEBUG] [P8724:T14672] [phase=frame_stage_notify] [hook=frame_stage_notify] [frame_stage] original begin
#22537 [2026-09-17 23:41:30.690] [DEBUG] [P8724:T14672] [phase=frame_stage_notify] [hook=frame_stage_notify] [frame_stage] original end
#22538 [2026-09-17 23:41:30.708] [DEBUG] [P8724:T14672] [phase=frame_stage_notify] [hook=frame_stage_notify] [frame_stage] end stage=1
#22539 [2026-09-17 23:41:30.726] [DEBUG] [P8724:T14672] [phase=frame_stage_notify] [hook=frame_stage_notify] [frame_stage] begin stage=2 this=0x00007FF9971873C0
#22540 [2026-09-17 23:41:30.745] [DEBUG] [P8724:T14672] [phase=frame_stage_notify] [hook=frame_stage_notify] [frame_stage] original begin
#22541 [2026-09-17 23:41:30.763] [DEBUG] [P8724:T14672] [phase=frame_stage_notify] [hook=frame_stage_notify] [frame_stage] original end
#22542 [2026-09-17 23:41:30.781] [DEBUG] [P8724:T14672] [phase=frame_stage_notify] [hook=frame_stage_notify] [frame_stage] end stage=2
#22543 [2026-09-17 23:41:30.799] [DEBUG] [P8724:T14672] [phase=frame_stage_notify] [hook=frame_stage_notify] [frame_stage] begin stage=5 this=0x00007FF9971873C0
#22544 [2026-09-17 23:41:30.817] [DEBUG] [P8724:T14672] [phase=frame_stage_notify] [hook=frame_stage_notify] [frame_stage] original begin
#22545 [2026-09-17 23:41:30.836] [DEBUG] [P8724:T14672] [phase=frame_stage_notify] [hook=frame_stage_notify] [frame_stage] original end
#22546 [2026-09-17 23:41:30.854] [DEBUG] [P8724:T14672] [phase=frame_stage_notify] [hook=frame_stage_notify] [frame_stage] end stage=5
#22547 [2026-09-17 23:41:30.872] [DEBUG] [P8724:T14672] [phase=frame_stage_notify] [hook=frame_stage_notify] [frame_stage] begin stage=6 this=0x00007FF9971873C0
#22548 [2026-09-17 23:41:30.890] [DEBUG] [P8724:T14672] [phase=frame_stage_notify] [hook=frame_stage_notify] [frame_stage] guns begin
#22549 [2026-09-17 23:41:30.941] [DEBUG] [P8724:T14672] [phase=frame_stage_notify] [hook=frame_stage_notify] [frame_stage] guns end
#22550 [2026-09-17 23:41:30.961] [DEBUG] [P8724:T14672] [phase=frame_stage_notify] [hook=frame_stage_notify] [frame_stage] dlight begin
#22551 [2026-09-17 23:41:30.980] [DEBUG] [P8724:T14672] [phase=frame_stage_notify] [hook=frame_stage_notify] [frame_stage] dlight end
#22552 [2026-09-17 23:41:30.998] [DEBUG] [P8724:T14672] [phase=frame_stage_notify] [hook=frame_stage_notify] [frame_stage] original begin
#22553 [2026-09-17 23:41:31.016] [DEBUG] [P8724:T14672] [phase=frame_stage_notify] [hook=frame_stage_notify] [frame_stage] original end
#22554 [2026-09-17 23:41:31.033] [DEBUG] [P8724:T14672] [phase=frame_stage_notify] [hook=frame_stage_notify] [frame_stage] post-network feature updates begin
#22555 [2026-09-17 23:41:31.052] [DEBUG] [P8724:T14672] [phase=frame_stage_notify] [hook=frame_stage_notify] [frame_stage] post-network feature updates end
#22556 [2026-09-17 23:41:31.070] [DEBUG] [P8724:T14672] [phase=frame_stage_notify] [hook=frame_stage_notify] [frame_stage] end stage=6
#22557 [2026-09-17 23:41:31.089] [DEBUG] [P8724:T14672] [phase=frame_stage_notify] [hook=frame_stage_notify] [frame_stage] begin stage=7 this=0x00007FF9971873C0
#22558 [2026-09-17 23:41:31.107] [DEBUG] [P8724:T14672] [phase=frame_stage_notify] [hook=frame_stage_notify] [frame_stage] agents begin
#22559 [2026-09-17 23:41:31.125] [DEBUG] [P8724:T14672] [phase=frame_stage_notify] [hook=frame_stage_notify] [frame_stage] agents end; gloves begin
#22560 [2026-09-17 23:41:31.144] [DEBUG] [P8724:T14672] [phase=frame_stage_notify] [hook=frame_stage_notify] [frame_stage] gloves end; knives begin
#22561 [2026-09-17 23:41:31.162] [DEBUG] [P8724:T14672] [phase=frame_stage_notify] [hook=frame_stage_notify] [frame_stage] knives end; world begin
#22562 [2026-09-17 23:41:31.181] [DEBUG] [P8724:T14672] [phase=frame_stage_notify] [hook=frame_stage_notify] [frame_stage] scene end; weather begin
#22563 [2026-09-17 23:41:31.217] [DEBUG] [P8724:T14672] [phase=frame_stage_notify] [hook=frame_stage_notify] [frame_stage] weather end; other begin
#22564 [2026-09-17 23:41:31.269] [DEBUG] [P8724:T14672] [phase=frame_stage_notify] [hook=frame_stage_notify] [frame_stage] other end; impacts begin
#22565 [2026-09-17 23:41:31.288] [DEBUG] [P8724:T14672] [phase=frame_stage_notify] [hook=frame_stage_notify] [frame_stage] impacts end
#22566 [2026-09-17 23:41:31.306] [DEBUG] [P8724:T14672] [phase=frame_stage_notify] [hook=frame_stage_notify] [frame_stage] original begin
#22567 [2026-09-17 23:41:31.324] [DEBUG] [P8724:T14672] [phase=frame_stage_notify] [hook=frame_stage_notify] [frame_stage] original end
#22568 [2026-09-17 23:41:31.342] [DEBUG] [P8724:T14672] [phase=frame_stage_notify] [hook=frame_stage_notify] [frame_stage] end stage=7
#22569 [2026-09-17 23:41:31.360] [DEBUG] [P8724:T14672] [phase=frame_stage_notify] [hook=frame_stage_notify] [frame_stage] begin stage=8 this=0x00007FF9971873C0
#22570 [2026-09-17 23:41:31.378] [DEBUG] [P8724:T14672] [phase=frame_stage_notify] [hook=frame_stage_notify] [frame_stage] original begin
#22571 [2026-09-17 23:41:31.397] [DEBUG] [P8724:T14672] [phase=frame_stage_notify] [hook=frame_stage_notify] [frame_stage] original end
#22572 [2026-09-17 23:41:31.416] [DEBUG] [P8724:T14672] [phase=frame_stage_notify] [hook=frame_stage_notify] [frame_stage] end stage=8
#22573 [2026-09-17 23:41:31.435] [DEBUG] [P8724:T14672] [phase=frame_stage_notify] [hook=frame_stage_notify] [frame_stage] begin stage=3 this=0x00007FF9971873C0
#22574 [2026-09-17 23:41:31.453] [DEBUG] [P8724:T14672] [phase=frame_stage_notify] [hook=frame_stage_notify] [frame_stage] original begin
#22575 [2026-09-17 23:41:31.471] [DEBUG] [P8724:T14672] [phase=frame_stage_notify] [hook=frame_stage_notify] [frame_stage] original end
#22576 [2026-09-17 23:41:31.489] [DEBUG] [P8724:T14672] [phase=frame_stage_notify] [hook=frame_stage_notify] [frame_stage] end stage=3
#22577 [2026-09-17 23:41:31.508] [DEBUG] [P8724:T14672] [phase=frame_stage_notify] [hook=frame_stage_notify] [frame_stage] begin stage=12 this=0x00007FF9971873C0
#22578 [2026-09-17 23:41:31.526] [DEBUG] [P8724:T14672] [phase=frame_stage_notify] [hook=frame_stage_notify] [frame_stage] original begin
#22579 [2026-09-17 23:41:31.545] [DEBUG] [P8724:T14672] [phase=frame_stage_notify] [hook=frame_stage_notify] [frame_stage] original end
#22580 [2026-09-17 23:41:31.562] [DEBUG] [P8724:T14672] [phase=frame_stage_notify] [hook=frame_stage_notify] [frame_stage] view/frame-data update begin
#22581 [2026-09-17 23:41:31.581] [DEBUG] [P8724:T14672] [phase=frame_stage_notify] [hook=frame_stage_notify] [frame_stage] view/frame-data update end
#22582 [2026-09-17 23:41:31.599] [DEBUG] [P8724:T14672] [phase=frame_stage_notify] [hook=frame_stage_notify] [frame_stage] end stage=12
#22583 [2026-09-17 23:41:31.621] [DEBUG] [P8724:T17744] [phase=present] [hook=present] [present] begin swap_chain=0x0000026A946CF720 sync=0 flags=0x200 ready=1
#22684 [2026-09-17 23:41:31.640] [DEBUG] [P8724:T17744] [phase=present] [hook=present] [present] rendering context updated
#22685 [2026-09-17 23:41:31.659] [DEBUG] [P8724:T17744] [phase=present] [hook=present] [present] forwarding to original
#22686 [2026-09-17 23:41:31.678] [DEBUG] [P8724:T14672] [phase=frame_stage_notify] [hook=frame_stage_notify] [frame_stage] begin stage=0 this=0x00007FF9971873C0
#22690 [2026-09-17 23:41:31.698] [DEBUG] [P8724:T14672] [phase=frame_stage_notify] [hook=frame_stage_notify] [frame_stage] original begin
#22691 [2026-09-17 23:41:31.716] [DEBUG] [P8724:T14672] [phase=frame_stage_notify] [hook=frame_stage_notify] [frame_stage] original end
#22692 [2026-09-17 23:41:31.734] [DEBUG] [P8724:T14672] [phase=frame_stage_notify] [hook=frame_stage_notify] [frame_stage] end stage=0
#22693 [2026-09-17 23:41:31.753] [DEBUG] [P8724:T14672] [phase=frame_stage_notify] [hook=frame_stage_notify] [frame_stage] begin stage=11 this=0x00007FF9971873C0
#22694 [2026-09-17 23:41:31.772] [DEBUG] [P8724:T14672] [phase=frame_stage_notify] [hook=frame_stage_notify] [frame_stage] original begin
#22695 [2026-09-17 23:41:31.790] [DEBUG] [P8724:T14672] [phase=frame_stage_notify] [hook=frame_stage_notify] [frame_stage] original end
#22696 [2026-09-17 23:41:31.808] [DEBUG] [P8724:T14672] [phase=frame_stage_notify] [hook=frame_stage_notify] [frame_stage] end stage=11
#22697 [2026-09-17 23:41:31.827] [DEBUG] [P8724:T14672] [phase=frame_stage_notify] [hook=frame_stage_notify] [frame_stage] begin stage=0 this=0x00007FF9971873C0
#22698 [2026-09-17 23:41:31.845] [DEBUG] [P8724:T14672] [phase=frame_stage_notify] [hook=frame_stage_notify] [frame_stage] original begin
#22699 [2026-09-17 23:41:31.864] [DEBUG] [P8724:T14672] [phase=frame_stage_notify] [hook=frame_stage_notify] [frame_stage] original end
#22700 [2026-09-17 23:41:31.882] [DEBUG] [P8724:T14672] [phase=frame_stage_notify] [hook=frame_stage_notify] [frame_stage] end stage=0
#22701 [2026-09-17 23:41:31.901] [DEBUG] [P8724:T14672] [phase=frame_stage_notify] [hook=frame_stage_notify] [frame_stage] begin stage=11 this=0x00007FF9971873C0
#22702 [2026-09-17 23:41:31.919] [DEBUG] [P8724:T14672] [phase=frame_stage_notify] [hook=frame_stage_notify] [frame_stage] original begin
#22703 [2026-09-17 23:41:31.937] [DEBUG] [P8724:T14672] [phase=frame_stage_notify] [hook=frame_stage_notify] [frame_stage] original end
#22704 [2026-09-17 23:41:31.956] [DEBUG] [P8724:T14672] [phase=frame_stage_notify] [hook=frame_stage_notify] [frame_stage] end stage=11
#22705 [2026-09-17 23:41:31.976] [DEBUG] [P8724:T14672] [phase=frame_stage_notify] [hook=frame_stage_notify] [frame_stage] begin stage=0 this=0x00007FF9971873C0
#22706 [2026-09-17 23:41:31.994] [DEBUG] [P8724:T14672] [phase=frame_stage_notify] [hook=frame_stage_notify] [frame_stage] original begin
#22707 [2026-09-17 23:41:32.012] [DEBUG] [P8724:T14672] [phase=frame_stage_notify] [hook=frame_stage_notify] [frame_stage] original end
#22708 [2026-09-17 23:41:32.031] [DEBUG] [P8724:T14672] [phase=frame_stage_notify] [hook=frame_stage_notify] [frame_stage] end stage=0
#22709 [2026-09-17 23:41:32.049] [DEBUG] [P8724:T14672] [phase=frame_stage_notify] [hook=frame_stage_notify] [frame_stage] begin stage=11 this=0x00007FF9971873C0
#22710 [2026-09-17 23:41:32.068] [DEBUG] [P8724:T14672] [phase=frame_stage_notify] [hook=frame_stage_notify] [frame_stage] original begin
#22711 [2026-09-17 23:41:32.087] [DEBUG] [P8724:T14672] [phase=frame_stage_notify] [hook=frame_stage_notify] [frame_stage] original end
#22712 [2026-09-17 23:41:32.105] [DEBUG] [P8724:T14672] [phase=frame_stage_notify] [hook=frame_stage_notify] [frame_stage] end stage=11
#22713 [2026-09-17 23:41:32.123] [DEBUG] [P8724:T14672] [phase=frame_stage_notify] [hook=frame_stage_notify] [frame_stage] begin stage=0 this=0x00007FF9971873C0
#22714 [2026-09-17 23:41:32.141] [DEBUG] [P8724:T14672] [phase=frame_stage_notify] [hook=frame_stage_notify] [frame_stage] original begin
#22715 [2026-09-17 23:41:32.159] [DEBUG] [P8724:T14672] [phase=frame_stage_notify] [hook=frame_stage_notify] [frame_stage] original end
#22716 [2026-09-17 23:41:32.178] [DEBUG] [P8724:T14672] [phase=frame_stage_notify] [hook=frame_stage_notify] [frame_stage] end stage=0
#22717 [2026-09-17 23:41:32.196] [DEBUG] [P8724:T14672] [phase=frame_stage_notify] [hook=frame_stage_notify] [frame_stage] begin stage=10 this=0x00007FF9971873C0
#22718 [2026-09-17 23:41:32.214] [DEBUG] [P8724:T14672] [phase=frame_stage_notify] [hook=frame_stage_notify] [frame_stage] original begin
#22719 [2026-09-17 23:41:32.232] [DEBUG] [P8724:T14672] [phase=frame_stage_notify] [hook=frame_stage_notify] [frame_stage] original end
#22720 [2026-09-17 23:41:32.283] [DEBUG] [P8724:T14672] [phase=frame_stage_notify] [hook=frame_stage_notify] [frame_stage] end stage=10
#22721 [2026-09-17 23:41:32.302] [DEBUG] [P8724:T14672] [phase=frame_stage_notify] [hook=frame_stage_notify] [frame_stage] begin stage=11 this=0x00007FF9971873C0
#22722 [2026-09-17 23:41:32.320] [DEBUG] [P8724:T14672] [phase=frame_stage_notify] [hook=frame_stage_notify] [frame_stage] original begin
#22723 [2026-09-17 23:41:32.339] [DEBUG] [P8724:T14672] [phase=frame_stage_notify] [hook=frame_stage_notify] [frame_stage] original end
#22724 [2026-09-17 23:41:32.357] [DEBUG] [P8724:T14672] [phase=frame_stage_notify] [hook=frame_stage_notify] [frame_stage] end stage=11
#22725 [2026-09-17 23:41:32.375] [DEBUG] [P8724:T14672] [phase=frame_stage_notify] [hook=frame_stage_notify] [frame_stage] begin stage=1 this=0x00007FF9971873C0
#22726 [2026-09-17 23:41:32.393] [DEBUG] [P8724:T14672] [phase=frame_stage_notify] [hook=frame_stage_notify] [frame_stage] original begin
#22727 [2026-09-17 23:41:32.411] [DEBUG] [P8724:T14672] [phase=frame_stage_notify] [hook=frame_stage_notify] [frame_stage] original end
#22728 [2026-09-17 23:41:32.430] [DEBUG] [P8724:T14672] [phase=frame_stage_notify] [hook=frame_stage_notify] [frame_stage] end stage=1
#22729 [2026-09-17 23:41:32.449] [DEBUG] [P8724:T14672] [phase=frame_stage_notify] [hook=frame_stage_notify] [frame_stage] begin stage=2 this=0x00007FF9971873C0
#22730 [2026-09-17 23:41:32.467] [DEBUG] [P8724:T14672] [phase=frame_stage_notify] [hook=frame_stage_notify] [frame_stage] original begin
#22731 [2026-09-17 23:41:32.485] [DEBUG] [P8724:T14672] [phase=frame_stage_notify] [hook=frame_stage_notify] [frame_stage] original end
#22732 [2026-09-17 23:41:32.503] [DEBUG] [P8724:T14672] [phase=frame_stage_notify] [hook=frame_stage_notify] [frame_stage] end stage=2
#22733 [2026-09-17 23:41:32.522] [DEBUG] [P8724:T14672] [phase=frame_stage_notify] [hook=frame_stage_notify] [frame_stage] begin stage=5 this=0x00007FF9971873C0
#22734 [2026-09-17 23:41:32.540] [DEBUG] [P8724:T14672] [phase=frame_stage_notify] [hook=frame_stage_notify] [frame_stage] original begin
#22735 [2026-09-17 23:41:32.560] [DEBUG] [P8724:T14672] [phase=frame_stage_notify] [hook=frame_stage_notify] [frame_stage] original end
#22736 [2026-09-17 23:41:32.578] [DEBUG] [P8724:T14672] [phase=frame_stage_notify] [hook=frame_stage_notify] [frame_stage] end stage=5
#22737 [2026-09-17 23:41:32.596] [DEBUG] [P8724:T14672] [phase=frame_stage_notify] [hook=frame_stage_notify] [frame_stage] begin stage=6 this=0x00007FF9971873C0
#22738 [2026-09-17 23:41:32.614] [DEBUG] [P8724:T14672] [phase=frame_stage_notify] [hook=frame_stage_notify] [frame_stage] guns begin
#22739 [2026-09-17 23:41:32.634] [DEBUG] [P8724:T14672] [phase=frame_stage_notify] [hook=frame_stage_notify] [frame_stage] guns end
#22740 [2026-09-17 23:41:32.652] [DEBUG] [P8724:T14672] [phase=frame_stage_notify] [hook=frame_stage_notify] [frame_stage] dlight begin
#22741 [2026-09-17 23:41:32.670] [DEBUG] [P8724:T14672] [phase=frame_stage_notify] [hook=frame_stage_notify] [frame_stage] dlight end
#22742 [2026-09-17 23:41:32.689] [DEBUG] [P8724:T14672] [phase=frame_stage_notify] [hook=frame_stage_notify] [frame_stage] original begin
#22743 [2026-09-17 23:41:32.707] [DEBUG] [P8724:T14672] [phase=frame_stage_notify] [hook=frame_stage_notify] [frame_stage] original end
#22744 [2026-09-17 23:41:32.725] [DEBUG] [P8724:T14672] [phase=frame_stage_notify] [hook=frame_stage_notify] [frame_stage] post-network feature updates begin
#22745 [2026-09-17 23:41:32.744] [DEBUG] [P8724:T14672] [phase=frame_stage_notify] [hook=frame_stage_notify] [frame_stage] post-network feature updates end
#22746 [2026-09-17 23:41:32.763] [DEBUG] [P8724:T14672] [phase=frame_stage_notify] [hook=frame_stage_notify] [frame_stage] end stage=6
#22747 [2026-09-17 23:41:32.781] [DEBUG] [P8724:T14672] [phase=frame_stage_notify] [hook=frame_stage_notify] [frame_stage] begin stage=7 this=0x00007FF9971873C0
#22748 [2026-09-17 23:41:32.800] [DEBUG] [P8724:T14672] [phase=frame_stage_notify] [hook=frame_stage_notify] [frame_stage] agents begin
#22749 [2026-09-17 23:41:32.818] [DEBUG] [P8724:T14672] [phase=frame_stage_notify] [hook=frame_stage_notify] [frame_stage] agents end; gloves begin
#22750 [2026-09-17 23:41:32.837] [DEBUG] [P8724:T14672] [phase=frame_stage_notify] [hook=frame_stage_notify] [frame_stage] gloves end; knives begin
#22751 [2026-09-17 23:41:32.856] [DEBUG] [P8724:T14672] [phase=frame_stage_notify] [hook=frame_stage_notify] [frame_stage] knives end; world begin
#22752 [2026-09-17 23:41:32.875] [DEBUG] [P8724:T14672] [phase=frame_stage_notify] [hook=frame_stage_notify] [frame_stage] scene end; weather begin
#22753 [2026-09-17 23:41:32.893] [DEBUG] [P8724:T14672] [phase=frame_stage_notify] [hook=frame_stage_notify] [frame_stage] weather end; other begin
#22754 [2026-09-17 23:41:32.911] [DEBUG] [P8724:T14672] [phase=frame_stage_notify] [hook=frame_stage_notify] [frame_stage] other end; impacts begin
#22755 [2026-09-17 23:41:32.929] [DEBUG] [P8724:T14672] [phase=frame_stage_notify] [hook=frame_stage_notify] [frame_stage] impacts end
#22756 [2026-09-17 23:41:32.947] [DEBUG] [P8724:T14672] [phase=frame_stage_notify] [hook=frame_stage_notify] [frame_stage] original begin
#22757 [2026-09-17 23:41:32.967] [DEBUG] [P8724:T14672] [phase=frame_stage_notify] [hook=frame_stage_notify] [frame_stage] original end
#22758 [2026-09-17 23:41:32.985] [DEBUG] [P8724:T14672] [phase=frame_stage_notify] [hook=frame_stage_notify] [frame_stage] end stage=7
#22759 [2026-09-17 23:41:33.003] [DEBUG] [P8724:T14672] [phase=frame_stage_notify] [hook=frame_stage_notify] [frame_stage] begin stage=8 this=0x00007FF9971873C0
#22760 [2026-09-17 23:41:33.021] [DEBUG] [P8724:T14672] [phase=frame_stage_notify] [hook=frame_stage_notify] [frame_stage] original begin
#22761 [2026-09-17 23:41:33.039] [DEBUG] [P8724:T14672] [phase=frame_stage_notify] [hook=frame_stage_notify] [frame_stage] original end
#22762 [2026-09-17 23:41:33.058] [DEBUG] [P8724:T14672] [phase=frame_stage_notify] [hook=frame_stage_notify] [frame_stage] end stage=8
#22763 [2026-09-17 23:41:33.076] [DEBUG] [P8724:T14672] [phase=frame_stage_notify] [hook=frame_stage_notify] [frame_stage] begin stage=3 this=0x00007FF9971873C0
#22764 [2026-09-17 23:41:33.093] [DEBUG] [P8724:T14672] [phase=frame_stage_notify] [hook=frame_stage_notify] [frame_stage] original begin
#22765 [2026-09-17 23:41:33.112] [DEBUG] [P8724:T14672] [phase=frame_stage_notify] [hook=frame_stage_notify] [frame_stage] original end
#22766 [2026-09-17 23:41:33.130] [DEBUG] [P8724:T14672] [phase=frame_stage_notify] [hook=frame_stage_notify] [frame_stage] end stage=3
#22767 [2026-09-17 23:41:33.148] [DEBUG] [P8724:T14672] [phase=frame_stage_notify] [hook=frame_stage_notify] [frame_stage] begin stage=12 this=0x00007FF9971873C0
#22768 [2026-09-17 23:41:33.167] [DEBUG] [P8724:T14672] [phase=frame_stage_notify] [hook=frame_stage_notify] [frame_stage] original begin
#22769 [2026-09-17 23:41:33.186] [DEBUG] [P8724:T14672] [phase=frame_stage_notify] [hook=frame_stage_notify] [frame_stage] original end
#22770 [2026-09-17 23:41:33.205] [DEBUG] [P8724:T14672] [phase=frame_stage_notify] [hook=frame_stage_notify] [frame_stage] view/frame-data update begin
#22771 [2026-09-17 23:41:33.223] [DEBUG] [P8724:T14672] [phase=frame_stage_notify] [hook=frame_stage_notify] [frame_stage] view/frame-data update end
#22772 [2026-09-17 23:41:33.243] [DEBUG] [P8724:T14672] [phase=frame_stage_notify] [hook=frame_stage_notify] [frame_stage] end stage=12
#22773 [2026-09-17 23:41:33.265] [DEBUG] [P8724:T14672] [phase=frame_stage_notify] [hook=frame_stage_notify] [frame_stage] begin stage=0 this=0x00007FF9971873C0
#22777 [2026-09-17 23:41:33.283] [DEBUG] [P8724:T14672] [phase=frame_stage_notify] [hook=frame_stage_notify] [frame_stage] original begin
#22778 [2026-09-17 23:41:33.302] [DEBUG] [P8724:T14672] [phase=frame_stage_notify] [hook=frame_stage_notify] [frame_stage] original end
#22779 [2026-09-17 23:41:33.320] [DEBUG] [P8724:T14672] [phase=frame_stage_notify] [hook=frame_stage_notify] [frame_stage] end stage=0
#22780 [2026-09-17 23:41:33.339] [DEBUG] [P8724:T14672] [phase=frame_stage_notify] [hook=frame_stage_notify] [frame_stage] begin stage=11 this=0x00007FF9971873C0
#22781 [2026-09-17 23:41:33.363] [DEBUG] [P8724:T14672] [phase=frame_stage_notify] [hook=frame_stage_notify] [frame_stage] original begin
#22782 [2026-09-17 23:41:33.381] [DEBUG] [P8724:T14672] [phase=frame_stage_notify] [hook=frame_stage_notify] [frame_stage] original end
#22783 [2026-09-17 23:41:33.399] [DEBUG] [P8724:T14672] [phase=frame_stage_notify] [hook=frame_stage_notify] [frame_stage] end stage=11
#22784 [2026-09-17 23:41:33.418] [DEBUG] [P8724:T14672] [phase=frame_stage_notify] [hook=frame_stage_notify] [frame_stage] begin stage=0 this=0x00007FF9971873C0
#22785 [2026-09-17 23:41:33.436] [DEBUG] [P8724:T14672] [phase=frame_stage_notify] [hook=frame_stage_notify] [frame_stage] original begin
#22786 [2026-09-17 23:41:33.454] [DEBUG] [P8724:T14672] [phase=frame_stage_notify] [hook=frame_stage_notify] [frame_stage] original end
#22787 [2026-09-17 23:41:33.472] [DEBUG] [P8724:T14672] [phase=frame_stage_notify] [hook=frame_stage_notify] [frame_stage] end stage=0
#22788 [2026-09-17 23:41:33.490] [DEBUG] [P8724:T14672] [phase=frame_stage_notify] [hook=frame_stage_notify] [frame_stage] begin stage=11 this=0x00007FF9971873C0
#22789 [2026-09-17 23:41:33.509] [DEBUG] [P8724:T14672] [phase=frame_stage_notify] [hook=frame_stage_notify] [frame_stage] original begin
#22790 [2026-09-17 23:41:33.527] [DEBUG] [P8724:T14672] [phase=frame_stage_notify] [hook=frame_stage_notify] [frame_stage] original end
#22791 [2026-09-17 23:41:33.546] [DEBUG] [P8724:T14672] [phase=frame_stage_notify] [hook=frame_stage_notify] [frame_stage] end stage=11
#22792 [2026-09-17 23:41:33.564] [DEBUG] [P8724:T14672] [phase=frame_stage_notify] [hook=frame_stage_notify] [frame_stage] begin stage=0 this=0x00007FF9971873C0
#22793 [2026-09-17 23:41:33.583] [DEBUG] [P8724:T14672] [phase=frame_stage_notify] [hook=frame_stage_notify] [frame_stage] original begin
#22794 [2026-09-17 23:41:33.601] [DEBUG] [P8724:T14672] [phase=frame_stage_notify] [hook=frame_stage_notify] [frame_stage] original end
#22795 [2026-09-17 23:41:33.639] [DEBUG] [P8724:T14672] [phase=frame_stage_notify] [hook=frame_stage_notify] [frame_stage] end stage=0
#22796 [2026-09-17 23:41:33.659] [DEBUG] [P8724:T14672] [phase=frame_stage_notify] [hook=frame_stage_notify] [frame_stage] begin stage=11 this=0x00007FF9971873C0
#22797 [2026-09-17 23:41:33.677] [DEBUG] [P8724:T14672] [phase=frame_stage_notify] [hook=frame_stage_notify] [frame_stage] original begin
#22798 [2026-09-17 23:41:33.695] [DEBUG] [P8724:T14672] [phase=frame_stage_notify] [hook=frame_stage_notify] [frame_stage] original end
#22799 [2026-09-17 23:41:33.713] [DEBUG] [P8724:T14672] [phase=frame_stage_notify] [hook=frame_stage_notify] [frame_stage] end stage=11
#22800 [2026-09-17 23:41:33.731] [DEBUG] [P8724:T14672] [phase=frame_stage_notify] [hook=frame_stage_notify] [frame_stage] begin stage=0 this=0x00007FF9971873C0
#22801 [2026-09-17 23:41:33.751] [DEBUG] [P8724:T14672] [phase=frame_stage_notify] [hook=frame_stage_notify] [frame_stage] original begin
#22802 [2026-09-17 23:41:33.769] [DEBUG] [P8724:T14672] [phase=frame_stage_notify] [hook=frame_stage_notify] [frame_stage] original end
#22803 [2026-09-17 23:41:33.787] [DEBUG] [P8724:T14672] [phase=frame_stage_notify] [hook=frame_stage_notify] [frame_stage] end stage=0
#22804 [2026-09-17 23:41:33.805] [DEBUG] [P8724:T14672] [phase=frame_stage_notify] [hook=frame_stage_notify] [frame_stage] begin stage=11 this=0x00007FF9971873C0
#22805 [2026-09-17 23:41:33.824] [DEBUG] [P8724:T14672] [phase=frame_stage_notify] [hook=frame_stage_notify] [frame_stage] original begin
#22806 [2026-09-17 23:41:33.843] [DEBUG] [P8724:T14672] [phase=frame_stage_notify] [hook=frame_stage_notify] [frame_stage] original end
#22807 [2026-09-17 23:41:33.861] [DEBUG] [P8724:T14672] [phase=frame_stage_notify] [hook=frame_stage_notify] [frame_stage] end stage=11
#22808 [2026-09-17 23:41:33.879] [DEBUG] [P8724:T14672] [phase=frame_stage_notify] [hook=frame_stage_notify] [frame_stage] begin stage=0 this=0x00007FF9971873C0
#22809 [2026-09-17 23:41:33.897] [DEBUG] [P8724:T14672] [phase=frame_stage_notify] [hook=frame_stage_notify] [frame_stage] original begin
#22810 [2026-09-17 23:41:33.915] [DEBUG] [P8724:T14672] [phase=frame_stage_notify] [hook=frame_stage_notify] [frame_stage] original end
#22811 [2026-09-17 23:41:33.934] [DEBUG] [P8724:T14672] [phase=frame_stage_notify] [hook=frame_stage_notify] [frame_stage] end stage=0
#22812 [2026-09-17 23:41:33.952] [DEBUG] [P8724:T14672] [phase=frame_stage_notify] [hook=frame_stage_notify] [frame_stage] begin stage=11 this=0x00007FF9971873C0
#22813 [2026-09-17 23:41:33.971] [DEBUG] [P8724:T14672] [phase=frame_stage_notify] [hook=frame_stage_notify] [frame_stage] original begin
#22814 [2026-09-17 23:41:33.990] [DEBUG] [P8724:T14672] [phase=frame_stage_notify] [hook=frame_stage_notify] [frame_stage] original end
#22815 [2026-09-17 23:41:34.009] [DEBUG] [P8724:T14672] [phase=frame_stage_notify] [hook=frame_stage_notify] [frame_stage] end stage=11
#22816 [2026-09-17 23:41:34.027] [DEBUG] [P8724:T14672] [phase=frame_stage_notify] [hook=frame_stage_notify] [frame_stage] begin stage=0 this=0x00007FF9971873C0
#22817 [2026-09-17 23:41:34.045] [DEBUG] [P8724:T14672] [phase=frame_stage_notify] [hook=frame_stage_notify] [frame_stage] original begin
#22818 [2026-09-17 23:41:34.063] [DEBUG] [P8724:T14672] [phase=frame_stage_notify] [hook=frame_stage_notify] [frame_stage] original end
#22819 [2026-09-17 23:41:34.081] [DEBUG] [P8724:T14672] [phase=frame_stage_notify] [hook=frame_stage_notify] [frame_stage] end stage=0
#22820 [2026-09-17 23:41:34.100] [DEBUG] [P8724:T14672] [phase=frame_stage_notify] [hook=frame_stage_notify] [frame_stage] begin stage=10 this=0x00007FF9971873C0
#22821 [2026-09-17 23:41:34.119] [DEBUG] [P8724:T14672] [phase=frame_stage_notify] [hook=frame_stage_notify] [frame_stage] original begin
#22822 [2026-09-17 23:41:34.137] [DEBUG] [P8724:T14672] [phase=frame_stage_notify] [hook=frame_stage_notify] [frame_stage] original end
#22823 [2026-09-17 23:41:34.155] [DEBUG] [P8724:T14672] [phase=frame_stage_notify] [hook=frame_stage_notify] [frame_stage] end stage=10
#22824 [2026-09-17 23:41:34.174] [DEBUG] [P8724:T14672] [phase=frame_stage_notify] [hook=frame_stage_notify] [frame_stage] begin stage=11 this=0x00007FF9971873C0
#22825 [2026-09-17 23:41:34.192] [DEBUG] [P8724:T14672] [phase=frame_stage_notify] [hook=frame_stage_notify] [frame_stage] original begin
#22826 [2026-09-17 23:41:34.211] [DEBUG] [P8724:T14672] [phase=frame_stage_notify] [hook=frame_stage_notify] [frame_stage] original end
#22827 [2026-09-17 23:41:34.229] [DEBUG] [P8724:T14672] [phase=frame_stage_notify] [hook=frame_stage_notify] [frame_stage] end stage=11
#22828 [2026-09-17 23:41:34.247] [DEBUG] [P8724:T14672] [phase=frame_stage_notify] [hook=frame_stage_notify] [frame_stage] begin stage=1 this=0x00007FF9971873C0
#22829 [2026-09-17 23:41:34.265] [DEBUG] [P8724:T14672] [phase=frame_stage_notify] [hook=frame_stage_notify] [frame_stage] original begin
#22830 [2026-09-17 23:41:34.283] [DEBUG] [P8724:T14672] [phase=frame_stage_notify] [hook=frame_stage_notify] [frame_stage] original end
#22831 [2026-09-17 23:41:34.302] [DEBUG] [P8724:T14672] [phase=frame_stage_notify] [hook=frame_stage_notify] [frame_stage] end stage=1
#22832 [2026-09-17 23:41:34.320] [DEBUG] [P8724:T14672] [phase=frame_stage_notify] [hook=frame_stage_notify] [frame_stage] begin stage=2 this=0x00007FF9971873C0
#22833 [2026-09-17 23:41:34.339] [DEBUG] [P8724:T14672] [phase=frame_stage_notify] [hook=frame_stage_notify] [frame_stage] original begin
#22834 [2026-09-17 23:41:34.358] [DEBUG] [P8724:T14672] [phase=frame_stage_notify] [hook=frame_stage_notify] [frame_stage] original end
#22835 [2026-09-17 23:41:34.375] [DEBUG] [P8724:T14672] [phase=frame_stage_notify] [hook=frame_stage_notify] [frame_stage] end stage=2
#22836 [2026-09-17 23:41:34.393] [DEBUG] [P8724:T14672] [phase=frame_stage_notify] [hook=frame_stage_notify] [frame_stage] begin stage=5 this=0x00007FF9971873C0
#22837 [2026-09-17 23:41:34.411] [DEBUG] [P8724:T14672] [phase=frame_stage_notify] [hook=frame_stage_notify] [frame_stage] original begin
#22838 [2026-09-17 23:41:34.430] [DEBUG] [P8724:T14672] [phase=frame_stage_notify] [hook=frame_stage_notify] [frame_stage] original end
#22839 [2026-09-17 23:41:34.449] [DEBUG] [P8724:T14672] [phase=frame_stage_notify] [hook=frame_stage_notify] [frame_stage] end stage=5
#22840 [2026-09-17 23:41:34.467] [DEBUG] [P8724:T14672] [phase=frame_stage_notify] [hook=frame_stage_notify] [frame_stage] begin stage=6 this=0x00007FF9971873C0
#22841 [2026-09-17 23:41:34.485] [DEBUG] [P8724:T14672] [phase=frame_stage_notify] [hook=frame_stage_notify] [frame_stage] guns begin
#22842 [2026-09-17 23:41:34.503] [DEBUG] [P8724:T14672] [phase=frame_stage_notify] [hook=frame_stage_notify] [frame_stage] guns end
#22843 [2026-09-17 23:41:34.521] [DEBUG] [P8724:T14672] [phase=frame_stage_notify] [hook=frame_stage_notify] [frame_stage] dlight begin
#22844 [2026-09-17 23:41:34.540] [DEBUG] [P8724:T14672] [phase=frame_stage_notify] [hook=frame_stage_notify] [frame_stage] dlight end
#22845 [2026-09-17 23:41:34.558] [DEBUG] [P8724:T14672] [phase=frame_stage_notify] [hook=frame_stage_notify] [frame_stage] original begin
#22846 [2026-09-17 23:41:34.582] [DEBUG] [P8724:T14672] [phase=frame_stage_notify] [hook=frame_stage_notify] [frame_stage] original end
#22847 [2026-09-17 23:41:34.600] [DEBUG] [P8724:T14672] [phase=frame_stage_notify] [hook=frame_stage_notify] [frame_stage] post-network feature updates begin
#22848 [2026-09-17 23:41:34.618] [DEBUG] [P8724:T14672] [phase=frame_stage_notify] [hook=frame_stage_notify] [frame_stage] post-network feature updates end
#22849 [2026-09-17 23:41:34.637] [DEBUG] [P8724:T14672] [phase=frame_stage_notify] [hook=frame_stage_notify] [frame_stage] end stage=6
#22850 [2026-09-17 23:41:34.655] [DEBUG] [P8724:T14672] [phase=frame_stage_notify] [hook=frame_stage_notify] [frame_stage] begin stage=7 this=0x00007FF9971873C0
#22851 [2026-09-17 23:41:34.673] [DEBUG] [P8724:T14672] [phase=frame_stage_notify] [hook=frame_stage_notify] [frame_stage] agents begin
#22852 [2026-09-17 23:41:34.691] [DEBUG] [P8724:T14672] [phase=frame_stage_notify] [hook=frame_stage_notify] [frame_stage] agents end; gloves begin
#22853 [2026-09-17 23:41:34.709] [DEBUG] [P8724:T14672] [phase=frame_stage_notify] [hook=frame_stage_notify] [frame_stage] gloves end; knives begin
#22854 [2026-09-17 23:41:34.727] [DEBUG] [P8724:T14672] [phase=frame_stage_notify] [hook=frame_stage_notify] [frame_stage] knives end; world begin
#22855 [2026-09-17 23:41:34.745] [DEBUG] [P8724:T14672] [phase=frame_stage_notify] [hook=frame_stage_notify] [frame_stage] scene end; weather begin
#22856 [2026-09-17 23:41:34.764] [DEBUG] [P8724:T14672] [phase=frame_stage_notify] [hook=frame_stage_notify] [frame_stage] weather end; other begin
#22857 [2026-09-17 23:41:34.782] [DEBUG] [P8724:T14672] [phase=frame_stage_notify] [hook=frame_stage_notify] [frame_stage] other end; impacts begin
#22858 [2026-09-17 23:41:34.800] [DEBUG] [P8724:T14672] [phase=frame_stage_notify] [hook=frame_stage_notify] [frame_stage] impacts end
#22859 [2026-09-17 23:41:34.818] [DEBUG] [P8724:T14672] [phase=frame_stage_notify] [hook=frame_stage_notify] [frame_stage] original begin
#22860 [2026-09-17 23:41:34.837] [DEBUG] [P8724:T14672] [phase=frame_stage_notify] [hook=frame_stage_notify] [frame_stage] original end
#22861 [2026-09-17 23:41:34.857] [DEBUG] [P8724:T14672] [phase=frame_stage_notify] [hook=frame_stage_notify] [frame_stage] end stage=7
#22862 [2026-09-17 23:41:34.875] [DEBUG] [P8724:T14672] [phase=frame_stage_notify] [hook=frame_stage_notify] [frame_stage] begin stage=8 this=0x00007FF9971873C0
#22863 [2026-09-17 23:41:34.893] [DEBUG] [P8724:T14672] [phase=frame_stage_notify] [hook=frame_stage_notify] [frame_stage] original begin
#22864 [2026-09-17 23:41:34.911] [DEBUG] [P8724:T14672] [phase=frame_stage_notify] [hook=frame_stage_notify] [frame_stage] original end
#22865 [2026-09-17 23:41:34.929] [DEBUG] [P8724:T14672] [phase=frame_stage_notify] [hook=frame_stage_notify] [frame_stage] end stage=8
#22866 [2026-09-17 23:41:34.947] [DEBUG] [P8724:T14672] [phase=frame_stage_notify] [hook=frame_stage_notify] [frame_stage] begin stage=3 this=0x00007FF9971873C0
#22867 [2026-09-17 23:41:34.966] [DEBUG] [P8724:T14672] [phase=frame_stage_notify] [hook=frame_stage_notify] [frame_stage] original begin
#22868 [2026-09-17 23:41:34.984] [DEBUG] [P8724:T14672] [phase=frame_stage_notify] [hook=frame_stage_notify] [frame_stage] original end
#22869 [2026-09-17 23:41:35.002] [DEBUG] [P8724:T14672] [phase=frame_stage_notify] [hook=frame_stage_notify] [frame_stage] end stage=3
#22870 [2026-09-17 23:41:35.021] [DEBUG] [P8724:T14672] [phase=frame_stage_notify] [hook=frame_stage_notify] [frame_stage] begin stage=12 this=0x00007FF9971873C0
#22871 [2026-09-17 23:41:35.039] [DEBUG] [P8724:T14672] [phase=frame_stage_notify] [hook=frame_stage_notify] [frame_stage] original begin
#22872 [2026-09-17 23:41:35.057] [DEBUG] [P8724:T14672] [phase=frame_stage_notify] [hook=frame_stage_notify] [frame_stage] original end
#22873 [2026-09-17 23:41:35.076] [DEBUG] [P8724:T14672] [phase=frame_stage_notify] [hook=frame_stage_notify] [frame_stage] view/frame-data update begin
#22874 [2026-09-17 23:41:35.096] [DEBUG] [P8724:T14672] [phase=frame_stage_notify] [hook=frame_stage_notify] [frame_stage] view/frame-data update end
#22875 [2026-09-17 23:41:35.114] [DEBUG] [P8724:T14672] [phase=frame_stage_notify] [hook=frame_stage_notify] [frame_stage] end stage=12
#22876 [2026-09-17 23:41:35.135] [DEBUG] [P8724:T17744] [phase=present] [hook=present] [present] begin swap_chain=0x0000026A946CF720 sync=0 flags=0x200 ready=1
#22985 [2026-09-17 23:41:35.155] [DEBUG] [P8724:T17744] [phase=present] [hook=present] [present] rendering context updated
#22986 [2026-09-17 23:41:35.173] [DEBUG] [P8724:T17744] [phase=present] [hook=present] [present] forwarding to original
#22987 [2026-09-17 23:41:35.193] [DEBUG] [P8724:T14672] [phase=frame_stage_notify] [hook=frame_stage_notify] [frame_stage] begin stage=0 this=0x00007FF9971873C0
#22991 [2026-09-17 23:41:35.211] [DEBUG] [P8724:T14672] [phase=frame_stage_notify] [hook=frame_stage_notify] [frame_stage] original begin
#22992 [2026-09-17 23:41:35.229] [DEBUG] [P8724:T14672] [phase=frame_stage_notify] [hook=frame_stage_notify] [frame_stage] original end
#22993 [2026-09-17 23:41:35.247] [DEBUG] [P8724:T14672] [phase=frame_stage_notify] [hook=frame_stage_notify] [frame_stage] end stage=0
#22994 [2026-09-17 23:41:35.266] [DEBUG] [P8724:T14672] [phase=frame_stage_notify] [hook=frame_stage_notify] [frame_stage] begin stage=11 this=0x00007FF9971873C0
#22995 [2026-09-17 23:41:35.284] [DEBUG] [P8724:T14672] [phase=frame_stage_notify] [hook=frame_stage_notify] [frame_stage] original begin
#22996 [2026-09-17 23:41:35.303] [DEBUG] [P8724:T14672] [phase=frame_stage_notify] [hook=frame_stage_notify] [frame_stage] original end
#22997 [2026-09-17 23:41:35.321] [DEBUG] [P8724:T14672] [phase=frame_stage_notify] [hook=frame_stage_notify] [frame_stage] end stage=11
#22998 [2026-09-17 23:41:35.340] [DEBUG] [P8724:T14672] [phase=frame_stage_notify] [hook=frame_stage_notify] [frame_stage] begin stage=0 this=0x00007FF9971873C0
#22999 [2026-09-17 23:41:35.357] [DEBUG] [P8724:T14672] [phase=frame_stage_notify] [hook=frame_stage_notify] [frame_stage] original begin
#23000 [2026-09-17 23:41:35.375] [DEBUG] [P8724:T14672] [phase=frame_stage_notify] [hook=frame_stage_notify] [frame_stage] original end
#23001 [2026-09-17 23:41:35.393] [DEBUG] [P8724:T14672] [phase=frame_stage_notify] [hook=frame_stage_notify] [frame_stage] end stage=0
#23002 [2026-09-17 23:41:35.412] [DEBUG] [P8724:T14672] [phase=frame_stage_notify] [hook=frame_stage_notify] [frame_stage] begin stage=11 this=0x00007FF9971873C0
#23003 [2026-09-17 23:41:35.431] [DEBUG] [P8724:T14672] [phase=frame_stage_notify] [hook=frame_stage_notify] [frame_stage] original begin
#23004 [2026-09-17 23:41:35.449] [DEBUG] [P8724:T14672] [phase=frame_stage_notify] [hook=frame_stage_notify] [frame_stage] original end
#23005 [2026-09-17 23:41:35.467] [DEBUG] [P8724:T14672] [phase=frame_stage_notify] [hook=frame_stage_notify] [frame_stage] end stage=11
#23006 [2026-09-17 23:41:35.485] [DEBUG] [P8724:T14672] [phase=frame_stage_notify] [hook=frame_stage_notify] [frame_stage] begin stage=0 this=0x00007FF9971873C0
#23007 [2026-09-17 23:41:35.504] [DEBUG] [P8724:T14672] [phase=frame_stage_notify] [hook=frame_stage_notify] [frame_stage] original begin
#23008 [2026-09-17 23:41:35.523] [DEBUG] [P8724:T14672] [phase=frame_stage_notify] [hook=frame_stage_notify] [frame_stage] original end
#23009 [2026-09-17 23:41:35.541] [DEBUG] [P8724:T14672] [phase=frame_stage_notify] [hook=frame_stage_notify] [frame_stage] end stage=0
#23010 [2026-09-17 23:41:35.559] [DEBUG] [P8724:T14672] [phase=none] [hook=frame_stage_notify] hook enter name=frame_stage_notify arg0=0x00007FF9971873C0 arg1=0x000000000000000A arg2=0x0000000000000000 arg3=0x0000000000000000
#23011 [2026-09-17 23:41:35.577] [DEBUG] [P8724:T14672] [phase=frame_stage_notify] [hook=frame_stage_notify] [frame_stage] begin stage=10 this=0x00007FF9971873C0
#23012 [2026-09-17 23:41:35.595] [DEBUG] [P8724:T14672] [phase=frame_stage_notify] [hook=frame_stage_notify] [frame_stage] original begin
#23013 [2026-09-17 23:41:35.613] [DEBUG] [P8724:T14672] [phase=frame_stage_notify] [hook=frame_stage_notify] [frame_stage] original end
#23014 [2026-09-17 23:41:35.632] [DEBUG] [P8724:T14672] [phase=frame_stage_notify] [hook=frame_stage_notify] [frame_stage] end stage=10
#23015 [2026-09-17 23:41:35.650] [DEBUG] [P8724:T14672] [phase=none] [hook=frame_stage_notify] hook leave name=frame_stage_notify duration_ms=93
#23016 [2026-09-17 23:41:35.669] [DEBUG] [P8724:T14672] [phase=frame_stage_notify] [hook=frame_stage_notify] [frame_stage] begin stage=11 this=0x00007FF9971873C0
#23017 [2026-09-17 23:41:35.688] [DEBUG] [P8724:T14672] [phase=frame_stage_notify] [hook=frame_stage_notify] [frame_stage] original begin
#23018 [2026-09-17 23:41:35.705] [DEBUG] [P8724:T14672] [phase=frame_stage_notify] [hook=frame_stage_notify] [frame_stage] original end
#23019 [2026-09-17 23:41:35.723] [DEBUG] [P8724:T14672] [phase=frame_stage_notify] [hook=frame_stage_notify] [frame_stage] end stage=11
#23020 [2026-09-17 23:41:35.741] [DEBUG] [P8724:T14672] [phase=frame_stage_notify] [hook=frame_stage_notify] [frame_stage] begin stage=1 this=0x00007FF9971873C0
#23021 [2026-09-17 23:41:35.760] [DEBUG] [P8724:T14672] [phase=frame_stage_notify] [hook=frame_stage_notify] [frame_stage] original begin
#23022 [2026-09-17 23:41:35.778] [DEBUG] [P8724:T14672] [phase=frame_stage_notify] [hook=frame_stage_notify] [frame_stage] original end
#23023 [2026-09-17 23:41:35.796] [DEBUG] [P8724:T14672] [phase=frame_stage_notify] [hook=frame_stage_notify] [frame_stage] end stage=1
#23024 [2026-09-17 23:41:35.814] [DEBUG] [P8724:T14672] [phase=frame_stage_notify] [hook=frame_stage_notify] [frame_stage] begin stage=2 this=0x00007FF9971873C0
#23025 [2026-09-17 23:41:35.833] [DEBUG] [P8724:T14672] [phase=frame_stage_notify] [hook=frame_stage_notify] [frame_stage] original begin
#23026 [2026-09-17 23:41:35.851] [DEBUG] [P8724:T14672] [phase=frame_stage_notify] [hook=frame_stage_notify] [frame_stage] original end
#23027 [2026-09-17 23:41:35.870] [DEBUG] [P8724:T14672] [phase=frame_stage_notify] [hook=frame_stage_notify] [frame_stage] end stage=2
#23028 [2026-09-17 23:41:35.888] [DEBUG] [P8724:T14672] [phase=frame_stage_notify] [hook=frame_stage_notify] [frame_stage] begin stage=5 this=0x00007FF9971873C0
#23029 [2026-09-17 23:41:35.907] [DEBUG] [P8724:T14672] [phase=frame_stage_notify] [hook=frame_stage_notify] [frame_stage] original begin
#23030 [2026-09-17 23:41:35.925] [DEBUG] [P8724:T14672] [phase=frame_stage_notify] [hook=frame_stage_notify] [frame_stage] original end
#23031 [2026-09-17 23:41:35.943] [DEBUG] [P8724:T14672] [phase=frame_stage_notify] [hook=frame_stage_notify] [frame_stage] end stage=5
#23032 [2026-09-17 23:41:35.961] [DEBUG] [P8724:T14672] [phase=frame_stage_notify] [hook=frame_stage_notify] [frame_stage] begin stage=6 this=0x00007FF9971873C0
#23033 [2026-09-17 23:41:35.980] [DEBUG] [P8724:T14672] [phase=frame_stage_notify] [hook=frame_stage_notify] [frame_stage] guns begin
#23034 [2026-09-17 23:41:35.998] [DEBUG] [P8724:T14672] [phase=frame_stage_notify] [hook=frame_stage_notify] [frame_stage] guns end
#23035 [2026-09-17 23:41:36.016] [DEBUG] [P8724:T14672] [phase=frame_stage_notify] [hook=frame_stage_notify] [frame_stage] dlight begin
#23036 [2026-09-17 23:41:36.034] [DEBUG] [P8724:T14672] [phase=frame_stage_notify] [hook=frame_stage_notify] [frame_stage] dlight end
#23037 [2026-09-17 23:41:36.052] [DEBUG] [P8724:T14672] [phase=frame_stage_notify] [hook=frame_stage_notify] [frame_stage] original begin
#23038 [2026-09-17 23:41:36.071] [DEBUG] [P8724:T14672] [phase=frame_stage_notify] [hook=frame_stage_notify] [frame_stage] original end
#23039 [2026-09-17 23:41:36.089] [DEBUG] [P8724:T14672] [phase=frame_stage_notify] [hook=frame_stage_notify] [frame_stage] post-network feature updates begin
#23040 [2026-09-17 23:41:36.108] [DEBUG] [P8724:T14672] [phase=frame_stage_notify] [hook=frame_stage_notify] [frame_stage] post-network feature updates end
#23041 [2026-09-17 23:41:36.126] [DEBUG] [P8724:T14672] [phase=frame_stage_notify] [hook=frame_stage_notify] [frame_stage] end stage=6
#23042 [2026-09-17 23:41:36.143] [DEBUG] [P8724:T14672] [phase=frame_stage_notify] [hook=frame_stage_notify] [frame_stage] begin stage=7 this=0x00007FF9971873C0
#23043 [2026-09-17 23:41:36.162] [DEBUG] [P8724:T14672] [phase=frame_stage_notify] [hook=frame_stage_notify] [frame_stage] agents begin
#23044 [2026-09-17 23:41:36.180] [DEBUG] [P8724:T14672] [phase=frame_stage_notify] [hook=frame_stage_notify] [frame_stage] agents end; gloves begin
#23045 [2026-09-17 23:41:36.199] [DEBUG] [P8724:T14672] [phase=frame_stage_notify] [hook=frame_stage_notify] [frame_stage] gloves end; knives begin
#23046 [2026-09-17 23:41:36.217] [DEBUG] [P8724:T14672] [phase=frame_stage_notify] [hook=frame_stage_notify] [frame_stage] knives end; world begin
#23047 [2026-09-17 23:41:36.235] [DEBUG] [P8724:T14672] [phase=frame_stage_notify] [hook=frame_stage_notify] [frame_stage] scene end; weather begin
#23048 [2026-09-17 23:41:36.253] [DEBUG] [P8724:T14672] [phase=frame_stage_notify] [hook=frame_stage_notify] [frame_stage] weather end; other begin
#23049 [2026-09-17 23:41:36.271] [DEBUG] [P8724:T14672] [phase=frame_stage_notify] [hook=frame_stage_notify] [frame_stage] other end; impacts begin
#23050 [2026-09-17 23:41:36.289] [DEBUG] [P8724:T14672] [phase=frame_stage_notify] [hook=frame_stage_notify] [frame_stage] impacts end
#23051 [2026-09-17 23:41:36.308] [DEBUG] [P8724:T14672] [phase=frame_stage_notify] [hook=frame_stage_notify] [frame_stage] original begin
#23052 [2026-09-17 23:41:36.327] [DEBUG] [P8724:T14672] [phase=frame_stage_notify] [hook=frame_stage_notify] [frame_stage] original end
#23053 [2026-09-17 23:41:36.362] [DEBUG] [P8724:T14672] [phase=frame_stage_notify] [hook=frame_stage_notify] [frame_stage] end stage=7
#23054 [2026-09-17 23:41:36.381] [DEBUG] [P8724:T14672] [phase=frame_stage_notify] [hook=frame_stage_notify] [frame_stage] begin stage=8 this=0x00007FF9971873C0
#23055 [2026-09-17 23:41:36.418] [DEBUG] [P8724:T14672] [phase=frame_stage_notify] [hook=frame_stage_notify] [frame_stage] original begin
#23056 [2026-09-17 23:41:36.454] [DEBUG] [P8724:T14672] [phase=frame_stage_notify] [hook=frame_stage_notify] [frame_stage] original end
#23057 [2026-09-17 23:41:36.491] [DEBUG] [P8724:T14672] [phase=frame_stage_notify] [hook=frame_stage_notify] [frame_stage] end stage=8
#23058 [2026-09-17 23:41:36.544] [DEBUG] [P8724:T14672] [phase=frame_stage_notify] [hook=frame_stage_notify] [frame_stage] begin stage=3 this=0x00007FF9971873C0
#23059 [2026-09-17 23:41:36.562] [DEBUG] [P8724:T14672] [phase=frame_stage_notify] [hook=frame_stage_notify] [frame_stage] original begin
#23060 [2026-09-17 23:41:36.580] [DEBUG] [P8724:T14672] [phase=frame_stage_notify] [hook=frame_stage_notify] [frame_stage] original end
#23061 [2026-09-17 23:41:36.598] [DEBUG] [P8724:T14672] [phase=frame_stage_notify] [hook=frame_stage_notify] [frame_stage] end stage=3
#23062 [2026-09-17 23:41:36.618] [DEBUG] [P8724:T14672] [phase=frame_stage_notify] [hook=frame_stage_notify] [frame_stage] begin stage=12 this=0x00007FF9971873C0
#23063 [2026-09-17 23:41:36.637] [DEBUG] [P8724:T14672] [phase=frame_stage_notify] [hook=frame_stage_notify] [frame_stage] original begin
#23064 [2026-09-17 23:41:36.655] [DEBUG] [P8724:T14672] [phase=frame_stage_notify] [hook=frame_stage_notify] [frame_stage] original end
#23065 [2026-09-17 23:41:36.673] [DEBUG] [P8724:T14672] [phase=frame_stage_notify] [hook=frame_stage_notify] [frame_stage] view/frame-data update begin
#23066 [2026-09-17 23:41:36.691] [DEBUG] [P8724:T14672] [phase=frame_stage_notify] [hook=frame_stage_notify] [frame_stage] view/frame-data update end
#23067 [2026-09-17 23:41:36.709] [DEBUG] [P8724:T14672] [phase=frame_stage_notify] [hook=frame_stage_notify] [frame_stage] end stage=12
#23068 [2026-09-17 23:41:36.732] [DEBUG] [P8724:T17744] [phase=present] [hook=present] [present] begin swap_chain=0x0000026A946CF720 sync=0 flags=0x200 ready=1
#23177 [2026-09-17 23:41:36.752] [DEBUG] [P8724:T17744] [phase=present] [hook=present] [present] rendering context updated
#23178 [2026-09-17 23:41:36.770] [DEBUG] [P8724:T17744] [phase=present] [hook=present] [present] forwarding to original
#23179 [2026-09-17 23:41:36.789] [DEBUG] [P8724:T14672] [phase=frame_stage_notify] [hook=frame_stage_notify] [frame_stage] begin stage=0 this=0x00007FF9971873C0
#23183 [2026-09-17 23:41:36.809] [DEBUG] [P8724:T14672] [phase=frame_stage_notify] [hook=frame_stage_notify] [frame_stage] original begin
#23184 [2026-09-17 23:41:36.827] [DEBUG] [P8724:T14672] [phase=frame_stage_notify] [hook=frame_stage_notify] [frame_stage] original end
#23185 [2026-09-17 23:41:36.846] [DEBUG] [P8724:T14672] [phase=frame_stage_notify] [hook=frame_stage_notify] [frame_stage] end stage=0
#23186 [2026-09-17 23:41:36.864] [DEBUG] [P8724:T14672] [phase=frame_stage_notify] [hook=frame_stage_notify] [frame_stage] begin stage=11 this=0x00007FF9971873C0
#23187 [2026-09-17 23:41:36.883] [DEBUG] [P8724:T14672] [phase=frame_stage_notify] [hook=frame_stage_notify] [frame_stage] original begin
#23188 [2026-09-17 23:41:36.901] [DEBUG] [P8724:T14672] [phase=frame_stage_notify] [hook=frame_stage_notify] [frame_stage] original end
#23189 [2026-09-17 23:41:36.919] [DEBUG] [P8724:T14672] [phase=frame_stage_notify] [hook=frame_stage_notify] [frame_stage] end stage=11
#23190 [2026-09-17 23:41:36.937] [DEBUG] [P8724:T14672] [phase=frame_stage_notify] [hook=frame_stage_notify] [frame_stage] begin stage=0 this=0x00007FF9971873C0
#23191 [2026-09-17 23:41:36.956] [DEBUG] [P8724:T14672] [phase=frame_stage_notify] [hook=frame_stage_notify] [frame_stage] original begin
#23192 [2026-09-17 23:41:36.975] [DEBUG] [P8724:T14672] [phase=frame_stage_notify] [hook=frame_stage_notify] [frame_stage] original end
#23193 [2026-09-17 23:41:36.994] [DEBUG] [P8724:T14672] [phase=frame_stage_notify] [hook=frame_stage_notify] [frame_stage] end stage=0
#23194 [2026-09-17 23:41:37.012] [DEBUG] [P8724:T14672] [phase=frame_stage_notify] [hook=frame_stage_notify] [frame_stage] begin stage=11 this=0x00007FF9971873C0
#23195 [2026-09-17 23:41:37.031] [DEBUG] [P8724:T14672] [phase=frame_stage_notify] [hook=frame_stage_notify] [frame_stage] original begin
#23196 [2026-09-17 23:41:37.049] [DEBUG] [P8724:T14672] [phase=frame_stage_notify] [hook=frame_stage_notify] [frame_stage] original end
#23197 [2026-09-17 23:41:37.067] [DEBUG] [P8724:T14672] [phase=frame_stage_notify] [hook=frame_stage_notify] [frame_stage] end stage=11
#23198 [2026-09-17 23:41:37.086] [DEBUG] [P8724:T14672] [phase=frame_stage_notify] [hook=frame_stage_notify] [frame_stage] begin stage=0 this=0x00007FF9971873C0
#23199 [2026-09-17 23:41:37.104] [DEBUG] [P8724:T14672] [phase=frame_stage_notify] [hook=frame_stage_notify] [frame_stage] original begin
#23200 [2026-09-17 23:41:37.122] [DEBUG] [P8724:T14672] [phase=frame_stage_notify] [hook=frame_stage_notify] [frame_stage] original end
#23201 [2026-09-17 23:41:37.140] [DEBUG] [P8724:T14672] [phase=frame_stage_notify] [hook=frame_stage_notify] [frame_stage] end stage=0
#23202 [2026-09-17 23:41:37.158] [DEBUG] [P8724:T14672] [phase=frame_stage_notify] [hook=frame_stage_notify] [frame_stage] begin stage=10 this=0x00007FF9971873C0
#23203 [2026-09-17 23:41:37.178] [DEBUG] [P8724:T14672] [phase=frame_stage_notify] [hook=frame_stage_notify] [frame_stage] original begin
#23204 [2026-09-17 23:41:37.197] [DEBUG] [P8724:T14672] [phase=frame_stage_notify] [hook=frame_stage_notify] [frame_stage] original end
#23205 [2026-09-17 23:41:37.213] [DEBUG] [P8724:T14672] [phase=frame_stage_notify] [hook=frame_stage_notify] [frame_stage] end stage=10
#23206 [2026-09-17 23:41:37.232] [DEBUG] [P8724:T14672] [phase=frame_stage_notify] [hook=frame_stage_notify] [frame_stage] begin stage=11 this=0x00007FF9971873C0
#23207 [2026-09-17 23:41:37.251] [DEBUG] [P8724:T14672] [phase=frame_stage_notify] [hook=frame_stage_notify] [frame_stage] original begin
#23208 [2026-09-17 23:41:37.269] [DEBUG] [P8724:T14672] [phase=frame_stage_notify] [hook=frame_stage_notify] [frame_stage] original end
#23209 [2026-09-17 23:41:37.287] [DEBUG] [P8724:T14672] [phase=frame_stage_notify] [hook=frame_stage_notify] [frame_stage] end stage=11
#23210 [2026-09-17 23:41:37.306] [DEBUG] [P8724:T14672] [phase=frame_stage_notify] [hook=frame_stage_notify] [frame_stage] begin stage=1 this=0x00007FF9971873C0
#23211 [2026-09-17 23:41:37.325] [DEBUG] [P8724:T14672] [phase=frame_stage_notify] [hook=frame_stage_notify] [frame_stage] original begin
#23212 [2026-09-17 23:41:37.344] [DEBUG] [P8724:T14672] [phase=frame_stage_notify] [hook=frame_stage_notify] [frame_stage] original end
#23213 [2026-09-17 23:41:37.362] [DEBUG] [P8724:T14672] [phase=frame_stage_notify] [hook=frame_stage_notify] [frame_stage] end stage=1
#23214 [2026-09-17 23:41:37.380] [DEBUG] [P8724:T14672] [phase=frame_stage_notify] [hook=frame_stage_notify] [frame_stage] begin stage=2 this=0x00007FF9971873C0
#23215 [2026-09-17 23:41:37.400] [DEBUG] [P8724:T14672] [phase=frame_stage_notify] [hook=frame_stage_notify] [frame_stage] original begin
#23216 [2026-09-17 23:41:37.418] [DEBUG] [P8724:T14672] [phase=frame_stage_notify] [hook=frame_stage_notify] [frame_stage] original end
#23217 [2026-09-17 23:41:37.436] [DEBUG] [P8724:T14672] [phase=frame_stage_notify] [hook=frame_stage_notify] [frame_stage] end stage=2
#23218 [2026-09-17 23:41:37.454] [DEBUG] [P8724:T14672] [phase=frame_stage_notify] [hook=frame_stage_notify] [frame_stage] begin stage=5 this=0x00007FF9971873C0
#23219 [2026-09-17 23:41:37.472] [DEBUG] [P8724:T14672] [phase=frame_stage_notify] [hook=frame_stage_notify] [frame_stage] original begin
#23220 [2026-09-17 23:41:37.490] [DEBUG] [P8724:T14672] [phase=frame_stage_notify] [hook=frame_stage_notify] [frame_stage] original end
#23221 [2026-09-17 23:41:37.509] [DEBUG] [P8724:T14672] [phase=frame_stage_notify] [hook=frame_stage_notify] [frame_stage] end stage=5
#23222 [2026-09-17 23:41:37.528] [DEBUG] [P8724:T14672] [phase=frame_stage_notify] [hook=frame_stage_notify] [frame_stage] begin stage=6 this=0x00007FF9971873C0
#23223 [2026-09-17 23:41:37.546] [DEBUG] [P8724:T14672] [phase=frame_stage_notify] [hook=frame_stage_notify] [frame_stage] guns begin
#23224 [2026-09-17 23:41:37.564] [DEBUG] [P8724:T14672] [phase=frame_stage_notify] [hook=frame_stage_notify] [frame_stage] guns end
#23225 [2026-09-17 23:41:37.583] [DEBUG] [P8724:T14672] [phase=frame_stage_notify] [hook=frame_stage_notify] [frame_stage] dlight begin
#23226 [2026-09-17 23:41:37.600] [DEBUG] [P8724:T14672] [phase=frame_stage_notify] [hook=frame_stage_notify] [frame_stage] dlight end
#23227 [2026-09-17 23:41:37.618] [DEBUG] [P8724:T14672] [phase=frame_stage_notify] [hook=frame_stage_notify] [frame_stage] original begin
#23228 [2026-09-17 23:41:37.637] [DEBUG] [P8724:T14672] [phase=frame_stage_notify] [hook=frame_stage_notify] [frame_stage] original end
#23229 [2026-09-17 23:41:37.655] [DEBUG] [P8724:T14672] [phase=frame_stage_notify] [hook=frame_stage_notify] [frame_stage] post-network feature updates begin
#23230 [2026-09-17 23:41:37.674] [DEBUG] [P8724:T14672] [phase=frame_stage_notify] [hook=frame_stage_notify] [frame_stage] post-network feature updates end
#23231 [2026-09-17 23:41:37.692] [DEBUG] [P8724:T14672] [phase=frame_stage_notify] [hook=frame_stage_notify] [frame_stage] end stage=6
#23232 [2026-09-17 23:41:37.711] [DEBUG] [P8724:T14672] [phase=frame_stage_notify] [hook=frame_stage_notify] [frame_stage] begin stage=7 this=0x00007FF9971873C0
#23233 [2026-09-17 23:41:37.730] [DEBUG] [P8724:T14672] [phase=frame_stage_notify] [hook=frame_stage_notify] [frame_stage] agents begin
#23234 [2026-09-17 23:41:37.748] [DEBUG] [P8724:T14672] [phase=frame_stage_notify] [hook=frame_stage_notify] [frame_stage] agents end; gloves begin
#23235 [2026-09-17 23:41:37.766] [DEBUG] [P8724:T14672] [phase=frame_stage_notify] [hook=frame_stage_notify] [frame_stage] gloves end; knives begin
#23236 [2026-09-17 23:41:37.784] [DEBUG] [P8724:T14672] [phase=frame_stage_notify] [hook=frame_stage_notify] [frame_stage] knives end; world begin
#23237 [2026-09-17 23:41:37.802] [DEBUG] [P8724:T14672] [phase=frame_stage_notify] [hook=frame_stage_notify] [frame_stage] scene end; weather begin
#23238 [2026-09-17 23:41:37.820] [DEBUG] [P8724:T14672] [phase=frame_stage_notify] [hook=frame_stage_notify] [frame_stage] weather end; other begin
#23239 [2026-09-17 23:41:37.839] [DEBUG] [P8724:T14672] [phase=frame_stage_notify] [hook=frame_stage_notify] [frame_stage] other end; impacts begin
#23240 [2026-09-17 23:41:37.857] [DEBUG] [P8724:T14672] [phase=frame_stage_notify] [hook=frame_stage_notify] [frame_stage] impacts end
#23241 [2026-09-17 23:41:37.875] [DEBUG] [P8724:T14672] [phase=frame_stage_notify] [hook=frame_stage_notify] [frame_stage] original begin
#23242 [2026-09-17 23:41:37.893] [DEBUG] [P8724:T14672] [phase=frame_stage_notify] [hook=frame_stage_notify] [frame_stage] original end
#23243 [2026-09-17 23:41:37.912] [DEBUG] [P8724:T14672] [phase=frame_stage_notify] [hook=frame_stage_notify] [frame_stage] end stage=7
#23244 [2026-09-17 23:41:37.930] [DEBUG] [P8724:T14672] [phase=frame_stage_notify] [hook=frame_stage_notify] [frame_stage] begin stage=8 this=0x00007FF9971873C0
#23245 [2026-09-17 23:41:37.949] [DEBUG] [P8724:T14672] [phase=frame_stage_notify] [hook=frame_stage_notify] [frame_stage] original begin
#23246 [2026-09-17 23:41:37.967] [DEBUG] [P8724:T14672] [phase=frame_stage_notify] [hook=frame_stage_notify] [frame_stage] original end
#23247 [2026-09-17 23:41:37.986] [DEBUG] [P8724:T14672] [phase=frame_stage_notify] [hook=frame_stage_notify] [frame_stage] end stage=8
#23248 [2026-09-17 23:41:38.004] [DEBUG] [P8724:T14672] [phase=frame_stage_notify] [hook=frame_stage_notify] [frame_stage] begin stage=3 this=0x00007FF9971873C0
#23249 [2026-09-17 23:41:38.023] [DEBUG] [P8724:T14672] [phase=frame_stage_notify] [hook=frame_stage_notify] [frame_stage] original begin
#23250 [2026-09-17 23:41:38.042] [DEBUG] [P8724:T14672] [phase=frame_stage_notify] [hook=frame_stage_notify] [frame_stage] original end
#23251 [2026-09-17 23:41:38.061] [DEBUG] [P8724:T14672] [phase=frame_stage_notify] [hook=frame_stage_notify] [frame_stage] end stage=3
#23252 [2026-09-17 23:41:38.081] [DEBUG] [P8724:T14672] [phase=frame_stage_notify] [hook=frame_stage_notify] [frame_stage] begin stage=12 this=0x00007FF9971873C0
#23253 [2026-09-17 23:41:38.099] [DEBUG] [P8724:T14672] [phase=frame_stage_notify] [hook=frame_stage_notify] [frame_stage] original begin
#23254 [2026-09-17 23:41:38.117] [DEBUG] [P8724:T14672] [phase=frame_stage_notify] [hook=frame_stage_notify] [frame_stage] original end
#23255 [2026-09-17 23:41:38.135] [DEBUG] [P8724:T14672] [phase=frame_stage_notify] [hook=frame_stage_notify] [frame_stage] view/frame-data update begin
#23256 [2026-09-17 23:41:38.153] [DEBUG] [P8724:T14672] [phase=frame_stage_notify] [hook=frame_stage_notify] [frame_stage] view/frame-data update end
#23257 [2026-09-17 23:41:38.171] [DEBUG] [P8724:T14672] [phase=frame_stage_notify] [hook=frame_stage_notify] [frame_stage] end stage=12
#23258 [2026-09-17 23:41:38.193] [DEBUG] [P8724:T17744] [phase=present] [hook=present] [present] begin swap_chain=0x0000026A946CF720 sync=0 flags=0x200 ready=1
#23367 [2026-09-17 23:41:38.212] [DEBUG] [P8724:T17744] [phase=present] [hook=present] [present] rendering context updated
#23368 [2026-09-17 23:41:38.230] [DEBUG] [P8724:T17744] [phase=present] [hook=present] [present] forwarding to original
#23369 [2026-09-17 23:41:38.249] [DEBUG] [P8724:T14672] [phase=frame_stage_notify] [hook=frame_stage_notify] [frame_stage] begin stage=0 this=0x00007FF9971873C0
#23373 [2026-09-17 23:41:38.267] [DEBUG] [P8724:T14672] [phase=frame_stage_notify] [hook=frame_stage_notify] [frame_stage] original begin
#23374 [2026-09-17 23:41:38.286] [DEBUG] [P8724:T14672] [phase=frame_stage_notify] [hook=frame_stage_notify] [frame_stage] original end
#23375 [2026-09-17 23:41:38.304] [DEBUG] [P8724:T14672] [phase=frame_stage_notify] [hook=frame_stage_notify] [frame_stage] end stage=0
#23376 [2026-09-17 23:41:38.323] [DEBUG] [P8724:T14672] [phase=frame_stage_notify] [hook=frame_stage_notify] [frame_stage] begin stage=11 this=0x00007FF9971873C0
#23377 [2026-09-17 23:41:38.341] [DEBUG] [P8724:T14672] [phase=frame_stage_notify] [hook=frame_stage_notify] [frame_stage] original begin
#23378 [2026-09-17 23:41:38.359] [DEBUG] [P8724:T14672] [phase=frame_stage_notify] [hook=frame_stage_notify] [frame_stage] original end
#23379 [2026-09-17 23:41:38.377] [DEBUG] [P8724:T14672] [phase=frame_stage_notify] [hook=frame_stage_notify] [frame_stage] end stage=11
#23380 [2026-09-17 23:41:38.395] [DEBUG] [P8724:T14672] [phase=frame_stage_notify] [hook=frame_stage_notify] [frame_stage] begin stage=0 this=0x00007FF9971873C0
#23381 [2026-09-17 23:41:38.414] [DEBUG] [P8724:T14672] [phase=frame_stage_notify] [hook=frame_stage_notify] [frame_stage] original begin
#23382 [2026-09-17 23:41:38.432] [DEBUG] [P8724:T14672] [phase=frame_stage_notify] [hook=frame_stage_notify] [frame_stage] original end
#23383 [2026-09-17 23:41:38.450] [DEBUG] [P8724:T14672] [phase=frame_stage_notify] [hook=frame_stage_notify] [frame_stage] end stage=0
#23384 [2026-09-17 23:41:38.470] [DEBUG] [P8724:T14672] [phase=frame_stage_notify] [hook=frame_stage_notify] [frame_stage] begin stage=11 this=0x00007FF9971873C0
#23385 [2026-09-17 23:41:38.488] [DEBUG] [P8724:T14672] [phase=frame_stage_notify] [hook=frame_stage_notify] [frame_stage] original begin
#23386 [2026-09-17 23:41:38.507] [DEBUG] [P8724:T14672] [phase=frame_stage_notify] [hook=frame_stage_notify] [frame_stage] original end
#23387 [2026-09-17 23:41:38.525] [DEBUG] [P8724:T14672] [phase=frame_stage_notify] [hook=frame_stage_notify] [frame_stage] end stage=11
#23388 [2026-09-17 23:41:38.543] [DEBUG] [P8724:T14672] [phase=frame_stage_notify] [hook=frame_stage_notify] [frame_stage] begin stage=0 this=0x00007FF9971873C0
#23389 [2026-09-17 23:41:38.561] [DEBUG] [P8724:T14672] [phase=frame_stage_notify] [hook=frame_stage_notify] [frame_stage] original begin
#23390 [2026-09-17 23:41:38.579] [DEBUG] [P8724:T14672] [phase=frame_stage_notify] [hook=frame_stage_notify] [frame_stage] original end
#23391 [2026-09-17 23:41:38.598] [DEBUG] [P8724:T14672] [phase=frame_stage_notify] [hook=frame_stage_notify] [frame_stage] end stage=0
#23392 [2026-09-17 23:41:38.616] [DEBUG] [P8724:T14672] [phase=frame_stage_notify] [hook=frame_stage_notify] [frame_stage] begin stage=10 this=0x00007FF9971873C0
#23393 [2026-09-17 23:41:38.634] [DEBUG] [P8724:T14672] [phase=frame_stage_notify] [hook=frame_stage_notify] [frame_stage] original begin
#23394 [2026-09-17 23:41:38.652] [DEBUG] [P8724:T14672] [phase=frame_stage_notify] [hook=frame_stage_notify] [frame_stage] original end
#23395 [2026-09-17 23:41:38.670] [DEBUG] [P8724:T14672] [phase=frame_stage_notify] [hook=frame_stage_notify] [frame_stage] end stage=10
#23396 [2026-09-17 23:41:38.688] [DEBUG] [P8724:T14672] [phase=frame_stage_notify] [hook=frame_stage_notify] [frame_stage] begin stage=11 this=0x00007FF9971873C0
#23397 [2026-09-17 23:41:38.707] [DEBUG] [P8724:T14672] [phase=frame_stage_notify] [hook=frame_stage_notify] [frame_stage] original begin
#23398 [2026-09-17 23:41:38.726] [DEBUG] [P8724:T14672] [phase=frame_stage_notify] [hook=frame_stage_notify] [frame_stage] original end
#23399 [2026-09-17 23:41:38.745] [DEBUG] [P8724:T14672] [phase=frame_stage_notify] [hook=frame_stage_notify] [frame_stage] end stage=11
#23400 [2026-09-17 23:41:38.763] [DEBUG] [P8724:T14672] [phase=frame_stage_notify] [hook=frame_stage_notify] [frame_stage] begin stage=1 this=0x00007FF9971873C0
#23401 [2026-09-17 23:41:38.781] [DEBUG] [P8724:T14672] [phase=frame_stage_notify] [hook=frame_stage_notify] [frame_stage] original begin
#23402 [2026-09-17 23:41:38.799] [DEBUG] [P8724:T14672] [phase=frame_stage_notify] [hook=frame_stage_notify] [frame_stage] original end
#23403 [2026-09-17 23:41:38.817] [DEBUG] [P8724:T14672] [phase=frame_stage_notify] [hook=frame_stage_notify] [frame_stage] end stage=1
#23404 [2026-09-17 23:41:38.835] [DEBUG] [P8724:T14672] [phase=frame_stage_notify] [hook=frame_stage_notify] [frame_stage] begin stage=2 this=0x00007FF9971873C0
#23405 [2026-09-17 23:41:38.854] [DEBUG] [P8724:T14672] [phase=frame_stage_notify] [hook=frame_stage_notify] [frame_stage] original begin
#23406 [2026-09-17 23:41:38.873] [DEBUG] [P8724:T14672] [phase=frame_stage_notify] [hook=frame_stage_notify] [frame_stage] original end
#23407 [2026-09-17 23:41:38.892] [DEBUG] [P8724:T14672] [phase=frame_stage_notify] [hook=frame_stage_notify] [frame_stage] end stage=2
#23408 [2026-09-17 23:41:38.910] [DEBUG] [P8724:T14672] [phase=frame_stage_notify] [hook=frame_stage_notify] [frame_stage] begin stage=5 this=0x00007FF9971873C0
#23409 [2026-09-17 23:41:38.928] [DEBUG] [P8724:T14672] [phase=frame_stage_notify] [hook=frame_stage_notify] [frame_stage] original begin
#23410 [2026-09-17 23:41:38.947] [DEBUG] [P8724:T14672] [phase=frame_stage_notify] [hook=frame_stage_notify] [frame_stage] original end
#23411 [2026-09-17 23:41:38.968] [DEBUG] [P8724:T14672] [phase=frame_stage_notify] [hook=frame_stage_notify] [frame_stage] end stage=5
#23412 [2026-09-17 23:41:38.987] [DEBUG] [P8724:T14672] [phase=frame_stage_notify] [hook=frame_stage_notify] [frame_stage] begin stage=6 this=0x00007FF9971873C0
#23413 [2026-09-17 23:41:39.007] [DEBUG] [P8724:T14672] [phase=frame_stage_notify] [hook=frame_stage_notify] [frame_stage] guns begin
#23414 [2026-09-17 23:41:39.024] [DEBUG] [P8724:T14672] [phase=frame_stage_notify] [hook=frame_stage_notify] [frame_stage] guns end
#23415 [2026-09-17 23:41:39.042] [DEBUG] [P8724:T14672] [phase=frame_stage_notify] [hook=frame_stage_notify] [frame_stage] dlight begin
#23416 [2026-09-17 23:41:39.061] [DEBUG] [P8724:T14672] [phase=frame_stage_notify] [hook=frame_stage_notify] [frame_stage] dlight end
#23417 [2026-09-17 23:41:39.080] [DEBUG] [P8724:T14672] [phase=frame_stage_notify] [hook=frame_stage_notify] [frame_stage] original begin
#23418 [2026-09-17 23:41:39.099] [DEBUG] [P8724:T14672] [phase=frame_stage_notify] [hook=frame_stage_notify] [frame_stage] original end
#23419 [2026-09-17 23:41:39.117] [DEBUG] [P8724:T14672] [phase=frame_stage_notify] [hook=frame_stage_notify] [frame_stage] post-network feature updates begin
#23420 [2026-09-17 23:41:39.135] [DEBUG] [P8724:T14672] [phase=frame_stage_notify] [hook=frame_stage_notify] [frame_stage] post-network feature updates end
#23421 [2026-09-17 23:41:39.153] [DEBUG] [P8724:T14672] [phase=frame_stage_notify] [hook=frame_stage_notify] [frame_stage] end stage=6
#23422 [2026-09-17 23:41:39.171] [DEBUG] [P8724:T14672] [phase=frame_stage_notify] [hook=frame_stage_notify] [frame_stage] begin stage=7 this=0x00007FF9971873C0
#23423 [2026-09-17 23:41:39.190] [DEBUG] [P8724:T14672] [phase=frame_stage_notify] [hook=frame_stage_notify] [frame_stage] agents begin
#23424 [2026-09-17 23:41:39.208] [DEBUG] [P8724:T14672] [phase=frame_stage_notify] [hook=frame_stage_notify] [frame_stage] agents end; gloves begin
#23425 [2026-09-17 23:41:39.226] [DEBUG] [P8724:T14672] [phase=frame_stage_notify] [hook=frame_stage_notify] [frame_stage] gloves end; knives begin
#23426 [2026-09-17 23:41:39.245] [DEBUG] [P8724:T14672] [phase=frame_stage_notify] [hook=frame_stage_notify] [frame_stage] knives end; world begin
#23427 [2026-09-17 23:41:39.263] [DEBUG] [P8724:T14672] [phase=frame_stage_notify] [hook=frame_stage_notify] [frame_stage] scene end; weather begin
#23428 [2026-09-17 23:41:39.282] [DEBUG] [P8724:T14672] [phase=frame_stage_notify] [hook=frame_stage_notify] [frame_stage] weather end; other begin
#23429 [2026-09-17 23:41:39.300] [DEBUG] [P8724:T14672] [phase=frame_stage_notify] [hook=frame_stage_notify] [frame_stage] other end; impacts begin
#23430 [2026-09-17 23:41:39.318] [DEBUG] [P8724:T14672] [phase=frame_stage_notify] [hook=frame_stage_notify] [frame_stage] impacts end
#23431 [2026-09-17 23:41:39.337] [DEBUG] [P8724:T14672] [phase=frame_stage_notify] [hook=frame_stage_notify] [frame_stage] original begin
#23432 [2026-09-17 23:41:39.356] [DEBUG] [P8724:T14672] [phase=frame_stage_notify] [hook=frame_stage_notify] [frame_stage] original end
#23433 [2026-09-17 23:41:39.374] [DEBUG] [P8724:T14672] [phase=frame_stage_notify] [hook=frame_stage_notify] [frame_stage] end stage=7
#23434 [2026-09-17 23:41:39.393] [DEBUG] [P8724:T14672] [phase=frame_stage_notify] [hook=frame_stage_notify] [frame_stage] begin stage=8 this=0x00007FF9971873C0
#23435 [2026-09-17 23:41:39.411] [DEBUG] [P8724:T14672] [phase=frame_stage_notify] [hook=frame_stage_notify] [frame_stage] original begin
#23436 [2026-09-17 23:41:39.429] [DEBUG] [P8724:T14672] [phase=frame_stage_notify] [hook=frame_stage_notify] [frame_stage] original end
#23437 [2026-09-17 23:41:39.447] [DEBUG] [P8724:T14672] [phase=frame_stage_notify] [hook=frame_stage_notify] [frame_stage] end stage=8
#23438 [2026-09-17 23:41:39.465] [DEBUG] [P8724:T14672] [phase=frame_stage_notify] [hook=frame_stage_notify] [frame_stage] begin stage=3 this=0x00007FF9971873C0
#23439 [2026-09-17 23:41:39.483] [DEBUG] [P8724:T14672] [phase=frame_stage_notify] [hook=frame_stage_notify] [frame_stage] original begin
#23440 [2026-09-17 23:41:39.502] [DEBUG] [P8724:T14672] [phase=frame_stage_notify] [hook=frame_stage_notify] [frame_stage] original end
#23441 [2026-09-17 23:41:39.520] [DEBUG] [P8724:T14672] [phase=frame_stage_notify] [hook=frame_stage_notify] [frame_stage] end stage=3
#23442 [2026-09-17 23:41:39.539] [DEBUG] [P8724:T14672] [phase=frame_stage_notify] [hook=frame_stage_notify] [frame_stage] begin stage=12 this=0x00007FF9971873C0
#23443 [2026-09-17 23:41:39.558] [DEBUG] [P8724:T14672] [phase=frame_stage_notify] [hook=frame_stage_notify] [frame_stage] original begin
#23444 [2026-09-17 23:41:39.577] [DEBUG] [P8724:T14672] [phase=frame_stage_notify] [hook=frame_stage_notify] [frame_stage] original end
#23445 [2026-09-17 23:41:39.596] [DEBUG] [P8724:T14672] [phase=frame_stage_notify] [hook=frame_stage_notify] [frame_stage] view/frame-data update begin
#23446 [2026-09-17 23:41:39.614] [DEBUG] [P8724:T14672] [phase=frame_stage_notify] [hook=frame_stage_notify] [frame_stage] view/frame-data update end
#23447 [2026-09-17 23:41:39.650] [DEBUG] [P8724:T14672] [phase=frame_stage_notify] [hook=frame_stage_notify] [frame_stage] end stage=12
#23448 [2026-09-17 23:41:39.706] [DEBUG] [P8724:T14672] [phase=frame_stage_notify] [hook=frame_stage_notify] [frame_stage] begin stage=0 this=0x00007FF9971873C0
#23452 [2026-09-17 23:41:39.725] [DEBUG] [P8724:T14672] [phase=frame_stage_notify] [hook=frame_stage_notify] [frame_stage] original begin
#23453 [2026-09-17 23:41:39.742] [DEBUG] [P8724:T14672] [phase=frame_stage_notify] [hook=frame_stage_notify] [frame_stage] original end
#23454 [2026-09-17 23:41:39.761] [DEBUG] [P8724:T14672] [phase=frame_stage_notify] [hook=frame_stage_notify] [frame_stage] end stage=0
#23455 [2026-09-17 23:41:39.779] [DEBUG] [P8724:T14672] [phase=frame_stage_notify] [hook=frame_stage_notify] [frame_stage] begin stage=11 this=0x00007FF9971873C0
#23456 [2026-09-17 23:41:39.799] [DEBUG] [P8724:T14672] [phase=frame_stage_notify] [hook=frame_stage_notify] [frame_stage] original begin
#23457 [2026-09-17 23:41:39.817] [DEBUG] [P8724:T14672] [phase=frame_stage_notify] [hook=frame_stage_notify] [frame_stage] original end
#23458 [2026-09-17 23:41:39.835] [DEBUG] [P8724:T14672] [phase=frame_stage_notify] [hook=frame_stage_notify] [frame_stage] end stage=11
#23459 [2026-09-17 23:41:39.855] [DEBUG] [P8724:T14672] [phase=frame_stage_notify] [hook=frame_stage_notify] [frame_stage] begin stage=0 this=0x00007FF9971873C0
#23460 [2026-09-17 23:41:39.874] [DEBUG] [P8724:T14672] [phase=frame_stage_notify] [hook=frame_stage_notify] [frame_stage] original begin
#23461 [2026-09-17 23:41:39.892] [DEBUG] [P8724:T14672] [phase=frame_stage_notify] [hook=frame_stage_notify] [frame_stage] original end
#23462 [2026-09-17 23:41:39.911] [DEBUG] [P8724:T14672] [phase=frame_stage_notify] [hook=frame_stage_notify] [frame_stage] end stage=0
#23463 [2026-09-17 23:41:39.929] [DEBUG] [P8724:T14672] [phase=frame_stage_notify] [hook=frame_stage_notify] [frame_stage] begin stage=11 this=0x00007FF9971873C0
#23464 [2026-09-17 23:41:39.948] [DEBUG] [P8724:T14672] [phase=frame_stage_notify] [hook=frame_stage_notify] [frame_stage] original begin
#23465 [2026-09-17 23:41:39.967] [DEBUG] [P8724:T14672] [phase=frame_stage_notify] [hook=frame_stage_notify] [frame_stage] original end
#23466 [2026-09-17 23:41:39.985] [DEBUG] [P8724:T14672] [phase=frame_stage_notify] [hook=frame_stage_notify] [frame_stage] end stage=11
#23467 [2026-09-17 23:41:40.003] [DEBUG] [P8724:T14672] [phase=frame_stage_notify] [hook=frame_stage_notify] [frame_stage] begin stage=0 this=0x00007FF9971873C0
#23468 [2026-09-17 23:41:40.022] [DEBUG] [P8724:T14672] [phase=frame_stage_notify] [hook=frame_stage_notify] [frame_stage] original begin
#23469 [2026-09-17 23:41:40.040] [DEBUG] [P8724:T14672] [phase=frame_stage_notify] [hook=frame_stage_notify] [frame_stage] original end
#23470 [2026-09-17 23:41:40.059] [DEBUG] [P8724:T14672] [phase=frame_stage_notify] [hook=frame_stage_notify] [frame_stage] end stage=0
#23471 [2026-09-17 23:41:40.078] [DEBUG] [P8724:T14672] [phase=frame_stage_notify] [hook=frame_stage_notify] [frame_stage] begin stage=11 this=0x00007FF9971873C0
#23472 [2026-09-17 23:41:40.096] [DEBUG] [P8724:T14672] [phase=frame_stage_notify] [hook=frame_stage_notify] [frame_stage] original begin
#23473 [2026-09-17 23:41:40.114] [DEBUG] [P8724:T14672] [phase=frame_stage_notify] [hook=frame_stage_notify] [frame_stage] original end
#23474 [2026-09-17 23:41:40.133] [DEBUG] [P8724:T14672] [phase=frame_stage_notify] [hook=frame_stage_notify] [frame_stage] end stage=11
#23475 [2026-09-17 23:41:40.152] [DEBUG] [P8724:T14672] [phase=frame_stage_notify] [hook=frame_stage_notify] [frame_stage] begin stage=0 this=0x00007FF9971873C0
#23476 [2026-09-17 23:41:40.171] [DEBUG] [P8724:T14672] [phase=frame_stage_notify] [hook=frame_stage_notify] [frame_stage] original begin
#23477 [2026-09-17 23:41:40.189] [DEBUG] [P8724:T14672] [phase=frame_stage_notify] [hook=frame_stage_notify] [frame_stage] original end
#23478 [2026-09-17 23:41:40.207] [DEBUG] [P8724:T14672] [phase=frame_stage_notify] [hook=frame_stage_notify] [frame_stage] end stage=0
#23479 [2026-09-17 23:41:40.225] [DEBUG] [P8724:T14672] [phase=frame_stage_notify] [hook=frame_stage_notify] [frame_stage] begin stage=11 this=0x00007FF9971873C0
#23480 [2026-09-17 23:41:40.244] [DEBUG] [P8724:T14672] [phase=frame_stage_notify] [hook=frame_stage_notify] [frame_stage] original begin
#23481 [2026-09-17 23:41:40.262] [DEBUG] [P8724:T14672] [phase=frame_stage_notify] [hook=frame_stage_notify] [frame_stage] original end
#23482 [2026-09-17 23:41:40.281] [DEBUG] [P8724:T14672] [phase=frame_stage_notify] [hook=frame_stage_notify] [frame_stage] end stage=11
#23483 [2026-09-17 23:41:40.301] [DEBUG] [P8724:T14672] [phase=frame_stage_notify] [hook=frame_stage_notify] [frame_stage] begin stage=0 this=0x00007FF9971873C0
#23484 [2026-09-17 23:41:40.320] [DEBUG] [P8724:T14672] [phase=frame_stage_notify] [hook=frame_stage_notify] [frame_stage] original begin
#23485 [2026-09-17 23:41:40.338] [DEBUG] [P8724:T14672] [phase=frame_stage_notify] [hook=frame_stage_notify] [frame_stage] original end
#23486 [2026-09-17 23:41:40.357] [DEBUG] [P8724:T14672] [phase=frame_stage_notify] [hook=frame_stage_notify] [frame_stage] end stage=0
#23487 [2026-09-17 23:41:40.376] [DEBUG] [P8724:T14672] [phase=frame_stage_notify] [hook=frame_stage_notify] [frame_stage] begin stage=11 this=0x00007FF9971873C0
#23488 [2026-09-17 23:41:40.395] [DEBUG] [P8724:T14672] [phase=frame_stage_notify] [hook=frame_stage_notify] [frame_stage] original begin
#23489 [2026-09-17 23:41:40.413] [DEBUG] [P8724:T14672] [phase=frame_stage_notify] [hook=frame_stage_notify] [frame_stage] original end
#23490 [2026-09-17 23:41:40.448] [DEBUG] [P8724:T14672] [phase=frame_stage_notify] [hook=frame_stage_notify] [frame_stage] end stage=11
#23491 [2026-09-17 23:41:40.466] [DEBUG] [P8724:T14672] [phase=frame_stage_notify] [hook=frame_stage_notify] [frame_stage] begin stage=0 this=0x00007FF9971873C0
#23492 [2026-09-17 23:41:40.484] [DEBUG] [P8724:T14672] [phase=frame_stage_notify] [hook=frame_stage_notify] [frame_stage] original begin
#23493 [2026-09-17 23:41:40.503] [DEBUG] [P8724:T14672] [phase=frame_stage_notify] [hook=frame_stage_notify] [frame_stage] original end
#23494 [2026-09-17 23:41:40.521] [DEBUG] [P8724:T14672] [phase=frame_stage_notify] [hook=frame_stage_notify] [frame_stage] end stage=0
#23495 [2026-09-17 23:41:40.539] [DEBUG] [P8724:T14672] [phase=frame_stage_notify] [hook=frame_stage_notify] [frame_stage] begin stage=11 this=0x00007FF9971873C0
#23496 [2026-09-17 23:41:40.558] [DEBUG] [P8724:T14672] [phase=frame_stage_notify] [hook=frame_stage_notify] [frame_stage] original begin
#23497 [2026-09-17 23:41:40.577] [DEBUG] [P8724:T14672] [phase=frame_stage_notify] [hook=frame_stage_notify] [frame_stage] original end
#23498 [2026-09-17 23:41:40.595] [DEBUG] [P8724:T14672] [phase=frame_stage_notify] [hook=frame_stage_notify] [frame_stage] end stage=11
#23499 [2026-09-17 23:41:40.614] [DEBUG] [P8724:T14672] [phase=frame_stage_notify] [hook=frame_stage_notify] [frame_stage] begin stage=0 this=0x00007FF9971873C0
#23500 [2026-09-17 23:41:40.633] [DEBUG] [P8724:T14672] [phase=frame_stage_notify] [hook=frame_stage_notify] [frame_stage] original begin
#23501 [2026-09-17 23:41:40.651] [DEBUG] [P8724:T14672] [phase=frame_stage_notify] [hook=frame_stage_notify] [frame_stage] original end
#23502 [2026-09-17 23:41:40.669] [DEBUG] [P8724:T14672] [phase=frame_stage_notify] [hook=frame_stage_notify] [frame_stage] end stage=0
#23503 [2026-09-17 23:41:40.688] [DEBUG] [P8724:T14672] [phase=frame_stage_notify] [hook=frame_stage_notify] [frame_stage] begin stage=10 this=0x00007FF9971873C0
#23504 [2026-09-17 23:41:40.707] [DEBUG] [P8724:T14672] [phase=frame_stage_notify] [hook=frame_stage_notify] [frame_stage] original begin
#23505 [2026-09-17 23:41:40.726] [DEBUG] [P8724:T14672] [phase=frame_stage_notify] [hook=frame_stage_notify] [frame_stage] original end
#23506 [2026-09-17 23:41:40.744] [DEBUG] [P8724:T14672] [phase=frame_stage_notify] [hook=frame_stage_notify] [frame_stage] end stage=10
#23507 [2026-09-17 23:41:40.762] [DEBUG] [P8724:T14672] [phase=frame_stage_notify] [hook=frame_stage_notify] [frame_stage] begin stage=11 this=0x00007FF9971873C0
#23508 [2026-09-17 23:41:40.780] [DEBUG] [P8724:T14672] [phase=frame_stage_notify] [hook=frame_stage_notify] [frame_stage] original begin
#23509 [2026-09-17 23:41:40.798] [DEBUG] [P8724:T14672] [phase=frame_stage_notify] [hook=frame_stage_notify] [frame_stage] original end
#23510 [2026-09-17 23:41:40.816] [DEBUG] [P8724:T14672] [phase=frame_stage_notify] [hook=frame_stage_notify] [frame_stage] end stage=11
#23511 [2026-09-17 23:41:40.835] [DEBUG] [P8724:T14672] [phase=frame_stage_notify] [hook=frame_stage_notify] [frame_stage] begin stage=1 this=0x00007FF9971873C0
#23512 [2026-09-17 23:41:40.853] [DEBUG] [P8724:T14672] [phase=frame_stage_notify] [hook=frame_stage_notify] [frame_stage] original begin
#23513 [2026-09-17 23:41:40.871] [DEBUG] [P8724:T14672] [phase=frame_stage_notify] [hook=frame_stage_notify] [frame_stage] original end
#23514 [2026-09-17 23:41:40.888] [DEBUG] [P8724:T14672] [phase=frame_stage_notify] [hook=frame_stage_notify] [frame_stage] end stage=1
#23515 [2026-09-17 23:41:40.907] [DEBUG] [P8724:T14672] [phase=frame_stage_notify] [hook=frame_stage_notify] [frame_stage] begin stage=2 this=0x00007FF9971873C0
#23516 [2026-09-17 23:41:40.926] [DEBUG] [P8724:T14672] [phase=frame_stage_notify] [hook=frame_stage_notify] [frame_stage] original begin
#23517 [2026-09-17 23:41:40.944] [DEBUG] [P8724:T14672] [phase=frame_stage_notify] [hook=frame_stage_notify] [frame_stage] original end
#23518 [2026-09-17 23:41:40.963] [DEBUG] [P8724:T14672] [phase=frame_stage_notify] [hook=frame_stage_notify] [frame_stage] end stage=2
#23519 [2026-09-17 23:41:40.982] [DEBUG] [P8724:T14672] [phase=frame_stage_notify] [hook=frame_stage_notify] [frame_stage] begin stage=5 this=0x00007FF9971873C0
#23520 [2026-09-17 23:41:41.000] [DEBUG] [P8724:T14672] [phase=frame_stage_notify] [hook=frame_stage_notify] [frame_stage] original begin
#23521 [2026-09-17 23:41:41.018] [DEBUG] [P8724:T14672] [phase=frame_stage_notify] [hook=frame_stage_notify] [frame_stage] original end
#23522 [2026-09-17 23:41:41.037] [DEBUG] [P8724:T14672] [phase=frame_stage_notify] [hook=frame_stage_notify] [frame_stage] end stage=5
#23523 [2026-09-17 23:41:41.056] [DEBUG] [P8724:T14672] [phase=frame_stage_notify] [hook=frame_stage_notify] [frame_stage] begin stage=6 this=0x00007FF9971873C0
#23524 [2026-09-17 23:41:41.074] [DEBUG] [P8724:T14672] [phase=frame_stage_notify] [hook=frame_stage_notify] [frame_stage] guns begin
#23525 [2026-09-17 23:41:41.093] [DEBUG] [P8724:T14672] [phase=frame_stage_notify] [hook=frame_stage_notify] [frame_stage] guns end
#23526 [2026-09-17 23:41:41.111] [DEBUG] [P8724:T14672] [phase=frame_stage_notify] [hook=frame_stage_notify] [frame_stage] dlight begin
#23527 [2026-09-17 23:41:41.129] [DEBUG] [P8724:T14672] [phase=frame_stage_notify] [hook=frame_stage_notify] [frame_stage] dlight end
#23528 [2026-09-17 23:41:41.147] [DEBUG] [P8724:T14672] [phase=frame_stage_notify] [hook=frame_stage_notify] [frame_stage] original begin
#23529 [2026-09-17 23:41:41.166] [DEBUG] [P8724:T14672] [phase=frame_stage_notify] [hook=frame_stage_notify] [frame_stage] original end
#23530 [2026-09-17 23:41:41.184] [DEBUG] [P8724:T14672] [phase=frame_stage_notify] [hook=frame_stage_notify] [frame_stage] post-network feature updates begin
#23531 [2026-09-17 23:41:41.204] [DEBUG] [P8724:T14672] [phase=frame_stage_notify] [hook=frame_stage_notify] [frame_stage] post-network feature updates end
#23532 [2026-09-17 23:41:41.223] [DEBUG] [P8724:T14672] [phase=frame_stage_notify] [hook=frame_stage_notify] [frame_stage] end stage=6
#23533 [2026-09-17 23:41:41.240] [DEBUG] [P8724:T14672] [phase=frame_stage_notify] [hook=frame_stage_notify] [frame_stage] begin stage=7 this=0x00007FF9971873C0
#23534 [2026-09-17 23:41:41.258] [DEBUG] [P8724:T14672] [phase=frame_stage_notify] [hook=frame_stage_notify] [frame_stage] agents begin
#23535 [2026-09-17 23:41:41.277] [DEBUG] [P8724:T14672] [phase=frame_stage_notify] [hook=frame_stage_notify] [frame_stage] agents end; gloves begin
#23536 [2026-09-17 23:41:41.296] [DEBUG] [P8724:T14672] [phase=frame_stage_notify] [hook=frame_stage_notify] [frame_stage] gloves end; knives begin
#23537 [2026-09-17 23:41:41.314] [DEBUG] [P8724:T14672] [phase=frame_stage_notify] [hook=frame_stage_notify] [frame_stage] knives end; world begin
#23538 [2026-09-17 23:41:41.334] [DEBUG] [P8724:T14672] [phase=frame_stage_notify] [hook=frame_stage_notify] [frame_stage] scene end; weather begin
#23539 [2026-09-17 23:41:41.352] [DEBUG] [P8724:T14672] [phase=frame_stage_notify] [hook=frame_stage_notify] [frame_stage] weather end; other begin
#23540 [2026-09-17 23:41:41.371] [DEBUG] [P8724:T14672] [phase=frame_stage_notify] [hook=frame_stage_notify] [frame_stage] other end; impacts begin
#23541 [2026-09-17 23:41:41.388] [DEBUG] [P8724:T14672] [phase=frame_stage_notify] [hook=frame_stage_notify] [frame_stage] impacts end
#23542 [2026-09-17 23:41:41.407] [DEBUG] [P8724:T14672] [phase=frame_stage_notify] [hook=frame_stage_notify] [frame_stage] original begin
#23543 [2026-09-17 23:41:41.425] [DEBUG] [P8724:T14672] [phase=frame_stage_notify] [hook=frame_stage_notify] [frame_stage] original end
#23544 [2026-09-17 23:41:41.444] [DEBUG] [P8724:T14672] [phase=frame_stage_notify] [hook=frame_stage_notify] [frame_stage] end stage=7
#23545 [2026-09-17 23:41:41.462] [DEBUG] [P8724:T14672] [phase=frame_stage_notify] [hook=frame_stage_notify] [frame_stage] begin stage=8 this=0x00007FF9971873C0
#23546 [2026-09-17 23:41:41.481] [DEBUG] [P8724:T14672] [phase=frame_stage_notify] [hook=frame_stage_notify] [frame_stage] original begin
#23547 [2026-09-17 23:41:41.500] [DEBUG] [P8724:T14672] [phase=frame_stage_notify] [hook=frame_stage_notify] [frame_stage] original end
#23548 [2026-09-17 23:41:41.518] [DEBUG] [P8724:T14672] [phase=frame_stage_notify] [hook=frame_stage_notify] [frame_stage] end stage=8
#23549 [2026-09-17 23:41:41.537] [DEBUG] [P8724:T14672] [phase=frame_stage_notify] [hook=frame_stage_notify] [frame_stage] begin stage=3 this=0x00007FF9971873C0
#23550 [2026-09-17 23:41:41.556] [DEBUG] [P8724:T14672] [phase=frame_stage_notify] [hook=frame_stage_notify] [frame_stage] original begin
#23551 [2026-09-17 23:41:41.574] [DEBUG] [P8724:T14672] [phase=frame_stage_notify] [hook=frame_stage_notify] [frame_stage] original end
#23552 [2026-09-17 23:41:41.592] [DEBUG] [P8724:T14672] [phase=frame_stage_notify] [hook=frame_stage_notify] [frame_stage] end stage=3
#23553 [2026-09-17 23:41:41.612] [DEBUG] [P8724:T14672] [phase=frame_stage_notify] [hook=frame_stage_notify] [frame_stage] begin stage=12 this=0x00007FF9971873C0
#23554 [2026-09-17 23:41:41.630] [DEBUG] [P8724:T14672] [phase=frame_stage_notify] [hook=frame_stage_notify] [frame_stage] original begin
#23555 [2026-09-17 23:41:41.648] [DEBUG] [P8724:T14672] [phase=frame_stage_notify] [hook=frame_stage_notify] [frame_stage] original end
#23556 [2026-09-17 23:41:41.667] [DEBUG] [P8724:T14672] [phase=frame_stage_notify] [hook=frame_stage_notify] [frame_stage] view/frame-data update begin
#23557 [2026-09-17 23:41:41.685] [DEBUG] [P8724:T14672] [phase=frame_stage_notify] [hook=frame_stage_notify] [frame_stage] view/frame-data update end
#23558 [2026-09-17 23:41:41.703] [DEBUG] [P8724:T14672] [phase=frame_stage_notify] [hook=frame_stage_notify] [frame_stage] end stage=12
#23560 [2026-09-17 23:41:41.731] [DEBUG] [P8724:T17744] [phase=present] [hook=present] [present] begin swap_chain=0x0000026A946CF720 sync=0 flags=0x200 ready=1
#23660 [2026-09-17 23:41:41.748] [DEBUG] [P8724:T17744] [phase=present] [hook=present] [present] rendering context updated
#23661 [2026-09-17 23:41:41.767] [DEBUG] [P8724:T17744] [phase=present] [hook=present] [present] forwarding to original
#23662 [2026-09-17 23:41:41.786] [DEBUG] [P8724:T17744] [phase=present] [hook=present] [present] begin swap_chain=0x0000026A946CF720 sync=0 flags=0x200 ready=1
#23747 [2026-09-17 23:41:41.822] [DEBUG] [P8724:T17744] [phase=present] [hook=present] [present] rendering context updated
#23748 [2026-09-17 23:41:41.876] [DEBUG] [P8724:T17744] [phase=present] [hook=present] [present] forwarding to original
#23749 [2026-09-17 23:41:41.896] [DEBUG] [P8724:T14672] [phase=frame_stage_notify] [hook=frame_stage_notify] [frame_stage] begin stage=0 this=0x00007FF9971873C0
#23753 [2026-09-17 23:41:41.914] [DEBUG] [P8724:T14672] [phase=frame_stage_notify] [hook=frame_stage_notify] [frame_stage] original begin
#23754 [2026-09-17 23:41:41.932] [DEBUG] [P8724:T14672] [phase=frame_stage_notify] [hook=frame_stage_notify] [frame_stage] original end
#23755 [2026-09-17 23:41:41.951] [DEBUG] [P8724:T14672] [phase=frame_stage_notify] [hook=frame_stage_notify] [frame_stage] end stage=0
#23756 [2026-09-17 23:41:41.969] [DEBUG] [P8724:T14672] [phase=frame_stage_notify] [hook=frame_stage_notify] [frame_stage] begin stage=11 this=0x00007FF9971873C0
#23757 [2026-09-17 23:41:41.988] [DEBUG] [P8724:T14672] [phase=frame_stage_notify] [hook=frame_stage_notify] [frame_stage] original begin
#23758 [2026-09-17 23:41:42.006] [DEBUG] [P8724:T14672] [phase=frame_stage_notify] [hook=frame_stage_notify] [frame_stage] original end
#23759 [2026-09-17 23:41:42.024] [DEBUG] [P8724:T14672] [phase=frame_stage_notify] [hook=frame_stage_notify] [frame_stage] end stage=11
#23760 [2026-09-17 23:41:42.042] [DEBUG] [P8724:T14672] [phase=frame_stage_notify] [hook=frame_stage_notify] [frame_stage] begin stage=0 this=0x00007FF9971873C0
#23761 [2026-09-17 23:41:42.061] [DEBUG] [P8724:T14672] [phase=frame_stage_notify] [hook=frame_stage_notify] [frame_stage] original begin
#23762 [2026-09-17 23:41:42.080] [DEBUG] [P8724:T14672] [phase=frame_stage_notify] [hook=frame_stage_notify] [frame_stage] original end
#23763 [2026-09-17 23:41:42.098] [DEBUG] [P8724:T14672] [phase=frame_stage_notify] [hook=frame_stage_notify] [frame_stage] end stage=0
#23764 [2026-09-17 23:41:42.117] [DEBUG] [P8724:T14672] [phase=frame_stage_notify] [hook=frame_stage_notify] [frame_stage] begin stage=11 this=0x00007FF9971873C0
#23765 [2026-09-17 23:41:42.136] [DEBUG] [P8724:T14672] [phase=frame_stage_notify] [hook=frame_stage_notify] [frame_stage] original begin
#23766 [2026-09-17 23:41:42.154] [DEBUG] [P8724:T14672] [phase=frame_stage_notify] [hook=frame_stage_notify] [frame_stage] original end
#23767 [2026-09-17 23:41:42.172] [DEBUG] [P8724:T14672] [phase=frame_stage_notify] [hook=frame_stage_notify] [frame_stage] end stage=11
#23768 [2026-09-17 23:41:42.191] [DEBUG] [P8724:T14672] [phase=frame_stage_notify] [hook=frame_stage_notify] [frame_stage] begin stage=0 this=0x00007FF9971873C0
#23769 [2026-09-17 23:41:42.209] [DEBUG] [P8724:T14672] [phase=frame_stage_notify] [hook=frame_stage_notify] [frame_stage] original begin
#23770 [2026-09-17 23:41:42.227] [DEBUG] [P8724:T14672] [phase=frame_stage_notify] [hook=frame_stage_notify] [frame_stage] original end
#23771 [2026-09-17 23:41:42.246] [DEBUG] [P8724:T14672] [phase=frame_stage_notify] [hook=frame_stage_notify] [frame_stage] end stage=0
#23772 [2026-09-17 23:41:42.265] [DEBUG] [P8724:T14672] [phase=none] [hook=frame_stage_notify] hook enter name=frame_stage_notify arg0=0x00007FF9971873C0 arg1=0x000000000000000B arg2=0x0000000000000000 arg3=0x0000000000000000
#23773 [2026-09-17 23:41:42.284] [DEBUG] [P8724:T14672] [phase=frame_stage_notify] [hook=frame_stage_notify] [frame_stage] begin stage=11 this=0x00007FF9971873C0
#23774 [2026-09-17 23:41:42.303] [DEBUG] [P8724:T14672] [phase=frame_stage_notify] [hook=frame_stage_notify] [frame_stage] original begin
#23775 [2026-09-17 23:41:42.320] [DEBUG] [P8724:T14672] [phase=frame_stage_notify] [hook=frame_stage_notify] [frame_stage] original end
#23776 [2026-09-17 23:41:42.339] [DEBUG] [P8724:T14672] [phase=frame_stage_notify] [hook=frame_stage_notify] [frame_stage] end stage=11
#23777 [2026-09-17 23:41:42.357] [DEBUG] [P8724:T14672] [phase=none] [hook=frame_stage_notify] hook leave name=frame_stage_notify duration_ms=93
#23778 [2026-09-17 23:41:42.376] [DEBUG] [P8724:T14672] [phase=frame_stage_notify] [hook=frame_stage_notify] [frame_stage] begin stage=0 this=0x00007FF9971873C0
#23779 [2026-09-17 23:41:42.395] [DEBUG] [P8724:T14672] [phase=frame_stage_notify] [hook=frame_stage_notify] [frame_stage] original begin
#23780 [2026-09-17 23:41:42.414] [DEBUG] [P8724:T14672] [phase=frame_stage_notify] [hook=frame_stage_notify] [frame_stage] original end
#23781 [2026-09-17 23:41:42.432] [DEBUG] [P8724:T14672] [phase=frame_stage_notify] [hook=frame_stage_notify] [frame_stage] end stage=0
#23782 [2026-09-17 23:41:42.450] [DEBUG] [P8724:T14672] [phase=frame_stage_notify] [hook=frame_stage_notify] [frame_stage] begin stage=11 this=0x00007FF9971873C0
#23783 [2026-09-17 23:41:42.468] [DEBUG] [P8724:T14672] [phase=frame_stage_notify] [hook=frame_stage_notify] [frame_stage] original begin
#23784 [2026-09-17 23:41:42.487] [DEBUG] [P8724:T14672] [phase=frame_stage_notify] [hook=frame_stage_notify] [frame_stage] original end
#23785 [2026-09-17 23:41:42.505] [DEBUG] [P8724:T14672] [phase=frame_stage_notify] [hook=frame_stage_notify] [frame_stage] end stage=11
#23786 [2026-09-17 23:41:42.524] [DEBUG] [P8724:T14672] [phase=frame_stage_notify] [hook=frame_stage_notify] [frame_stage] begin stage=0 this=0x00007FF9971873C0
#23787 [2026-09-17 23:41:42.543] [DEBUG] [P8724:T14672] [phase=frame_stage_notify] [hook=frame_stage_notify] [frame_stage] original begin
#23788 [2026-09-17 23:41:42.561] [DEBUG] [P8724:T14672] [phase=frame_stage_notify] [hook=frame_stage_notify] [frame_stage] original end
#23789 [2026-09-17 23:41:42.580] [DEBUG] [P8724:T14672] [phase=frame_stage_notify] [hook=frame_stage_notify] [frame_stage] end stage=0
#23790 [2026-09-17 23:41:42.599] [DEBUG] [P8724:T14672] [phase=frame_stage_notify] [hook=frame_stage_notify] [frame_stage] begin stage=11 this=0x00007FF9971873C0
#23791 [2026-09-17 23:41:42.617] [DEBUG] [P8724:T14672] [phase=frame_stage_notify] [hook=frame_stage_notify] [frame_stage] original begin
#23792 [2026-09-17 23:41:42.636] [DEBUG] [P8724:T14672] [phase=frame_stage_notify] [hook=frame_stage_notify] [frame_stage] original end
#23793 [2026-09-17 23:41:42.654] [DEBUG] [P8724:T14672] [phase=frame_stage_notify] [hook=frame_stage_notify] [frame_stage] end stage=11
#23794 [2026-09-17 23:41:42.673] [DEBUG] [P8724:T14672] [phase=frame_stage_notify] [hook=frame_stage_notify] [frame_stage] begin stage=0 this=0x00007FF9971873C0
#23795 [2026-09-17 23:41:42.691] [DEBUG] [P8724:T14672] [phase=frame_stage_notify] [hook=frame_stage_notify] [frame_stage] original begin
#23796 [2026-09-17 23:41:42.709] [DEBUG] [P8724:T14672] [phase=frame_stage_notify] [hook=frame_stage_notify] [frame_stage] original end
#23797 [2026-09-17 23:41:42.728] [DEBUG] [P8724:T14672] [phase=frame_stage_notify] [hook=frame_stage_notify] [frame_stage] end stage=0
#23798 [2026-09-17 23:41:42.747] [DEBUG] [P8724:T14672] [phase=frame_stage_notify] [hook=frame_stage_notify] [frame_stage] begin stage=10 this=0x00007FF9971873C0
#23799 [2026-09-17 23:41:42.765] [DEBUG] [P8724:T14672] [phase=frame_stage_notify] [hook=frame_stage_notify] [frame_stage] original begin
#23800 [2026-09-17 23:41:42.783] [DEBUG] [P8724:T14672] [phase=frame_stage_notify] [hook=frame_stage_notify] [frame_stage] original end
#23801 [2026-09-17 23:41:42.800] [DEBUG] [P8724:T14672] [phase=frame_stage_notify] [hook=frame_stage_notify] [frame_stage] end stage=10
#23802 [2026-09-17 23:41:42.819] [DEBUG] [P8724:T14672] [phase=frame_stage_notify] [hook=frame_stage_notify] [frame_stage] begin stage=11 this=0x00007FF9971873C0
#23803 [2026-09-17 23:41:42.856] [DEBUG] [P8724:T14672] [phase=frame_stage_notify] [hook=frame_stage_notify] [frame_stage] original begin
#23804 [2026-09-17 23:41:42.874] [DEBUG] [P8724:T14672] [phase=frame_stage_notify] [hook=frame_stage_notify] [frame_stage] original end
#23805 [2026-09-17 23:41:42.893] [DEBUG] [P8724:T14672] [phase=frame_stage_notify] [hook=frame_stage_notify] [frame_stage] end stage=11
#23806 [2026-09-17 23:41:42.910] [DEBUG] [P8724:T14672] [phase=frame_stage_notify] [hook=frame_stage_notify] [frame_stage] begin stage=1 this=0x00007FF9971873C0
#23807 [2026-09-17 23:41:42.929] [DEBUG] [P8724:T14672] [phase=frame_stage_notify] [hook=frame_stage_notify] [frame_stage] original begin
#23808 [2026-09-17 23:41:42.947] [DEBUG] [P8724:T14672] [phase=frame_stage_notify] [hook=frame_stage_notify] [frame_stage] original end
#23809 [2026-09-17 23:41:42.966] [DEBUG] [P8724:T14672] [phase=frame_stage_notify] [hook=frame_stage_notify] [frame_stage] end stage=1
#23810 [2026-09-17 23:41:42.984] [DEBUG] [P8724:T14672] [phase=frame_stage_notify] [hook=frame_stage_notify] [frame_stage] begin stage=2 this=0x00007FF9971873C0
#23811 [2026-09-17 23:41:43.002] [DEBUG] [P8724:T14672] [phase=frame_stage_notify] [hook=frame_stage_notify] [frame_stage] original begin
#23812 [2026-09-17 23:41:43.020] [DEBUG] [P8724:T14672] [phase=frame_stage_notify] [hook=frame_stage_notify] [frame_stage] original end
#23813 [2026-09-17 23:41:43.038] [DEBUG] [P8724:T14672] [phase=frame_stage_notify] [hook=frame_stage_notify] [frame_stage] end stage=2
#23814 [2026-09-17 23:41:43.056] [DEBUG] [P8724:T14672] [phase=frame_stage_notify] [hook=frame_stage_notify] [frame_stage] begin stage=5 this=0x00007FF9971873C0
#23815 [2026-09-17 23:41:43.076] [DEBUG] [P8724:T14672] [phase=frame_stage_notify] [hook=frame_stage_notify] [frame_stage] original begin
#23816 [2026-09-17 23:41:43.094] [DEBUG] [P8724:T14672] [phase=frame_stage_notify] [hook=frame_stage_notify] [frame_stage] original end
#23817 [2026-09-17 23:41:43.112] [DEBUG] [P8724:T14672] [phase=frame_stage_notify] [hook=frame_stage_notify] [frame_stage] end stage=5
#23818 [2026-09-17 23:41:43.130] [DEBUG] [P8724:T14672] [phase=frame_stage_notify] [hook=frame_stage_notify] [frame_stage] begin stage=6 this=0x00007FF9971873C0
#23819 [2026-09-17 23:41:43.148] [DEBUG] [P8724:T14672] [phase=frame_stage_notify] [hook=frame_stage_notify] [frame_stage] guns begin
#23820 [2026-09-17 23:41:43.185] [DEBUG] [P8724:T14672] [phase=frame_stage_notify] [hook=frame_stage_notify] [frame_stage] guns end
#23821 [2026-09-17 23:41:43.223] [DEBUG] [P8724:T14672] [phase=frame_stage_notify] [hook=frame_stage_notify] [frame_stage] dlight begin
#23822 [2026-09-17 23:41:43.241] [DEBUG] [P8724:T14672] [phase=frame_stage_notify] [hook=frame_stage_notify] [frame_stage] dlight end
#23823 [2026-09-17 23:41:43.259] [DEBUG] [P8724:T14672] [phase=frame_stage_notify] [hook=frame_stage_notify] [frame_stage] original begin
#23824 [2026-09-17 23:41:43.278] [DEBUG] [P8724:T14672] [phase=frame_stage_notify] [hook=frame_stage_notify] [frame_stage] original end
#23825 [2026-09-17 23:41:43.297] [DEBUG] [P8724:T14672] [phase=frame_stage_notify] [hook=frame_stage_notify] [frame_stage] post-network feature updates begin
#23826 [2026-09-17 23:41:43.315] [DEBUG] [P8724:T14672] [phase=frame_stage_notify] [hook=frame_stage_notify] [frame_stage] post-network feature updates end
#23827 [2026-09-17 23:41:43.334] [DEBUG] [P8724:T14672] [phase=frame_stage_notify] [hook=frame_stage_notify] [frame_stage] end stage=6
#23828 [2026-09-17 23:41:43.353] [DEBUG] [P8724:T14672] [phase=frame_stage_notify] [hook=frame_stage_notify] [frame_stage] begin stage=7 this=0x00007FF9971873C0
#23829 [2026-09-17 23:41:43.373] [DEBUG] [P8724:T14672] [phase=frame_stage_notify] [hook=frame_stage_notify] [frame_stage] agents begin
#23830 [2026-09-17 23:41:43.391] [DEBUG] [P8724:T14672] [phase=frame_stage_notify] [hook=frame_stage_notify] [frame_stage] agents end; gloves begin
#23831 [2026-09-17 23:41:43.409] [DEBUG] [P8724:T14672] [phase=frame_stage_notify] [hook=frame_stage_notify] [frame_stage] gloves end; knives begin
#23832 [2026-09-17 23:41:43.427] [DEBUG] [P8724:T14672] [phase=frame_stage_notify] [hook=frame_stage_notify] [frame_stage] knives end; world begin
#23833 [2026-09-17 23:41:43.446] [DEBUG] [P8724:T14672] [phase=frame_stage_notify] [hook=frame_stage_notify] [frame_stage] scene end; weather begin
#23834 [2026-09-17 23:41:43.463] [DEBUG] [P8724:T14672] [phase=frame_stage_notify] [hook=frame_stage_notify] [frame_stage] weather end; other begin
#23835 [2026-09-17 23:41:43.482] [DEBUG] [P8724:T14672] [phase=frame_stage_notify] [hook=frame_stage_notify] [frame_stage] other end; impacts begin
#23836 [2026-09-17 23:41:43.501] [DEBUG] [P8724:T14672] [phase=frame_stage_notify] [hook=frame_stage_notify] [frame_stage] impacts end
#23837 [2026-09-17 23:41:43.519] [DEBUG] [P8724:T14672] [phase=frame_stage_notify] [hook=frame_stage_notify] [frame_stage] original begin
#23838 [2026-09-17 23:41:43.538] [DEBUG] [P8724:T14672] [phase=frame_stage_notify] [hook=frame_stage_notify] [frame_stage] original end
#23839 [2026-09-17 23:41:43.556] [DEBUG] [P8724:T14672] [phase=frame_stage_notify] [hook=frame_stage_notify] [frame_stage] end stage=7
#23840 [2026-09-17 23:41:43.575] [DEBUG] [P8724:T14672] [phase=frame_stage_notify] [hook=frame_stage_notify] [frame_stage] begin stage=8 this=0x00007FF9971873C0
#23841 [2026-09-17 23:41:43.593] [DEBUG] [P8724:T14672] [phase=frame_stage_notify] [hook=frame_stage_notify] [frame_stage] original begin
#23842 [2026-09-17 23:41:43.612] [DEBUG] [P8724:T14672] [phase=frame_stage_notify] [hook=frame_stage_notify] [frame_stage] original end
#23843 [2026-09-17 23:41:43.630] [DEBUG] [P8724:T14672] [phase=frame_stage_notify] [hook=frame_stage_notify] [frame_stage] end stage=8
#23844 [2026-09-17 23:41:43.648] [DEBUG] [P8724:T14672] [phase=frame_stage_notify] [hook=frame_stage_notify] [frame_stage] begin stage=3 this=0x00007FF9971873C0
#23845 [2026-09-17 23:41:43.667] [DEBUG] [P8724:T14672] [phase=frame_stage_notify] [hook=frame_stage_notify] [frame_stage] original begin
#23846 [2026-09-17 23:41:43.685] [DEBUG] [P8724:T14672] [phase=frame_stage_notify] [hook=frame_stage_notify] [frame_stage] original end
#23847 [2026-09-17 23:41:43.703] [DEBUG] [P8724:T14672] [phase=frame_stage_notify] [hook=frame_stage_notify] [frame_stage] end stage=3
#23848 [2026-09-17 23:41:43.723] [DEBUG] [P8724:T14672] [phase=frame_stage_notify] [hook=frame_stage_notify] [frame_stage] begin stage=12 this=0x00007FF9971873C0
#23849 [2026-09-17 23:41:43.741] [DEBUG] [P8724:T14672] [phase=frame_stage_notify] [hook=frame_stage_notify] [frame_stage] original begin
#23850 [2026-09-17 23:41:43.759] [DEBUG] [P8724:T14672] [phase=frame_stage_notify] [hook=frame_stage_notify] [frame_stage] original end
#23851 [2026-09-17 23:41:43.777] [DEBUG] [P8724:T14672] [phase=frame_stage_notify] [hook=frame_stage_notify] [frame_stage] view/frame-data update begin
#23852 [2026-09-17 23:41:43.796] [DEBUG] [P8724:T14672] [phase=frame_stage_notify] [hook=frame_stage_notify] [frame_stage] view/frame-data update end
#23853 [2026-09-17 23:41:43.815] [DEBUG] [P8724:T14672] [phase=frame_stage_notify] [hook=frame_stage_notify] [frame_stage] end stage=12
#23854 [2026-09-17 23:41:43.837] [DEBUG] [P8724:T17744] [phase=present] [hook=present] [present] begin swap_chain=0x0000026A946CF720 sync=0 flags=0x200 ready=1
#23963 [2026-09-17 23:41:43.855] [DEBUG] [P8724:T17744] [phase=present] [hook=present] [present] rendering context updated
#23964 [2026-09-17 23:41:43.874] [DEBUG] [P8724:T17744] [phase=present] [hook=present] [present] forwarding to original
#23965 [2026-09-17 23:41:43.894] [DEBUG] [P8724:T14672] [phase=frame_stage_notify] [hook=frame_stage_notify] [frame_stage] begin stage=0 this=0x00007FF9971873C0
#23969 [2026-09-17 23:41:43.919] [DEBUG] [P8724:T14672] [phase=frame_stage_notify] [hook=frame_stage_notify] [frame_stage] original begin
#23970 [2026-09-17 23:41:43.937] [DEBUG] [P8724:T14672] [phase=frame_stage_notify] [hook=frame_stage_notify] [frame_stage] original end
#23971 [2026-09-17 23:41:43.956] [DEBUG] [P8724:T14672] [phase=frame_stage_notify] [hook=frame_stage_notify] [frame_stage] end stage=0
#23972 [2026-09-17 23:41:43.974] [DEBUG] [P8724:T14672] [phase=frame_stage_notify] [hook=frame_stage_notify] [frame_stage] begin stage=11 this=0x00007FF9971873C0
#23973 [2026-09-17 23:41:43.993] [DEBUG] [P8724:T14672] [phase=frame_stage_notify] [hook=frame_stage_notify] [frame_stage] original begin
#23974 [2026-09-17 23:41:44.011] [DEBUG] [P8724:T14672] [phase=frame_stage_notify] [hook=frame_stage_notify] [frame_stage] original end
#23975 [2026-09-17 23:41:44.029] [DEBUG] [P8724:T14672] [phase=frame_stage_notify] [hook=frame_stage_notify] [frame_stage] end stage=11
#23976 [2026-09-17 23:41:44.048] [DEBUG] [P8724:T14672] [phase=frame_stage_notify] [hook=frame_stage_notify] [frame_stage] begin stage=0 this=0x00007FF9971873C0
#23977 [2026-09-17 23:41:44.067] [DEBUG] [P8724:T14672] [phase=frame_stage_notify] [hook=frame_stage_notify] [frame_stage] original begin
#23978 [2026-09-17 23:41:44.085] [DEBUG] [P8724:T14672] [phase=frame_stage_notify] [hook=frame_stage_notify] [frame_stage] original end
#23979 [2026-09-17 23:41:44.103] [DEBUG] [P8724:T14672] [phase=frame_stage_notify] [hook=frame_stage_notify] [frame_stage] end stage=0
#23980 [2026-09-17 23:41:44.121] [DEBUG] [P8724:T14672] [phase=frame_stage_notify] [hook=frame_stage_notify] [frame_stage] begin stage=11 this=0x00007FF9971873C0
#23981 [2026-09-17 23:41:44.140] [DEBUG] [P8724:T14672] [phase=frame_stage_notify] [hook=frame_stage_notify] [frame_stage] original begin
#23982 [2026-09-17 23:41:44.158] [DEBUG] [P8724:T14672] [phase=frame_stage_notify] [hook=frame_stage_notify] [frame_stage] original end
#23983 [2026-09-17 23:41:44.177] [DEBUG] [P8724:T14672] [phase=frame_stage_notify] [hook=frame_stage_notify] [frame_stage] end stage=11
#23984 [2026-09-17 23:41:44.195] [DEBUG] [P8724:T14672] [phase=frame_stage_notify] [hook=frame_stage_notify] [frame_stage] begin stage=0 this=0x00007FF9971873C0
#23985 [2026-09-17 23:41:44.213] [DEBUG] [P8724:T14672] [phase=frame_stage_notify] [hook=frame_stage_notify] [frame_stage] original begin
#23986 [2026-09-17 23:41:44.231] [DEBUG] [P8724:T14672] [phase=frame_stage_notify] [hook=frame_stage_notify] [frame_stage] original end
#23987 [2026-09-17 23:41:44.249] [DEBUG] [P8724:T14672] [phase=frame_stage_notify] [hook=frame_stage_notify] [frame_stage] end stage=0
#23988 [2026-09-17 23:41:44.268] [DEBUG] [P8724:T14672] [phase=frame_stage_notify] [hook=frame_stage_notify] [frame_stage] begin stage=10 this=0x00007FF9971873C0
#23989 [2026-09-17 23:41:44.286] [DEBUG] [P8724:T14672] [phase=frame_stage_notify] [hook=frame_stage_notify] [frame_stage] original begin
#23990 [2026-09-17 23:41:44.304] [DEBUG] [P8724:T14672] [phase=frame_stage_notify] [hook=frame_stage_notify] [frame_stage] original end
#23991 [2026-09-17 23:41:44.321] [DEBUG] [P8724:T14672] [phase=frame_stage_notify] [hook=frame_stage_notify] [frame_stage] end stage=10
#23992 [2026-09-17 23:41:44.340] [DEBUG] [P8724:T14672] [phase=frame_stage_notify] [hook=frame_stage_notify] [frame_stage] begin stage=11 this=0x00007FF9971873C0
#23993 [2026-09-17 23:41:44.357] [DEBUG] [P8724:T14672] [phase=frame_stage_notify] [hook=frame_stage_notify] [frame_stage] original begin
#23994 [2026-09-17 23:41:44.377] [DEBUG] [P8724:T14672] [phase=frame_stage_notify] [hook=frame_stage_notify] [frame_stage] original end
#23995 [2026-09-17 23:41:44.396] [DEBUG] [P8724:T14672] [phase=frame_stage_notify] [hook=frame_stage_notify] [frame_stage] end stage=11
#23996 [2026-09-17 23:41:44.413] [DEBUG] [P8724:T14672] [phase=frame_stage_notify] [hook=frame_stage_notify] [frame_stage] begin stage=1 this=0x00007FF9971873C0
#23997 [2026-09-17 23:41:44.432] [DEBUG] [P8724:T14672] [phase=frame_stage_notify] [hook=frame_stage_notify] [frame_stage] original begin
#23998 [2026-09-17 23:41:44.450] [DEBUG] [P8724:T14672] [phase=frame_stage_notify] [hook=frame_stage_notify] [frame_stage] original end
#23999 [2026-09-17 23:41:44.468] [DEBUG] [P8724:T14672] [phase=frame_stage_notify] [hook=frame_stage_notify] [frame_stage] end stage=1
#24000 [2026-09-17 23:41:44.486] [DEBUG] [P8724:T14672] [phase=frame_stage_notify] [hook=frame_stage_notify] [frame_stage] begin stage=2 this=0x00007FF9971873C0
#24001 [2026-09-17 23:41:44.505] [DEBUG] [P8724:T14672] [phase=frame_stage_notify] [hook=frame_stage_notify] [frame_stage] original begin
#24002 [2026-09-17 23:41:44.540] [DEBUG] [P8724:T14672] [phase=frame_stage_notify] [hook=frame_stage_notify] [frame_stage] original end
#24003 [2026-09-17 23:41:44.559] [DEBUG] [P8724:T14672] [phase=frame_stage_notify] [hook=frame_stage_notify] [frame_stage] end stage=2
#24004 [2026-09-17 23:41:44.577] [DEBUG] [P8724:T14672] [phase=frame_stage_notify] [hook=frame_stage_notify] [frame_stage] begin stage=5 this=0x00007FF9971873C0
#24005 [2026-09-17 23:41:44.596] [DEBUG] [P8724:T14672] [phase=frame_stage_notify] [hook=frame_stage_notify] [frame_stage] original begin
#24006 [2026-09-17 23:41:44.614] [DEBUG] [P8724:T14672] [phase=frame_stage_notify] [hook=frame_stage_notify] [frame_stage] original end
#24007 [2026-09-17 23:41:44.632] [DEBUG] [P8724:T14672] [phase=frame_stage_notify] [hook=frame_stage_notify] [frame_stage] end stage=5
#24008 [2026-09-17 23:41:44.651] [DEBUG] [P8724:T14672] [phase=frame_stage_notify] [hook=frame_stage_notify] [frame_stage] begin stage=6 this=0x00007FF9971873C0
#24009 [2026-09-17 23:41:44.669] [DEBUG] [P8724:T14672] [phase=frame_stage_notify] [hook=frame_stage_notify] [frame_stage] guns begin
#24010 [2026-09-17 23:41:44.687] [DEBUG] [P8724:T14672] [phase=frame_stage_notify] [hook=frame_stage_notify] [frame_stage] guns end
#24011 [2026-09-17 23:41:44.705] [DEBUG] [P8724:T14672] [phase=frame_stage_notify] [hook=frame_stage_notify] [frame_stage] dlight begin
#24012 [2026-09-17 23:41:44.724] [DEBUG] [P8724:T14672] [phase=frame_stage_notify] [hook=frame_stage_notify] [frame_stage] dlight end
#24013 [2026-09-17 23:41:44.743] [DEBUG] [P8724:T14672] [phase=frame_stage_notify] [hook=frame_stage_notify] [frame_stage] original begin
#24014 [2026-09-17 23:41:44.761] [DEBUG] [P8724:T14672] [phase=frame_stage_notify] [hook=frame_stage_notify] [frame_stage] original end
#24015 [2026-09-17 23:41:44.779] [DEBUG] [P8724:T14672] [phase=frame_stage_notify] [hook=frame_stage_notify] [frame_stage] post-network feature updates begin
#24016 [2026-09-17 23:41:44.797] [DEBUG] [P8724:T14672] [phase=frame_stage_notify] [hook=frame_stage_notify] [frame_stage] post-network feature updates end
#24017 [2026-09-17 23:41:44.816] [DEBUG] [P8724:T14672] [phase=frame_stage_notify] [hook=frame_stage_notify] [frame_stage] end stage=6
#24018 [2026-09-17 23:41:44.835] [DEBUG] [P8724:T14672] [phase=frame_stage_notify] [hook=frame_stage_notify] [frame_stage] begin stage=7 this=0x00007FF9971873C0
#24019 [2026-09-17 23:41:44.853] [DEBUG] [P8724:T14672] [phase=frame_stage_notify] [hook=frame_stage_notify] [frame_stage] agents begin
#24020 [2026-09-17 23:41:44.871] [DEBUG] [P8724:T14672] [phase=frame_stage_notify] [hook=frame_stage_notify] [frame_stage] agents end; gloves begin
#24021 [2026-09-17 23:41:44.889] [DEBUG] [P8724:T14672] [phase=frame_stage_notify] [hook=frame_stage_notify] [frame_stage] gloves end; knives begin
#24022 [2026-09-17 23:41:44.907] [DEBUG] [P8724:T14672] [phase=frame_stage_notify] [hook=frame_stage_notify] [frame_stage] knives end; world begin
#24023 [2026-09-17 23:41:44.926] [DEBUG] [P8724:T14672] [phase=frame_stage_notify] [hook=frame_stage_notify] [frame_stage] scene end; weather begin
#24024 [2026-09-17 23:41:44.944] [DEBUG] [P8724:T14672] [phase=frame_stage_notify] [hook=frame_stage_notify] [frame_stage] weather end; other begin
#24025 [2026-09-17 23:41:44.961] [DEBUG] [P8724:T14672] [phase=frame_stage_notify] [hook=frame_stage_notify] [frame_stage] other end; impacts begin
#24026 [2026-09-17 23:41:44.980] [DEBUG] [P8724:T14672] [phase=frame_stage_notify] [hook=frame_stage_notify] [frame_stage] impacts end
#24027 [2026-09-17 23:41:44.998] [DEBUG] [P8724:T14672] [phase=frame_stage_notify] [hook=frame_stage_notify] [frame_stage] original begin
#24028 [2026-09-17 23:41:45.017] [DEBUG] [P8724:T14672] [phase=frame_stage_notify] [hook=frame_stage_notify] [frame_stage] original end
#24029 [2026-09-17 23:41:45.036] [DEBUG] [P8724:T14672] [phase=frame_stage_notify] [hook=frame_stage_notify] [frame_stage] end stage=7
#24030 [2026-09-17 23:41:45.072] [DEBUG] [P8724:T14672] [phase=frame_stage_notify] [hook=frame_stage_notify] [frame_stage] begin stage=8 this=0x00007FF9971873C0
#24031 [2026-09-17 23:41:45.141] [DEBUG] [P8724:T14672] [phase=frame_stage_notify] [hook=frame_stage_notify] [frame_stage] original begin
#24032 [2026-09-17 23:41:45.209] [DEBUG] [P8724:T14672] [phase=frame_stage_notify] [hook=frame_stage_notify] [frame_stage] original end
#24033 [2026-09-17 23:41:45.246] [DEBUG] [P8724:T14672] [phase=frame_stage_notify] [hook=frame_stage_notify] [frame_stage] end stage=8
#24034 [2026-09-17 23:41:45.299] [DEBUG] [P8724:T14672] [phase=frame_stage_notify] [hook=frame_stage_notify] [frame_stage] begin stage=3 this=0x00007FF9971873C0
#24035 [2026-09-17 23:41:45.317] [DEBUG] [P8724:T14672] [phase=frame_stage_notify] [hook=frame_stage_notify] [frame_stage] original begin
#24036 [2026-09-17 23:41:45.335] [DEBUG] [P8724:T14672] [phase=frame_stage_notify] [hook=frame_stage_notify] [frame_stage] original end
#24037 [2026-09-17 23:41:45.353] [DEBUG] [P8724:T14672] [phase=frame_stage_notify] [hook=frame_stage_notify] [frame_stage] end stage=3
#24038 [2026-09-17 23:41:45.373] [DEBUG] [P8724:T14672] [phase=frame_stage_notify] [hook=frame_stage_notify] [frame_stage] begin stage=12 this=0x00007FF9971873C0
#24039 [2026-09-17 23:41:45.391] [DEBUG] [P8724:T14672] [phase=frame_stage_notify] [hook=frame_stage_notify] [frame_stage] original begin
#24040 [2026-09-17 23:41:45.409] [DEBUG] [P8724:T14672] [phase=frame_stage_notify] [hook=frame_stage_notify] [frame_stage] original end
#24041 [2026-09-17 23:41:45.428] [DEBUG] [P8724:T14672] [phase=frame_stage_notify] [hook=frame_stage_notify] [frame_stage] view/frame-data update begin
#24042 [2026-09-17 23:41:45.446] [DEBUG] [P8724:T14672] [phase=frame_stage_notify] [hook=frame_stage_notify] [frame_stage] view/frame-data update end
#24043 [2026-09-17 23:41:45.465] [DEBUG] [P8724:T14672] [phase=frame_stage_notify] [hook=frame_stage_notify] [frame_stage] end stage=12
#24044 [2026-09-17 23:41:45.490] [DEBUG] [P8724:T17744] [phase=present] [hook=present] [present] begin swap_chain=0x0000026A946CF720 sync=0 flags=0x200 ready=1
#24153 [2026-09-17 23:41:45.508] [DEBUG] [P8724:T17744] [phase=present] [hook=present] [present] rendering context updated
#24154 [2026-09-17 23:41:45.526] [DEBUG] [P8724:T17744] [phase=present] [hook=present] [present] forwarding to original
#24155 [2026-09-17 23:41:45.545] [DEBUG] [P8724:T14672] [phase=frame_stage_notify] [hook=frame_stage_notify] [frame_stage] begin stage=0 this=0x00007FF9971873C0
#24159 [2026-09-17 23:41:45.563] [DEBUG] [P8724:T14672] [phase=frame_stage_notify] [hook=frame_stage_notify] [frame_stage] original begin
#24160 [2026-09-17 23:41:45.582] [DEBUG] [P8724:T14672] [phase=frame_stage_notify] [hook=frame_stage_notify] [frame_stage] original end
#24161 [2026-09-17 23:41:45.600] [DEBUG] [P8724:T14672] [phase=frame_stage_notify] [hook=frame_stage_notify] [frame_stage] end stage=0
#24162 [2026-09-17 23:41:45.619] [DEBUG] [P8724:T14672] [phase=frame_stage_notify] [hook=frame_stage_notify] [frame_stage] begin stage=11 this=0x00007FF9971873C0
#24163 [2026-09-17 23:41:45.637] [DEBUG] [P8724:T14672] [phase=frame_stage_notify] [hook=frame_stage_notify] [frame_stage] original begin
#24164 [2026-09-17 23:41:45.655] [DEBUG] [P8724:T14672] [phase=frame_stage_notify] [hook=frame_stage_notify] [frame_stage] original end
#24165 [2026-09-17 23:41:45.673] [DEBUG] [P8724:T14672] [phase=frame_stage_notify] [hook=frame_stage_notify] [frame_stage] end stage=11
#24166 [2026-09-17 23:41:45.692] [DEBUG] [P8724:T14672] [phase=frame_stage_notify] [hook=frame_stage_notify] [frame_stage] begin stage=0 this=0x00007FF9971873C0
#24167 [2026-09-17 23:41:45.710] [DEBUG] [P8724:T14672] [phase=frame_stage_notify] [hook=frame_stage_notify] [frame_stage] original begin
#24168 [2026-09-17 23:41:45.729] [DEBUG] [P8724:T14672] [phase=frame_stage_notify] [hook=frame_stage_notify] [frame_stage] original end
#24169 [2026-09-17 23:41:45.749] [DEBUG] [P8724:T14672] [phase=frame_stage_notify] [hook=frame_stage_notify] [frame_stage] end stage=0
#24170 [2026-09-17 23:41:45.768] [DEBUG] [P8724:T14672] [phase=frame_stage_notify] [hook=frame_stage_notify] [frame_stage] begin stage=11 this=0x00007FF9971873C0
#24171 [2026-09-17 23:41:45.786] [DEBUG] [P8724:T14672] [phase=frame_stage_notify] [hook=frame_stage_notify] [frame_stage] original begin
#24172 [2026-09-17 23:41:45.804] [DEBUG] [P8724:T14672] [phase=frame_stage_notify] [hook=frame_stage_notify] [frame_stage] original end
#24173 [2026-09-17 23:41:45.823] [DEBUG] [P8724:T14672] [phase=frame_stage_notify] [hook=frame_stage_notify] [frame_stage] end stage=11
#24174 [2026-09-17 23:41:45.842] [DEBUG] [P8724:T14672] [phase=frame_stage_notify] [hook=frame_stage_notify] [frame_stage] begin stage=0 this=0x00007FF9971873C0
#24175 [2026-09-17 23:41:45.861] [DEBUG] [P8724:T14672] [phase=frame_stage_notify] [hook=frame_stage_notify] [frame_stage] original begin
#24176 [2026-09-17 23:41:45.896] [DEBUG] [P8724:T14672] [phase=frame_stage_notify] [hook=frame_stage_notify] [frame_stage] original end
#24177 [2026-09-17 23:41:45.916] [DEBUG] [P8724:T14672] [phase=frame_stage_notify] [hook=frame_stage_notify] [frame_stage] end stage=0
#24178 [2026-09-17 23:41:45.934] [DEBUG] [P8724:T14672] [phase=frame_stage_notify] [hook=frame_stage_notify] [frame_stage] begin stage=10 this=0x00007FF9971873C0
#24179 [2026-09-17 23:41:45.953] [DEBUG] [P8724:T14672] [phase=frame_stage_notify] [hook=frame_stage_notify] [frame_stage] original begin
#24180 [2026-09-17 23:41:45.971] [DEBUG] [P8724:T14672] [phase=frame_stage_notify] [hook=frame_stage_notify] [frame_stage] original end
#24181 [2026-09-17 23:41:45.989] [DEBUG] [P8724:T14672] [phase=frame_stage_notify] [hook=frame_stage_notify] [frame_stage] end stage=10
#24182 [2026-09-17 23:41:46.007] [DEBUG] [P8724:T14672] [phase=frame_stage_notify] [hook=frame_stage_notify] [frame_stage] begin stage=11 this=0x00007FF9971873C0
#24183 [2026-09-17 23:41:46.026] [DEBUG] [P8724:T14672] [phase=frame_stage_notify] [hook=frame_stage_notify] [frame_stage] original begin
#24184 [2026-09-17 23:41:46.050] [DEBUG] [P8724:T14672] [phase=frame_stage_notify] [hook=frame_stage_notify] [frame_stage] original end
#24185 [2026-09-17 23:41:46.069] [DEBUG] [P8724:T14672] [phase=frame_stage_notify] [hook=frame_stage_notify] [frame_stage] end stage=11
#24186 [2026-09-17 23:41:46.087] [DEBUG] [P8724:T14672] [phase=frame_stage_notify] [hook=frame_stage_notify] [frame_stage] begin stage=1 this=0x00007FF9971873C0
#24187 [2026-09-17 23:41:46.106] [DEBUG] [P8724:T14672] [phase=frame_stage_notify] [hook=frame_stage_notify] [frame_stage] original begin
#24188 [2026-09-17 23:41:46.124] [DEBUG] [P8724:T14672] [phase=frame_stage_notify] [hook=frame_stage_notify] [frame_stage] original end
#24189 [2026-09-17 23:41:46.144] [DEBUG] [P8724:T14672] [phase=frame_stage_notify] [hook=frame_stage_notify] [frame_stage] end stage=1
#24190 [2026-09-17 23:41:46.162] [DEBUG] [P8724:T14672] [phase=frame_stage_notify] [hook=frame_stage_notify] [frame_stage] begin stage=2 this=0x00007FF9971873C0
#24191 [2026-09-17 23:41:46.180] [DEBUG] [P8724:T14672] [phase=frame_stage_notify] [hook=frame_stage_notify] [frame_stage] original begin
#24192 [2026-09-17 23:41:46.198] [DEBUG] [P8724:T14672] [phase=frame_stage_notify] [hook=frame_stage_notify] [frame_stage] original end
#24193 [2026-09-17 23:41:46.217] [DEBUG] [P8724:T14672] [phase=frame_stage_notify] [hook=frame_stage_notify] [frame_stage] end stage=2
#24194 [2026-09-17 23:41:46.236] [DEBUG] [P8724:T14672] [phase=frame_stage_notify] [hook=frame_stage_notify] [frame_stage] begin stage=5 this=0x00007FF9971873C0
#24195 [2026-09-17 23:41:46.255] [DEBUG] [P8724:T14672] [phase=frame_stage_notify] [hook=frame_stage_notify] [frame_stage] original begin
#24196 [2026-09-17 23:41:46.274] [DEBUG] [P8724:T14672] [phase=frame_stage_notify] [hook=frame_stage_notify] [frame_stage] original end
#24197 [2026-09-17 23:41:46.293] [DEBUG] [P8724:T14672] [phase=frame_stage_notify] [hook=frame_stage_notify] [frame_stage] end stage=5
#24198 [2026-09-17 23:41:46.311] [DEBUG] [P8724:T14672] [phase=frame_stage_notify] [hook=frame_stage_notify] [frame_stage] begin stage=6 this=0x00007FF9971873C0
#24199 [2026-09-17 23:41:46.329] [DEBUG] [P8724:T14672] [phase=frame_stage_notify] [hook=frame_stage_notify] [frame_stage] guns begin
#24200 [2026-09-17 23:41:46.347] [DEBUG] [P8724:T14672] [phase=frame_stage_notify] [hook=frame_stage_notify] [frame_stage] guns end
#24201 [2026-09-17 23:41:46.366] [DEBUG] [P8724:T14672] [phase=frame_stage_notify] [hook=frame_stage_notify] [frame_stage] dlight begin
#24202 [2026-09-17 23:41:46.384] [DEBUG] [P8724:T14672] [phase=frame_stage_notify] [hook=frame_stage_notify] [frame_stage] dlight end
#24203 [2026-09-17 23:41:46.402] [DEBUG] [P8724:T14672] [phase=frame_stage_notify] [hook=frame_stage_notify] [frame_stage] original begin
#24204 [2026-09-17 23:41:46.420] [DEBUG] [P8724:T14672] [phase=frame_stage_notify] [hook=frame_stage_notify] [frame_stage] original end
#24205 [2026-09-17 23:41:46.438] [DEBUG] [P8724:T14672] [phase=frame_stage_notify] [hook=frame_stage_notify] [frame_stage] post-network feature updates begin
#24206 [2026-09-17 23:41:46.456] [DEBUG] [P8724:T14672] [phase=frame_stage_notify] [hook=frame_stage_notify] [frame_stage] post-network feature updates end
#24207 [2026-09-17 23:41:46.476] [DEBUG] [P8724:T14672] [phase=frame_stage_notify] [hook=frame_stage_notify] [frame_stage] end stage=6
#24208 [2026-09-17 23:41:46.494] [DEBUG] [P8724:T14672] [phase=frame_stage_notify] [hook=frame_stage_notify] [frame_stage] begin stage=7 this=0x00007FF9971873C0
#24209 [2026-09-17 23:41:46.513] [DEBUG] [P8724:T14672] [phase=frame_stage_notify] [hook=frame_stage_notify] [frame_stage] agents begin
#24210 [2026-09-17 23:41:46.530] [DEBUG] [P8724:T14672] [phase=frame_stage_notify] [hook=frame_stage_notify] [frame_stage] agents end; gloves begin
#24211 [2026-09-17 23:41:46.549] [DEBUG] [P8724:T14672] [phase=frame_stage_notify] [hook=frame_stage_notify] [frame_stage] gloves end; knives begin
#24212 [2026-09-17 23:41:46.567] [DEBUG] [P8724:T14672] [phase=frame_stage_notify] [hook=frame_stage_notify] [frame_stage] knives end; world begin
#24213 [2026-09-17 23:41:46.586] [DEBUG] [P8724:T14672] [phase=frame_stage_notify] [hook=frame_stage_notify] [frame_stage] scene end; weather begin
#24214 [2026-09-17 23:41:46.605] [DEBUG] [P8724:T14672] [phase=frame_stage_notify] [hook=frame_stage_notify] [frame_stage] weather end; other begin
#24215 [2026-09-17 23:41:46.624] [DEBUG] [P8724:T14672] [phase=frame_stage_notify] [hook=frame_stage_notify] [frame_stage] other end; impacts begin
#24216 [2026-09-17 23:41:46.643] [DEBUG] [P8724:T14672] [phase=frame_stage_notify] [hook=frame_stage_notify] [frame_stage] impacts end
#24217 [2026-09-17 23:41:46.661] [DEBUG] [P8724:T14672] [phase=frame_stage_notify] [hook=frame_stage_notify] [frame_stage] original begin
#24218 [2026-09-17 23:41:46.680] [DEBUG] [P8724:T14672] [phase=frame_stage_notify] [hook=frame_stage_notify] [frame_stage] original end
#24219 [2026-09-17 23:41:46.699] [DEBUG] [P8724:T14672] [phase=frame_stage_notify] [hook=frame_stage_notify] [frame_stage] end stage=7
#24220 [2026-09-17 23:41:46.718] [DEBUG] [P8724:T14672] [phase=frame_stage_notify] [hook=frame_stage_notify] [frame_stage] begin stage=8 this=0x00007FF9971873C0
#24221 [2026-09-17 23:41:46.736] [DEBUG] [P8724:T14672] [phase=frame_stage_notify] [hook=frame_stage_notify] [frame_stage] original begin
#24222 [2026-09-17 23:41:46.755] [DEBUG] [P8724:T14672] [phase=frame_stage_notify] [hook=frame_stage_notify] [frame_stage] original end
#24223 [2026-09-17 23:41:46.773] [DEBUG] [P8724:T14672] [phase=frame_stage_notify] [hook=frame_stage_notify] [frame_stage] end stage=8
#24224 [2026-09-17 23:41:46.792] [DEBUG] [P8724:T14672] [phase=frame_stage_notify] [hook=frame_stage_notify] [frame_stage] begin stage=3 this=0x00007FF9971873C0
#24225 [2026-09-17 23:41:46.811] [DEBUG] [P8724:T14672] [phase=frame_stage_notify] [hook=frame_stage_notify] [frame_stage] original begin
#24226 [2026-09-17 23:41:46.830] [DEBUG] [P8724:T14672] [phase=frame_stage_notify] [hook=frame_stage_notify] [frame_stage] original end
#24227 [2026-09-17 23:41:46.848] [DEBUG] [P8724:T14672] [phase=frame_stage_notify] [hook=frame_stage_notify] [frame_stage] end stage=3
#24228 [2026-09-17 23:41:46.868] [DEBUG] [P8724:T14672] [phase=frame_stage_notify] [hook=frame_stage_notify] [frame_stage] begin stage=12 this=0x00007FF9971873C0
#24229 [2026-09-17 23:41:46.885] [DEBUG] [P8724:T14672] [phase=frame_stage_notify] [hook=frame_stage_notify] [frame_stage] original begin
#24230 [2026-09-17 23:41:46.904] [DEBUG] [P8724:T14672] [phase=frame_stage_notify] [hook=frame_stage_notify] [frame_stage] original end
#24231 [2026-09-17 23:41:46.939] [DEBUG] [P8724:T14672] [phase=frame_stage_notify] [hook=frame_stage_notify] [frame_stage] view/frame-data update begin
#24232 [2026-09-17 23:41:46.958] [DEBUG] [P8724:T14672] [phase=frame_stage_notify] [hook=frame_stage_notify] [frame_stage] view/frame-data update end
#24233 [2026-09-17 23:41:46.976] [DEBUG] [P8724:T14672] [phase=frame_stage_notify] [hook=frame_stage_notify] [frame_stage] end stage=12
#24235 [2026-09-17 23:41:46.998] [DEBUG] [P8724:T17744] [phase=present] [hook=present] [present] begin swap_chain=0x0000026A946CF720 sync=0 flags=0x200 ready=1
#24343 [2026-09-17 23:41:47.016] [DEBUG] [P8724:T17744] [phase=present] [hook=present] [present] rendering context updated
#24344 [2026-09-17 23:41:47.036] [DEBUG] [P8724:T17744] [phase=present] [hook=present] [present] forwarding to original
#24345 [2026-09-17 23:41:47.056] [DEBUG] [P8724:T14672] [phase=frame_stage_notify] [hook=frame_stage_notify] [frame_stage] begin stage=0 this=0x00007FF9971873C0
#24349 [2026-09-17 23:41:47.075] [DEBUG] [P8724:T14672] [phase=frame_stage_notify] [hook=frame_stage_notify] [frame_stage] original begin
#24350 [2026-09-17 23:41:47.093] [DEBUG] [P8724:T14672] [phase=frame_stage_notify] [hook=frame_stage_notify] [frame_stage] original end
#24351 [2026-09-17 23:41:47.111] [DEBUG] [P8724:T14672] [phase=frame_stage_notify] [hook=frame_stage_notify] [frame_stage] end stage=0
#24352 [2026-09-17 23:41:47.129] [DEBUG] [P8724:T14672] [phase=frame_stage_notify] [hook=frame_stage_notify] [frame_stage] begin stage=11 this=0x00007FF9971873C0
#24353 [2026-09-17 23:41:47.148] [DEBUG] [P8724:T14672] [phase=frame_stage_notify] [hook=frame_stage_notify] [frame_stage] original begin
#24354 [2026-09-17 23:41:47.167] [DEBUG] [P8724:T14672] [phase=frame_stage_notify] [hook=frame_stage_notify] [frame_stage] original end
#24355 [2026-09-17 23:41:47.186] [DEBUG] [P8724:T14672] [phase=frame_stage_notify] [hook=frame_stage_notify] [frame_stage] end stage=11
#24356 [2026-09-17 23:41:47.206] [DEBUG] [P8724:T14672] [phase=frame_stage_notify] [hook=frame_stage_notify] [frame_stage] begin stage=0 this=0x00007FF9971873C0
#24357 [2026-09-17 23:41:47.224] [DEBUG] [P8724:T14672] [phase=frame_stage_notify] [hook=frame_stage_notify] [frame_stage] original begin
#24358 [2026-09-17 23:41:47.242] [DEBUG] [P8724:T14672] [phase=frame_stage_notify] [hook=frame_stage_notify] [frame_stage] original end
#24359 [2026-09-17 23:41:47.279] [DEBUG] [P8724:T14672] [phase=frame_stage_notify] [hook=frame_stage_notify] [frame_stage] end stage=0
#24360 [2026-09-17 23:41:47.317] [DEBUG] [P8724:T14672] [phase=frame_stage_notify] [hook=frame_stage_notify] [frame_stage] begin stage=11 this=0x00007FF9971873C0
#24361 [2026-09-17 23:41:47.354] [DEBUG] [P8724:T14672] [phase=frame_stage_notify] [hook=frame_stage_notify] [frame_stage] original begin
#24362 [2026-09-17 23:41:47.391] [DEBUG] [P8724:T14672] [phase=frame_stage_notify] [hook=frame_stage_notify] [frame_stage] original end
#24363 [2026-09-17 23:41:47.428] [DEBUG] [P8724:T14672] [phase=frame_stage_notify] [hook=frame_stage_notify] [frame_stage] end stage=11
#24364 [2026-09-17 23:41:47.499] [DEBUG] [P8724:T14672] [phase=frame_stage_notify] [hook=frame_stage_notify] [frame_stage] begin stage=0 this=0x00007FF9971873C0
#24365 [2026-09-17 23:41:47.536] [DEBUG] [P8724:T14672] [phase=frame_stage_notify] [hook=frame_stage_notify] [frame_stage] original begin
#24366 [2026-09-17 23:41:47.573] [DEBUG] [P8724:T14672] [phase=frame_stage_notify] [hook=frame_stage_notify] [frame_stage] original end
#24367 [2026-09-17 23:41:47.592] [DEBUG] [P8724:T14672] [phase=frame_stage_notify] [hook=frame_stage_notify] [frame_stage] end stage=0
#24368 [2026-09-17 23:41:47.610] [DEBUG] [P8724:T14672] [phase=frame_stage_notify] [hook=frame_stage_notify] [frame_stage] begin stage=10 this=0x00007FF9971873C0
#24369 [2026-09-17 23:41:47.629] [DEBUG] [P8724:T14672] [phase=frame_stage_notify] [hook=frame_stage_notify] [frame_stage] original begin
#24370 [2026-09-17 23:41:47.647] [DEBUG] [P8724:T14672] [phase=frame_stage_notify] [hook=frame_stage_notify] [frame_stage] original end
#24371 [2026-09-17 23:41:47.665] [DEBUG] [P8724:T14672] [phase=frame_stage_notify] [hook=frame_stage_notify] [frame_stage] end stage=10
#24372 [2026-09-17 23:41:47.683] [DEBUG] [P8724:T14672] [phase=frame_stage_notify] [hook=frame_stage_notify] [frame_stage] begin stage=11 this=0x00007FF9971873C0
#24373 [2026-09-17 23:41:47.703] [DEBUG] [P8724:T14672] [phase=frame_stage_notify] [hook=frame_stage_notify] [frame_stage] original begin
#24374 [2026-09-17 23:41:47.721] [DEBUG] [P8724:T14672] [phase=frame_stage_notify] [hook=frame_stage_notify] [frame_stage] original end
#24375 [2026-09-17 23:41:47.739] [DEBUG] [P8724:T14672] [phase=frame_stage_notify] [hook=frame_stage_notify] [frame_stage] end stage=11
#24376 [2026-09-17 23:41:47.758] [DEBUG] [P8724:T14672] [phase=frame_stage_notify] [hook=frame_stage_notify] [frame_stage] begin stage=1 this=0x00007FF9971873C0
#24377 [2026-09-17 23:41:47.778] [DEBUG] [P8724:T14672] [phase=frame_stage_notify] [hook=frame_stage_notify] [frame_stage] original begin
#24378 [2026-09-17 23:41:47.796] [DEBUG] [P8724:T14672] [phase=frame_stage_notify] [hook=frame_stage_notify] [frame_stage] original end
#24379 [2026-09-17 23:41:47.815] [DEBUG] [P8724:T14672] [phase=frame_stage_notify] [hook=frame_stage_notify] [frame_stage] end stage=1
#24380 [2026-09-17 23:41:47.833] [DEBUG] [P8724:T14672] [phase=frame_stage_notify] [hook=frame_stage_notify] [frame_stage] begin stage=2 this=0x00007FF9971873C0
#24381 [2026-09-17 23:41:47.852] [DEBUG] [P8724:T14672] [phase=frame_stage_notify] [hook=frame_stage_notify] [frame_stage] original begin
#24382 [2026-09-17 23:41:47.870] [DEBUG] [P8724:T14672] [phase=frame_stage_notify] [hook=frame_stage_notify] [frame_stage] original end
#24383 [2026-09-17 23:41:47.888] [DEBUG] [P8724:T14672] [phase=frame_stage_notify] [hook=frame_stage_notify] [frame_stage] end stage=2
#24384 [2026-09-17 23:41:47.906] [DEBUG] [P8724:T14672] [phase=frame_stage_notify] [hook=frame_stage_notify] [frame_stage] begin stage=5 this=0x00007FF9971873C0
#24385 [2026-09-17 23:41:47.925] [DEBUG] [P8724:T14672] [phase=frame_stage_notify] [hook=frame_stage_notify] [frame_stage] original begin
#24386 [2026-09-17 23:41:47.943] [DEBUG] [P8724:T14672] [phase=frame_stage_notify] [hook=frame_stage_notify] [frame_stage] original end
#24387 [2026-09-17 23:41:47.962] [DEBUG] [P8724:T14672] [phase=frame_stage_notify] [hook=frame_stage_notify] [frame_stage] end stage=5
#24388 [2026-09-17 23:41:47.980] [DEBUG] [P8724:T14672] [phase=frame_stage_notify] [hook=frame_stage_notify] [frame_stage] begin stage=6 this=0x00007FF9971873C0
#24389 [2026-09-17 23:41:47.998] [DEBUG] [P8724:T14672] [phase=frame_stage_notify] [hook=frame_stage_notify] [frame_stage] guns begin
#24390 [2026-09-17 23:41:48.017] [DEBUG] [P8724:T14672] [phase=frame_stage_notify] [hook=frame_stage_notify] [frame_stage] guns end
#24391 [2026-09-17 23:41:48.036] [DEBUG] [P8724:T14672] [phase=frame_stage_notify] [hook=frame_stage_notify] [frame_stage] dlight begin
#24392 [2026-09-17 23:41:48.054] [DEBUG] [P8724:T14672] [phase=frame_stage_notify] [hook=frame_stage_notify] [frame_stage] dlight end
#24393 [2026-09-17 23:41:48.071] [DEBUG] [P8724:T14672] [phase=frame_stage_notify] [hook=frame_stage_notify] [frame_stage] original begin
#24394 [2026-09-17 23:41:48.090] [DEBUG] [P8724:T14672] [phase=frame_stage_notify] [hook=frame_stage_notify] [frame_stage] original end
#24395 [2026-09-17 23:41:48.108] [DEBUG] [P8724:T14672] [phase=frame_stage_notify] [hook=frame_stage_notify] [frame_stage] post-network feature updates begin
#24396 [2026-09-17 23:41:48.127] [DEBUG] [P8724:T14672] [phase=frame_stage_notify] [hook=frame_stage_notify] [frame_stage] post-network feature updates end
#24397 [2026-09-17 23:41:48.145] [DEBUG] [P8724:T14672] [phase=frame_stage_notify] [hook=frame_stage_notify] [frame_stage] end stage=6
#24398 [2026-09-17 23:41:48.164] [DEBUG] [P8724:T14672] [phase=frame_stage_notify] [hook=frame_stage_notify] [frame_stage] begin stage=7 this=0x00007FF9971873C0
#24399 [2026-09-17 23:41:48.183] [DEBUG] [P8724:T14672] [phase=frame_stage_notify] [hook=frame_stage_notify] [frame_stage] agents begin
#24400 [2026-09-17 23:41:48.202] [DEBUG] [P8724:T14672] [phase=frame_stage_notify] [hook=frame_stage_notify] [frame_stage] agents end; gloves begin
#24401 [2026-09-17 23:41:48.220] [DEBUG] [P8724:T14672] [phase=frame_stage_notify] [hook=frame_stage_notify] [frame_stage] gloves end; knives begin
#24402 [2026-09-17 23:41:48.238] [DEBUG] [P8724:T14672] [phase=frame_stage_notify] [hook=frame_stage_notify] [frame_stage] knives end; world begin
#24403 [2026-09-17 23:41:48.258] [DEBUG] [P8724:T14672] [phase=frame_stage_notify] [hook=frame_stage_notify] [frame_stage] scene end; weather begin
#24404 [2026-09-17 23:41:48.278] [DEBUG] [P8724:T14672] [phase=frame_stage_notify] [hook=frame_stage_notify] [frame_stage] weather end; other begin
#24405 [2026-09-17 23:41:48.296] [DEBUG] [P8724:T14672] [phase=frame_stage_notify] [hook=frame_stage_notify] [frame_stage] other end; impacts begin
#24406 [2026-09-17 23:41:48.313] [DEBUG] [P8724:T14672] [phase=frame_stage_notify] [hook=frame_stage_notify] [frame_stage] impacts end
#24407 [2026-09-17 23:41:48.332] [DEBUG] [P8724:T14672] [phase=frame_stage_notify] [hook=frame_stage_notify] [frame_stage] original begin
#24408 [2026-09-17 23:41:48.351] [DEBUG] [P8724:T14672] [phase=frame_stage_notify] [hook=frame_stage_notify] [frame_stage] original end
#24409 [2026-09-17 23:41:48.370] [DEBUG] [P8724:T14672] [phase=frame_stage_notify] [hook=frame_stage_notify] [frame_stage] end stage=7
#24410 [2026-09-17 23:41:48.389] [DEBUG] [P8724:T14672] [phase=frame_stage_notify] [hook=frame_stage_notify] [frame_stage] begin stage=8 this=0x00007FF9971873C0
#24411 [2026-09-17 23:41:48.407] [DEBUG] [P8724:T14672] [phase=frame_stage_notify] [hook=frame_stage_notify] [frame_stage] original begin
#24412 [2026-09-17 23:41:48.426] [DEBUG] [P8724:T14672] [phase=frame_stage_notify] [hook=frame_stage_notify] [frame_stage] original end
#24413 [2026-09-17 23:41:48.444] [DEBUG] [P8724:T14672] [phase=frame_stage_notify] [hook=frame_stage_notify] [frame_stage] end stage=8
#24414 [2026-09-17 23:41:48.463] [DEBUG] [P8724:T14672] [phase=frame_stage_notify] [hook=frame_stage_notify] [frame_stage] begin stage=3 this=0x00007FF9971873C0
#24415 [2026-09-17 23:41:48.481] [DEBUG] [P8724:T14672] [phase=frame_stage_notify] [hook=frame_stage_notify] [frame_stage] original begin
#24416 [2026-09-17 23:41:48.500] [DEBUG] [P8724:T14672] [phase=frame_stage_notify] [hook=frame_stage_notify] [frame_stage] original end
#24417 [2026-09-17 23:41:48.518] [DEBUG] [P8724:T14672] [phase=frame_stage_notify] [hook=frame_stage_notify] [frame_stage] end stage=3
#24418 [2026-09-17 23:41:48.537] [DEBUG] [P8724:T14672] [phase=frame_stage_notify] [hook=frame_stage_notify] [frame_stage] begin stage=12 this=0x00007FF9971873C0
#24419 [2026-09-17 23:41:48.556] [DEBUG] [P8724:T14672] [phase=frame_stage_notify] [hook=frame_stage_notify] [frame_stage] original begin
#24420 [2026-09-17 23:41:48.574] [DEBUG] [P8724:T14672] [phase=frame_stage_notify] [hook=frame_stage_notify] [frame_stage] original end
#24421 [2026-09-17 23:41:48.593] [DEBUG] [P8724:T14672] [phase=frame_stage_notify] [hook=frame_stage_notify] [frame_stage] view/frame-data update begin
#24422 [2026-09-17 23:41:48.612] [DEBUG] [P8724:T14672] [phase=frame_stage_notify] [hook=frame_stage_notify] [frame_stage] view/frame-data update end
#24423 [2026-09-17 23:41:48.630] [DEBUG] [P8724:T14672] [phase=frame_stage_notify] [hook=frame_stage_notify] [frame_stage] end stage=12
#24424 [2026-09-17 23:41:48.652] [DEBUG] [P8724:T17744] [phase=present] [hook=present] [present] begin swap_chain=0x0000026A946CF720 sync=0 flags=0x200 ready=1
#24510 [2026-09-17 23:41:48.671] [DEBUG] [P8724:T14672] [phase=frame_stage_notify] [hook=frame_stage_notify] [frame_stage] gloves end; knives begin
#24513 [2026-09-17 23:41:48.689] [DEBUG] [P8724:T14672] [phase=frame_stage_notify] [hook=frame_stage_notify] [frame_stage] knives end; world begin
#24514 [2026-09-17 23:41:48.708] [DEBUG] [P8724:T14672] [phase=frame_stage_notify] [hook=frame_stage_notify] [frame_stage] scene end; weather begin
#24515 [2026-09-17 23:41:48.726] [DEBUG] [P8724:T14672] [phase=frame_stage_notify] [hook=frame_stage_notify] [frame_stage] weather end; other begin
#24516 [2026-09-17 23:41:48.744] [DEBUG] [P8724:T14672] [phase=frame_stage_notify] [hook=frame_stage_notify] [frame_stage] other end; impacts begin
#24517 [2026-09-17 23:41:48.763] [DEBUG] [P8724:T14672] [phase=frame_stage_notify] [hook=frame_stage_notify] [frame_stage] impacts end
#24518 [2026-09-17 23:41:48.781] [DEBUG] [P8724:T14672] [phase=frame_stage_notify] [hook=frame_stage_notify] [frame_stage] original begin
#24519 [2026-09-17 23:41:48.801] [DEBUG] [P8724:T14672] [phase=frame_stage_notify] [hook=frame_stage_notify] [frame_stage] original end
#24520 [2026-09-17 23:41:48.820] [DEBUG] [P8724:T14672] [phase=frame_stage_notify] [hook=frame_stage_notify] [frame_stage] end stage=7
#24521 [2026-09-17 23:41:48.839] [DEBUG] [P8724:T14672] [phase=frame_stage_notify] [hook=frame_stage_notify] [frame_stage] begin stage=8 this=0x00007FF9971873C0
#24522 [2026-09-17 23:41:48.857] [DEBUG] [P8724:T14672] [phase=frame_stage_notify] [hook=frame_stage_notify] [frame_stage] original begin
#24523 [2026-09-17 23:41:48.875] [DEBUG] [P8724:T14672] [phase=frame_stage_notify] [hook=frame_stage_notify] [frame_stage] original end
#24524 [2026-09-17 23:41:48.893] [DEBUG] [P8724:T14672] [phase=frame_stage_notify] [hook=frame_stage_notify] [frame_stage] end stage=8
#24525 [2026-09-17 23:41:48.912] [DEBUG] [P8724:T14672] [phase=frame_stage_notify] [hook=frame_stage_notify] [frame_stage] begin stage=3 this=0x00007FF9971873C0
#24526 [2026-09-17 23:41:48.931] [DEBUG] [P8724:T14672] [phase=frame_stage_notify] [hook=frame_stage_notify] [frame_stage] original begin
#24527 [2026-09-17 23:41:48.950] [DEBUG] [P8724:T14672] [phase=frame_stage_notify] [hook=frame_stage_notify] [frame_stage] original end
#24528 [2026-09-17 23:41:48.969] [DEBUG] [P8724:T14672] [phase=frame_stage_notify] [hook=frame_stage_notify] [frame_stage] end stage=3
#24529 [2026-09-17 23:41:48.989] [DEBUG] [P8724:T14672] [phase=frame_stage_notify] [hook=frame_stage_notify] [frame_stage] begin stage=12 this=0x00007FF9971873C0
#24530 [2026-09-17 23:41:49.007] [DEBUG] [P8724:T14672] [phase=frame_stage_notify] [hook=frame_stage_notify] [frame_stage] original begin
#24531 [2026-09-17 23:41:49.025] [DEBUG] [P8724:T14672] [phase=frame_stage_notify] [hook=frame_stage_notify] [frame_stage] original end
#24532 [2026-09-17 23:41:49.044] [DEBUG] [P8724:T14672] [phase=frame_stage_notify] [hook=frame_stage_notify] [frame_stage] view/frame-data update begin
#24533 [2026-09-17 23:41:49.063] [DEBUG] [P8724:T14672] [phase=frame_stage_notify] [hook=frame_stage_notify] [frame_stage] view/frame-data update end
#24534 [2026-09-17 23:41:49.082] [DEBUG] [P8724:T14672] [phase=frame_stage_notify] [hook=frame_stage_notify] [frame_stage] end stage=12
#24535 [2026-09-17 23:41:49.103] [DEBUG] [P8724:T17744] [phase=none] [hook=present] hook enter name=present arg0=0x0000026A946CF720 arg1=0x0000000000000000 arg2=0x0000000000000200 arg3=0x0000000000000000
#24536 [2026-09-17 23:41:49.121] [DEBUG] [P8724:T17744] [phase=present] [hook=present] [present] begin swap_chain=0x0000026A946CF720 sync=0 flags=0x200 ready=1
#24537 [2026-09-17 23:41:49.139] [DEBUG] [P8724:T17744] [phase=present] [hook=present] [present] rendering context updated
#24538 [2026-09-17 23:41:49.158] [DEBUG] [P8724:T17744] [phase=present] [hook=present] [present] forwarding to original
#24539 [2026-09-17 23:41:49.177] [DEBUG] [P8724:T17744] [phase=none] [hook=present] hook leave name=present duration_ms=79
#24540 [2026-09-17 23:41:51.158] [INFO ] [P8724:T14672] [phase=none] [hook=none] diagnostics shutting down
#24541 [2026-09-17 23:41:51.178] [INFO ] [P8724:T14672] [phase=none] [hook=none] diagnostics log writes dropped=18579
